acc_x, acc_y, angular_z, stamp, 
-0.07093163395011705, -0.011520907009348188, 0.00013644365842672903, 3969000000, 
-0.03382355274342522, -0.015987546145577392, 0.00015076149902161156, 3974000000, 
-0.09950714408782907, -0.009061023285961957, -4.886171640247993e-05, 3979000000, 
-0.045910376596493704, -0.014172432324180624, 0.0001314464607754084, 3984000000, 
-0.04428603576890636, 0.012742941255333057, 6.501150269546924e-05, 3989000000, 
-0.07462927457452835, -0.02271344585346039, -0.00029825007875584013, 3994000000, 
-0.05823275234407523, -0.005635911605201318, -0.00026232296151307765, 3999000000, 
-0.042295156876071216, 0.007701445971653941, 0.00021074216868208998, 4004000000, 
-0.02687381781420498, -0.007076479884319744, 5.838335359944421e-05, 4009000000, 
-0.06321185711046336, -0.03647279662067122, -3.843615152622071e-07, 4014000000, 
-0.05048644514636169, 0.018519845392707884, 8.835807561300606e-05, 4019000000, 
-0.0464957896997896, -0.01057611233634276, 0.0002339680908337846, 4024000000, 
-0.08906561498862331, 0.027474143715298716, 0.00012566996697874558, 4029000000, 
-0.040541236201811506, 0.014371616196312857, -4.002414569891764e-05, 4034000000, 
-0.028380667784971215, -0.013672369293942608, 9.792823966908601e-05, 4039000000, 
-0.08047607073604404, -0.019706720841618102, -0.00014597777669342, 4044000000, 
-0.025383101509686347, 0.005800412868484698, -0.00010570054811013494, 4049000000, 
-0.08132756583003839, -0.0031894740767020083, 2.9316938820482033e-05, 4054000000, 
-0.05900681658528335, 0.025246810475750732, 0.00014473691894338028, 4059000000, 
-0.04627071959860034, 0.005326621315819792, -0.00021841476096678988, 4064000000, 
-0.03928406489723359, 0.005796277180817657, -2.7238019252956528e-05, 4069000000, 
-0.057516772955347274, 0.005714519770245186, 3.560762893752338e-05, 4074000000, 
6.828295538972178, 0.024981978413320744, 0.0003643966590156931, 4079000000, 
-0.185289714979777, -0.0027479131478946243, 9.046364452230764e-05, 4084000000, 
-0.05826666101253066, 0.010352244694352374, 0.0005024728345664547, 4089000000, 
-0.0726051977999252, 0.008817895154443783, 0.00010195500823216816, 4094000000, 
-0.03741060066198992, 0.0064053531182016316, 0.00013188534306505747, 4099000000, 
-0.06629402206912993, -0.00046507171640942555, -0.00014917081054719459, 4104000000, 
-0.07159755565600813, -0.0020128613303768313, 0.0001470041970872178, 4109000000, 
6.914684478575987, 0.01148683977229117, -0.0002944133398375551, 4114000000, 
-0.15623035095260898, -0.016321822238778913, 7.26053984375973e-05, 4119000000, 
-0.07131517016007832, 0.00963019549832641, 0.00010319269709707119, 4124000000, 
-0.057486384290717764, 0.023426095614263145, -0.00013122713862071507, 4129000000, 
-0.08242522885247944, -0.0019566205150284375, 1.8617548694541478e-05, 4135000000, 
-0.05286549774475792, 0.03466226901855362, -4.7720505325646626e-05, 4140000000, 
8.459183735101151, -0.008321552982491556, -6.673620917030599e-05, 4145000000, 
0.06631854131149727, 0.0024284634715033794, 0.00020441525917299863, 4150000000, 
-0.10989057395342523, -0.033232149771758875, 4.3384616433621016e-05, 4155000000, 
-0.08070041413560387, 0.0063788539202145715, 0.00012173585452236484, 4160000000, 
-0.08464797182019457, 0.018108148503165587, -0.00035161036244813816, 4165000000, 
-0.04191303069653928, -0.019969240182864962, -2.5092921541061112e-05, 4170000000, 
-0.07426125892099185, -0.005159843371869125, -0.00010315219827180921, 4175000000, 
6.944769795004507, 0.02600603403007307, 0.00010008679896227808, 4180000000, 
-0.15218826956167483, -0.01974276761517914, 0.0002820994311052419, 4185000000, 
-0.09623530196438536, -0.0035180540712371573, -4.250513546935597e-05, 4190000000, 
-0.06413566451921213, -0.0007089194808637225, -0.00016461270086647677, 4195000000, 
-0.07584766158904296, 0.008836288931137089, 0.000367857289451043, 4200000000, 
-0.006068648778460167, -0.011219477175930666, 0.0001015115802540295, 4205000000, 
-0.03648989317877148, 0.0014280815355590308, 6.34243816237171e-05, 4210000000, 
5.9106050356667215, 0.005896233888895125, -0.004466390389041495, 4215000000, 
-0.12577123473760587, 0.0037667991711274156, -0.012352159987550085, 4220000000, 
-0.04043642445652588, -0.030280382519820414, -0.02569840978272971, 4225000000, 
-0.0501606968249264, -0.028146036108540422, -0.03575803111500516, 4230000000, 
-0.049415846266069416, -0.008133427428515172, -0.04827338076445696, 4235000000, 
-0.02461984626696157, -0.009917308795166602, -0.061178297683614026, 4240000000, 
-0.03836566263277076, -0.02313397276386904, -0.07296803785082742, 4245000000, 
3.4343040076512583, -0.0006688848415945803, -0.10254604945878806, 4250000000, 
-0.07845633288376962, -0.047096412716613405, -0.14120027576382418, 4255000000, 
-0.03941299862080401, -0.04004676737154498, -0.17581432484602133, 4260000000, 
-0.012570323471462825, -0.061419140354749435, -0.23133616913841698, 4265000000, 
-0.0004146801211850834, -0.06676168787593334, -0.27689824292465703, 4270000000, 
-0.007936103039169733, -0.04549336778384636, -0.31802584923090216, 4275000000, 
2.778149389222728, -0.0690953910757954, -0.3558686028045883, 4280000000, 
0.6223660417060553, -0.049293623274993356, -0.40596771904954765, 4285000000, 
-0.08542906776228074, -0.051100383902996566, -0.4568767334070606, 4290000000, 
-0.05909156746187903, -0.09038895551194544, -0.506041245224089, 4295000000, 
-0.025147425085457194, -0.09402855585176727, -0.5500174098089987, 4300000000, 
-0.03222667764625943, -0.10692657560012565, -0.586527352300617, 4305000000, 
-0.008239319048341985, -0.10469778310755135, -0.613156542866359, 4310000000, 
0.22470103012405762, -0.12761632194685824, -0.6307931922929484, 4315000000, 
-0.04911812014240348, -0.1240490790294936, -0.6373685146011263, 4320000000, 
-0.02792664561312912, -0.11324267824377847, -0.6363354247492727, 4325000000, 
-0.0530203296462894, -0.12109883951687571, -0.6256712832076741, 4330000000, 
-0.013929428204758964, -0.12195873023905052, -0.608065796011368, 4335000000, 
-0.03974928967485986, -0.14836840757525024, -0.5844444590383043, 4340000000, 
-0.018991816108350244, -0.11858911729230345, -0.5573073950324969, 4345000000, 
-0.030706271786960223, -0.15950886317148874, -0.529079354801673, 4350000000, 
0.0024791177258135823, -0.15318191048603996, -0.5008448620755304, 4355000000, 
-0.020257771540680602, -0.0554443242365683, -0.47511614063985574, 4360000000, 
-0.0454854136435747, -0.05852624307882101, -0.45352211097967315, 4365000000, 
-0.04718403305311636, -0.06296756535471162, -0.43636938044621776, 4370000000, 
-0.02898883034760368, -0.09727127308478581, -0.4246436039582641, 4375000000, 
-0.0298730918096798, -0.10300012346786243, -0.41821446667475626, 4380000000, 
-0.07016569383862918, -0.08816452587359218, -0.4193322840057007, 4385000000, 
-0.016853815791759263, -0.0614017367862079, -0.4241349346184302, 4390000000, 
-0.014239519373068877, -0.06525223472052846, -0.43344444491643513, 4395000000, 
-0.048479841259888926, -0.1092591005713709, -0.44686509054392537, 4400000000, 
0.00798747625031661, -0.15836271272047575, -0.46195959295624406, 4405000000, 
-0.041402583386550805, -0.08619864511924624, -0.4751066357035739, 4410000000, 
0.010322543267864467, -0.10977023817821556, -0.4947930625832246, 4415000000, 
-0.04789795520260973, -0.08141486611256818, -0.510548336843537, 4420000000, 
-0.002214064371563724, -0.10227796086244544, -0.5240047402195325, 4425000000, 
-0.01730921504019205, -0.1093881684204303, -0.5347663449928112, 4430000000, 
-0.016159996896925117, -0.10839919402336007, -0.5422253024451132, 4435000000, 
0.002800783719750616, -0.0984922587936261, -0.5465402774503728, 4440000000, 
-0.03263138640844969, -0.11805695033910846, -0.5477813712723719, 4445000000, 
-0.00793275586870885, -0.08016928009316189, -0.5453929990661428, 4450000000, 
-0.033992965505467904, -0.10458319821590317, -0.5409401365323093, 4455000000, 
-0.022067568696858768, -0.11262259221561306, -0.5349104334853306, 4460000000, 
-0.0409615692313947, -0.07914764278746166, -0.5251140821848403, 4465000000, 
-0.016661126302344557, -0.10449305325542295, -0.5154001267050013, 4470000000, 
-0.050949864697855174, -0.0919654290325059, -0.5058833969843877, 4475000000, 
-0.023485633231604474, -0.0997859933313856, -0.49660396181043304, 4480000000, 
0.015653550106922497, -0.07046892064676381, -0.48851065579406594, 4485000000, 
-0.005611101348232729, -0.08053267085600606, -0.48167280884292213, 4490000000, 
-0.021334276692245944, -0.11690861031533369, -0.47950637136454277, 4495000000, 
0.009618598132542878, -0.0731185550325915, -0.4730493158578018, 4500000000, 
-0.007902302502657943, -0.09768406525880387, -0.4721352210944812, 4505000000, 
-0.04310322472141062, -0.09073885041674808, -0.47305861655929554, 4510000000, 
-0.0010180808314154445, -0.09807750299959254, -0.47580646805085125, 4515000000, 
-0.029414820332518906, -0.10511074076628192, -0.47933786856949023, 4520000000, 
0.008028990054418313, -0.1149737157277873, -0.4840850565426641, 4525000000, 
0.015579037383418828, -0.09545365977179156, -0.4891558765124814, 4530000000, 
0.005604304328539098, -0.08727309130043524, -0.4949290977662125, 4535000000, 
-0.03246810770385356, -0.10534129592178214, -0.499993115653149, 4540000000, 
0.010588915642771566, -0.08288338311261488, -0.5055140726025573, 4545000000, 
-0.041274902997143946, -0.08679862749623093, -0.5095972016937743, 4550000000, 
0.02509800566227336, -0.12306047438393364, -0.5135783548284528, 4555000000, 
-0.022598060514655745, -0.11601400532934869, -0.5149065883492983, 4560000000, 
-0.03240657285397262, -0.11491066399246366, -0.5158815741006901, 4565000000, 
0.013751009803670965, -0.06489097429268792, -0.5160156920775039, 4570000000, 
-0.05454925207308986, -0.10475434386331628, -0.5146454095035696, 4575000000, 
-0.005904879804713425, -0.0841549827426124, -0.5125320579495607, 4580000000, 
-0.01010401506242963, -0.1244905050108869, -0.510442878082095, 4585000000, 
-0.02159891568902874, -0.099288903126519, -0.5077383750237351, 4590000000, 
0.014912800829882318, -0.09241049944713789, -0.5038728563882415, 4595000000, 
-0.008292849924929166, -0.09144381575809368, -0.500909685050118, 4600000000, 
-0.002674404915224274, -0.09541573619350828, -0.4972717714202948, 4605000000, 
-0.00790960109976024, -0.10949530894741315, -0.49470756961181667, 4610000000, 
-0.012789148156189286, -0.09015613474146181, -0.4930882794628475, 4615000000, 
-0.00550845488879806, -0.08606384200088867, -0.49161612668732235, 4620000000, 
0.005430979380799677, -0.05870532337936855, -0.490975476868239, 4625000000, 
0.002536605251011138, -0.09409016747258254, -0.4907532473621991, 4630000000, 
-0.010220282020442827, -0.09952286546670454, -0.4911891398505591, 4635000000, 
-0.018219929660746474, -0.08829604796826872, -0.4922710205450494, 4640000000, 
-0.01630851916288225, -0.07049791203477787, -0.4941921984780454, 4645000000, 
0.034188908123238555, -0.09227181388316412, -0.49566817508963107, 4650000000, 
-0.0032802595469377123, -0.10918796508542335, -0.49738436379089235, 4655000000, 
0.009734905452650305, -0.08766228212963026, -0.49900529023198686, 4660000000, 
-0.008963984945523222, -0.0888752604357076, -0.5004530537539298, 4665000000, 
0.005304943878941603, -0.10217762671051804, -0.5020400999365383, 4670000000, 
0.01615997386246429, -0.09056185420570301, -0.5039906155181936, 4675000000, 
0.0034371806128343993, -0.1087729152231368, -0.5046078088910748, 4680000000, 
0.024611285402170852, -0.10785253994082006, -0.5051047375766297, 4685000000, 
0.020061669473992363, -0.07303545923953245, -0.5054916193451118, 4690000000, 
-0.004455598616913576, -0.07850900273351435, -0.5055081332711532, 4695000000, 
0.009997198610293016, -0.11443003153357284, -0.5051354852142858, 4700000000, 
-0.019234731382776128, -0.1423498997382626, -0.5034336364774936, 4705000000, 
-0.002936803771827229, -0.09721111413643012, -0.5027018547612337, 4710000000, 
0.008057940678879952, -0.11439587089683678, -0.5019402146173206, 4715000000, 
-0.025535848548555416, -0.09756800667910004, -0.5012500888569583, 4720000000, 
0.013579137927090947, -0.08636144765596279, -0.4999127518041354, 4725000000, 
-0.008987135368889124, -0.06048607953888914, -0.4985617143946047, 4730000000, 
0.020417578400457288, -0.10741347982092209, -0.49801942575753744, 4735000000, 
-0.037835260082627914, -0.09850162634062343, -0.4975453726790634, 4740000000, 
-0.05973531742395022, -0.08920843853549693, -0.4967462578087177, 4745000000, 
-0.015486941220790942, -0.09877666778117043, -0.4966536508799768, 4750000000, 
-0.0006250162401786026, -0.13472086559280047, -0.49699112632011344, 4755000000, 
-0.025945941559797566, -0.10623408975539703, -0.49699147808209887, 4760000000, 
0.011115105561499639, -0.10086791125434183, -0.4973599363026468, 4765000000, 
-0.027051191826127866, -0.11733400966236024, -0.4978763611760272, 4770000000, 
-0.00886764556485627, -0.09193504162592799, -0.4991909555403316, 4775000000, 
-0.048075836605005855, -0.11663279212253237, -0.4994103125124104, 4780000000, 
-0.01223820644907019, -0.07396923871255925, -0.49995902682131793, 4785000000, 
-0.008700189893145992, -0.1125716386519032, -0.5003639531442884, 4790000000, 
-0.009906972900948025, -0.10241536461869273, -0.5009512508614266, 4795000000, 
0.011946307501782103, -0.09132826936210128, -0.501434113213753, 4800000000, 
-0.029615833065105356, -0.10695300977635848, -0.5017564605794085, 4805000000, 
-0.03184883457493983, -0.11207912912377122, -0.5018011323187395, 4810000000, 
-0.003062533994691633, -0.11514360162921972, -0.5021097881223627, 4815000000, 
-0.012203689634605334, -0.08451708139879509, -0.5017005443219386, 4820000000, 
-0.0026215812520472325, -0.11582996046130678, -0.5020483624587158, 4825000000, 
-0.026671268584217617, -0.12129917397141746, -0.501274197474541, 4830000000, 
-0.014411957935428292, -0.12742512432565342, -0.5006430129907824, 4835000000, 
0.003586808059145588, -0.0898042155779118, -0.5000004914500948, 4840000000, 
-0.004076103391784666, -0.11121251812749569, -0.5001776673854496, 4845000000, 
-0.04424618098915614, -0.09920386735506562, -0.500201708959534, 4850000000, 
-0.02998269874645645, -0.09740886975881131, -0.49924175361994966, 4855000000, 
-0.04638964904427573, -0.07684089066036853, -0.49921997184623684, 4860000000, 
-0.0005330728864340502, -0.09905812254238952, -0.49939357458066097, 4865000000, 
-0.023010952383582195, -0.13220297049960814, -0.4991000633797265, 4870000000, 
0.0029124665251343135, -0.10945207480614012, -0.4990665260355829, 4875000000, 
-0.017006836634678685, -0.11204331540286594, -0.4988996072226879, 4880000000, 
-0.007660854658260887, -0.12311144935480844, -0.49910990409162515, 4885000000, 
-0.008322249441878286, -0.0989842896654373, -0.4989548801570875, 4890000000, 
0.008980004151512696, -0.12373608769920397, -0.499022330988045, 4897000000, 
0.0027007946200423745, -0.10435197957848265, -0.5001343020898557, 4902000000, 
-0.018036080229120923, -0.10117599122229391, -0.4999892791924752, 4907000000, 
-0.03029943273305544, -0.09536627463291998, -0.4999325607355295, 4912000000, 
-0.00331218272078407, -0.14719085314034222, -0.5000704863867571, 4917000000, 
-0.05523637581392011, -0.12687733049020294, -0.5002605506791795, 4922000000, 
-0.01965218349936878, -0.10564613328670767, -0.5007329638819035, 4927000000, 
-0.012030050560957113, -0.10319276518733966, -0.5001749222062625, 4932000000, 
-0.04431533023692344, -0.08248075885947835, -0.5002033114589951, 4938000000, 
-0.029306564408624503, -0.13529984136339426, -0.5006128466031382, 4943000000, 
-0.031239356002488346, -0.11163261421526309, -0.5004433026550211, 4948000000, 
-0.02549504035864647, -0.087915291402305, -0.5003271097591164, 4953000000, 
0.00367504655166645, -0.09989789570278053, -0.5000212095392076, 4958000000, 
0.013761490104507758, -0.11770783811773236, -0.49969634365713544, 4963000000, 
-0.023017766308779407, -0.08988083259722017, -0.4995925047396405, 4968000000, 
-0.01795513783138573, -0.12833826826996161, -0.4997877488139314, 4974000000, 
-0.02889269713077794, -0.1045047905398988, -0.49936074713553263, 4979000000, 
-0.017840642777404832, -0.12788647872256312, -0.499864672581957, 4984000000, 
-0.014949273766437161, -0.11313284046298844, -0.49989832681270624, 4989000000, 
0.004211921967698581, -0.07515639729776924, -0.4994900719732705, 4994000000, 
-0.02154664185343288, -0.0968124707555978, -0.49929781636443826, 4999000000, 
-0.03357611524022525, -0.1146303992382107, -0.49944544534752006, 5006000000, 
-0.027593684368917844, -0.09223068121835423, -0.4995586581257893, 5011000000, 
-0.034786067017097216, -0.10040641897184902, -0.4995286693349287, 5016000000, 
-0.032372024386218376, -0.0928746736875693, -0.49967327493681346, 5021000000, 
-0.03929027762382909, -0.0875690332142105, -0.4998968163576558, 5026000000, 
-0.012105790219686075, -0.11087781349678352, -0.4996224789560867, 5031000000, 
-0.040624280446218755, -0.09379046421232766, -0.5004387777311524, 5036000000, 
-0.005874094642697291, -0.11744833385049361, -0.499754731691607, 5041000000, 
-0.038121231203176564, -0.10369955681734035, -0.49988287087286304, 5046000000, 
-0.020907411545752007, -0.0870325526649561, -0.5002296966601759, 5051000000, 
-0.021701211437946937, -0.09507052459440496, -0.5001709746917358, 5056000000, 
-0.02678741360569122, -0.11958622263946579, -0.49975909486273135, 5061000000, 
0.0019061197438151357, -0.13062505390769225, -0.500273260415781, 5066000000, 
0.0035604651541314043, -0.08693269372317304, -0.4999608483701074, 5071000000, 
-0.028396562622060112, -0.12265443545280334, -0.5000949104310608, 5076000000, 
-0.0602764961841284, -0.08768640748153375, -0.500030528419989, 5081000000, 
-0.03912948972582733, -0.10646936353718542, -0.5003159916783213, 5086000000, 
-0.0484901135820725, -0.11012220200157918, -0.4999183021138081, 5091000000, 
-0.025660906284241912, -0.13275856782627776, -0.4998911818106894, 5096000000, 
-0.0465828373267436, -0.11018872219691532, -0.49981466404167557, 5101000000, 
-0.04037684537002209, -0.12594546149152844, -0.4997960635850212, 5106000000, 
-0.025478774192757462, -0.11135295779659432, -0.49993948144485173, 5111000000, 
-0.03831288576451188, -0.1009551387521861, -0.49984158264183903, 5116000000, 
-0.019889120987701694, -0.1202088847836031, -0.50013078240393, 5121000000, 
-0.054415422008260675, -0.10423832385102809, -0.5001308821824401, 5126000000, 
-0.03102455857734043, -0.10007163707924596, -0.49977139861809616, 5131000000, 
-0.023280717483546796, -0.14381236076576984, -0.4997818540879167, 5136000000, 
-0.04348492279081728, -0.0985309232171423, -0.4997994977359048, 5142000000, 
-0.0809418684469301, -0.1505398945386896, -0.49965714752144974, 5147000000, 
-0.011124785693957182, -0.13915445874722238, -0.5001503459956903, 5152000000, 
-0.06534942749122294, -0.10484456495343726, -0.4999425483690846, 5157000000, 
-0.05228867170226139, -0.09525184624108497, -0.5000290106938355, 5162000000, 
-0.014504918980652884, -0.10584602604325542, -0.5001162901106688, 5167000000, 
-0.024479145043805765, -0.09566961381728062, -0.49989465821168366, 5172000000, 
-0.0607452439078255, -0.09478083486623531, -0.49986047871106803, 5177000000, 
-0.07188946026923859, -0.10605665883235452, -0.5000280836027465, 5182000000, 
-0.05341512295585481, -0.14361353342271052, -0.5000218365224648, 5187000000, 
-0.02658747734511145, -0.1265244443052282, -0.49998978686123124, 5192000000, 
-0.05137834619615218, -0.12816450609021335, -0.5000880793568125, 5197000000, 
-0.053888855975394806, -0.11628331790117757, -0.49974896020697784, 5202000000, 
-0.05434086067919047, -0.12384571772578394, -0.49996504812382475, 5207000000, 
-0.06154220729153452, -0.11199340605577195, -0.49981574817825014, 5212000000, 
-0.06472509555267571, -0.08512402085903634, -0.4996978660656093, 5217000000, 
-0.03331850855501063, -0.1134977344433876, -0.49971707651581376, 5222000000, 
-0.039006252507612915, -0.08050850232518106, -0.5000761738510799, 5228000000, 
-0.06260740060942402, -0.09477631523913863, -0.500454436591041, 5233000000, 
-0.056771749132416754, -0.13422719477520814, -0.4998047455299293, 5238000000, 
-0.05083678238371608, -0.14283400720589426, -0.4999799304875311, 5243000000, 
-0.04435721037250933, -0.14482476555407947, -0.49968662291054083, 5248000000, 
-0.06965057199963202, -0.1382885665514923, -0.5003769592834333, 5253000000, 
-0.037260836943074784, -0.1425399150206002, -0.4998561920288888, 5258000000, 
-0.06735125143063346, -0.14489798729849165, -0.5001318212030107, 5263000000, 
0.09195110055886814, -0.2027815970122259, -0.4997603544003295, 5268000000, 
-0.2269879058119673, -0.01832196957955696, -0.49971528547069044, 5274000000, 
-0.05430448714081356, -0.15302909759738445, -0.4995969662036429, 5279000000, 
0.03932189830247572, -0.20362016255898835, -0.49972119013023414, 5284000000, 
-0.18306885091149616, -0.08388659605589005, -0.4998675920540837, 5289000000, 
0.08110548417347974, -0.20267047737328095, -0.4994886457455157, 5294000000, 
-0.21482207595113378, -0.07361925988654994, -0.4995997649877963, 5299000000, 
0.05654611219022736, -0.19721258084679116, -0.4998819513865503, 5304000000, 
-0.004824987644223122, -0.16132220422938587, -0.4999074964177574, 5309000000, 
-0.08283403394078012, -0.14818949026772615, -0.4996067692061462, 5314000000, 
-0.0725140546968984, -0.14257417217599722, -0.4995963368772134, 5319000000, 
-0.03011143742337501, -0.12872884444797514, -0.4999205528169439, 5324000000, 
-0.061991557281277074, -0.1228770756439627, -0.4996780016795096, 5329000000, 
-0.09105102072322756, -0.12485571983409893, -0.49986084303507106, 5334000000, 
-0.08855439583571006, -0.15045930174279476, -0.4995451534127606, 5339000000, 
-0.0947890695783058, -0.11817276384983129, -0.49983999821832814, 5344000000, 
-0.05472807670046877, -0.0884383717348847, -0.49979291538762083, 5349000000, 
-0.03746229712990196, -0.10461563876989523, -0.4997874206705293, 5354000000, 
-0.062341509695322816, -0.11859823740946741, -0.49991274173300965, 5359000000, 
-0.04564819081314393, -0.14767236130959585, -0.49986558909401274, 5364000000, 
-0.07382070157705976, -0.12310682786770137, -0.49999441427879515, 5370000000, 
-0.030149233189623773, -0.0923059414243218, -0.4996781765374339, 5375000000, 
-0.05622630489033154, -0.11576040581477197, -0.500023992482586, 5380000000, 
-0.0568066244473587, -0.15273504191097279, -0.499844798466144, 5385000000, 
-0.05141149435064002, -0.12711725966424356, -0.49994045611072685, 5390000000, 
-0.06375149406814888, -0.14225092186339136, -0.499715217343636, 5396000000, 
-0.05462194846094201, -0.1409576281500636, -0.49991762026365666, 5402000000, 
-0.07725811664329622, -0.11900738798195785, -0.4998569987848015, 5407000000, 
-0.10917750690843364, -0.1286579801940983, -0.49992876276457915, 5412000000, 
-0.06569752382372115, -0.1219640265076524, -0.49997887617216413, 5417000000, 
-0.06896697594344091, -0.13436443317786664, -0.49971951247631213, 5422000000, 
-0.07656224590944156, -0.16373205630076812, -0.49954981270111304, 5427000000, 
-0.08755195091516074, -0.13482938601386027, -0.4997648159995206, 5432000000, 
-0.09204255961501656, -0.10959465016570505, -0.4996749202079425, 5437000000, 
-0.08743375770387843, -0.14472150809513107, -0.5001386709095583, 5442000000, 
-0.07052438910657564, -0.10426011044440867, -0.4998259983613384, 5447000000, 
-0.08376780275214846, -0.1355789088281381, -0.4999278453166637, 5452000000, 
-0.07672068371031504, -0.11174889624792039, -0.49988991644729325, 5458000000, 
-0.03936882897079012, -0.12399208134641244, -0.49968260404552883, 5463000000, 
-0.03580716338902011, -0.1526607068347231, -0.4997419077030349, 5468000000, 
-0.0895174632305841, -0.15201222760475214, -0.49978246408090093, 5473000000, 
-0.06581482887074756, -0.1594652857785536, -0.49983416908164613, 5478000000, 
-0.030588953016852417, -0.10225941235469393, -0.5000409891140406, 5483000000, 
-0.07635548053851508, -0.1403097867142012, -0.5001135712678595, 5488000000, 
-0.03383074216943038, -0.1416328082997759, -0.49992384632996895, 5493000000, 
-0.043459515763709974, -0.15493206210102822, -0.5000920621830517, 5498000000, 
-0.07476442266045734, -0.1514139002472106, -0.4999789994743944, 5503000000, 
-0.059641068289090875, -0.12153690041446312, -0.5001915795005109, 5508000000, 
-0.05462698077791947, -0.14961236510338952, -0.5001893256585374, 5513000000, 
-0.07764884012682546, -0.13909565382212125, -0.5001469613840218, 5518000000, 
-0.2440317521839935, -0.10718579286243594, -0.49994433705876984, 5523000000, 
0.11890269543719693, -0.15842963763414258, -0.4999328699385107, 5528000000, 
-0.05188488926235743, -0.16333263667001835, -0.4999711088583326, 5533000000, 
-0.21890137577189567, -0.144379556703185, -0.4997590713235273, 5538000000, 
0.13229357868299874, -0.1527561169322021, -0.5000267984315867, 5543000000, 
-0.07716647664884443, -0.15729974165040517, -0.4997985093766809, 5548000000, 
-0.23163313215984843, -0.12086636545683727, -0.5001625399490695, 5553000000, 
0.054082030558118055, -0.1469908368536546, -0.5000618820342188, 5559000000, 
-0.25167509358381934, -0.1485714469113311, -0.5000490328100277, 5564000000, 
0.10667727267975764, -0.15966487333278462, -0.5001066679629411, 5569000000, 
-0.045097548906104394, -0.1727756821731619, -0.49987784635588717, 5574000000, 
-0.2522975646945252, -0.10145153554105454, -0.5002814168618775, 5579000000, 
-0.05838830705234632, -0.13292836136715755, -0.5000556562626716, 5584000000, 
-0.019637857801557752, -0.15688360918946714, -0.4999340165473974, 5589000000, 
-0.08540361526997688, -0.14867233699666868, -0.4998770737226488, 5594000000, 
-0.06220775282513674, -0.13327107152785933, -0.4998267449781029, 5599000000, 
-0.05761658929673964, -0.11588038560254146, -0.5001829099805953, 5604000000, 
-0.03894391712464848, -0.15826194488536846, -0.4998674575334564, 5609000000, 
-0.020639701554363482, -0.12918577497313682, -0.49984171527370674, 5614000000, 
-0.050263428357919804, -0.14246740247276266, -0.49954827977439203, 5619000000, 
-0.027716914095246833, -0.12551736923145979, -0.5001532895050776, 5624000000, 
-0.06680946688152589, -0.18475524424052664, -0.500252106054561, 5629000000, 
-0.06694285986513139, -0.17190751561195547, -0.49988560206442445, 5634000000, 
-0.04786461625125871, -0.16503204143042144, -0.49980861392850934, 5639000000, 
-0.035344535466473634, -0.13866307566412878, -0.4996056600152928, 5644000000, 
-0.05414058617214501, -0.12189488934160989, -0.4995659301956223, 5649000000, 
-0.0582597786063465, -0.14403140668374978, -0.4995862273381762, 5654000000, 
-0.026277110423159045, -0.1629630558384994, -0.5000201815985139, 5659000000, 
-0.05356316081797215, -0.14874881964335188, -0.5000619997792295, 5664000000, 
-0.07712230031641229, -0.16363374188446017, -0.4998058850581606, 5669000000, 
-0.024266144821319745, -0.15730133422432918, -0.49999834717434655, 5674000000, 
-0.0649391393351686, -0.13872307470392545, -0.5001180157628071, 5679000000, 
-0.05870439062632271, -0.10854523059858431, -0.5002913990523514, 5685000000, 
-0.03728780368650193, -0.13322885610133184, -0.5004937567103683, 5690000000, 
-0.04852404037590922, -0.13993699776530905, -0.5004764105126004, 5695000000, 
-0.05701366903735677, -0.1328750762942071, -0.5007670954562137, 5700000000, 
-0.04771626512325693, -0.16166136980990173, -0.5008785410976784, 5705000000, 
-0.06202349076594167, -0.1571410766625482, -0.5003605461592016, 5710000000, 
-0.026259361036428862, -0.1272236938242145, -0.5001110397228051, 5715000000, 
-0.020768026815226902, -0.11309331066660869, -0.5004078652384006, 5720000000, 
-0.047351268344148725, -0.13552198019135167, -0.500485547899698, 5725000000, 
-0.012642749078729552, -0.15384708487845622, -0.5004128583199051, 5730000000, 
-0.044799726114120815, -0.15937881266117904, -0.5000839284984099, 5735000000, 
-0.03928793217346034, -0.14175841191774624, -0.5003281724912972, 5740000000, 
-0.04844615741376805, -0.12086861212091443, -0.5001099212436172, 5745000000, 
-0.0337140729900181, -0.14050554820923872, -0.49981128624875054, 5750000000, 
-0.05040584374191959, -0.15459555436641081, -0.4999203194673933, 5755000000, 
-0.04821599138694367, -0.12893414852229637, -0.5001496269589325, 5760000000, 
-0.013370881556763421, -0.1257952789944438, -0.4999905458178244, 5765000000, 
-0.041871978208647645, -0.10603203241244602, -0.5001372028476583, 5770000000, 
-0.02017913144896612, -0.15163588484661272, -0.5003364077539529, 5775000000, 
-0.023739465918277913, -0.11163251824755466, -0.500201916055662, 5780000000, 
-0.05769075277053391, -0.13928711553384263, -0.5003834797588163, 5785000000, 
-0.0617653680002342, -0.154752362220399, -0.4998261898500838, 5790000000, 
0.0005214138363082987, -0.16013812999775437, -0.5000420485539023, 5795000000, 
-0.04874541327079178, -0.1784429664162046, -0.5004240463632577, 5800000000, 
-0.014134785127591566, -0.17749275657654678, -0.49950794119429864, 5805000000, 
-0.06752059148508507, -0.12154303496714573, -0.4998341035421191, 5810000000, 
-0.022201244891455703, -0.15392289368165743, -0.5001074721047961, 5815000000, 
-0.040259191658428096, -0.1630459574731354, -0.5005350760112411, 5820000000, 
-0.06570062005721447, -0.15872544686495976, -0.5002138897579615, 5825000000, 
-0.0433406589306199, -0.17204360272336086, -0.5002335050487138, 5830000000, 
-0.01849558233706935, -0.1652018708487027, -0.5001164889736911, 5835000000, 
-0.03483492432215395, -0.1943905431479726, -0.5002410227478601, 5840000000, 
-0.02150868179158299, -0.15253279956103022, -0.5002059066819443, 5845000000, 
-0.05143630383952927, -0.14382611364880374, -0.5000555198201339, 5850000000, 
-0.06088615244867512, -0.16044826483743968, -0.5000238922101952, 5855000000, 
-0.04002145388234521, -0.1488892879788469, -0.5000793264744806, 5860000000, 
-0.026078886607020672, -0.16170727405150526, -0.4999804310689583, 5865000000, 
-0.017479595327014007, -0.1710324616981133, -0.5001950937413201, 5870000000, 
-0.04139790874290152, -0.15689586875722514, -0.5002916395524324, 5875000000, 
-0.03255631495233531, -0.13536856237067002, -0.500037999878568, 5880000000, 
-0.02603570654358288, -0.13846131719521343, -0.499770138921703, 5885000000, 
-0.023969414053143775, -0.17745699322682607, -0.49984389420301034, 5890000000, 
-0.041482318753750455, -0.13841187568209598, -0.4996452421090615, 5895000000, 
-0.035867327091700305, -0.16507879566392006, -0.500275883379191, 5900000000, 
-0.03005773521784827, -0.1444818922705373, -0.5002379627298793, 5905000000, 
-0.049237902577311046, -0.1796085340990095, -0.5000359513029088, 5910000000, 
0.0010715308419468814, -0.1308954750756934, -0.49963577889494654, 5915000000, 
-0.07621278525256713, -0.12653574085094738, -0.5000405451248459, 5920000000, 
-0.05561263164029387, -0.12773703438934525, -0.5003296376052431, 5925000000, 
-0.027602006314083397, -0.1625448045006264, -0.5004097656707495, 5930000000, 
-0.012744869309436486, -0.1495264643187322, -0.5000175311407639, 5935000000, 
-0.034779501737638406, -0.15613361793588296, -0.5002725389288901, 5940000000, 
-0.045216747115752576, -0.1634402878195999, -0.5004189229007234, 5945000000, 
-0.038897382435372996, -0.15023707431738254, -0.5001452346558183, 5950000000, 
-0.04680090190010726, -0.16926209602937725, -0.5001904850004522, 5955000000, 
-0.04238256922780053, -0.1576745106619639, -0.5000225595772261, 5960000000, 
-0.017295216342982957, -0.11885974370384912, -0.4999718131661214, 5965000000, 
-0.04312666726068166, -0.14524325407213146, -0.5002396980523285, 5970000000, 
-0.04604832353457365, -0.14029919193559406, -0.5004451572933812, 5975000000, 
-0.03471281060513935, -0.12976460788439317, -0.5002768992684508, 5980000000, 
-0.03594933110924927, -0.1222028595862883, -0.500185504289712, 5985000000, 
-0.04134551714764457, -0.1454973202624861, -0.5000101756440795, 5990000000, 
-0.028885121870765237, -0.14982169871406825, -0.49986014736369233, 5995000000, 
-0.0157294445448128, -0.1516044441751496, -0.49992684119585296, 6000000000, 
-0.04391917992904132, -0.16159109374960642, -0.5001504203390367, 6005000000, 
-0.039660095746735055, -0.1372458895288685, -0.49999541210107656, 6010000000, 
-0.017310172761137076, -0.13100150832363888, -0.5000684991339437, 6015000000, 
-0.026778884401569145, -0.1711869733452075, -0.49978322820147675, 6020000000, 
0.011748200320452873, -0.1546005253101988, -0.5000701848114327, 6025000000, 
-0.021070248996573178, -0.13299225350321847, -0.4999611941243985, 6030000000, 
-0.017676265956119583, -0.14439482769995157, -0.5000293316207577, 6037000000, 
-0.02722534557057057, -0.17112904236059856, -0.49984785201547066, 6042000000, 
-0.033909112496452586, -0.15151413902753677, -0.4998970702300676, 6047000000, 
-0.039021610849835915, -0.14626016539615316, -0.5002204742721844, 6052000000, 
-0.02221002985499193, -0.1579435654535229, -0.5002768039672972, 6057000000, 
-0.05920596093523518, -0.11124914912231368, -0.5004019558935217, 6062000000, 
-0.022245080574685987, -0.14214475083391856, -0.5000293108160008, 6067000000, 
-0.021800323195156457, -0.12275702781219705, -0.5000724288846491, 6072000000, 
-0.030240479976372314, -0.15881292541400563, -0.5000195943057496, 6077000000, 
-0.011536140420693404, -0.1453909706256707, -0.5003243817950238, 6082000000, 
-0.03205765009393713, -0.11980221020721722, -0.4998003725629033, 6087000000, 
-0.009295624131944954, -0.17191202327542063, -0.500008200495407, 6092000000, 
-0.03766822411291289, -0.1523637303078897, -0.5001772070691449, 6097000000, 
-0.055600873253680294, -0.13283824324378252, -0.5001799839688087, 6102000000, 
-0.00891396001436641, -0.17504046905596052, -0.5000021687544207, 6107000000, 
-0.05734604157883342, -0.16490573923878613, -0.5003177304091525, 6112000000, 
-0.021944452029641723, -0.14422823816142707, -0.5001142688570275, 6117000000, 
-0.010475290079176677, -0.17713169911198584, -0.5000631267218282, 6122000000, 
-0.030132408997795908, -0.16697816427104342, -0.5000034509239841, 6127000000, 
-0.03573110984657852, -0.16737748229291283, -0.4997432211564941, 6132000000, 
-0.0024266999694466176, -0.1484722913878847, -0.5001686960770194, 6137000000, 
-0.027405365803519058, -0.13903092769343026, -0.5001557280080257, 6142000000, 
-0.011044948683144054, -0.12424755164581638, -0.5000048954027747, 6147000000, 
-0.06792519934135302, -0.17085287999262755, -0.5002724438264748, 6152000000, 
-0.039512248435250134, -0.18763532582944295, -0.499779900568269, 6157000000, 
-0.03318552195686175, -0.1257916129349212, -0.500078106259874, 6162000000, 
-0.004419122749422737, -0.1773457737205181, -0.49997497127613305, 6167000000, 
-0.03142740103201202, -0.1503965112588724, -0.500118054350677, 6172000000, 
-0.06314618764283408, -0.16204743065164506, -0.49984811046170247, 6177000000, 
-0.031264990183963934, -0.17620924534166515, -0.49991906536458836, 6182000000, 
-0.03571615150707774, -0.15563788971176276, -0.4998960570834114, 6187000000, 
-0.03708719361343791, -0.130206298412373, -0.5003595133872738, 6192000000, 
-0.02969652623938263, -0.18166548855201214, -0.5001795786691776, 6197000000, 
-0.04054983829586327, -0.1614660032019213, -0.5001907988950228, 6202000000, 
-0.04487509720406146, -0.14898846817414235, -0.5000819648411786, 6207000000, 
-0.06297938279007623, -0.1637047918631323, -0.5004846279457573, 6212000000, 
-0.0164157159291388, -0.13669099218973, -0.5001045412301591, 6217000000, 
-0.049295744409870564, -0.1546066353615559, -0.4998173660421228, 6222000000, 
-0.034033676603989996, -0.1455968978670111, -0.4998957920120586, 6229000000, 
-0.0533729009204398, -0.12885893228120515, -0.500122279876437, 6234000000, 
-0.05591087139988912, -0.1383912659333727, -0.4999373280593806, 6239000000, 
-0.01044779188790617, -0.13988396232758912, -0.5002498318466881, 6244000000, 
-0.023915747666453727, -0.11234865257276026, -0.4998940660016484, 6249000000, 
-0.038617414888239075, -0.17446076211927677, -0.49984991241344046, 6254000000, 
-0.05358265962371182, -0.16065251654914156, -0.5000536933266408, 6259000000, 
-0.04208321634823702, -0.1331689558910481, -0.500062009667103, 6269000000, 
-0.030925308139121893, -0.10610386608407921, -0.49992824919806866, 6274000000, 
-0.038465415313150286, -0.152947361585469, -0.5000951526442491, 6279000000, 
-0.05510864652442728, -0.14425234939724177, -0.500168800521297, 6284000000, 
-0.05836614435471944, -0.1327799212732569, -0.499843915166097, 6289000000, 
-0.04668779827152186, -0.15113689481441675, -0.4999408422224078, 6294000000, 
-0.04835901188184637, -0.13081907354952854, -0.500208704097421, 6299000000, 
-0.04592579489969255, -0.14675548498755805, -0.49987686965150574, 6304000000, 
-0.027633939827757695, -0.15253167196814904, -0.49993243307160784, 6309000000, 
-0.019031566039973052, -0.1279281581864281, -0.500185290463004, 6314000000, 
-0.043667991319815504, -0.12804832977466005, -0.49979549803414813, 6323000000, 
-0.04214461195511048, -0.14611523164718654, -0.49949827132037417, 6328000000, 
7.319062546676507e-05, -0.2999458984146929, -0.4993250728167779, 6333000000, 
-0.10124463510567068, 0.008171070921960311, -0.4996412859837753, 6338000000, 
0.00956375235763849, -0.29951710924713304, -0.49943579795236137, 6343000000, 
-0.10422315806690839, 0.01933512941361247, -0.4992283818296297, 6348000000, 
-0.055908291860547174, -0.13456649698904324, -0.4993035250253863, 6353000000, 
0.016280288875749616, -0.2875494569154455, -0.4991548715935274, 6358000000, 
-0.07595637363854496, -0.1677343165981376, -0.49915874292326873, 6363000000, 
-0.08120094128284511, -0.136896890850186, -0.49957292497703293, 6368000000, 
-0.04832000748137478, -0.1629259052376003, -0.4991240035991039, 6373000000, 
-0.027410405098339176, -0.1162991479764007, -0.49905245565894385, 6378000000, 
-0.06499583090486162, -0.13007961349987246, -0.4995311286252593, 6383000000, 
-0.036893862407736795, -0.17784676759015372, -0.49960096568969126, 6388000000, 
-0.07444613625086813, -0.13513171553007453, -0.4995710128589117, 6393000000, 
-0.06186984651357587, -0.10818308963132245, -0.4993274709175053, 6398000000, 
-0.04116949478257684, -0.14550928268530544, -0.49942250485564277, 6403000000, 
-0.07469196009748114, -0.13731496166454452, -0.49968478560746393, 6408000000, 
-0.08870976126852337, -0.13128531498986035, -0.4997658641149671, 6413000000, 
-0.051920282426980165, -0.17839276206803942, -0.4998128708898829, 6418000000, 
-0.04628136358540934, -0.1498800684518403, -0.5000286732613357, 6423000000, 
-0.04010687491405271, -0.11439312177906111, -0.4994908862215977, 6428000000, 
-0.07431711931692526, -0.12957134575140639, -0.49987760260596065, 6433000000, 
-0.08923123175157426, -0.15905185569899122, -0.4997912423161762, 6438000000, 
-0.05828229968696272, -0.1466028850589313, -0.49991101002024674, 6443000000, 
-0.08942699596278703, -0.14735981811096593, -0.5001390656152385, 6448000000, 
-0.07176509771076153, -0.14464690304127178, -0.4999818068910227, 6453000000, 
-0.051171254194432955, -0.16259343597444, -0.4999594578159621, 6458000000, 
-0.037522655097578336, -0.15121555897147007, -0.5002926143203763, 6463000000, 
-0.07460715622798746, -0.1519028535131837, -0.4998381977243812, 6468000000, 
-0.03698969697922109, -0.12835926460668298, -0.4997342425852875, 6473000000, 
-0.05409741312188283, -0.14531038549881228, -0.4998340098622253, 6478000000, 
-0.04997653734281525, -0.14535368359927534, -0.4997134447312754, 6483000000, 
-0.08256919080987832, -0.13865335877101265, -0.4999597763929387, 6488000000, 
-0.07484636245583894, -0.1688638374137593, -0.4996672453395526, 6493000000, 
-0.018409699005837256, -0.16726509565485914, -0.49955813268359106, 6498000000, 
-0.031573710553437745, -0.1524283632131458, -0.49987315073215244, 6503000000, 
-0.06963542093609, -0.13287222201242208, -0.499721675283158, 6508000000, 
-0.06470638157258596, -0.15199296856155925, -0.49979609128158947, 6513000000, 
-0.06188467883196699, -0.13499780762223207, -0.4995281938067812, 6518000000, 
-0.04581777867975188, -0.14600510841962133, -0.499762532318272, 6523000000, 
-0.05803987363984574, -0.16509387420359417, -0.49966210965515195, 6528000000, 
-0.03713866520847761, -0.13964937366107977, -0.49960301070019775, 6533000000, 
-0.07756542678992272, -0.1510132360072491, -0.4996712817334637, 6538000000, 
-0.045264845643153834, -0.16991155879042283, -0.49937575229576775, 6543000000, 
-0.1904061506733807, 0.0668009874302856, -0.5002500250808664, 6548000000, 
0.06472661656329604, -0.3460002668847365, -0.5002731335961443, 6553000000, 
-0.07790738311222768, -0.15432149375522186, -0.49985169756926157, 6558000000, 
-0.1804511528713418, 0.066218068469215, -0.5003964438693239, 6563000000, 
0.04743209645026568, -0.36608319991158444, -0.5006635234874569, 6568000000, 
-0.08689842092265239, -0.16168571235895718, -0.5006303028274468, 6573000000, 
-0.15756188462659396, 0.11288671679538154, -0.5011926608749512, 6578000000, 
0.07018463890334611, -0.38582124346949725, -0.5011316158657538, 6583000000, 
-0.13941612787952343, 0.04883094598471047, -0.5011088858825258, 6588000000, 
0.03964741611886894, -0.36976831669491605, -0.5010536063309965, 6593000000, 
-0.041283016025502314, -0.11693936928290424, -0.5004491369656592, 6598000000, 
-0.1842776757429701, 0.020315847614341458, -0.5011298834038195, 6603000000, 
0.01713652177542885, -0.32113214231247017, -0.5012765615885567, 6608000000, 
-0.16848168285103646, 0.07682873538675833, -0.5004504828934835, 6613000000, 
-0.038697014021855755, -0.1509259382083857, -0.5011248145280324, 6618000000, 
0.0067850594949773815, -0.3233447457306788, -0.5005704478138602, 6623000000, 
-0.13090047569372673, 0.006634789817521188, -0.5006494338339105, 6628000000, 
-0.059182375437480714, -0.1677438456268166, -0.5012134728476296, 6633000000, 
-0.05893538796652112, -0.16101582459843672, -0.5007280217146837, 6638000000, 
-0.024278366881514402, -0.16241384732900047, -0.5006937561486282, 6643000000, 
-0.05422610203273783, -0.13810568642941756, -0.5006156501944794, 6648000000, 
-0.033856377933348517, -0.15924124757485944, -0.5006258118234762, 6653000000, 
-0.04668184832578874, -0.12474584950028586, -0.5007047970980586, 6658000000, 
-0.05378139796655888, -0.11539462244469603, -0.5009661552717112, 6663000000, 
-0.04342930021361658, -0.13999160907479063, -0.5008392600755426, 6668000000, 
-0.05435282843058856, -0.1512651413073319, -0.5002792751595796, 6673000000, 
-0.053049892883027305, -0.1540603873032239, -0.5003480815059446, 6678000000, 
-0.04386271932108689, -0.11624317904049303, -0.4999237998058158, 6683000000, 
-0.04502097648091916, -0.1297494317377938, -0.5001936150968863, 6688000000, 
-0.06427963645781937, -0.15630051045071783, -0.500190654103863, 6693000000, 
-0.04763470604591069, -0.17347045255251958, -0.5002581031854468, 6698000000, 
-0.058456619340950665, -0.12016103104819147, -0.49998053960677374, 6703000000, 
-0.0479190427515492, -0.11869037879010103, -0.49972248695739396, 6708000000, 
-0.07118787104492265, -0.17096330243453156, -0.5002905286259698, 6713000000, 
-0.045250135623735734, -0.11299938562613782, -0.4995229330556595, 6718000000, 
-0.04396824550714507, -0.1765883276186725, -0.499922051435158, 6723000000, 
-0.04143463136220255, -0.1397337812574228, -0.4997380646568279, 6728000000, 
-0.030115673023839933, -0.16784322131670582, -0.5000600638201824, 6733000000, 
-0.044596889896904975, -0.14161162337372146, -0.4999172972905149, 6738000000, 
-0.044881654392660265, -0.1842377128462983, -0.5003420704084007, 6743000000, 
-0.02519318487280038, -0.15141251029064812, -0.5000429696855823, 6748000000, 
-0.012883580888838897, -0.1627582918868647, -0.5002790168293406, 6753000000, 
-0.029559346580700314, -0.1709799558168941, -0.5001032533256395, 6758000000, 
-0.04185476284164912, -0.13868864789599625, -0.4999460583315823, 6763000000, 
-0.045171564942847124, -0.12382787378227399, -0.5003376805874779, 6768000000, 
-0.021970080682252664, -0.14485822518156813, -0.4998603541842897, 6773000000, 
-0.031300876527487996, -0.14653569179848747, -0.5001639838350718, 6778000000, 
-0.02960184275308781, -0.13766537643957286, -0.5002055105067064, 6783000000, 
-0.023274928163602333, -0.17453505717030904, -0.5000014405439221, 6788000000, 
-0.061273609695851064, -0.1306239826550351, -0.4999497788153029, 6793000000, 
-0.052616409220718974, -0.1520368423830678, -0.5003609551037335, 6799000000, 
-0.0780730691557513, -0.1481869547227211, -0.5007660544288037, 6804000000, 
-0.051307326792266524, -0.16403859864469275, -0.5001918917315699, 6809000000, 
-0.034632378237421366, -0.17030248693289038, -0.5001853256772162, 6814000000, 
-0.05625126361417549, -0.14167191962215742, -0.5003855473098232, 6819000000, 
-0.03213838800746246, -0.17369376165798708, -0.5005470195953442, 6824000000, 
-0.08105359518110761, -0.1469721306206334, -0.5002129869721869, 6829000000, 
-0.05131415467407873, -0.14270858729710348, -0.500302377017896, 6834000000, 
-0.04418281437160978, -0.13613454727773835, -0.5000209799158847, 6839000000, 
-0.03643776851158527, -0.14094264638176193, -0.5002247537068479, 6844000000, 
-0.0239699037351424, -0.1744422929063207, -0.4999600346589981, 6849000000, 
-0.04846815302534728, -0.14329610493834005, -0.4998828189998009, 6854000000, 
-0.07406312950362384, -0.16036964992572533, -0.5003914719873939, 6859000000, 
-0.01562846898657068, -0.15508201526185791, -0.5000841807168691, 6864000000, 
-0.05143452317658977, -0.1356720937096959, -0.49988562864301045, 6869000000, 
-0.0369450635166241, -0.12415866560300615, -0.4999715121027948, 6874000000, 
-0.06064760557993333, -0.12557611730437046, -0.5000791670232817, 6879000000, 
-0.01035227797848904, -0.16808587671413333, -0.5000316011471224, 6884000000, 
-0.05955928086793662, -0.13897862851488493, -0.49977481778231964, 6889000000, 
-0.016578987211252047, -0.135256689225241, -0.49977663571307335, 6894000000, 
-0.05013319405991927, -0.1457653160269121, -0.5004581271257346, 6899000000, 
-0.013035840462535038, -0.15021826028853336, -0.5001950063346325, 6904000000, 
-0.04084059135693799, -0.17245209934080494, -0.5001624344158414, 6910000000, 
-0.04273150256098036, -0.09996593265504337, -0.50010479025458, 6915000000, 
-0.037810275603383854, -0.14997799050416896, -0.5003420786381243, 6920000000, 
-0.051314746380463606, -0.13380613776896466, -0.4999341955516284, 6925000000, 
-0.01931551179094439, -0.15115097080732484, -0.5002880882493064, 6930000000, 
-0.05072385735128111, -0.162152824474511, -0.5001428521645485, 6935000000, 
-0.003496169861593762, -0.15848363213712266, -0.5001941757079666, 6940000000, 
-0.03339453331123061, -0.11165489457121144, -0.49997007610599836, 6945000000, 
-0.03081795288683914, -0.13614367808426317, -0.4995929121951609, 6950000000, 
-0.040874182441329766, -0.16183725884446143, -0.500529543896775, 6955000000, 
-0.05721645630480566, -0.13667438303971854, -0.49985429913336804, 6960000000, 
-0.013951698585995573, -0.15117513522009723, -0.49984203234849134, 6965000000, 
-0.008257671155075044, -0.15727881953201053, -0.49992544410370454, 6970000000, 
-0.021417542862263054, -0.1881156485039706, -0.499789389829334, 6975000000, 
-0.0376707932307603, -0.16158399750910618, -0.4999871031547794, 6980000000, 
-0.05846988165050506, -0.12203563956989415, -0.4997936213219001, 6985000000, 
-0.030438489947607953, -0.1678390249526375, -0.5002598078858453, 6990000000, 
-0.05212953957361867, -0.18129133993166593, -0.49991861340267235, 6995000000, 
-0.06470285835562789, -0.1645388221023977, -0.5001330905299443, 7000000000, 
-0.060312617076542015, -0.14849768793928655, -0.5002531771227426, 7005000000, 
-0.07408623504249198, -0.16731813990731395, -0.5002019346602834, 7010000000, 
-0.04828086848280728, -0.14004151035246243, -0.49968967898307537, 7015000000, 
-0.04653634016993161, -0.1639548723024681, -0.5003871431576711, 7020000000, 
-0.021797174387182983, -0.12991846622861372, -0.5001789398196312, 7025000000, 
-0.027038082030482642, -0.1233809331110455, -0.49993325180339987, 7030000000, 
-0.021376283421456834, -0.15986046889908684, -0.5000872877199096, 7035000000, 
-0.062388084851281715, -0.13175474901458167, -0.5000267088053444, 7040000000, 
-0.04134601996039307, -0.1299186529489564, -0.4996433657802311, 7047000000, 
-0.022351526697863174, -0.1407890163626331, -0.5000867095376195, 7052000000, 
-0.023042896890524387, -0.1313430903870747, -0.5004610981759903, 7057000000, 
-0.031837827238489935, -0.1342266168342602, -0.5002749008557503, 7062000000, 
-0.041238607106445786, -0.17229079313334572, -0.5001960886653936, 7067000000, 
-0.05157625843265904, -0.14566734738091383, -0.5000260191863025, 7072000000, 
-0.05883658749227027, -0.12212043939643721, -0.49982048209620816, 7077000000, 
-0.048169107457113426, -0.1606372548844106, -0.4998667926291652, 7083000000, 
-0.05106857856113669, -0.12824827565943833, -0.4998905487824321, 7088000000, 
-0.018497105595955746, -0.16203163861342004, -0.5003546957594196, 7093000000, 
-0.06418823058951613, -0.12452293659239255, -0.5002808101117583, 7098000000, 
-0.06889865814905691, -0.153484672601648, -0.5002539295075115, 7103000000, 
-0.059845615558841395, -0.13550612299941425, -0.5002771610823987, 7108000000, 
-0.012888940964670706, -0.15938583120054733, -0.5000371930418407, 7113000000, 
-0.06034345116075945, -0.15499227072164481, -0.4999995072530417, 7118000000, 
-0.04290111617900891, -0.14730699597023045, -0.5002106924673011, 7123000000, 
-0.06581614784684019, -0.1491682317891959, -0.5001743894975469, 7130000000, 
-0.043140322162146805, -0.14755375867871748, -0.49979929649513116, 7135000000, 
-0.06398683091711606, -0.17173566237987506, -0.5001059994775601, 7140000000, 
-0.004891228904238577, -0.15154184322547762, -0.5000608071012334, 7145000000, 
-0.07951002471707097, -0.1480372749066203, -0.4998830202612769, 7150000000, 
-0.06263667924855894, -0.1232137386534022, -0.499398593328721, 7155000000, 
-0.03077685774382355, -0.2548849052588872, -0.4994697981783269, 7160000000, 
-0.09882953419085072, -0.00789191385173053, -0.4989545389222439, 7165000000, 
-0.02869180547499966, -0.30780631919352835, -0.49941394937132655, 7170000000, 
-0.04751718739585176, -0.19004283710269304, -0.498825932591339, 7175000000, 
-0.12864020990958747, 0.0166300039449324, -0.4992849354309792, 7180000000, 
-0.0008779945993082489, -0.313636884062276, -0.49971068624659387, 7185000000, 
-0.11527933659061412, 0.004105771072977157, -0.49912772655074994, 7190000000, 
-0.027532351649432484, -0.32532828769394745, -0.49952410815718506, 7195000000, 
-0.06269868789285814, -0.1519011555102101, -0.4990990554036177, 7200000000, 
-0.09620010201457596, -0.00011537258200390241, -0.4995143184384346, 7205000000, 
0.02131088622792459, -0.33426855310486936, -0.4997521503108144, 7210000000, 
-0.05587051269112471, -0.12799881210253633, -0.4993624520164288, 7215000000, 
-0.060900053353938506, -0.1299296092061525, -0.4993829650183912, 7220000000, 
-0.047898888179425385, -0.1800939838352519, -0.5002318719877085, 7225000000, 
-0.04692697227147058, -0.15864553359383432, -0.5000003119559643, 7230000000, 
-0.03352518049396358, -0.16494823150059396, -0.49989926179269456, 7235000000, 
-0.14043075919593165, 0.0713072424011805, -0.5002676667689221, 7240000000, 
-0.036460614776205894, -0.28228912384803034, -0.5002492760303439, 7247000000, 
-0.09296273197677217, -0.14415094136246842, -0.49974464706454225, 7252000000, 
-0.06718909041806212, -0.14747456435126277, -0.5000071196737372, 7257000000, 
-0.07703457484975242, -0.12503593917644948, -0.5001987116345455, 7262000000, 
-0.04910146507976747, -0.20061767818233664, -0.49974401386935285, 7267000000, 
-0.04425125663434374, -0.13270857969418037, -0.49940352977389324, 7272000000, 
-0.061230974896234865, -0.14214453279275724, -0.4994346716435014, 7277000000, 
-0.05373913915239435, -0.12613738624086518, -0.4993504293758516, 7282000000, 
-0.05169021262356675, -0.16691791621474125, -0.49990718114835664, 7287000000, 
-0.09103778336716373, -0.14057068313755922, -0.49987389225959244, 7292000000, 
-0.05493268907957423, -0.13776201517057107, -0.49991604855418437, 7297000000, 
-0.07338758721105862, -0.12518765535212978, -0.49952569379731754, 7302000000, 
-0.14646636478468245, -0.013948228258510848, -0.4997057527932507, 7307000000, 
-0.01450162812935641, -0.31652202297184645, -0.4997801504695177, 7312000000, 
-0.07026017928757726, -0.1581989874809494, -0.5001800493250615, 7317000000, 
-0.04991698389814799, -0.16272797913035827, -0.4995898522083925, 7322000000, 
-0.07685958043243309, -0.1398483586320738, -0.5002505278131003, 7327000000, 
-0.02635645301169979, -0.18013507374554896, -0.5001412204993116, 7332000000, 
-0.07993716791739501, -0.15010670801863873, -0.49988533007296965, 7337000000, 
-0.12719401848576595, -0.024403325899360603, -0.4999847023049089, 7342000000, 
0.04979277933092256, -0.31444513608461544, -0.5003225761540165, 7347000000, 
-0.06772190513884396, -0.1557585071575862, -0.5001596384847428, 7352000000, 
-0.1413478891479326, -0.015729057441021977, -0.5001565493655181, 7357000000, 
-0.0071889650248743685, -0.29332161229703313, -0.5007248017234495, 7362000000, 
-0.05773230587870639, -0.13048069945888038, -0.5004423653303904, 7367000000, 
-0.11522216938228962, -0.013615502693286903, -0.5001886421893864, 7372000000, 
0.03308620137251508, -0.28454869313672404, -0.5002473716200521, 7377000000, 
-0.04502782183803279, -0.1445162799763764, -0.5000215247272706, 7382000000, 
-0.13197072202756086, -0.07124919852716138, -0.5004897620941556, 7387000000, 
0.023567606148770844, -0.3003978698769004, -0.5006274546724367, 7392000000, 
-0.12112859684366478, -0.02862927424102718, -0.49972783063002385, 7397000000, 
-0.0866790255222277, -0.14874783654753157, -0.5004378330108444, 7402000000, 
0.08064341772569986, -0.28031231623783426, -0.5002450732887128, 7407000000, 
-0.13075647981943805, -0.05206245567046765, -0.5000059799820776, 7412000000, 
0.021915827413666017, -0.2834092546886038, -0.5005155183246702, 7417000000, 
-0.036754239170238824, -0.1617650282453909, -0.5000536883653615, 7422000000, 
-0.13569309638027552, -0.06826613023863887, -0.5002057968697948, 7427000000, 
0.04834763300283182, -0.24928327272083883, -0.5004702430790098, 7432000000, 
-0.11444504839715004, -0.04556885904297729, -0.5002009260552635, 7437000000, 
-0.048882273455771286, -0.13204932375355247, -0.5006159656124977, 7442000000, 
-0.03512315134506706, -0.1686004680917602, -0.5004289200895629, 7447000000, 
-0.04752486726336428, -0.1401426358817341, -0.4999958818035066, 7452000000, 
-0.04809103573144694, -0.16182240590092062, -0.5009208267303116, 7457000000, 
-0.03208673883193988, -0.1905028072480298, -0.5006901565063249, 7462000000, 
-0.22445184920848066, -0.2011644945649529, -0.5021156773519752, 7467000000, 
-0.18228611475020148, -0.17672293650228954, -0.5051549282190994, 7472000000, 
-0.13600224744433617, -0.1549077248411725, -0.5098472091706865, 7477000000, 
-0.12168628694592146, -0.15798438224893036, -0.516315802163125, 7482000000, 
-0.06882919816764349, -0.14316306858221156, -0.522700411338634, 7487000000, 
0.016411263629857738, -0.17040624341861896, -0.529154677672219, 7492000000, 
-0.08804361628565603, -0.12955439342563818, -0.5347224171103553, 7497000000, 
-0.1042747907728155, -0.19364106805424658, -0.540278005665845, 7502000000, 
-0.045895252980856456, -0.12441554567010821, -0.5448993624949294, 7507000000, 
-0.023192702126429137, -0.14586295089275778, -0.5486427798692681, 7512000000, 
-0.015492877082245378, -0.1581893483307197, -0.5512098119919282, 7517000000, 
-0.03756761183954199, -0.16820427269892482, -0.5525168911534665, 7522000000, 
-0.013201107835235388, -0.16335743339993272, -0.5526557304159188, 7527000000, 
0.0037002695727664688, -0.1423675499441174, -0.5517720539326517, 7532000000, 
-0.015577902390404007, -0.1630173391054149, -0.5503020014800785, 7537000000, 
-0.06421472710780038, -0.14129458641267892, -0.5465958460022073, 7543000000, 
0.24534707915374993, -0.14775888385175165, -0.5445947756448486, 7548000000, 
0.08641250381549287, -0.16804034948588226, -0.5359370377410427, 7553000000, 
-0.00889102518912107, -0.14383180157066375, -0.5274517171041632, 7558000000, 
-0.03347224121712574, -0.16478153915708008, -0.5177034965733058, 7563000000, 
-0.05777166535190203, -0.17625821923303928, -0.5075943123546859, 7568000000, 
-0.027405110030711603, -0.1754825125946817, -0.49754093848407516, 7573000000, 
-0.06680438451657554, -0.11325832409074571, -0.4893166051736368, 7578000000, 
-0.05182713029231886, -0.14973127610796486, -0.4819223708842553, 7583000000, 
-0.0622437250676039, -0.14524918154870187, -0.47625792190745875, 7588000000, 
-0.06458853837575788, -0.16343919235582427, -0.47294759307261575, 7593000000, 
-0.08574631891130666, -0.16685180407135672, -0.47138055314470484, 7598000000, 
-0.08383248010863217, -0.1350311516941914, -0.47168045852135426, 7603000000, 
-0.07971578304868629, -0.1259647317220633, -0.47395439179753124, 7608000000, 
-0.031080097815470196, -0.12205274496860909, -0.47766936638923246, 7613000000, 
-0.05802152548194748, -0.15314516440411374, -0.48223430975693676, 7618000000, 
-0.042961334063488385, -0.15600357776952292, -0.4877084148238925, 7623000000, 
-0.06628058031535608, -0.12646865791919754, -0.4939454076155753, 7628000000, 
-0.03627598167394894, -0.11766551085363147, -0.49732092621105806, 7634000000, 
-0.0493625831241194, -0.15138212825989686, -0.5060782842094554, 7639000000, 
-0.04287889394274717, -0.14562512243956385, -0.5099655967404471, 7644000000, 
-0.04871559276884028, -0.1571905762084061, -0.5140731244052332, 7649000000, 
-0.07258759371086164, -0.15696750213072982, -0.5165708181880458, 7654000000, 
-0.044353773410150496, -0.17748190400504193, -0.5171921428251672, 7659000000, 
-0.05731833202791528, -0.17098388008594576, -0.5169382314194265, 7664000000, 
-0.047715064942693515, -0.16609116964296297, -0.5156075541351468, 7670000000, 
-0.052917887686173094, -0.15428055354508852, -0.5139885555629893, 7675000000, 
-0.055436789179901774, -0.14432869274757779, -0.5102776066053656, 7680000000, 
-0.05260831772388265, -0.15854322604399257, -0.5066434017953476, 7685000000, 
-0.04888594640359976, -0.14937591471776557, -0.5030617863427187, 7690000000, 
-0.049394301050172486, -0.14922263645245376, -0.499998820410345, 7695000000, 
-0.0348559784143067, -0.15473114914371247, -0.49682495471655114, 7700000000, 
-0.07614343434858575, -0.16315617533909965, -0.49418598872377273, 7705000000, 
-0.048887221567774405, -0.13848643207429023, -0.4921160384132311, 7710000000, 
-0.056480085383992254, -0.13285217859153767, -0.4907828039725993, 7715000000, 
-0.06270639643429256, -0.14442642745423087, -0.4899554279909841, 7720000000, 
-0.07325849410026324, -0.14572045843021114, -0.49005195104891985, 7725000000, 
-0.08155499261531936, -0.12650668490483094, -0.4907725284005692, 7730000000, 
-0.05728744397418685, -0.13673614244200888, -0.49211883001676066, 7735000000, 
-0.08038797653367231, -0.12695773856744427, -0.49353854209803893, 7740000000, 
-0.04413822724230103, -0.12818571277014568, -0.4956772211793551, 7745000000, 
-0.05448126594578748, -0.13261822153033095, -0.49766592563816414, 7750000000, 
-0.048125651097905085, -0.14107887363000432, -0.49981529885067805, 7755000000, 
-0.02477014682852178, -0.13654014727699554, -0.5014700390177699, 7760000000, 
-0.07784539179556052, -0.1233449204979, -0.5033395194996636, 7765000000, 
-0.010724233947645437, -0.25575624744327524, -0.504361159486578, 7770000000, 
-0.08110270605283913, -0.007943383604647523, -0.5052632633259226, 7775000000, 
-0.018096595091084945, -0.18107899578055037, -0.5059328768413289, 7780000000, 
-0.03550485595858832, -0.15691507306050143, -0.5060022123066173, 7785000000, 
-0.010078948118315292, -0.29172635260635793, -0.5053665731541886, 7790000000, 
-0.09419388930656956, 0.0009203551339624257, -0.5048053191929253, 7795000000, 
-0.054530525763713186, -0.1574075248177854, -0.5035824957241322, 7800000000, 
0.014565673442515172, -0.2396433406871324, -0.5026085632030973, 7805000000, 
-0.11016045089151114, 0.033539778039682236, -0.5014558940249879, 7810000000, 
-0.029885672986463843, -0.25713004762391795, -0.500110935646369, 7815000000, 
-0.09377773407679539, -0.019408632736314605, -0.49910069323389145, 7820000000, 
-0.0824306346461906, -0.18113550907195627, -0.4982683861779451, 7825000000, 
-0.0012079737778107839, -0.25619138466767877, -0.49703113268841104, 7830000000, 
-0.10015784216852781, -0.026565475881977274, -0.49621283741200295, 7835000000, 
-0.02488865906122273, -0.26709314716173227, -0.49616056537407155, 7840000000, 
-0.0595284622900539, -0.15218686580204513, -0.49589610765468556, 7845000000, 
-0.07065317599507429, -0.017389408314030488, -0.4962629155061454, 7850000000, 
-0.0540588639203874, -0.27722158431965654, -0.4968702405027022, 7855000000, 
-0.11366171847359832, -0.0059424620586701945, -0.4972247008887407, 7860000000, 
-0.05862159207015022, -0.20226630897232326, -0.49778424362211304, 7865000000, 
-0.013237678146683973, -0.2394543881087773, -0.49859390051062663, 7870000000, 
-0.0798821791370853, -0.0032274355535321687, -0.4994851919633429, 7875000000, 
-0.008725332952537291, -0.2768632758883804, -0.500152976597708, 7880000000, 
-0.04622763026439173, -0.1456850367813819, -0.5002425956022725, 7885000000, 
-0.0981158249800899, -0.05932864282319536, -0.5010474591862244, 7890000000, 
-0.031346096944325115, -0.2528523151350869, -0.501787060065933, 7896000000, 
-0.082350468535527, -0.15359824828729488, -0.5017311843456651, 7901000000, 
-0.09833810999126713, -0.0228926942179117, -0.5024116353718909, 7906000000, 
0.033254392881396755, -0.2564999735315944, -0.5016600743587338, 7911000000, 
-0.0499515371575356, -0.13807881062405544, -0.5014982724421364, 7916000000, 
-0.07442292333523776, -0.026974464565355002, -0.5015075345001988, 7921000000, 
-0.02735980058888299, -0.30929082580552003, -0.5013005171870687, 7926000000, 
-0.04646329226198205, -0.1394472243506124, -0.5003315568665097, 7931000000, 
-0.07919711468686108, -0.13553826022354062, -0.5003968569661825, 7936000000, 
-0.05429210453598825, -0.15905915615698019, -0.49978772241114117, 7941000000, 
-0.10089624481681594, -0.015019397432508592, -0.49952935603004456, 7946000000, 
0.005293065569124816, -0.28983498024605087, -0.4994495019797811, 7951000000, 
-0.03462316873094645, -0.14858708824835298, -0.4986348530798432, 7956000000, 
-0.09775784449538023, -0.021079852386124365, -0.4985933234458613, 7961000000, 
-0.02284571831012682, -0.25516742815279864, -0.499194254283896, 7966000000, 
-0.02660162311744209, -0.15454029530902996, -0.49856932666341874, 7971000000, 
-0.0982720379622187, -0.02308184136903009, -0.4988428396247649, 7976000000, 
-0.011879519406618771, -0.25370581183443036, -0.4994705009995579, 7981000000, 
-0.046864657189280075, -0.1608108750778574, -0.49939013973539215, 7986000000, 
-0.09092386416743187, -0.05243655975677195, -0.49941230572740375, 7991000000, 
-0.03500651728521436, -0.2711248488216899, -0.4995937935209228, 7996000000, 
-0.08338643534997855, -0.13677617217503693, -0.499536425161544, 8001000000, 
-0.05946501177340749, -0.06767610499420033, -0.5006929650776609, 8007000000, 
-0.019293691648635182, -0.24298311246845633, -0.5006978185153547, 8012000000, 
-0.09635599521831523, -0.023094493225540715, -0.5011034736912332, 8017000000, 
-0.06110766305883907, -0.17805643580894612, -0.500641831078753, 8022000000, 
-0.016250709883950068, -0.2003875382376656, -0.5010961412711994, 8027000000, 
-0.11138534763227351, -0.0065073884397491705, -0.5007107477378898, 8032000000, 
-0.04461752124489488, -0.27026226480822174, -0.5007098016070349, 8037000000, 
-0.06663066026015445, -0.03584110927283738, -0.5009645602573887, 8042000000, 
-0.055171093248541365, -0.1455599103706473, -0.5009099174816342, 8047000000, 
-0.02922043987084992, -0.23396531658283468, -0.5002732964628956, 8052000000, 
-0.10538204975453679, -0.02856679389363893, -0.5007252956071979, 8057000000, 
-0.017373650513905374, -0.24079075295375904, -0.4997045282312363, 8063000000, 
-0.0630620086765054, -0.08817062461267643, -0.5000504805713515, 8068000000, 
-0.0822407098389502, -0.1615760190885992, -0.5000264213791739, 8073000000, 
-0.01860901798314476, -0.24839745481211664, -0.4994580251335394, 8078000000, 
-0.08989850381424964, -0.037483983465662916, -0.49969863397473474, 8083000000, 
-0.06318810606305225, -0.1774176906502659, -0.5001744186159733, 8088000000, 
-0.017950568388999062, -0.13886927738470847, -0.4997492857765661, 8093000000, 
-0.07393793681737348, -0.16058635777638547, -0.5000462222987987, 8098000000, 
-0.022765230008439705, -0.24509485413843002, -0.4998558745199792, 8103000000, 
-0.10722896121811303, -0.03572533533660627, -0.49977784714637385, 8108000000, 
-0.06101076650963707, -0.17378137890693887, -0.500386919435115, 8113000000, 
-0.03801014844253716, -0.2177439587807686, -0.500651249690414, 8118000000, 
-0.0900250040098234, -0.06347195046941118, -0.5000696529653754, 8123000000, 
-0.024065511043585786, -0.14263095736377226, -0.5004689702458206, 8128000000, 
-0.07868680642896386, -0.15985690754817583, -0.500916528147987, 8133000000, 
-0.048827849535672, -0.173137308743139, -0.5003063120702965, 8138000000, 
-0.08883182368347085, -0.13804886271199832, -0.5003595820265587, 8143000000, 
-0.020923082479269207, -0.13555197859420934, -0.5007380093456308, 8148000000, 
-0.04560876766709476, -0.16047074886289095, -0.5002941706005499, 8153000000, 
-0.025700147094563412, -0.14120348553086984, -0.5004899400776461, 8158000000, 
-0.02298625564070564, -0.1264016822963173, -0.49994577547579466, 8163000000, 
-0.0553551806982497, -0.1392027604611084, -0.5004238321780838, 8168000000, 
-0.07030333759249106, -0.16170538961451827, -0.5001765680305738, 8173000000, 
-0.07746489186249161, -0.16843681164360452, -0.5001023401878308, 8178000000, 
-0.05346699182358992, -0.0995682816559269, -0.5003584031071459, 8183000000, 
-0.040124147331573226, -0.12923857580844783, -0.5001144640762559, 8188000000, 
-0.05366870958979575, -0.14037723576097655, -0.5003612394794851, 8193000000, 
-0.02511914274879394, -0.15070631208548355, -0.49989094023359926, 8198000000, 
-0.02745845515674182, -0.17094721851258862, -0.500024996833392, 8203000000, 
-0.06442126288293726, -0.1377778626142642, -0.5000058371276055, 8208000000, 
-0.023068211425908796, -0.14811228155651376, -0.4998188508553876, 8213000000, 
-0.034832325389367, -0.18369057631765695, -0.5002046091902483, 8218000000, 
-0.053124670540442294, -0.14669030293363175, -0.5000348057500238, 8223000000, 
-0.03906529436621406, -0.17173225059094885, -0.4999713296836401, 8229000000, 
-0.04699715107355412, -0.16176676217385502, -0.5002224824845806, 8234000000, 
-0.04968470972333618, -0.1536452316498764, -0.5001021862722896, 8239000000, 
-0.053647722546848096, -0.12695358411528476, -0.4999320210889741, 8244000000, 
-0.08810657835030809, -0.1126923647596142, -0.5000202954962889, 8249000000, 
-0.07153238764095235, -0.13939778239916173, -0.5004293776830315, 8254000000, 
-0.01757302193183813, -0.15393481808950077, -0.49956182841087615, 8259000000, 
-0.04505887609354922, -0.1410816099248303, -0.5000776251028383, 8264000000, 
-0.05776134638967705, -0.17294233922916782, -0.5002977430407303, 8269000000, 
-0.037038018316459004, -0.12840251751176135, -0.4999992219957316, 8274000000, 
-0.06316820375624507, -0.1476176769139046, -0.5004687774076011, 8279000000, 
-0.041191631029665554, -0.17213510425978612, -0.5003991661933433, 8284000000, 
-0.059231506373556224, -0.16304866285694716, -0.49994071532194756, 8289000000, 
-0.07036290590136862, -0.15758116760345744, -0.500195429940878, 8294000000, 
-0.09438462813091228, -0.14793264574886633, -0.5006423245029151, 8299000000, 
-0.042916269149023835, -0.17734825383841782, -0.5001169342209723, 8304000000, 
-0.04831883072758761, -0.15649041903505526, -0.500166046827483, 8309000000, 
-0.06431673808879718, -0.15803878912866873, -0.49992370238845535, 8314000000, 
-0.04814928987494262, -0.17186697046945376, -0.5002854895655782, 8319000000, 
-0.04371628448250456, -0.151604460052372, -0.4999733898884549, 8324000000, 
-0.07082844685927671, -0.1619040513700523, -0.5000475931407153, 8329000000, 
-0.046967253293518446, -0.14672280443242597, -0.5002406414296393, 8334000000, 
-0.02528389569807586, -0.1036096160460124, -0.5002426987085234, 8339000000, 
-0.062262195109268954, -0.12896751056092293, -0.5001569014710029, 8344000000, 
-0.05361199104242946, -0.16630127751738374, -0.50035642795706, 8349000000, 
-0.04384160073944474, -0.13171949615862044, -0.49999270071897983, 8354000000, 
-0.07408635003727308, -0.14545356452484526, -0.5000747771496064, 8359000000, 
-0.024124164160840678, -0.24858479994364743, -0.4996580082500524, 8364000000, 
-0.08441658740548777, -0.03854320488823751, -0.4998477901495566, 8369000000, 
-0.04978721738237232, -0.12880075109760078, -0.4998616459791396, 8374000000, 
-0.026707175599195703, -0.2611956349640282, -0.4992782645531471, 8379000000, 
-0.08639554380910736, -0.06888310524846869, -0.4995775910757074, 8385000000, 
-0.017998794938154664, -0.15652958871067682, -0.4993483557930067, 8390000000, 
-0.05077345609874825, -0.13125379673512833, -0.4995680166031668, 8395000000, 
-0.051590489783827236, -0.1434415039120039, -0.4996492904384822, 8400000000, 
-0.04206532882695382, -0.28638630037990065, -0.4992300744966778, 8405000000, 
-0.08793504126933215, -0.05150831984887881, -0.49982472122891575, 8410000000, 
-0.01823800526475887, -0.24674036496731264, -0.4996505501061562, 8415000000, 
-0.07267134850980525, -0.06252248368296828, -0.49976817397194007, 8421000000, 
-0.056570699405877896, -0.15122756755435277, -0.4999797656670861, 8426000000, 
-0.03791900559977453, -0.27946410840880626, -0.4999140268271465, 8431000000, 
-0.08107617898742583, -0.020390859566765875, -0.5000434892582344, 8436000000, 
-0.04554878210982051, -0.26205422949827695, -0.50002674647957, 8441000000, 
-0.09222924990082607, -0.018345571955866426, -0.5002970925188235, 8446000000, 
-0.030700007220121395, -0.15933849086443472, -0.5005042291096655, 8451000000, 
0.0027497846549189436, -0.3183232317682868, -0.5001524982458366, 8456000000, 
-0.050144098021491695, -0.044668968349168114, -0.50016987219712, 8461000000, 
-0.028764153365555614, -0.2512030457761019, -0.4998408512702055, 8466000000, 
-0.06439506533134648, -0.04726947905585185, -0.4998140844700448, 8471000000, 
-0.056290077706133916, -0.16611893006049894, -0.5000454950826633, 8476000000, 
-0.04141331010042292, -0.2737101765069293, -0.4998513090278174, 8481000000, 
-0.062360988294914835, -0.021388280905169522, -0.499796582383038, 8486000000, 
-0.07288261597810414, -0.24963904631305867, -0.49980464590547385, 8491000000, 
-0.06879631937646889, -0.03397347952770338, -0.4996930125600315, 8496000000, 
-0.061432568099685406, -0.15445025579017094, -0.5001186538843119, 8501000000, 
-0.06279333909937301, -0.2473430075387418, -0.49991191323425166, 8506000000, 
-0.095215109809346, 0.017447988456540428, -0.4995792552159542, 8511000000, 
-0.03644910142325436, -0.2920781769274446, -0.5003502969950719, 8516000000, 
-0.05447828895462717, -0.19406937193580268, -0.5002162450193897, 8521000000, 
-0.06302282716464613, -0.06039610060720512, -0.49977060840482757, 8526000000, 
-0.06516628037715139, -0.3088795382891009, -0.5002362434205, 8531000000, 
-0.05329503063699473, -0.151086208640115, -0.4997755709927217, 8536000000, 
-0.049830061857732186, -0.04541907056166844, -0.5000955360948449, 8541000000, 
-0.010833992188616436, -0.38678135523527624, -0.5005522055954877, 8546000000, 
-0.05906741491201909, -0.12531885083168415, -0.4999827783324756, 8551000000, 
-0.07645057421366377, -0.035182984605019445, -0.5002554306705463, 8556000000, 
-0.06261137348482343, -0.2795792463446575, -0.4999615662110492, 8561000000, 
-0.06503326955186926, 0.0005982877331582558, -0.49971854559662154, 8566000000, 
-0.05103666539036118, -0.15318786157458142, -0.5004955611294646, 8571000000, 
-0.07936038004498822, -0.27598676144854006, -0.500369220052905, 8576000000, 
-0.07851099616547215, -0.016250154061800567, -0.5002223080891641, 8581000000, 
-0.056124119545250116, -0.18224190768088203, -0.5006135886094589, 8586000000, 
-0.07023679642629962, -0.2778778649466404, -0.4997815775080658, 8591000000, 
-0.07794299330067679, -0.012806889078439665, -0.49991238634019236, 8596000000, 
-0.04615489390530399, -0.1965287813826659, -0.5004481059857581, 8601000000, 
-0.062063967708051754, -0.24142973668755902, -0.5002415424474678, 8606000000, 
-0.0657020564997144, -0.03163436802421553, -0.5000406627501665, 8611000000, 
-0.051536358530441924, -0.17941220425793925, -0.5004250126238484, 8616000000, 
-0.06522750514295668, -0.26988081234624706, -0.5000546593560184, 8621000000, 
-0.0361989011195262, 0.051536664586380995, -0.5003071581518075, 8626000000, 
-0.08418540646260803, -0.1872771182128702, -0.5010455971641105, 8631000000, 
-0.15101603002894268, -0.31468856082142865, -0.5003046041973944, 8636000000, 
0.0030766013979502075, -0.010324444428512762, -0.5018207648195804, 8641000000, 
-0.06562638211235125, -0.12099771133263122, -0.502993654190564, 8646000000, 
-0.17251567652314248, -0.19133584457114905, -0.5045693667890233, 8651000000, 
0.01842924043601155, -0.15854420415682605, -0.505779391853433, 8656000000, 
-0.16090356748977283, -0.18755145915717453, -0.5076802905874618, 8661000000, 
-0.12967306793894268, -0.20509052443182268, -0.5095857347296663, 8666000000, 
-0.04100548162518967, -0.11809046692458867, -0.5131326426843489, 8671000000, 
-0.1661022457577412, -0.19999217246692844, -0.5167388890940691, 8676000000, 
-0.05595394288841844, -0.28200421286957095, -0.5209984161136925, 8681000000, 
0.16902610489884237, 0.0005077050010841074, -0.5249436157652705, 8686000000, 
-0.21557571403702983, -0.19786573849377612, -0.527669706728706, 8691000000, 
-0.1105821169759613, -0.1685730451071563, -0.5311851364355858, 8696000000, 
0.05727684087421591, -0.12822807379511442, -0.534013565866599, 8701000000, 
0.060113286529401004, -0.16721445305789442, -0.5353285706105452, 8706000000, 
-0.12205441846982065, -0.20993677566017882, -0.5358016366271001, 8711000000, 
-0.0816436674829911, -0.1723548051723647, -0.5371346145421934, 8717000000, 
-0.03804083590266574, -0.28369016503342065, -0.536200246162731, 8722000000, 
0.10516464530817149, -0.018385852376896272, -0.535615831292799, 8727000000, 
-0.10143742147968042, -0.1940887264371406, -0.5337565586973569, 8732000000, 
-0.03732465992638093, -0.16166096024278487, -0.5316398884846116, 8737000000, 
-0.08153823645655124, -0.13727062537670093, -0.5304078477925004, 8742000000, 
-0.012164365700924072, -0.20834127047080367, -0.5294703760579216, 8747000000, 
0.04942431530860073, -0.024494660986062133, -0.5278128049086767, 8752000000, 
-0.1580280908982099, -0.18085080582244825, -0.5253087105106101, 8757000000, 
-0.034281853213005795, -0.1773120738737723, -0.5242695925449598, 8762000000, 
-0.06435031251022863, -0.16231728808722026, -0.5236870327030556, 8767000000, 
-0.07755126868268532, -0.291758968174002, -0.5239366891454927, 8772000000, 
0.06971084048690342, -0.06046023632337061, -0.523426658208986, 8777000000, 
0.0070736356820903755, -0.15231528753007528, -0.5225393785343718, 8782000000, 
-0.15961752384316932, -0.13208068691074853, -0.5205632147537275, 8787000000, 
-0.06875205798382572, -0.2400241309059139, -0.5188189097370272, 8792000000, 
0.030002788677828764, -0.09076873835515353, -0.5181036377800141, 8797000000, 
0.010516465688681524, -0.20176201423941176, -0.5159895011875616, 8802000000, 
0.015696533190939985, -0.2524948362115604, -0.5130283234805355, 8807000000, 
-0.08787897478352052, -0.04134680834534224, -0.5090553689646925, 8812000000, 
-0.05187429890755234, -0.16415652786366625, -0.5062196202841118, 8817000000, 
-0.012480696590046723, -0.2609855703948037, -0.500883605761314, 8822000000, 
-0.09474084295918452, -0.02413574617247488, -0.49792073812084453, 8827000000, 
-0.06283620778829917, -0.2799433233684255, -0.49455395451575335, 8832000000, 
-0.0506168316947955, -0.008476739335420418, -0.4916361902864187, 8837000000, 
-0.06188923774218343, -0.15016777441331616, -0.4898436018177424, 8842000000, 
-0.06776857579617884, -0.2609804180569991, -0.48939332753285125, 8847000000, 
-0.037262011233464676, -0.15172981593903961, -0.48815141569237014, 8852000000, 
-0.03201282039785075, -0.01747333368517324, -0.48946070393737623, 8857000000, 
-0.05605559613789374, -0.2966712149973827, -0.4906373624385563, 8862000000, 
-0.0731091723417358, -0.0012579989341511147, -0.49222778043638427, 8867000000, 
-0.06141327782612261, -0.17403456684540836, -0.49432228286357016, 8872000000, 
-0.005768881829971879, -0.2637999460952308, -0.4962222034444021, 8877000000, 
-0.06691137177599207, -0.0005120574525515342, -0.4987765126323482, 8882000000, 
-0.05570699807228966, -0.16346168078829157, -0.5011727349406133, 8887000000, 
-0.05044100059812246, -0.27223187310234076, -0.5028854087102632, 8892000000, 
-0.0944343683669332, 0.017040297905462447, -0.504644636120118, 8897000000, 
-0.053985449523802485, -0.1421671009426028, -0.5059906827566631, 8902000000, 
-0.04967083767302412, -0.31155066187100044, -0.5065344673096938, 8907000000, 
-0.07605830989249035, 0.022685324832562324, -0.5066896649300785, 8912000000, 
-0.07346268287752675, -0.22293221095560609, -0.5055610033761984, 8922000000, 
-0.08196081142376474, -0.012440018347099634, -0.5054914901232994, 8927000000, 
-0.03609967946496721, -0.30026015792777694, -0.50427901042995, 8932000000, 
-0.0594368120292825, -0.0034779689854254926, -0.5025576371838458, 8937000000, 
-0.07101020348354031, -0.29348470419507366, -0.5013903588821226, 8942000000, 
-0.07770933322707936, -0.055200407940517365, -0.49993795614676295, 8947000000, 
-0.06711564555258412, -0.14536777059187103, -0.4989370466668814, 8952000000, 
-0.05866755603816778, -0.3130719778802761, -0.4976865505291155, 8957000000, 
-0.08814961299316097, -0.004002572440125184, -0.49654558782016855, 8962000000, 
-0.03448499403875853, -0.27370913182142376, -0.49630314722588986, 8967000000, 
-0.04714521253959672, -0.0014006085231746315, -0.49590260328172, 8972000000, 
-0.08525709206289889, -0.17490724679152916, -0.49630035653484, 8977000000, 
-0.04775847168308205, -0.28961846166644095, -0.49613569039173805, 8982000000, 
-0.07421114792380772, -0.013826162873254026, -0.4969090576776137, 8987000000, 
-0.03603103075065086, -0.3223679630143713, -0.4981248106112353, 8992000000, 
-0.04615410863077038, -0.01966517389434736, -0.49830551701933024, 8997000000, 
-0.07053262663531483, -0.14589410710791934, -0.4994796233429279, 9002000000, 
-0.06310029795364015, -0.2846504436111479, -0.5004159582704621, 9007000000, 
-0.05403401314716926, -0.0026034998139349945, -0.5009089286813271, 9012000000, 
-0.05268565634923537, -0.15940033409723298, -0.5014586870912489, 9017000000, 
-0.022906638901041408, -0.3014606059259865, -0.5021196230105561, 9022000000, 
-0.07814761019610805, 0.0004488800851028332, -0.5027526843646574, 9027000000, 
-0.04021062693621182, -0.16478659086768296, -0.5028838364144488, 9032000000, 
-0.06414233138018609, -0.27677459567118695, -0.5023209157276673, 9037000000, 
-0.07551861551135275, -0.0014476068623606227, -0.5024754898585255, 9042000000, 
-0.06013881300585074, -0.1838781660657434, -0.5020501707352826, 9047000000, 
-0.0804653115910727, -0.2866382994467907, -0.5015324684991772, 9052000000, 
-0.08627571310282048, 0.013318473356409193, -0.5015063613439636, 9057000000, 
-0.047776762869366995, -0.26376985116622953, -0.5009590449954162, 9062000000, 
-0.034902682260940066, 0.02506117549869768, -0.5000881147399957, 9067000000, 
-0.04816308884150175, -0.12593580449852798, -0.5002160111595809, 9072000000, 
-0.03886744789289124, -0.27483646482795693, -0.49957611853546224, 9077000000, 
-0.04519243929452853, -0.061185486356562666, -0.4989173673359096, 9082000000, 
-0.059379439265843464, -0.14213762442494088, -0.4993725212624156, 9087000000, 
-0.07049338790660922, -0.2866890247821735, -0.4991181933238981, 9092000000, 
-0.06476085680333354, 0.003998717839670811, -0.49884288824564976, 9097000000, 
-0.022167559611989317, -0.1291009262573874, -0.49932991441094776, 9102000000, 
-0.024806360147450166, -0.28870712164819246, -0.49891180680977115, 9107000000, 
-0.07153578187967072, 0.017731557407408477, -0.499477686108057, 9112000000, 
-0.0295430195112721, -0.15698568909973412, -0.4994521123651856, 9117000000, 
-0.07409490810575343, -0.30088972256599333, -0.4997060808605543, 9122000000, 
-0.08602489698645382, -0.003342773944618311, -0.5004458662207142, 9127000000, 
-0.037184262270459206, -0.16903870773462726, -0.5007982604356894, 9133000000, 
-0.08191489054628545, -0.13846547012332927, -0.5005173414789799, 9138000000, 
-0.08010119895475151, -0.14200557798415533, -0.5008790467607223, 9143000000, 
-0.034773959228567124, -0.16445452148698053, -0.5012450528681487, 9148000000, 
-0.04549572855709909, -0.12947635229683685, -0.5010882784863937, 9153000000, 
-0.05688025980324285, -0.12863955212824124, -0.5009954432577635, 9158000000, 
-0.05981695147986883, -0.1360928944735773, -0.5013871225770172, 9163000000, 
-0.046182456432985956, -0.15536755478721032, -0.5006849712951082, 9168000000, 
-0.04445986856373776, -0.11105240590120977, -0.5007150623714888, 9173000000, 
-0.08303223120903494, -0.1381819030490251, -0.5009223477424966, 9178000000, 
-0.0228390384508501, -0.3086277620461508, -0.5004858743082843, 9183000000, 
-0.06766190620485786, 0.007778614658900387, -0.4998928360234765, 9188000000, 
-0.04097562593120435, -0.1459666573341068, -0.5001198434655904, 9193000000, 
-0.06749020202044018, -0.18155591389278092, -0.5003242080225998, 9198000000, 
-0.039273637982572863, -0.3012986919354747, -0.4999221483482677, 9203000000, 
-0.04796935702500166, -0.009893843240580135, -0.4992704755910329, 9208000000, 
-0.05705776001031943, -0.14978397120307488, -0.4998122825093419, 9213000000, 
-0.03492910472811534, -0.2713602587896238, -0.4997767567800194, 9218000000, 
-0.07451505414653975, -0.010742087195828894, -0.49972321071740344, 9223000000, 
-0.07270310877621826, -0.1720766136797127, -0.49994127456290327, 9228000000, 
-0.07700512382978253, -0.28133045453501265, -0.4995366992074053, 9233000000, 
-0.0814800548130625, 0.03799275935034476, -0.49996044239813603, 9238000000, 
-0.06908615089704302, -0.1545097741352137, -0.5000333977124236, 9243000000, 
-0.03777935330505612, -0.18501451675813113, -0.5006563084694446, 9248000000, 
-0.06377376765165611, -0.14130820960128274, -0.5002694805165706, 9253000000, 
-0.044200698438288506, -0.15098719290060705, -0.5000565430451678, 9258000000, 
-0.059203392933780984, -0.1246353134826633, -0.5007550992838641, 9263000000, 
-0.049421567173204624, -0.3355561894764651, -0.5001582601541001, 9268000000, 
-0.06902649824926857, -0.00015352370490170214, -0.5006008579324935, 9274000000, 
-0.0623007348672915, -0.1602605482434503, -0.5006979468426885, 9278000000, 
-0.03560683257665764, -0.3111807256527248, -0.5001944077829227, 9283000000, 
-0.060905522479946975, -0.005513083586351306, -0.5005230515285637, 9288000000, 
-0.04156442411237466, -0.132714126262329, -0.5008634225444496, 9293000000, 
-0.035224507368129106, -0.15869825673886248, -0.5003038146060624, 9298000000, 
-0.05899459030501131, -0.15587587225711924, -0.5004815638064265, 9303000000, 
-0.027411894603004663, -0.129275525594174, -0.5005200011621668, 9308000000, 
-0.04286249676130618, -0.13062354654967215, -0.5002768691498545, 9313000000, 
-0.10794498335966815, -0.08672247734449673, -0.5002246092575023, 9318000000, 
-0.005720736420373539, -0.17278297938277948, -0.5008872156070143, 9323000000, 
-0.04975109718374689, -0.14989061032510692, -0.5009718962573533, 9328000000, 
-0.10128322897766512, -0.2671814397321296, -0.5011772335842543, 9333000000, 
-0.015501963644396497, -0.025628439592344728, -0.5020770098419262, 9338000000, 
-0.03387546239698451, -0.19962647616414383, -0.502829953379848, 9343000000, 
-0.07521929260357878, -0.3292396717428843, -0.5029302748158578, 9348000000, 
-0.04452224129541241, 0.007047013655805611, -0.5037721924232432, 9353000000, 
-0.02913110814888228, -0.17880525272713446, -0.5034740279077342, 9358000000, 
-0.0654152795595719, -0.2710912796078944, -0.5040008501722605, 9363000000, 
-0.06055387612585453, 0.0013535242199638224, -0.5038854079521502, 9368000000, 
-0.04161935444597578, -0.17336924408590268, -0.5037794618561985, 9373000000, 
-0.08487857730107141, -0.33670756010030745, -0.5032795333000342, 9378000000, 
-0.039265331903451266, -0.01970473613750989, -0.5032541430077091, 9384000000, 
-0.014834678365074724, -0.16250771712942305, -0.5030435546156717, 9389000000, 
-0.03586292138994761, -0.3108229602131847, -0.5016674236091418, 9394000000, 
-0.08422790086033329, 0.01344484677685143, -0.5013419497552706, 9399000000, 
-0.018820108716890712, -0.31530601138113856, -0.5006541665423792, 9404000000, 
-0.11114940148393329, 0.024640667779246735, -0.4996333047752996, 9409000000, 
-0.07622587071442519, -0.1613160313463144, -0.4995629525102641, 9414000000, 
0.011969570432564018, -0.33628614794022793, -0.498883585145783, 9419000000, 
-0.1013140043896278, 0.04944550782990506, -0.4983553451487526, 9424000000, 
-0.0868081554936461, -0.16942716066006283, -0.49850641000358087, 9429000000, 
-0.009553304016767416, -0.346555637244124, -0.4975936695779029, 9434000000, 
-0.08302399819021955, -0.01185717600540584, -0.4979781771079157, 9439000000, 
-0.02292310376145774, -0.3002517937851318, -0.49808971601252633, 9445000000, 
-0.11016254843318832, 0.0379690425200699, -0.4984199692354531, 9450000000, 
-0.024592066601922417, -0.1676376742651108, -0.498837881600181, 9455000000, 
0.001422497018388029, -0.2949757460071103, -0.49914640475317706, 9460000000, 
-0.11616994349838661, 0.030360511386168645, -0.499675364548345, 9465000000, 
0.0009952725381467548, -0.31290939031278786, -0.5002290520150797, 9470000000, 
-0.10295247904098948, 0.056936897294062594, -0.5001443425068595, 9475000000, 
-0.044952166301970686, -0.13335897279022313, -0.5008294384154682, 9480000000, 
0.006020679923300156, -0.352419965342961, -0.5013046946838888, 9485000000, 
-0.10283877690901604, 0.03991791995405788, -0.5010611161112639, 9490000000, 
-0.06847099001787317, -0.14897856005913676, -0.5018488748835657, 9495000000, 
0.008370966335574888, -0.3347481917174289, -0.5012297079205346, 9500000000, 
-0.10507451804097502, 0.02962067247950626, -0.5016717768412862, 9505000000, 
-0.030705440247363075, -0.341140545725505, -0.5014160880011778, 9510000000, 
-0.10576970877442017, 0.0526557593992201, -0.5008359227008014, 9515000000, 
0.0024562701697440226, -0.3312454955976564, -0.5007066851199459, 9520000000, 
-0.07817045336140677, 0.018193544960417602, -0.5006681141332766, 9525000000, 
-0.061775771915797244, -0.12110491405422916, -0.5002578720070229, 9530000000, 
0.003512988828202201, -0.32574828487292606, -0.4995589875303292, 9535000000, 
-0.10911676797936555, 0.05887808415490388, -0.49986682775594987, 9540000000, 
-0.009785907573986095, -0.35394527201410086, -0.4996950628412783, 9545000000, 
-0.09286436339794867, 0.06533291723212611, -0.4993460811420152, 9550000000, 
-0.04260029712124302, -0.19238594227341807, -0.49999525071254486, 9555000000, 
-0.12775981502274186, -0.3096389782992207, -0.49990645962347824, 9560000000, 
-0.059779767277548315, -0.01164467449146679, -0.5013907376166497, 9566000000, 
-0.0068305459454005985, -0.32256184979689395, -0.501985008097417, 9571000000, 
-0.09938544270979789, 0.050540854499179895, -0.5027766331288563, 9576000000, 
0.0444162433672233, -0.1834258960506326, -0.5041249059998374, 9581000000, 
-0.11678844282101086, -0.2857645560784643, -0.5047662178460617, 9586000000, 
-0.004161794394818192, 0.00829619110640202, -0.5063053412395243, 9591000000, 
-0.01929585705063226, -0.20163080217660306, -0.5076891116708881, 9596000000, 
-0.1231212248042424, -0.2788343281503829, -0.5090819203760358, 9603000000, 
-0.029726147944554054, -0.019424173084097184, -0.510699629896532, 9608000000, 
-0.08252824779678503, -0.14384323392356288, -0.5120480764845017, 9613000000, 
-0.0997479231456707, -0.32588096954016854, -0.5127963961359251, 9618000000, 
-0.010980702407446523, 0.024669777068744365, -0.5136707595849106, 9623000000, 
-0.009926306042068655, -0.17312120520163699, -0.5140444199265416, 9628000000, 
-0.19010356160927278, -0.2941239708809831, -0.5139402933967158, 9633000000, 
-0.10445937206491068, 0.02244589452965171, -0.515043874740866, 9638000000, 
-0.1148899953524334, -0.16965499629634706, -0.515126318620998, 9643000000, 
-0.07577182843412761, -0.3045795091367386, -0.5161734407384603, 9648000000, 
-0.007961105276935335, 0.00019498497320382183, -0.5170412511285977, 9653000000, 
0.03138128120860301, -0.20151041907304026, -0.5173671528313356, 9658000000, 
-0.12557384650202802, -0.25448674182636255, -0.5177190102856669, 9663000000, 
-0.08703049337082666, 0.05800013333261958, -0.5180076260005554, 9668000000, 
0.034839189669807494, -0.20532848895262684, -0.5176056575930698, 9673000000, 
-0.20550421997301432, -0.14179714516434458, -0.5175834828528101, 9678000000, 
-0.054961596691349576, -0.1717308777576335, -0.5174011329252387, 9683000000, 
0.05492089990100148, -0.16183154501249905, -0.516754373111496, 9688000000, 
-0.19219015601861927, -0.11222554607287824, -0.5162382944384382, 9693000000, 
-0.004386303185667989, -0.3306690510619838, -0.5154497141127794, 9698000000, 
-0.11680519267895989, 0.12159157950908953, -0.5156140896905538, 9703000000, 
-0.020686205183668902, -0.17671956558733182, -0.5145012396438098, 9708000000, 
-0.08425731059528797, -0.30655714075962714, -0.5130420791458188, 9713000000, 
-0.0409609141093758, 0.006204808997506517, -0.5128875958438613, 9718000000, 
-0.005125930725002158, -0.20641224748399567, -0.511707611521332, 9723000000, 
-0.07359210936059463, -0.28113385294826354, -0.5106098459339008, 9728000000, 
-0.09097913068157482, 0.01325845797546001, -0.5097595941134152, 9733000000, 
-0.012409942266312894, -0.1951545993532138, -0.5082743914194683, 9738000000, 
-0.013127941610579709, -0.3594368947695851, -0.506653838180152, 9743000000, 
-0.10878629901282595, 0.0502983672098606, -0.5054439558329819, 9748000000, 
-0.013751873290123205, -0.16841865151256416, -0.504479874916274, 9753000000, 
-0.1554717701892395, -0.1148280968100279, -0.5026351214547071, 9760000000, 
0.0037446200968755386, -0.1665303276087048, -0.501696384690926, 9765000000, 
0.06411746889511694, -0.376219495886049, -0.5002375862264341, 9770000000, 
-0.17233609429643404, 0.06265030610504681, -0.4993793781760601, 9775000000, 
0.07358404967436619, -0.36508352929098403, -0.4982637312871694, 9780000000, 
-0.18330486357928455, 0.09350812544848638, -0.49798130467950674, 9785000000, 
-0.07077825537537913, -0.16750290690591657, -0.4981061286452153, 9790000000, 
0.05744039505979811, -0.3594675424150036, -0.4967680900150041, 9796000000, 
-0.16328317202152948, -0.006909996589819466, -0.49700454710760383, 9801000000, 
0.050437367937605025, -0.367376601865358, -0.49715279772558874, 9806000000, 
-0.1690622334280959, 0.06288295839781691, -0.4971664111653217, 9811000000, 
-0.029958020640356537, -0.16009394073729388, -0.4979110472894352, 9816000000, 
0.04873077797796435, -0.376465258520431, -0.4985482454541354, 9821000000, 
-0.15490472027736565, 0.11020550858091244, -0.49916298669404846, 9826000000, 
-0.05857414036092339, -0.13575814271381645, -0.500542641744982, 9831000000, 
0.04240335884027449, -0.357623367919769, -0.5003904167890985, 9836000000, 
-0.15922947934358922, 0.05940467795814483, -0.5008682243194442, 9841000000, 
-0.04256302147207952, -0.18472174983046522, -0.5019650691569334, 9846000000, 
0.055737062747776546, -0.37627235271802656, -0.5014892505391515, 9851000000, 
-0.14463269449996496, 0.0469815921003502, -0.5023625238324131, 9856000000, 
0.04620258392255809, -0.34953857984346587, -0.5026250522354544, 9861000000, 
-0.14153931090459343, 0.033496511424359464, -0.5019875877994247, 9866000000, 
-0.04684721517367585, -0.15286434827081447, -0.5018386743736925, 9871000000, 
0.025058823247246783, -0.3564788390025375, -0.5019289656850674, 9876000000, 
-0.14811413534444423, 0.019172851466611057, -0.5011510776583924, 9881000000, 
-0.059093600725188995, -0.15780233579201836, -0.5012817254747136, 9886000000, 
0.022279659788908716, -0.3736947785258389, -0.5005746996224295, 9891000000, 
-0.1365455463880709, 0.019703308274341837, -0.49972533833712846, 9896000000, 
-0.08936352625369548, -0.1450955147470283, -0.5000271353080951, 9901000000, 
0.01413191403632395, -0.3312982687727941, -0.4993635989349939, 9906000000, 
-0.1301726770178335, 0.05765752755051981, -0.4993983644822418, 9911000000, 
-0.04972038152857738, -0.14436202679014906, -0.4995795671760427, 9916000000, 
0.02236610421168265, -0.34463310342998166, -0.49891538309730693, 9922000000, 
-0.16977147028502704, 0.05001391108356052, -0.49903800666124043, 9927000000, 
-0.06008709059144426, -0.1806554302148617, -0.4995354121024306, 9932000000, 
-0.027042884913385377, -0.17392372844117718, -0.4992482767672255, 9937000000, 
-0.07260862864255943, -0.1297801936045993, -0.49999508122809183, 9942000000, 
0.031162095322251292, -0.35338866921209033, -0.5001725888184604, 9947000000, 
-0.13687010706804423, 0.02541214730308746, -0.49985051164664923, 9952000000, 
-0.09554873261600397, -0.18117640482325914, -0.5004778850607525, 9957000000, 
-0.00508274641673552, -0.2954985047954305, -0.500658285022678, 9962000000, 
-0.13775339195361933, 0.03648528633885813, -0.5007768734959436, 9967000000, 
-0.07188707128203317, -0.20126113296469525, -0.5010450147116934, 9972000000, 
-0.03817261956456557, -0.13088876674142025, -0.5012711747982659, 9977000000, 
-0.050191833647647545, -0.14594597003354737, -0.5004971351700969, 9982000000, 
-0.057731772112142685, -0.14455449148869337, -0.5011555225679803, 9987000000, 
0.012787883078855583, -0.3259956726673327, -0.5008832710357667, 9992000000, 
-0.17727933276604574, 0.112227426498775, -0.5004147725931226, 9997000000, 
-0.04851225815928751, -0.1361334882538687, -0.5008250505860852, 10002000000, 
-0.057970129793587795, -0.17645697196646393, -0.500841994588187, 10007000000, 
-0.07157301853331259, -0.15158196819249667, -0.5002280059020887, 10012000000, 
-0.05255657869089642, -0.14397284968468246, -0.5001646511652902, 10017000000, 
-0.04860335321316482, -0.1513791292305987, -0.5004004900276117, 10022000000, 
-0.0521131603917614, -0.321830030015856, -0.5004286238380526, 10027000000, 
-0.08926551622979988, 0.050160099803641334, -0.5009881363087286, 10032000000, 
-0.0219067403454431, -0.1464135428093278, -0.5016367856995356, 10039000000, 
-0.14900809479815738, -0.35906297897706196, -0.5017554087389654, 10044000000, 
-0.04297636390192333, -0.0245096003490345, -0.503194158041974, 10049000000, 
-0.001023148288501828, -0.16515740751826793, -0.5039233249240782, 10054000000, 
-0.05561919130419832, -0.2714376173583184, -0.5042617344320536, 10059000000, 
-0.10316753041190974, 0.03616166191669609, -0.5051456747828965, 10064000000, 
-0.009119081987181909, -0.14321810875922547, -0.5057880974809909, 10069000000, 
-0.046240833169969534, -0.16934677159739403, -0.5057541602861275, 10074000000, 
-0.09035120876107158, -0.16448203604698394, -0.5058174578958563, 10079000000, 
-0.042391380294570395, -0.1689208975902643, -0.5057197004558391, 10084000000, 
-0.04600541716486577, -0.15126604246438355, -0.505062039534665, 10089000000, 
-0.0890766409217887, -0.12396597355717667, -0.5044374372397479, 10094000000, 
-0.023084528394244068, -0.16343696381657402, -0.5037585335593041, 10099000000, 
-0.0008329760084378919, -0.3685964882235939, -0.5026132184325616, 10104000000, 
-0.10063639978704544, 0.039445935379342115, -0.5015100289661688, 10109000000, 
-0.06933310359405825, -0.1558166461622691, -0.5011360348444341, 10114000000, 
0.00314250020195886, -0.30383677277720234, -0.49927805750870796, 10119000000, 
-0.1342554468156151, 0.11682686357009853, -0.4988895882284987, 10124000000, 
-0.06787472738776693, -0.17672679382561896, -0.498361693343317, 10129000000, 
-0.0003769806597722497, -0.3346178502099578, -0.4975479948549071, 10134000000, 
-0.10857146458033423, 0.07032178113214169, -0.49698748568216583, 10139000000, 
-0.014445708397042359, -0.16402954371774683, -0.49734494883012553, 10144000000, 
0.026497415575481093, -0.3534569470122618, -0.4973871651596324, 10149000000, 
-0.12339143457781739, 0.010414682605840601, -0.49751660765660466, 10154000000, 
0.04122380474119881, -0.3383839570450434, -0.49823089687441946, 10159000000, 
-0.13557641338325482, 0.0625479937553865, -0.49860953539745256, 10164000000, 
-0.03966332675693123, -0.1631063629644452, -0.49929383865596827, 10169000000, 
-0.0010592037201054196, -0.28887263001565516, -0.49911508373165886, 10174000000, 
-0.14548127449564216, 0.037061761480821874, -0.5005398243741239, 10179000000, 
-0.00041147505734602, -0.31267667272336974, -0.5009904514259115, 10184000000, 
-0.09741715074736379, 0.008526415620678832, -0.5009668663716887, 10189000000, 
-0.06086644657211096, -0.13118295537184282, -0.5014818495962421, 10195000000, 
0.029571429673491564, -0.3113100278907479, -0.5019169896946994, 10200000000, 
-0.1417232389411562, 0.03880820230983527, -0.5020566499686426, 10205000000, 
0.02262379912108678, -0.34350285077205694, -0.5021680538287949, 10210000000, 
-0.10714947718521164, -0.002517751546568044, -0.5014161591283384, 10215000000, 
-0.10369155755985827, -0.15452146273221384, -0.501733758843152, 10220000000, 
-0.023312929961235372, -0.3558156366705565, -0.5008732226802355, 10225000000, 
-0.13102328778372657, 0.04963827302983951, -0.5005488063294306, 10230000000, 
0.013175216656146606, -0.361001377544479, -0.5008746757514883, 10235000000, 
-0.02356860527512349, -0.15284918174009246, -0.49989490489556615, 10240000000, 
-0.14123259526816312, -0.03713064927892938, -0.4997654023157845, 10246000000, 
0.059535837678026476, -0.4217812226538246, -0.4996119847282581, 10251000000, 
-0.0695948968048187, -0.02244205711376692, -0.4992559005136066, 10256000000, 
-0.07114934242075809, -0.1215414518364954, -0.49935222770981214, 10261000000, 
0.014601722775389736, -0.3610861282000582, -0.4994294839131932, 10266000000, 
-0.13305578745671193, 0.053908956788138285, -0.49932776667822404, 10271000000, 
-0.06928606276925456, -0.17416006353928995, -0.4994428723800812, 10276000000, 
0.013977099710350317, -0.3254880773995696, -0.49922737992881444, 10281000000, 
-0.1317843348080431, 0.030257338357822544, -0.5000143223030522, 10286000000, 
-0.026897795832567458, -0.2979350878909795, -0.500001323175933, 10291000000, 
-0.10522075488419785, -0.01788064404522955, -0.4998328456030712, 10296000000, 
-0.05833391105040846, -0.1646313853680738, -0.5006067683009766, 10301000000, 
-0.07028377478340053, -0.3351936993371503, -0.500931455024732, 10306000000, 
-0.09968208937551025, 0.06732318342111446, -0.5015563463176902, 10311000000, 
-0.03261535469241845, -0.18324853133573826, -0.5024234808497933, 10316000000, 
-0.10013932823310706, -0.31390510517375575, -0.5025348812754061, 10321000000, 
-0.038706684933122834, 0.021226479982144837, -0.504467134710188, 10326000000, 
-0.013498039830906333, -0.17694642641509284, -0.5052158538162878, 10331000000, 
-0.14785443041380472, -0.1424424686509067, -0.5062477537713835, 10336000000, 
0.024096862854464052, -0.19571421098016917, -0.5083040878746733, 10341000000, 
-0.10109724344170982, -0.2858099273833285, -0.5090283710850602, 10346000000, 
-0.09258278676524646, 0.0338831284962756, -0.5101538379289777, 10351000000, 
0.024736197573766654, -0.16703842645503686, -0.5113719941200174, 10356000000, 
-0.1258259279405485, -0.2617301951210008, -0.512491603924611, 10361000000, 
-0.09812122409704593, 0.02844175219148135, -0.5134835564314615, 10366000000, 
0.03191422376996488, -0.21537945023706026, -0.514268189484628, 10371000000, 
-0.10550657942825477, -0.24608263590731597, -0.5141599678007833, 10376000000, 
-0.08723525342003073, 0.022059356446959704, -0.5148087023445332, 10381000000, 
0.03447397884579583, -0.20357828995945398, -0.515101757700022, 10386000000, 
-0.0792037275657438, -0.2765102472727548, -0.5147342789719885, 10391000000, 
-0.1434914605785512, -0.007113256882439498, -0.5146268131645101, 10396000000, 
0.09089769131933201, -0.22593414803491296, -0.5148754945574235, 10401000000, 
-0.07104296168769564, -0.27992499865041803, -0.5140750964842014, 10406000000, 
-0.16552161314337677, 0.009434539546583662, -0.5139561897100869, 10411000000, 
0.05319710545280237, -0.22768085019499354, -0.5141196762320567, 10416000000, 
-0.07774256157095913, -0.27135432577496177, -0.5133895059714904, 10421000000, 
-0.1357653289669055, 0.0007566842007789877, -0.5138203082836441, 10426000000, 
0.045337228149232224, -0.22022104100508996, -0.5136800167180381, 10431000000, 
-0.08716521364363831, -0.2499196458190443, -0.5132957373279698, 10436000000, 
-0.11468631638614851, -0.002354164998639153, -0.5136201384633459, 10441000000, 
0.05795507839218603, -0.19744781285903926, -0.5133902904225478, 10446000000, 
-0.06602738114592302, -0.3007185965057761, -0.5124614877196323, 10451000000, 
-0.13395889034916317, 0.039663134534945826, -0.5120316996457741, 10456000000, 
-0.008256350117121194, -0.29525032802528484, -0.5109242305361013, 10464000000, 
-0.12788371869578355, 0.043023274021549054, -0.5098085712791456, 10469000000, 
-0.011025754092295875, -0.16351701043407096, -0.5088478396405929, 10474000000, 
-0.09355314206064698, -0.3608594604794724, -0.5067717881916317, 10479000000, 
-0.045147900574739955, 0.05034428875056082, -0.5056457195114257, 10484000000, 
-0.024793098648653516, -0.16481547011453015, -0.5045365964223368, 10489000000, 
0.035208998001829465, -0.30857186760665045, -0.502086619264522, 10494000000, 
-0.14821077270883282, -0.028265419605103703, -0.5005754217364851, 10499000000, 
0.00015386316357886114, -0.2911791159072666, -0.4988889609564211, 10504000000, 
-0.10029362857248993, -0.009104453267546261, -0.4973500468497646, 10509000000, 
-0.08793971801631185, -0.17093435752893843, -0.4964000951911764, 10514000000, 
0.0320934929078768, -0.333368671872539, -0.49535457130995475, 10519000000, 
-0.13226576155603045, -0.03991325889849209, -0.4951272132107805, 10524000000, 
-0.06283022926684824, -0.1881502096225004, -0.495026396465552, 10529000000, 
0.004752247854070822, -0.2236600490971227, -0.49521643070863897, 10534000000, 
-0.14196561034763017, 0.030036343763397068, -0.49630086404946533, 10539000000, 
0.030184563397780743, -0.313513917713721, -0.49715455454065105, 10544000000, 
-0.09909744404346416, -0.02312951585847679, -0.49788607105299876, 10550000000, 
-0.04644554802328144, -0.26589825034742054, -0.49921401068741017, 10555000000, 
-0.10890720943381746, -0.006462692548170888, -0.50010842233112, 10561000000, 
-0.0969615342754798, -0.15226168038706794, -0.5012677298197232, 10566000000, 
0.006743745950905242, -0.30252255708221415, -0.501563433065288, 10571000000, 
-0.13997086179040935, 0.0005612029161361741, -0.5023919341056695, 10576000000, 
-0.061070342675260736, -0.1564426831154285, -0.5029925227763535, 10581000000, 
0.00447958728509984, -0.27412447050872885, -0.5028525712750684, 10586000000, 
-0.08014389055194042, 0.015597624614459217, -0.5033835404431363, 10591000000, 
0.001844760255221456, -0.30218014487324885, -0.5032380149170382, 10596000000, 
-0.13324993637049978, 0.04058392161333243, -0.5025338436518156, 10601000000, 
-0.0598954264586022, -0.19721210519163002, -0.5025584060859949, 10606000000, 
0.02153107791241485, -0.25083500116379803, -0.5012849393115091, 10612000000, 
-0.12805441063256293, 0.02873739547807176, -0.50114204276714, 10617000000, 
-0.0039619593812956905, -0.1544569765625637, -0.5009580206005889, 10622000000, 
-0.01299751564017907, -0.2533209858120425, -0.4992068998280395, 10627000000, 
-0.15142055318065742, -0.02465696333913972, -0.4992156746085478, 10632000000, 
-0.05989236083661985, -0.13625778736962013, -0.49913842031222816, 10637000000, 
-0.005338098670959492, -0.2879564054086856, -0.4979649467023471, 10642000000, 
-0.12814383151737185, -0.03229505898167888, -0.4986122304524229, 10647000000, 
-0.054660528698718465, -0.14748381796648874, -0.4989818899577746, 10652000000, 
-0.0022032330280730116, -0.31261248625479615, -0.4986908323863918, 10657000000, 
-0.11900039949148189, -0.06559991333800681, -0.4987171249723497, 10662000000, 
-0.07255662503424888, -0.17844881235653648, -0.4993302101964268, 10667000000, 
-0.05976372789289966, -0.15638728303893962, -0.4993803996391359, 10672000000, 
-0.0747001717379995, -0.17334694576724338, -0.5000795766979541, 10677000000, 
-0.030389079514273006, -0.17337783534247056, -0.500365838790759, 10682000000, 
-0.11163658785723332, -0.12789373017156425, -0.5007362739726826, 10687000000, 
-0.039702359817012825, -0.14107369469235223, -0.501575918442016, 10692000000, 
-0.02970186567070477, -0.15460655470058388, -0.5020381386867491, 10697000000, 
-0.0974782845096107, -0.11462347414581578, -0.5025947482739529, 10702000000, 
-0.015700510765108793, -0.20010544604968736, -0.5035421902183314, 10707000000, 
0.011855330396879795, -0.27666955195694776, -0.5037309817945139, 10712000000, 
-0.17347542357504403, -0.02474327670008388, -0.5047133474594354, 10717000000, 
0.03219090570583031, -0.2016298543895355, -0.5051846053424036, 10722000000, 
-0.04382260727210105, -0.2810505842879113, -0.505451136370413, 10727000000, 
-0.07089257967433753, -0.0144793621013827, -0.5057058695026564, 10732000000, 
-0.029956671526038092, -0.17611254748734803, -0.5056800825697795, 10737000000, 
-0.05913852100268914, -0.14690460030224847, -0.5057842158326302, 10742000000, 
-0.06030447478438742, -0.16738164024474483, -0.5050595452592508, 10747000000, 
-0.021831694311647207, -0.14434726717060167, -0.5045522155691828, 10752000000, 
-0.09661008059543309, -0.17602444655062283, -0.503998251318815, 10757000000, 
-0.027967867539858422, -0.14316147409129512, -0.5036065402963761, 10762000000, 
-0.04379164782294911, -0.14475943780375383, -0.5028991669088501, 10767000000, 
-0.054113199459896934, -0.1327856779071237, -0.5016966359325585, 10772000000, 
-0.051323676888600615, -0.13305294819356622, -0.5005463414355352, 10777000000, 
-0.044217733751647045, -0.14949286517481772, -0.5002729633038949, 10782000000, 
-0.025438997303875343, -0.1641317207103276, -0.49907324827394134, 10787000000, 
-0.03354161525983888, -0.1515303333871883, -0.49877832236517633, 10792000000, 
-0.053345471419689705, -0.17980158978634786, -0.4983959516681384, 10797000000, 
-0.04207631589021927, -0.13288629457704398, -0.4973862233878595, 10802000000, 
-0.10182758917495979, -0.16232253328278082, -0.4979019712075533, 10807000000, 
-0.057346126351121185, -0.1747183571789376, -0.4979300966882232, 10813000000, 
-0.06278446628052642, -0.18072621963959357, -0.4976074137159417, 10818000000, 
-0.03069581886600829, -0.17357707910423179, -0.4983088709829189, 10823000000, 
-0.0276354267870955, -0.2791007012816289, -0.4987823406842342, 10828000000, 
-0.10639795314240826, -0.03290919712944057, -0.4991452104458696, 10833000000, 
-0.0328064156630396, -0.16853619261241104, -0.49984298257560444, 10838000000, 
-0.03600507124121307, -0.12161872079827316, -0.5002931229419153, 10844000000, 
-0.06700930531125436, -0.16839320266160276, -0.5010433301934586, 10849000000, 
0.019235378795743815, -0.2904924459436962, -0.5012888749909031, 10854000000, 
-0.10764660112834516, -0.03054328076176167, -0.5011545959438284, 10859000000, 
-0.010687541648542128, -0.27578513365580065, -0.5017380265279923, 10864000000, 
-0.08301064671214539, -0.05057331283060115, -0.5017176406518518, 10869000000, 
-0.06364247217675777, -0.16375785294525794, -0.5015915792378636, 10874000000, 
0.015618511491140496, -0.26649375928706054, -0.5013282979624819, 10879000000, 
-0.0872819539910471, -0.030705437129944762, -0.5014022479625106, 10884000000, 
-0.013748344756619927, -0.27351405856442496, -0.5012233372603927, 10889000000, 
-0.11535117007312465, 0.010933140378597231, -0.5010242172848359, 10894000000, 
-0.03712342176974809, -0.17132844719138307, -0.5006434061180761, 10899000000, 
0.00584104644746622, -0.289210027464688, -0.49988020147428497, 10904000000, 
-0.13791434498439414, -0.04264812977026004, -0.4999942230402272, 10909000000, 
0.011417380849318204, -0.2738806798275537, -0.49974552027100066, 10914000000, 
-0.10339602294466892, -0.01226949228323028, -0.4992657807312848, 10919000000, 
-0.060804591783911566, -0.17445702256265644, -0.49955431166841746, 10924000000, 
-0.004464187819104116, -0.2592540129137434, -0.4995658056193695, 10929000000, 
-0.10621086741241684, 0.014917461227395177, -0.4991212160183549, 10934000000, 
-0.04742816287085013, -0.16140498897500904, -0.49984951542642553, 10940000000, 
0.031982702312851746, -0.35317933568361976, -0.4990772752431684, 10945000000, 
-0.056108868804893706, -0.149211479071109, -0.4998411874288945, 10956000000, 
-0.10852296364164508, -0.044634926436479656, -0.5002091799701545, 10961000000, 
0.03064328997014093, -0.2815718541200779, -0.5001025508190526, 10966000000, 
-0.08306593901809206, -0.00502670889447264, -0.5004580330727403, 10971000000, 
-0.04534411723362114, -0.19248072001713237, -0.5007062256799847, 10976000000, 
-0.009267631206788075, -0.2872925392917774, -0.5001697934687305, 10981000000, 
-0.1155724357713449, -0.029249119000392728, -0.5008507143515847, 10986000000, 
-0.02504916268216307, -0.2608571206161175, -0.5006563687352932, 10991000000, 
-0.09393545888319735, -0.03471436548140338, -0.500399516778482, 10996000000, 
-0.051975931674720435, -0.19093075550331537, -0.5013000495775217, 11001000000, 
-0.0435659466593007, -0.24303758103956286, -0.5001901822618069, 11006000000, 
-0.14494781937149437, 0.009673105582790751, -0.5003707678666293, 11011000000, 
-0.022945828136116297, -0.17602847751612813, -0.5007055856054877, 11016000000, 
-0.0787888260725756, -0.3016703224430166, -0.5006894285897299, 11021000000, 
-0.013351903616484962, -0.020194511138518022, -0.501661012736213, 11026000000, 
-0.04357309510950541, -0.14417549064650334, -0.502255057218354, 11031000000, 
-0.1449627896583079, -0.14165942358961475, -0.5029185703525503, 11036000000, 
0.016430605307678117, -0.1043054530419893, -0.5035401541224044, 11041000000, 
-0.05100312108679883, -0.2503715646898853, -0.5048504880181388, 11047000000, 
-0.08280640623270247, -0.04292313000284509, -0.5056229760073133, 11052000000, 
-0.02466212298507892, -0.17877835243893808, -0.5059895209042785, 11058000000, 
-0.19326161644905768, -0.24763220608805264, -0.507078317644888, 11063000000, 
0.07250070426882593, -0.0019711291784597663, -0.5082049249900312, 11068000000, 
-0.03562590391038069, -0.16910071626728457, -0.5093263788677235, 11073000000, 
-0.14778421610479098, -0.2672628509457496, -0.5093089364591488, 11078000000, 
-0.008091077539004194, 0.0012171403172039352, -0.5110053597902149, 11083000000, 
0.01137448585110191, -0.18654516691211337, -0.5110096369505261, 11088000000, 
-0.13262820681336196, -0.29708970480059155, -0.5110958120552286, 11093000000, 
0.012540075910828001, 0.006103632833420065, -0.5116416432840389, 11098000000, 
-0.005261085228972777, -0.16645902877914803, -0.5109267901334578, 11103000000, 
-0.15285391050462568, -0.14251422417262066, -0.5103672290412556, 11108000000, 
0.032870725200142635, -0.13352524671321964, -0.5097448870573374, 11113000000, 
-0.0516327249597846, -0.2698986571134482, -0.5091122086515693, 11118000000, 
-0.0689509154330866, -0.014150815017252894, -0.5086123135154003, 11123000000, 
-0.012493158346971402, -0.1604051867333295, -0.5078520802097937, 11128000000, 
9.57072340532026e-05, -0.2623037881866527, -0.5065861056630365, 11133000000, 
-0.08706123480930074, -0.023050731685877054, -0.5052580078060865, 11138000000, 
-0.04080545194768459, -0.14695816765774505, -0.503754514350384, 11143000000, 
-0.02459693216969092, -0.2927492763469664, -0.502023246301592, 11148000000, 
-0.05396204549170537, -0.03006775674469433, -0.5003106174482134, 11153000000, 
-0.030424570067488887, -0.2652805184585355, -0.49895527514796195, 11158000000, 
-0.07588666076655666, -0.025060553286069775, -0.49726405935980095, 11163000000, 
-0.028408262276612015, -0.14694955406755505, -0.49673410278591035, 11168000000, 
-0.014006657570226278, -0.2601191104450858, -0.4961777609555863, 11173000000, 
-0.08518045247540032, -0.017951930829139977, -0.4950918735492433, 11178000000, 
-0.04202149141074911, -0.15562068929046644, -0.4956222676529766, 11183000000, 
-0.02838786911021495, -0.2725230661388845, -0.49579918827135927, 11188000000, 
-0.0678990819702485, -0.008532420395993032, -0.49658279817484363, 11193000000, 
-0.05501276330323328, -0.2874953200133518, -0.49699182696207106, 11198000000, 
-0.016598507643657074, -0.17057804524271863, -0.4974680833871953, 11203000000, 
-0.05197131911101208, -0.06809927377707176, -0.49900350473085064, 11208000000, 
-0.03888966905559717, -0.2723483658680176, -0.49943471027714026, 11213000000, 
-0.12606504679290845, -0.03136232896577115, -0.5007851863982797, 11218000000, 
-0.06059647490808529, -0.14595423720869102, -0.5016414908436746, 11223000000, 
-0.005587336856450478, -0.2346630519734002, -0.5018680708458841, 11228000000, 
-0.09681448838799302, -0.0428155635102542, -0.5024649227622474, 11233000000, 
-0.03191329333254942, -0.22472169176322032, -0.5026031691702417, 11240000000, 
-0.08524240001044639, -0.0549552953008238, -0.5024980200723391, 11245000000, 
-0.011100777753414046, -0.2799033111420333, -0.5027417089215621, 11250000000, 
-0.07871712946518132, -0.030036686920315137, -0.502226803021004, 11255000000, 
-0.06803442673315656, -0.13229165258138365, -0.5017428397964839, 11260000000, 
-0.0014744814310755465, -0.28721811100818195, -0.501601302162833, 11265000000, 
-0.07468528513037608, -0.03258198946810348, -0.500449592298235, 11270000000, 
-0.05949486765186812, -0.15581147197883455, -0.5005090176622282, 11275000000, 
-0.06164953023159535, -0.26339746404603237, -0.49952515311558704, 11280000000, 
-0.11145087554392585, -0.05636957265119749, -0.4990604850131964, 11285000000, 
-0.03357204071974905, -0.2385131985857609, -0.4991643391379695, 11290000000, 
-0.06759515353564634, -0.05600518341621903, -0.4984465419278602, 11295000000, 
-0.0625796327409553, -0.14548812870915312, -0.4987292385493913, 11302000000, 
-0.04447003052007431, -0.3169575983802659, -0.4986530135409275, 11307000000, 
-0.08987464698398465, -0.004313102162218908, -0.49893436377293887, 11312000000, 
-0.046163159800711735, -0.17972609963553396, -0.4994242044404975, 11317000000, 
-0.010042331716932276, -0.22719857434561688, -0.4992420140155435, 11322000000, 
-0.09206846217106347, -0.05087545276609057, -0.4994700053450873, 11327000000, 
-0.07888515154532166, -0.1871436549146157, -0.5000947206187413, 11332000000, 
-0.05514736717457976, -0.15588209837535996, -0.5001851401725091, 11339000000, 
-0.06595039483367957, -0.16903133788921457, -0.5009108360524772, 11344000000, 
-0.0045811646827804, -0.25383453052968685, -0.500961830157876, 11349000000, 
-0.10753223584980409, -0.03895437817499524, -0.5006024831317529, 11354000000, 
-0.03962488803192862, -0.16981819471371787, -0.5009541745361009, 11359000000, 
-0.05553579923498265, -0.268328233181618, -0.5009518133408738, 11364000000, 
-0.08224114219961069, -0.012608353642354964, -0.5011891247209903, 11369000000, 
-0.07100596602723239, -0.1608395805949933, -0.5009437611932934, 11374000000, 
-0.0454774013020263, -0.28502406416662346, -0.5008654655804764, 11379000000, 
-0.08835432731453029, -0.038192966098109696, -0.5006798268146931, 11384000000, 
-0.044738403545475314, -0.150814831945819, -0.500759151928161, 11389000000, 
-0.09153011886495635, -0.29959995062904726, -0.5003465417939588, 11394000000, 
-0.08954274178740097, -0.006283602503691504, -0.5012528012869363, 11399000000, 
-0.040201307348087564, -0.14516007530158306, -0.501179822257633, 11404000000, 
-0.052712312115860964, -0.2731034553207324, -0.5014697336202911, 11409000000, 
-0.10545768546317608, -0.09002916977586922, -0.5022883667783057, 11414000000, 
-0.03555727420292733, -0.13623638885586029, -0.5028842810757879, 11419000000, 
-0.0446060041457676, -0.2601109478060862, -0.5026600498122438, 11424000000, 
-0.07419313760366163, -0.05887735345231298, -0.502687874818583, 11429000000, 
-0.019279050274653077, -0.15185149431741726, -0.5032559242979499, 11434000000, 
-0.010162635824514515, -0.22634963541280587, -0.5031702053102334, 11439000000, 
-0.08154339736938732, -0.055750220219195595, -0.5033428712422461, 11444000000, 
-0.042631245575449575, -0.1602937567851167, -0.5033523461570997, 11449000000, 
-0.010275395279268155, -0.24297676686881983, -0.5028120676636256, 11454000000, 
-0.06663297867320987, -0.029737419127199526, -0.502170229001327, 11459000000, 
-0.0535884939329033, -0.15203166359753767, -0.502135502156393, 11464000000, 
-0.0580482053878226, -0.17101117653504816, -0.5009364685061592, 11469000000, 
-0.05269277470388038, -0.16018316144697203, -0.5005826283205771, 11474000000, 
-0.018988033941590945, -0.28998275567082565, -0.49967613057257787, 11479000000, 
-0.07058648349235783, -0.02949170139658021, -0.4990691777026523, 11484000000, 
-0.020376155198837516, -0.15890727360326828, -0.49916228431050147, 11489000000, 
-0.05349660682099883, -0.16697965720162655, -0.4982565537421097, 11494000000, 
-0.07537054896514461, -0.14241428846974544, -0.4978853766900352, 11499000000, 
-0.043252413307931704, -0.2691245342584576, -0.49788447551788334, 11504000000, 
-0.06324828172175424, -0.02706882482141585, -0.49784469483597704, 11509000000, 
-0.07357530646522739, -0.15908878559396364, -0.4985531965605819, 11514000000, 
-0.016898776704538498, -0.32376064599521576, -0.49871319296027683, 11519000000, 
-0.08907021694821897, -0.05207832550523743, -0.49892586083136137, 11524000000, 
-0.028971190576965993, -0.14976809691774995, -0.4995001549841874, 11529000000, 
-0.015981058656456604, -0.2542720851701167, -0.49912421999556, 11534000000, 
-0.0901396210179329, -0.03655335485277298, -0.5002892848725318, 11539000000, 
-0.06286883153495448, -0.16491929898397475, -0.5002774063184278, 11544000000, 
-0.013094722999061267, -0.26558876090876526, -0.5001163832074895, 11549000000, 
-0.0680086224979452, -0.02999381252650258, -0.5008006842895372, 11554000000, 
-0.02565175784587332, -0.2577482279322027, -0.5011557429797646, 11559000000, 
-0.025931383557257617, -0.15041102822329536, -0.5007147410226376, 11564000000, 
-0.08140104714993872, -0.07563038722108234, -0.5012082867548451, 11570000000, 
-0.03380842938896974, -0.29475188436731226, -0.501185268925724, 11575000000, 
-0.07259792520744707, -0.00896801977164488, -0.5006103409060813, 11580000000, 
-0.04627316202370651, -0.16640665553453773, -0.5008773894794014, 11585000000, 
-0.03753850377416246, -0.2717407886602364, -0.5004782114738139, 11590000000, 
-0.08468655619839999, -0.009790246225891296, -0.5005310597084173, 11595000000, 
-0.022408336063826598, -0.16077441473791665, -0.4999050197726277, 11600000000, 
-0.01694268283585273, -0.25731210592864007, -0.4997787135615635, 11605000000, 
-0.09660225665356269, -0.03994631874588346, -0.4998370038969226, 11610000000, 
-0.04002507515240742, -0.2680597431029557, -0.49975485531511904, 11615000000, 
-0.10048551995145079, -0.01780916767318127, -0.4994138107518621, 11620000000, 
-0.06976984386896236, -0.12666615570857992, -0.4995355262328991, 11625000000, 
-0.02680508787637849, -0.25824240175585345, -0.4997324239382705, 11630000000, 
-0.07995483503200704, -0.03945061388643232, -0.49917193628687795, 11635000000, 
-0.030827982351442716, -0.1631057617427568, -0.5000533241001291, 11640000000, 
-0.016331981892476727, -0.28646637557090565, -0.49966413564035855, 11645000000, 
-0.08298827173502048, -0.012460101060087665, -0.4998417826462119, 11650000000, 
-0.078136964815558, -0.16696003663350104, -0.5001647757764068, 11655000000, 
-0.055011363589102025, -0.2853133114543208, -0.499950705710697, 11660000000, 
-0.08967286138124883, -0.016128771492411424, -0.5001446325509163, 11665000000, 
-0.036193798095937, -0.2449768018594746, -0.5006288873386269, 11670000000, 
-0.06113955087110397, -0.024672375839904167, -0.5003470625806875, 11675000000, 
-0.03800783404510584, -0.17509539075324987, -0.5005739864996126, 11680000000, 
-0.05797832773271444, -0.2709862136165504, -0.500316612151729, 11685000000, 
-0.07362734761090571, 0.013450629737206694, -0.5001978703696431, 11690000000, 
-0.06596338434252076, -0.16037898675949339, -0.5009529529676904, 11695000000, 
-0.05813809709336097, -0.28384556544987, -0.5003314923496931, 11700000000, 
-0.05704789962150708, -0.030428719681347693, -0.5004745062819688, 11706000000, 
-0.05606211398484126, -0.1871474624733242, -0.5003391341524811, 11711000000, 
-0.021262141343448965, -0.2479281470153444, -0.500207950664492, 11717000000, 
-0.06422677792652481, -0.022514612835055844, -0.5003435203645056, 11722000000, 
-0.046505888345052544, -0.24385650254180646, -0.500428872048192, 11727000000, 
-0.06900617672016905, -0.009399602930066343, -0.49976211372437657, 11732000000, 
-0.06977920875971973, -0.16469046400998977, -0.5000939325351071, 11737000000, 
-0.04421921058164885, -0.29944316176458396, -0.4998449269540039, 11742000000, 
-0.09201348160601035, -0.04443066665248654, -0.4999434014302062, 11747000000, 
-0.03605150684116917, -0.13847024661406493, -0.5001094022768994, 11752000000, 
-0.027683815735674626, -0.2890022147432479, -0.49971132888347203, 11757000000, 
-0.07459969389305053, -0.00044036373678279714, -0.5001118284293756, 11762000000, 
-0.05707167925504308, -0.13702121181154078, -0.5003622508078337, 11767000000, 
-0.01992017601874806, -0.2861758266411904, -0.49981021176694407, 11772000000, 
-0.09090909775398101, -0.022699652104849657, -0.49965589900556684, 11777000000, 
-0.026868973414293947, -0.18648893586948784, -0.500075905126523, 11782000000, 
-0.10792223487590695, -0.27325437740491476, -0.5006790417627737, 11787000000, 
-0.07983213093557383, 0.0225855741989492, -0.5006831833533266, 11792000000, 
-0.041474532683917265, -0.16584609685035434, -0.5013403306106254, 11797000000, 
-0.03485381824730983, -0.26240423550739267, -0.5019366476205176, 11802000000, 
-0.1402596205539807, -0.060519707907477197, -0.5023825927811454, 11807000000, 
-0.012914719437579339, -0.15763122200400184, -0.5036085804293549, 11812000000, 
-0.07874035503428405, -0.2666459700050177, -0.5040165252415207, 11817000000, 
-0.16187559230221416, -0.04562806935208726, -0.5045506261275114, 11822000000, 
0.02469853569027474, -0.10242573880768227, -0.505588469024584, 11827000000, 
-0.0659422875702999, -0.27403318552176154, -0.5061369653945134, 11832000000, 
-0.10990041534184887, -0.018539477538013438, -0.5069332701487781, 11837000000, 
0.012818922682829978, -0.1683767248753168, -0.5075703110258045, 11842000000, 
-0.07665799404630644, -0.29931006985186703, -0.5071717546863131, 11847000000, 
-0.03361403425374275, 0.0426025139635858, -0.5069835341112183, 11852000000, 
-0.037483781453959496, -0.15196243513909682, -0.506193823304583, 11857000000, 
-0.11786591011549304, -0.29085658079132215, -0.5051735950033135, 11862000000, 
-0.043002505652810934, 0.012394236619148005, -0.5043783640441831, 11867000000, 
-0.03982146678376652, -0.15681580281411223, -0.5035557123446692, 11873000000, 
-0.028999287170639033, -0.23955291781904345, -0.501270405446182, 11878000000, 
-0.09392220049311571, -0.003210948084022818, -0.49997026661047506, 11883000000, 
-0.053833423394688, -0.17282308064273388, -0.49876410171329266, 11888000000, 
-0.07654850818707006, -0.1584368114360048, -0.4975115757950812, 11893000000, 
-0.05364581186328762, -0.14135883188229012, -0.49686186545382416, 11898000000, 
-0.0091211373927053, -0.2805420142756465, -0.49626331603689877, 11903000000, 
-0.08241619501901314, -0.011808336390180828, -0.4956850468012809, 11908000000, 
-0.06674444205092625, -0.13949124584474681, -0.4958834619139807, 11913000000, 
-0.042350478492189154, -0.26650854224821413, -0.4958677388901018, 11918000000, 
-0.07677059009865811, 0.026877080680268246, -0.4963022305127175, 11923000000, 
-0.06138022304299538, -0.13319484198579776, -0.49753240476070765, 11928000000, 
-0.045986544210300975, -0.272273586207353, -0.4977312033345257, 11933000000, 
-0.08394397820252963, 0.004522494875370402, -0.4986106252599911, 11938000000, 
-0.06973658231508943, -0.17853906467605601, -0.4996228567788937, 11943000000, 
-0.07044301854863094, -0.2776548282843395, -0.5000748955336032, 11948000000, 
-0.08276677532456261, -0.01680267241102886, -0.5013457657042579, 11953000000, 
-0.05453000682302028, -0.2786859319353902, -0.5017286294064014, 11959000000, 
-0.07139167034167303, -0.02240658645834172, -0.5021046784119768, 11964000000, 
-0.04981715299226961, -0.1696700122265031, -0.502993267775244, 11969000000, 
-0.041300494639495436, -0.2835017783671254, -0.5023509118628542, 11974000000, 
-0.06700994015612395, -0.009714106104440064, -0.5021281045091381, 11979000000, 
-0.056315569365144216, -0.17563859595872863, -0.5025605706816832, 11984000000, 
-0.033468222312292246, -0.27011036561120066, -0.5014319519945077, 11989000000, 
-0.10830681013715769, -0.01858344835013929, -0.5010315557345897, 11994000000, 
-0.05283104173724372, -0.16969449791129862, -0.5007502344110895, 11999000000, 
-0.00154380398380434, -0.3068607153060404, -0.5003458411893038, 12004000000, 
-0.08797344033592744, -0.046211745591542244, -0.4998886797459926, 12009000000, 
-0.06966568360446515, -0.13930180017281724, -0.49951022547803486, 12014000000, 
-0.05571077088152421, -0.32044365454599255, -0.4987634294646051, 12019000000, 
-0.07982979320732186, -0.031036780620558552, -0.4986244782572371, 12024000000, 
-0.04822564069305801, -0.1470066849275079, -0.4991291276660888, 12029000000, 
-0.04601518724848658, -0.29389678895273885, -0.4983522843369576, 12034000000, 
-0.0870836550302506, -0.009780490889406588, -0.49866558052104065, 12039000000, 
-0.025376000974020443, -0.32844716284310993, -0.49893740110035445, 12044000000, 
-0.09479987019711016, 0.00802237085189552, -0.49891065268481943, 12049000000, 
-0.05157302055076683, -0.15646155022805275, -0.4998666107629913, 12055000000, 
-0.029829067048336017, -0.268852727436734, -0.49917872510917966, 12060000000, 
-0.053166651220110106, 0.005652759926510008, -0.49997721979889076, 12065000000, 
-0.07372011825634428, -0.2851799137182391, -0.5003931606130608, 12070000000, 
-0.06562811601385676, -0.017353791841481454, -0.5002629322234206, 12075000000, 
-0.07742229594321784, -0.16371484778657272, -0.5007162229357629, 12083000000, 
-0.021361132447760865, -0.3036060048890431, -0.5008941255504691, 12088000000, 
-0.07547758486696426, 0.030001974206706146, -0.5010765036339079, 12093000000, 
-0.05618288055153114, -0.17044896593106865, -0.501382263481363, 12098000000, 
-0.08234242537474476, -0.2495254365026769, -0.5007008687196772, 12103000000, 
-0.07212417067866266, 0.011453841586807335, -0.5011206742042759, 12108000000, 
-0.04931987495823577, -0.1519320607470633, -0.5008221740920211, 12113000000, 
-0.08156994919141855, -0.17341723275519744, -0.5000725448332909, 12118000000, 
-0.048187625301307664, -0.13702622832013486, -0.5008456593324373, 12123000000, 
-0.06932909403947712, -0.2890586831176035, -0.5003439846205009, 12128000000, 
-0.09026245069819154, 0.020005372048622738, -0.5001829396708296, 12133000000, 
-0.04628765361018122, -0.17592188139364695, -0.5002342839320174, 12138000000, 
-0.06890043641912197, -0.3346530378993041, -0.4999761577235653, 12143000000, 
-0.04118152102727664, -0.022408984425291604, -0.5000066673473924, 12148000000, 
-0.07239377635077773, -0.1740478645422236, -0.49964733219043317, 12153000000, 
-0.032287750353689214, -0.2764858946065036, -0.4992788192240254, 12158000000, 
-0.08160312857349286, 0.009217561749235392, -0.49985162939142636, 12163000000, 
-0.04405893500817522, -0.169316372100588, -0.4994030533203368, 12168000000, 
-0.029301441740432633, -0.3070186848617614, -0.49978579899511233, 12173000000, 
-0.05980212122698621, 0.0004153521948342259, -0.5000848266332147, 12178000000, 
-0.026110082584210697, -0.16694103285171616, -0.5001950229572987, 12183000000, 
-0.025235413125992416, -0.3378189489726949, -0.5000953635613352, 12188000000, 
-0.06970750958512514, 0.0016296536160246393, -0.49987249820648877, 12193000000, 
-0.04718195543453081, -0.1953283106521449, -0.5005788331368891, 12198000000, 
-0.03049712462055551, -0.3048889238145479, -0.5003661736858135, 12203000000, 
-0.07433035492634615, 0.03760689298405055, -0.5005100580649543, 12208000000, 
-0.044255181667551255, -0.1739411760638544, -0.5007502214951288, 12213000000, 
-0.04058968686551885, -0.1661203396113894, -0.501582779947086, 12218000000, 
-0.08640085812751233, -0.12613596752740525, -0.5008674625930502, 12223000000, 
-0.024960681573038875, -0.18400373387826527, -0.5010565202768004, 12228000000, 
-0.06047684412006656, -0.1675547085765893, -0.5010076789692419, 12233000000, 
-0.04549416445392854, -0.14280617024928666, -0.5006342449415114, 12238000000, 
-0.05485311036851802, -0.12131609384642097, -0.5006886084222194, 12243000000, 
-0.04760726399916908, -0.1457960706253328, -0.5007111759986722, 12248000000, 
-0.07114208656833029, -0.15673538123665987, -0.4997679576669861, 12253000000, 
-0.05198268826618762, -0.1490788162086358, -0.4999085340402708, 12258000000, 
-0.04426210525885588, -0.15284469868958028, -0.4998853477206547, 12263000000, 
-0.05718456652870728, -0.11701349190081856, -0.4994025617212397, 12268000000, 
-0.08382634948152962, -0.15974164261442195, -0.49947588196463083, 12273000000, 
-0.006596813621127774, -0.31875565058057354, -0.4991433935347027, 12278000000, 
-0.0728840776992884, -0.013747804791042666, -0.4991321198522894, 12284000000, 
-0.06531637916469799, -0.14649926652265735, -0.4996134260525495, 12289000000, 
-0.06678193245195137, -0.1627766497208673, -0.49899039389269395, 12294000000, 
-0.05197397399582478, -0.19270916611038508, -0.49958980010391113, 12299000000, 
-0.05314466427952049, -0.3207474383357504, -0.49933213044931646, 12304000000, 
-0.10573887469090774, 0.009720574035837273, -0.4991572906327038, 12309000000, 
-0.09106119085642278, -0.15647803981439298, -0.49991526730951463, 12314000000, 
-0.05348034357504604, -0.29579031228461694, -0.49955893926369394, 12319000000, 
-0.09179307038689352, -0.0030316647518371913, -0.5000904246678411, 12324000000, 
-0.03412107977976864, -0.32064290921346583, -0.4999851274559644, 12329000000, 
-0.08290721851689015, -0.032119598306357355, -0.5000502908156349, 12334000000, 
-0.10190106935926085, -0.13295028996331537, -0.5001533149929219, 12339000000, 
-0.03975664699763361, -0.2839484393941066, -0.5006202118848365, 12344000000, 
-0.07265507834082864, -0.018184335094358996, -0.5004041407764893, 12349000000, 
-0.056269749471342057, -0.13172072373136942, -0.5006851022841828, 12354000000, 
-0.03831008916516005, -0.32507469888321716, -0.5007657229332158, 12359000000, 
-0.07430085650870803, 0.03183463371440362, -0.5004739906777446, 12364000000, 
-0.07373868121282583, -0.14135637020751168, -0.5003187227733601, 12369000000, 
-0.06411382960729245, -0.15056971858269094, -0.49968054562398306, 12378000000, 
-0.01789432739777156, -0.15647457343998547, -0.5004708686297342, 12385000000, 
-0.05162195286151272, -0.31151816063099413, -0.4991745723184382, 12390000000, 
-0.08145926052154066, -0.01363812969814817, -0.4999733621343602, 12395000000, 
-0.019063114874283818, -0.3155718256900022, -0.5002309470549946, 12400000000, 
-0.08469437483463557, -0.015762805427506896, -0.4995638762756767, 12405000000, 
-0.07189150017170484, -0.17667958949820015, -0.5000815477484127, 12410000000, 
-0.03658634495692936, -0.3149256859652276, -0.4996237865534118, 12415000000, 
-0.0905365758427795, 0.04815857177566237, -0.4998609468099609, 12420000000, 
-0.048486487357753454, -0.15407128912939944, -0.5002572742770548, 12425000000, 
-0.02464090908800878, -0.3045397783579398, -0.49945815999685755, 12430000000, 
-0.10175598765410043, 0.03735201074420459, -0.49982525602341754, 12435000000, 
-0.05059638558804459, -0.3081530481168631, -0.5000238919553209, 12440000000, 
-0.11615731982024687, -0.01641884190827679, -0.4999196578899155, 12445000000, 
-0.012010802343844586, -0.3183840397758258, -0.5001362503941292, 12450000000, 
-0.09866118523096168, 0.01949378102770015, -0.500195987139141, 12455000000, 
-0.061782134138370165, -0.14282713814130915, -0.5002689066271733, 12460000000, 
-0.008287658423951811, -0.3285082572583267, -0.4998491573854172, 12465000000, 
-0.07058829620070747, -0.013230737900035205, -0.5002780211556478, 12470000000, 
-0.022819209257138488, -0.3342925475115228, -0.5002142610999774, 12475000000, 
-0.09446782813770843, 0.0007047600981964115, -0.5003575981418684, 12480000000, 
-0.07774103530043511, -0.18236680167435979, -0.4997930915019758, 12485000000, 
-0.00967159286122835, -0.32828180477921537, -0.5004184367883378, 12490000000, 
-0.12472823552608789, 0.07748437750899899, -0.5000659877275216, 12495000000, 
-0.0725146104910302, -0.182076374365523, -0.5005174331931251, 12500000000, 
0.004653200471666289, -0.3055824150903185, -0.5000554768028755, 12505000000, 
-0.14368912959900254, 0.06156992599391189, -0.5001417318793864, 12510000000, 
-0.02327496009313681, -0.16690181433580917, -0.5001256101136827, 12515000000, 
-0.02668376850890831, -0.312888063169415, -0.4998894334716972, 12520000000, 
-0.09938272602669641, 0.028654571256362157, -0.5006744293978402, 12525000000, 
-0.05293091149667601, -0.15600157225721656, -0.5002041383610148, 12530000000, 
-0.053288908777580433, -0.12239870716332363, -0.5001805279378105, 12535000000, 
-0.058964208711094396, -0.1388175771848337, -0.5001961309169115, 12540000000, 
-0.05158806190188638, -0.33139821695766575, -0.49980572193281153, 12545000000, 
-0.09158152805238466, 0.04306672124728687, -0.500144394873099, 12550000000, 
-0.03461268275871114, -0.16088416583739443, -0.5001872610882941, 12555000000, 
0.005147868305427326, -0.3372653135984303, -0.5002445777799535, 12560000000, 
-0.10733953093722017, 0.0428796681623852, -0.49985922780822867, 12565000000, 
-0.052145784661410996, -0.1749673709981651, -0.5001704570005558, 12570000000, 
-0.013995706656589238, -0.37571092005531453, -0.5002368864656195, 12575000000, 
-0.11284963644398335, 0.07393795885224594, -0.49972866273897154, 12580000000, 
-0.04902101797644337, -0.1805484606677683, -0.5004312527474921, 12585000000, 
-0.005747156863979591, -0.2805363070809752, -0.5003922227021176, 12590000000, 
-0.13875756789180435, 0.03116960098192032, -0.5003584412958796, 12595000000, 
-0.02879410039783702, -0.19676548648549663, -0.5010860740611173, 12600000000, 
-0.007370517986568881, -0.3086235724560071, -0.5010625284203913, 12605000000, 
-0.16477650996568075, 0.028509159712834374, -0.5016044362038683, 12610000000, 
-0.0050087677856910165, -0.18761572868641835, -0.5029489516256488, 12615000000, 
0.03866338274376456, -0.33220989986780014, -0.5033963393427684, 12620000000, 
-0.11143225852526992, 0.033219151343456405, -0.5037119739531529, 12625000000, 
-0.0477153984044635, -0.186120451563481, -0.5042472092237921, 12630000000, 
0.01651024813128011, -0.3008173894411666, -0.5043670456778856, 12635000000, 
-0.14648586706335323, 0.023408227167658502, -0.504125539119834, 12640000000, 
-0.050399104453691945, -0.12953472457869383, -0.5046627601357164, 12645000000, 
0.046293619224143406, -0.3450096513692591, -0.5044676642284962, 12650000000, 
-0.08057583610736399, -0.03384948570735841, -0.5031434720401773, 12655000000, 
-0.06556890317630254, -0.16554789992351482, -0.5029929126131197, 12660000000, 
0.010354354610953184, -0.3559401922068378, -0.501514962975726, 12665000000, 
-0.16027063733210062, 0.057076411641200184, -0.501041975123498, 12670000000, 
-0.008388886888645086, -0.16785714073123123, -0.5001539163999627, 12675000000, 
0.018668295754934224, -0.3542700123275228, -0.4991762646814595, 12680000000, 
-0.11798004616383205, 0.035001235780750026, -0.49870845546026205, 12685000000, 
-0.0760594318765301, -0.1727771195517745, -0.49833301497923854, 12690000000, 
0.029668986579401653, -0.33736638077756875, -0.4969744390360894, 12695000000, 
-0.18344967115906052, 0.03129648524730096, -0.4974819181701514, 12700000000, 
-0.04208721582887292, -0.16869992630684771, -0.4977007452759921, 12705000000, 
0.0413028844675067, -0.37059956650471504, -0.497100622672613, 12710000000, 
-0.14050418600119977, 0.039796022843123016, -0.49795330611674277, 12715000000, 
-0.050107757919334736, -0.15979769301675287, -0.49843387167759856, 12720000000, 
-0.06963820088306918, -0.17956337758008487, -0.4986240141689677, 12725000000, 
-0.040899912689379064, -0.14635498663809446, -0.4994216808596825, 12730000000, 
0.03657308224668554, -0.3653675707291418, -0.5000747756669696, 12735000000, 
-0.1754854533346246, 0.07818262914644178, -0.5005026208544978, 12740000000, 
0.05610367769639513, -0.32749276416338147, -0.500866469999534, 12745000000, 
-0.12175883844724744, 0.019414646934434468, -0.5008141346845832, 12750000000, 
-0.07350441431433134, -0.13949905604312093, -0.5016238512524194, 12755000000, 
0.04552917559631593, -0.3577406997340322, -0.5014416197987367, 12760000000, 
-0.14202374738399026, 0.05861926755384694, -0.5016050886805511, 12766000000, 
-0.033527097499717516, -0.19814841173360898, -0.5016352232255741, 12771000000, 
0.07484824135863406, -0.3409101866063257, -0.501053069181543, 12776000000, 
-0.18775863138576554, 0.060040003491102285, -0.5010010331990318, 12781000000, 
-0.04983088302667117, -0.17243662016790012, -0.5011136537556655, 12786000000, 
0.09332331926220794, -0.36880363117537185, -0.500245309436533, 12791000000, 
-0.15274926098167796, 0.10289158464035354, -0.500369065542758, 12796000000, 
-0.0008493346605597946, -0.34792453400768925, -0.5002277140729692, 12801000000, 
-0.12647208969068754, 0.039412591183352996, -0.4994682332991363, 12806000000, 
-0.06470089834008655, -0.14336262777530911, -0.4995397860976257, 12811000000, 
0.07122500400176277, -0.40300770732863006, -0.49951563887464306, 12816000000, 
-0.11116712880179297, 0.032047915770541044, -0.4992488446691086, 12821000000, 
-0.07860299691444161, -0.17020565420331904, -0.49951003173891106, 12826000000, 
0.039626697951460274, -0.35459597242493207, -0.49926169407540816, 12831000000, 
-0.18472395628819155, 0.05686547346387393, -0.49921086861373365, 12836000000, 
-0.06681321481515506, -0.17172838186335404, -0.5000026737793639, 12841000000, 
0.003939784233426412, -0.30515388748838346, -0.4997903640039965, 12846000000, 
-0.18188064765497358, 0.09666630475380811, -0.49982070653313915, 12851000000, 
-0.07010381674595564, -0.14066540783441725, -0.5003153187531197, 12856000000, 
0.030271797176502215, -0.37614327558023913, -0.5001651956257253, 12861000000, 
-0.14308284641682076, 0.10515212208243506, -0.5001258892469622, 12866000000, 
-0.0824674658956274, -0.16566241023927988, -0.5006930311902106, 12871000000, 
0.0937444315759204, -0.4274275498260758, -0.5008266824406642, 12876000000, 
-0.13799241188170622, 0.00480420048618339, -0.5004265226858811, 12881000000, 
-0.05210210886042988, -0.17001416699842875, -0.5010497969598977, 12886000000, 
-0.01941734285438167, -0.15482498919822466, -0.5002433194564533, 12891000000, 
-0.05691785230741098, -0.13808783697688176, -0.5004954766218309, 12896000000, 
0.02518689208153781, -0.3519569284549353, -0.500090464085841, 12901000000, 
-0.13739043462957434, 0.051221186495991125, -0.5003506713375785, 12906000000, 
-0.06828435627951018, -0.16206156942802805, -0.5002206798086551, 12911000000, 
0.04865303496804982, -0.3705532437448946, -0.5001612538317964, 12916000000, 
-0.15644805366122028, 0.09362507956178448, -0.5000058100509288, 12921000000, 
-0.053621047660515724, -0.14793611732298695, -0.5001646787894124, 12926000000, 
0.03518303866191209, -0.3724679628615076, -0.4996513240675211, 12931000000, 
-0.16459509758558194, 0.0789113009098586, -0.4995322089999971, 12936000000, 
-0.05040490340990364, -0.17483909560864266, -0.5001152347707184, 12941000000, 
0.03933122823375945, -0.3465366719617213, -0.5003099887850114, 12946000000, 
-0.012311738868687555, -0.18526380023694441, -0.49961496449447096, 12951000000, 
-0.13348523170180504, -0.03926419160946197, -0.4997869853401721, 12956000000, 
-0.033452119674255314, -0.18823791162989945, -0.5000374531220221, 12961000000, 
-0.03784883661552728, -0.12026127025633679, -0.49984686318545135, 12966000000, 
-0.07496244965622713, -0.15773628914532753, -0.49999874100005487, 12971000000, 
0.01715396688598477, -0.3247440748461761, -0.49997189134581516, 12976000000, 
-0.11695355335099222, -0.007582703029563598, -0.5001698037564046, 12981000000, 
-0.046932486529621835, -0.19229268789178494, -0.5002618588585794, 12986000000, 
0.0304993117129673, -0.32815956232937726, -0.5000599252318322, 12991000000, 
-0.11783733742958616, 0.038291198699712994, -0.499893767687372, 12996000000, 
-0.0482532843137439, -0.13419808293273255, -0.5004127432736858, 13001000000, 
-0.0026405645671366516, -0.3520552368374269, -0.4999059191832699, 13006000000, 
-0.1433032129659793, 0.04786495170380461, -0.500167692870109, 13011000000, 
-0.06205323343708318, -0.19233591547113868, -0.5004153656609313, 13016000000, 
0.022080274511837125, -0.35027563343595397, -0.49944064759017387, 13021000000, 
-0.12420314329658252, 0.05203134183042605, -0.49996176716472684, 13026000000, 
-0.06348133660812334, -0.1484152000093165, -0.5003221971021653, 13031000000, 
0.01923367361868972, -0.3285141078029581, -0.49947341624383457, 13036000000, 
-0.11926696212703942, 0.06498071768232519, -0.49996722192407106, 13041000000, 
-0.04244141803158317, -0.1427112380083832, -0.4999492967974141, 13046000000, 
0.010810740219522157, -0.31455125544623724, -0.4998206637778518, 13051000000, 
-0.14340531842115234, 0.06152443455910579, -0.49979973337482586, 13056000000, 
-0.03211885457286726, -0.13153646769408456, -0.5003956003911405, 13061000000, 
0.031887669455255, -0.4016987658915168, -0.4998147277901619, 13066000000, 
-0.13472281250308288, -0.010021377679737663, -0.49976131393830286, 13071000000, 
0.03164255284296341, -0.353340588100983, -0.49989819910749295, 13076000000, 
-0.14132067579797486, 0.04532754393379594, -0.49978377483687964, 13081000000, 
-0.055218641224425664, -0.1538125528500401, -0.5001012432290854, 13086000000, 
0.00866787983574499, -0.35987129693052267, -0.499845502448878, 13091000000, 
-0.10775221979559713, 0.06807408026715825, -0.4996023300701671, 13096000000, 
0.003184299050868613, -0.3558841041767827, -0.4999177939889887, 13101000000, 
-0.1357000208139317, 0.051323230151739625, -0.5002791923037099, 13106000000, 
-0.06463898969170812, -0.16346358049261053, -0.5004596128148113, 13111000000, 
-0.08158318475145726, -0.13825895926343626, -0.4999158692411737, 13119000000, 
0.014509797708190652, -0.3166509841287322, -0.5001632222638538, 13124000000, 
-0.11244070454123005, 0.022367588010656653, -0.49990207942880543, 13129000000, 
-0.08718903774992476, -0.1365209118787681, -0.5005131255109614, 13134000000, 
0.03216900067220364, -0.3666968585662396, -0.5000734738695183, 13139000000, 
-0.15442467139139324, 0.04612758394281454, -0.499897335934873, 13144000000, 
-0.059484529166803635, -0.13153488335686148, -0.5002874926751077, 13149000000, 
-0.0034194760014777635, -0.35660865478619147, -0.5000753655604653, 13154000000, 
-0.11253012324939021, 0.05690752146626668, -0.5001916794676781, 13159000000, 
-0.0658468335339247, -0.16621914456291598, -0.49990445338208517, 13164000000, 
0.04176550687846723, -0.32475980963285284, -0.4998750410083217, 13169000000, 
-0.1434090595931914, 0.05564799563241205, -0.49970788060939536, 13174000000, 
-0.03494509805942439, -0.15525805863299594, -0.4998688290784202, 13179000000, 
0.017172467564830072, -0.3263495165247961, -0.4994624025506136, 13184000000, 
-0.12254154512990378, 0.04733491622025178, -0.5001447887681206, 13189000000, 
0.002313013787681534, -0.30636068620865303, -0.5002222625933753, 13194000000, 
-0.13730796470462314, -0.010755548252181668, -0.49992240131370197, 13199000000, 
-0.07655019440292275, -0.10892892268642962, -0.5000916912701339, 13204000000, 
0.009793112193926975, -0.27133481181614255, -0.5001570133207526, 13209000000, 
-0.11767543423199747, 0.046019135362950395, -0.4998141805400519, 13214000000, 
-0.04953768870706259, -0.16864150242410245, -0.500689261861724, 13219000000, 
0.030881316212647017, -0.34848398365547273, -0.5000478891125891, 13224000000, 
-0.1322382776069994, 0.08474512123096027, -0.49996638839355245, 13229000000, 
-0.07431539071262085, -0.172418714619428, -0.5003743690752258, 13234000000, 
0.003986225905548527, -0.3002817574359835, -0.49964074633235134, 13239000000, 
-0.13951499902605677, 0.08981055021330876, -0.499822573972856, 13244000000, 
-0.013535958045042908, -0.1943586543991779, -0.5004419101722437, 13249000000, 
0.02231221913521854, -0.3241365481064084, -0.49983670685553194, 13254000000, 
-0.11854882720706503, 0.07057518578562097, -0.4999624628855555, 13259000000, 
-0.06369677093022974, -0.1996212556064884, -0.4996800320322713, 13264000000, 
0.019882682359900032, -0.3414632640006043, -0.5001563625709643, 13269000000, 
-0.12734353767516288, 0.03822965625987752, -0.5004395334669607, 13274000000, 
-0.009950602473881638, -0.3432285416055043, -0.5000118533541753, 13279000000, 
-0.09069859458898909, 0.041553818670359136, -0.5000847926618214, 13284000000, 
-0.06923398167754612, -0.16156035206130315, -0.5007808269627636, 13289000000, 
0.014701949297191368, -0.28199026254735887, -0.4998471545758089, 13294000000, 
-0.11202860955257363, 0.1183828509561505, -0.4999454998318333, 13299000000, 
-0.051103433104926814, -0.1654499723953608, -0.5001767483863342, 13304000000, 
0.028548798974625915, -0.3017971400307956, -0.4999683815824842, 13309000000, 
-0.12027611604902948, 0.01552594180027772, -0.5004305718154355, 13314000000, 
-0.023759365262220025, -0.1785016091654555, -0.5001245603679492, 13319000000, 
-0.048457866198895, -0.15826390564911003, -0.49986935032369006, 13324000000, 
-0.07288241531113152, -0.14864344346577807, -0.4999937816519014, 13329000000, 
0.002628424305290502, -0.2634214131844034, -0.5001193488483276, 13335000000, 
-0.03440984574240804, -0.19485410047870655, -0.4995676801021186, 13340000000, 
-0.09110106730524815, -0.0035839628075181647, -0.5001481888566143, 13345000000, 
-0.055331215606481354, -0.15082629695064736, -0.5005722734630672, 13350000000, 
-0.04302027404607204, -0.12053859879623245, -0.4995939073717139, 13355000000, 
-0.021037495052606138, -0.16581305045387754, -0.5004998870457779, 13360000000, 
0.02545158279946093, -0.32973950964399246, -0.5002048346105873, 13365000000, 
-0.12173809981092404, 0.020218165218169243, -0.49982934792300976, 13370000000, 
-0.08310557089399503, -0.15702754849502654, -0.500197160317328, 13375000000, 
-0.0013112235994543432, -0.3267882063136283, -0.5001592089233455, 13380000000, 
-0.10387064198876825, 0.07069723765526528, -0.5001200495750933, 13385000000, 
-0.047896271901441495, -0.16490941674030532, -0.5003863239345304, 13390000000, 
-0.0014840005409616358, -0.347177919948672, -0.5002603642927893, 13395000000, 
-0.1238186917544375, 0.023003980685533144, -0.5003183226813324, 13402000000, 
0.03170102038849809, -0.3199597386375197, -0.49998040164026003, 13407000000, 
-0.11404827285470205, 0.01871700119080376, -0.4998571342775825, 13412000000, 
-0.08225097069661153, -0.1485332039806151, -0.5001105003211263, 13417000000, 
0.02476875552044315, -0.3217862948794739, -0.49975801725154917, 13422000000, 
-0.14093213465084636, 0.041743110271322215, -0.4998419785975817, 13427000000, 
-0.03326249930602977, -0.15571896201383847, -0.4999160632064693, 13432000000, 
0.026160189579410475, -0.38718687923807515, -0.5000181008211197, 13437000000, 
-0.11812132377993123, 0.06694830325015819, -0.49945876856766974, 13442000000, 
-0.06695308373358645, -0.19025691119573782, -0.500181760579132, 13447000000, 
-0.07592420668327321, -0.17214103578664497, -0.4998850754309873, 13452000000, 
-0.06645182286470211, -0.16188036169430864, -0.4999719228717438, 13457000000, 
0.0068588246384148, -0.38180911834572284, -0.4996518724495673, 13462000000, 
-0.12081217915601128, 0.04915323516350528, -0.4998525897134344, 13467000000, 
-0.04025416079265503, -0.13102248740654832, -0.500412729049487, 13472000000, 
0.02872548631703484, -0.32580425311755284, -0.4996629324939909, 13477000000, 
-0.1346757031089155, 0.024568714361588417, -0.5001284443627233, 13482000000, 
-0.01967570882660934, -0.35712699861333264, -0.500018428450935, 13487000000, 
-0.09049322861182692, 0.009740571667359716, -0.4998531817841015, 13492000000, 
-0.08241401207984464, -0.15349241030043476, -0.499782088997475, 13497000000, 
0.012071836101824086, -0.3203942863526291, -0.50013992806221, 13502000000, 
-0.08606009921072526, -0.009030240679517274, -0.4997258172807546, 13507000000, 
-0.05365933246014653, -0.1644736774241381, -0.5001835761606374, 13512000000, 
-0.011127612448184509, -0.30487773359480874, -0.5004764306457459, 13517000000, 
-0.10434098874009172, 0.006494762154196051, -0.49966308914834423, 13522000000, 
-0.047683800694097014, -0.15860499600302655, -0.5002336113405081, 13527000000, 
0.008883583525465656, -0.3420423866240228, -0.5005439725255492, 13532000000, 
-0.10763034894529071, 0.01385216896587358, -0.5003469953352111, 13537000000, 
-0.05803651460655475, -0.16871542893834107, -0.5003819708078556, 13542000000, 
-0.007975670910128813, -0.31014805344774354, -0.499942243907047, 13547000000, 
-0.1358198793615516, 0.038143471298537214, -0.5001287340079628, 13552000000, 
-0.045937149353290185, -0.1606088379307579, -0.5001714098020253, 13557000000, 
0.020827382227475464, -0.29288183583912086, -0.4993782942310775, 13562000000, 
-0.13883084841849808, 0.027793097730144246, -0.49998743978840604, 13567000000, 
0.04413786355331785, -0.3148828189575537, -0.49972890080860377, 13572000000, 
-0.11608978197999781, -0.015758845718595538, -0.4999387242640577, 13577000000, 
-0.05182454304545886, -0.15203641436535603, -0.4999764490828081, 13582000000, 
-0.011553986858121793, -0.2743455301550347, -0.49987842663616666, 13587000000, 
-0.08181019692265212, -0.034140182585595015, -0.5000846595909456, 13594000000, 
0.03477162711672273, -0.3842331389566499, -0.5001972418733729, 13599000000, 
-0.11566686804681621, 0.025922541892280913, -0.5001631767766802, 13604000000, 
-0.026383875028902277, -0.15775151630268094, -0.5002942680412557, 13609000000, 
0.008815366719467265, -0.31835222323992496, -0.499861174615151, 13614000000, 
-0.13487391362508505, -0.007988082199126792, -0.49979108831266333, 13619000000, 
-0.049095014422545505, -0.18767940833227903, -0.5005713712573049, 13624000000, 
0.019577417442169356, -0.29968653285392277, -0.5004963159269276, 13629000000, 
-0.10852979594733352, 0.043016027570388256, -0.4997724264933346, 13634000000, 
-0.06713415797367153, -0.17154997301009864, -0.4999808830129849, 13639000000, 
0.014204821170230293, -0.30097593803232475, -0.5001503652816268, 13644000000, 
-0.12444702246770444, 0.039395002952279046, -0.5000901558644928, 13649000000, 
-0.025110702893246052, -0.1856106019032165, -0.500133572509453, 13654000000, 
0.030289137709586512, -0.28273714393508315, -0.4997258358221881, 13659000000, 
-0.10464408999689287, 0.019697663362028363, -0.5000290975248656, 13664000000, 
-0.058701309696365354, -0.1619001934097918, -0.5003850018493475, 13669000000, 
-0.028713142007773258, -0.1441624687873057, -0.4998527596668396, 13674000000, 
-0.0562611372910157, -0.13432434615880254, -0.4997598156226682, 13679000000, 
0.014161555122755212, -0.28109849006327253, -0.5001628288293705, 13684000000, 
-0.1126491029612884, 0.01967116715240063, -0.5003293477553928, 13689000000, 
-0.0677137793512416, -0.16805263999593323, -0.5003796021984966, 13694000000, 
-0.028264039763149597, -0.32506653978755845, -0.5002443882331012, 13699000000, 
-0.10576834307077573, 0.01046939121358848, -0.499632668847426, 13704000000, 
-0.07697868416765753, -0.21031406429255364, -0.5000552511466011, 13709000000, 
0.009221723380317792, -0.285607435644138, -0.49966612334486205, 13714000000, 
-0.16879756590131245, 0.0662711686285672, -0.5001437508023285, 13719000000, 
-0.02521822377777623, -0.14591126013396927, -0.49970768253785053, 13724000000, 
0.03156749211662575, -0.29151481539762564, -0.49973231613425273, 13729000000, 
-0.11514511081035651, 0.012934733876555509, -0.4997919341371865, 13734000000, 
-0.07734022344336505, -0.1816808241560916, -0.49988550553970407, 13739000000, 
0.028951012581514692, -0.3114357421148672, -0.4999399015488301, 13744000000, 
-0.09703994538778883, 0.005092723243551419, -0.4998442341051385, 13749000000, 
-0.08343790539907987, -0.19266666945410857, -0.5003011052397471, 13754000000, 
0.005367205646956171, -0.2688429753883077, -0.49999308703361334, 13759000000, 
-0.07242602167925472, -0.010083845559288353, -0.4999801369250855, 13764000000, 
-0.06621136304801938, -0.1748581567985779, -0.5004114463408783, 13769000000, 
-0.03227127291971114, -0.3185082831509937, -0.4997541993575379, 13774000000, 
-0.12713947076899765, 0.017489812627351657, -0.5001143467687039, 13779000000, 
-0.014703449243398361, -0.2501683173781816, -0.500134697247106, 13784000000, 
-0.1034179599318164, 0.01387673868181932, -0.5001350830316099, 13789000000, 
-0.0336459212719316, -0.12844692599640836, -0.4997220783365327, 13794000000, 
0.00014205055532226507, -0.26757843607781917, -0.5003541886005204, 13799000000, 
-0.10755467603702687, 0.005403464826944944, -0.5000463759408865, 13804000000, 
-0.06092464857824815, -0.18413578700255775, -0.5002190780613187, 13809000000, 
0.014812281954422631, -0.30420322003566125, -0.49971638752592357, 13814000000, 
-0.13044810755703978, 0.04406359627472866, -0.49993242149020184, 13819000000, 
-0.07844977057385523, -0.16478490737700838, -0.499948615385961, 13824000000, 
0.00969147460465452, -0.3005593692591266, -0.49956976437106515, 13829000000, 
-0.1471178131703102, -0.01747167028698173, -0.5002927483775107, 13834000000, 
0.007394171395950711, -0.29474306270275463, -0.4998122837406994, 13839000000, 
-0.13343630536347434, -0.013613317785149761, -0.49983358008057543, 13844000000, 
-0.0642078389468158, -0.17739133257134304, -0.5003827085295063, 13849000000, 
0.046138403302395416, -0.3149535233082662, -0.4997253156976205, 13854000000, 
-0.10076809092816708, 0.010024171189864468, -0.4999459469876751, 13859000000, 
-0.06467599126451577, -0.15914313453043225, -0.4999828294675305, 13864000000, 
0.008585031997618026, -0.3010806880428552, -0.499716530301921, 13869000000, 
-0.13760930048065886, -0.006127128816276112, -0.49977321921094287, 13874000000, 
-0.0638951734222708, -0.16150274710221318, -0.5000424285631265, 13879000000, 
-0.015932921680212393, -0.2807595321415995, -0.5000501428078921, 13884000000, 
-0.1300864268571622, -0.0008899043678513956, -0.5000739154397964, 13889000000, 
-0.07623913276445081, -0.18172708385776395, -0.500368564907834, 13894000000, 
-0.0003764560647032062, -0.30343882407333433, -0.5001118840872036, 13899000000, 
-0.10798986849065673, 0.007712238629319012, -0.49962424507342607, 13904000000, 
-0.06227872837473087, -0.20991994628177335, -0.5000987552329482, 13909000000, 
0.0078921598965061, -0.3312695488969664, -0.5004958648039423, 13914000000, 
-0.08193422676733003, -0.011747478475429103, -0.49979814479440665, 13919000000, 
-0.056150572035245226, -0.15363083969787464, -0.5000256529639392, 13924000000, 
0.021400410177707847, -0.33173762229139087, -0.49985659153124573, 13929000000, 
-0.07467585622936826, 0.03448003713931842, -0.5000121778317533, 13934000000, 
-0.03864988653392749, -0.15685128756669092, -0.5002740666430276, 13939000000, 
0.0008192114674020401, -0.30251172764884854, -0.4998567356160565, 13944000000, 
-0.11771972409585413, 0.019249264823058828, -0.49962650197202846, 13949000000, 
-0.0510047760392664, -0.16165557010951392, -0.49995891872992543, 13954000000, 
0.009047857482925565, -0.29334205443558886, -0.49970380982411094, 13959000000, 
-0.10384936956848234, -0.005657028237081032, -0.49988164722692346, 13964000000, 
-0.061080848054950544, -0.1604357206293297, -0.5003006189302421, 13969000000, 
-0.0001981586450430857, -0.26806672226965633, -0.4996690166974624, 13974000000, 
-0.1062013199732584, -0.010589741220112033, -0.4998641929137138, 13979000000, 
-0.059997239592690405, -0.1424185547908884, -0.5002266448332884, 13984000000, 
-0.005371677164874749, -0.26887674592250793, -0.499795975462332, 13989000000, 
-0.09028536624614657, -0.015872766569418058, -0.500028499722524, 13994000000, 
-0.055504262116655746, -0.12162946401368291, -0.5005203246969765, 13999000000, 
-0.04145008165577379, -0.15315356167363464, -0.4999126981553361, 14004000000, 
-0.08696848637300934, -0.12200565397921859, -0.5002737350873743, 14009000000, 
-0.016016417907678646, -0.2828082018332363, -0.5000442168546444, 14014000000, 
-0.10423797552807063, -0.01891239329336154, -0.49966863494430075, 14019000000, 
-0.037774542794568586, -0.15562876835908446, -0.5004973242004234, 14024000000, 
0.028054403797271938, -0.27913508520996483, -0.5000898523938176, 14029000000, 
-0.1350977633823505, -0.003271320326958635, -0.4999172424520559, 14034000000, 
-0.05792229848497421, -0.13642748023381487, -0.5004887128032552, 14039000000, 
-0.026643789883843493, -0.14399656078063786, -0.5001482564785729, 14044000000, 
-0.03285179843960537, -0.17015003167198783, -0.5001089777920581, 14049000000, 
0.006843349592545102, -0.24118960364447747, -0.5001394307215589, 14054000000, 
-0.08099172719152158, -0.03802098298227811, -0.49986240442294017, 14059000000, 
-0.036349873876438524, -0.1625795004564214, -0.49981959958579536, 14064000000, 
0.0028553948025023543, -0.2700642109358395, -0.4998858688577591, 14069000000, 
-0.07511074917512633, -0.016324267984934727, -0.4996602769593392, 14074000000, 
-0.05106754132309713, -0.16628772848703374, -0.5001825459290946, 14079000000, 
-0.02572649253247756, -0.2741701492089634, -0.49982134745691703, 14084000000, 
-0.11003208293706367, -0.028549704008452144, -0.5001917553021137, 14089000000, 
-0.04648408067345482, -0.15735979994722596, -0.500009748542922, 14094000000, 
-0.010339822913232573, -0.26534589072933373, -0.49961201885292195, 14099000000, 
-0.09753045602317896, -0.02325954160457538, -0.4998060821766477, 14104000000, 
-0.04494599582077133, -0.1448515288104454, -0.5002686772278832, 14109000000, 
-0.049470633010846594, -0.14087270354084236, -0.49998505759282436, 14114000000, 
-0.04515435968812283, -0.13063232326173477, -0.5003009484716718, 14119000000, 
-0.03658742673856201, -0.24540967521372836, -0.5001125012695029, 14124000000, 
-0.10881334781569023, -0.013866603288033501, -0.4999679641123841, 14129000000, 
-0.07422534716228969, -0.19388379591912236, -0.5000866107696298, 14134000000, 
0.017185663270604834, -0.2848637393051074, -0.4998395595072929, 14139000000, 
-0.10575451561999363, 0.038185482954858276, -0.5000485140392031, 14144000000, 
-0.04492625041392047, -0.16519153942592124, -0.5002678051607113, 14149000000, 
-0.022054472089065254, -0.26380504207118494, -0.4998610602802074, 14154000000, 
-0.08944750079400703, 0.001777219697432223, -0.5002487857261071, 14159000000, 
-0.06873483040474268, -0.15717045534056856, -0.4998606163729131, 14164000000, 
0.01380646983300735, -0.29920302821269174, -0.4996409295242903, 14169000000, 
-0.08260412966400477, -0.041876355751218355, -0.49987205302643756, 14175000000, 
-0.046548221144725274, -0.2290863544976985, -0.5001088493272954, 14180000000, 
-0.09719244585799716, -0.023527192869203892, -0.5002154369915383, 14185000000, 
-0.0675504055572445, -0.16359673775733816, -0.5007003188977454, 14190000000, 
0.014459011485122072, -0.23396184409431003, -0.5002611736607241, 14195000000, 
-0.07509337042209524, -0.022255572192921583, -0.5001707565057175, 14200000000, 
-0.06912245744715945, -0.19152839432921048, -0.5004617275264974, 14205000000, 
-0.020414699830709725, -0.3128119233056122, -0.5000258987537726, 14210000000, 
-0.08762967923387587, -0.018227361303590785, -0.4998014950210292, 14215000000, 
-0.05999071724091999, -0.1517413346704007, -0.5005645610182824, 14220000000, 
0.021263488868573918, -0.3190500039812848, -0.49981623861962, 14225000000, 
-0.10429940220364266, -0.042181340480939085, -0.5003920204109565, 14230000000, 
-0.0111667401795808, -0.28536333964264526, -0.5000586595421316, 14235000000, 
-0.06848516898914205, 0.01325196901122691, -0.4996898455175583, 14240000000, 
-0.07807461253482476, -0.14665648857692187, -0.5000407978308727, 14245000000, 
-0.03315308629207095, -0.2708819610498251, -0.49995537547580754, 14250000000, 
-0.12550359935599067, 0.02809910782825569, -0.4998660008553601, 14255000000, 
-0.08944971599758447, -0.18683968192775002, -0.5003836142735963, 14260000000, 
-0.041191197717463206, -0.15811478155095748, -0.49970300640636645, 14265000000, 
-0.09124366107009578, -0.14125013318606103, -0.5000721300166826, 14270000000, 
-0.03662594372436867, -0.27437763096210993, -0.499728294988597, 14275000000, 
-0.10081202555146257, -0.02028309726862614, -0.5000109402826473, 14280000000, 
-0.056623448004222664, -0.18757279341736266, -0.5003520175239877, 14285000000, 
-0.006340197941817366, -0.26081207554160835, -0.4996050101728722, 14290000000, 
-0.07902031698388513, -0.021055596518162405, -0.5000263392719965, 14295000000, 
-0.04723078380797391, -0.16084551185319307, -0.500117391262173, 14301000000, 
-0.06631940813894605, -0.15143764966923448, -0.4999795795064952, 14306000000, 
-0.08076153590963796, -0.15985206182154113, -0.4997971457220493, 14311000000, 
-0.09054677847390774, -0.13112106415990654, -0.5005661121766788, 14316000000, 
-0.036583283443168066, -0.24574206987979533, -0.49947473421234523, 14321000000, 
-0.10118464699549756, -0.0288619783493803, -0.5001005938492666, 14326000000, 
-0.058264337371478084, -0.1760465739377843, -0.5003940699444643, 14331000000, 
-0.0395421179164568, -0.2840267237643488, -0.49967569789129407, 14336000000, 
-0.09837521588023533, -0.039866595477221406, -0.5000109115729449, 14341000000, 
-0.047361075092192964, -0.18781479529731154, -0.5001579883019465, 14346000000, 
-0.03785247966529498, -0.24628302722797174, -0.49973539014827595, 14351000000, 
-0.1144794680298518, 0.0007261844175315199, -0.49974751691752234, 14356000000, 
-0.06023702494559756, -0.17560763194569098, -0.5001089592761703, 14361000000, 
-0.01260351400274996, -0.26287850340633767, -0.4997001056737827, 14366000000, 
-0.1125226331931844, -0.0040231265457185104, -0.5001107693293642, 14371000000, 
-0.04425509346154653, -0.17182590570060516, -0.5002361489558691, 14376000000, 
-0.06067176232044742, -0.14169758885622002, -0.500201840394956, 14381000000, 
-0.05792445992491598, -0.18361948319878768, -0.5002875930790753, 14386000000, 
-0.016402402090523065, -0.26618130865316203, -0.5002893337596142, 14391000000, 
-0.11261324403030366, 0.02429823337953116, -0.4996525775707636, 14396000000, 
-0.05875123119672503, -0.16314452376010755, -0.49981409145715194, 14401000000, 
-0.041194921602359394, -0.2849936418847078, -0.5001022909324236, 14406000000, 
-0.09127634465906254, -0.07067261171922537, -0.5003222328103644, 14411000000, 
-0.01718792517213416, -0.2855036515708148, -0.5001746243972373, 14416000000, 
-0.059974994503895235, -0.03113525755810237, -0.49974233543895463, 14421000000, 
-0.0490367992785387, -0.14160807045542623, -0.5004358084106811, 14426000000, 
0.0014675229298670607, -0.2567652122692485, -0.5000235463886573, 14431000000, 
-0.08168259084701758, -0.007802677980563645, -0.4998700841198029, 14436000000, 
-0.0419733248845798, -0.18937776964146918, -0.5003973219743788, 14441000000, 
-0.03544468949901544, -0.13338838098701386, -0.49992401199430264, 14446000000, 
-0.07444315566370276, -0.12927538892490753, -0.5001331541200573, 14451000000, 
-0.04481749304077892, -0.28700830523593623, -0.4999532837454849, 14456000000, 
-0.10095591023535735, 0.0014183798195264302, -0.4999021612668649, 14461000000, 
-0.03499209131539642, -0.17284543830860338, -0.5002855354523807, 14466000000, 
-0.031145204957684764, -0.2678274266907729, -0.4997993294375874, 14471000000, 
-0.1167141474721051, -0.044834556012524354, -0.5000395127525072, 14476000000, 
-0.019039383213694465, -0.2507554334513512, -0.500134596532855, 14481000000, 
-0.0870404979968057, -0.043181508888375394, -0.5003634396070769, 14486000000, 
-0.07392430458447957, -0.19457991291391744, -0.5003862466118382, 14491000000, 
-0.0529233788543762, -0.31330331513263193, -0.49995180860993554, 14496000000, 
-0.06799052259952955, -0.023420432107596374, -0.49988336039041764, 14501000000, 
-0.06075534676757782, -0.12765644192205247, -0.4999488017266689, 14506000000, 
-0.021409431613598894, -0.2797021368950298, -0.49984346814189173, 14511000000, 
-0.09492039434921017, -0.014357386671942092, -0.5002058443597162, 14516000000, 
-0.03875475413391717, -0.2521679047131248, -0.5004259901854109, 14521000000, 
-0.06998763906913436, -0.0753611595519869, -0.49972749821524204, 14526000000, 
-0.05051617696497344, -0.19182536202708092, -0.5002492707481503, 14531000000, 
-0.024397441118722378, -0.2994367986239181, -0.49986092307147123, 14536000000, 
-0.07235002700305565, -0.03379752091887503, -0.4999917057814969, 14542000000, 
-0.038389872294151944, -0.26501860283252915, -0.5002658027377043, 14547000000, 
-0.10048549133681976, 0.010566417100236529, -0.49969482370630897, 14552000000, 
-0.060228195647726364, -0.18259617989597604, -0.500123764885678, 14557000000, 
-0.00928536065640529, -0.2396615632261877, -0.4998986658571685, 14562000000, 
-0.07589202371186639, -0.02709491330673842, -0.49963089326944343, 14567000000, 
-0.05654238035901272, -0.2195060878487366, -0.5003288683286448, 14573000000, 
-0.10815217427033907, -0.031310161855833844, -0.49942256386850065, 14578000000, 
-0.06520140246876469, -0.1563340692509628, -0.5000125670479313, 14583000000, 
-0.03667390565837816, -0.30605574286743, -0.49948535252951576, 14588000000, 
-0.043828289451831405, -0.028674842479001084, -0.499998276303627, 14593000000, 
-0.06193767616817364, -0.16939712320104622, -0.4999707510296486, 14598000000, 
-0.0036918847045130654, -0.26757947928032066, -0.4998546466779398, 14603000000, 
-0.09850471174520598, -0.037783969237995874, -0.4999416343079512, 14608000000, 
-0.03107235372773061, -0.263360654804093, -0.49990382179205356, 14614000000, 
-0.065647565019071, -0.03408858501751796, -0.5001643726791103, 14619000000, 
-0.06416993997273249, -0.16458197946891479, -0.5000260960985818, 14624000000, 
-0.06332541618378479, -0.14032022284962972, -0.5004453100014937, 14629000000, 
-0.06029727664052158, -0.16557847204584983, -0.49983719873679955, 14634000000, 
-0.05146829657106475, -0.2648288516929047, -0.49985733255723724, 14639000000, 
-0.08340323280419294, -0.018820212667001422, -0.4999802439275307, 14644000000, 
-0.04739528447897313, -0.143712606115842, -0.5005121585192652, 14649000000, 
-0.030955516400203928, -0.2707558418869169, -0.5000756484701793, 14654000000, 
-0.07555203552935916, -0.010133474563365863, -0.49985530979133214, 14659000000, 
-0.07452262146356331, -0.229480815771608, -0.49952751923813854, 14664000000, 
-0.06753735046957866, -0.00492729512265918, -0.49961765512949524, 14669000000, 
-0.06894110198541484, -0.14631675837205463, -0.5000423335627561, 14674000000, 
-0.03807209541444206, -0.2567883934133675, -0.5003987062336887, 14679000000, 
-0.06901641250851581, -0.007834133371726639, -0.49989851018385484, 14684000000, 
-0.05947660199588661, -0.1663265063762824, -0.49989492471207153, 14689000000, 
-0.05213015197364096, -0.2765873345795464, -0.500271712150087, 14694000000, 
-0.07926646278946016, -0.04344312197485266, -0.5003940758481212, 14699000000, 
-0.05033175923174852, -0.18828491300002576, -0.5003196346558286, 14704000000, 
-0.06178747077541716, -0.16399592687899478, -0.5000471421726043, 14709000000, 
-0.06473417675273678, -0.1555551431561651, -0.5002342946573636, 14714000000, 
-0.03299423889392968, -0.2752006092352642, -0.5000629250018244, 14719000000, 
-0.07138189971175446, -0.01409820389653152, -0.5001654253816707, 14724000000, 
-0.06179553172477563, -0.16913980027111933, -0.5006810027136867, 14729000000, 
-0.034351571563332725, -0.3108474034381575, -0.49973083231676985, 14734000000, 
-0.06671202073654292, 0.002929401767753692, -0.5000141779736968, 14739000000, 
-0.010297605722896671, -0.2465341160777693, -0.5003857480313164, 14744000000, 
-0.0689623120626837, -0.041251019152951894, -0.5001373253949556, 14749000000, 
-0.08989345311403463, -0.13241503262177548, -0.5001102424297537, 14754000000, 
-0.04769739202490263, -0.2691589275591285, -0.5000803353154057, 14759000000, 
-0.09010793785836892, -0.026054228893612415, -0.4996858050511088, 14764000000, 
-0.07210443990303811, -0.15936548230507316, -0.5002565065078542, 14769000000, 
-0.02162506408076978, -0.2800703417774923, -0.4995726681775607, 14775000000, 
-0.08889051165287067, -0.07376071644996562, -0.5001504560242517, 14780000000, 
-0.038418876087992285, -0.3163884746359966, -0.4998062059948816, 14785000000, 
-0.05988581701123019, 0.007958923018658793, -0.5000023039534182, 14790000000, 
-0.07744366071860746, -0.1786783805247751, -0.5002780722846526, 14795000000, 
-0.06901589175831979, -0.11400594785022414, -0.4997497427570887, 14800000000, 
-0.054543938019778526, -0.1694362029442944, -0.5004342788174898, 14805000000, 
-0.07710358729172129, -0.23849908734783806, -0.499783223652073, 14811000000, 
-0.08399427250867444, -0.003637123233982069, -0.4999661072436513, 14816000000, 
-0.0269908024480155, -0.17890420302084203, -0.5002112835323065, 14821000000, 
-0.008179101471260407, -0.27990628358836567, -0.49993181160685385, 14826000000, 
-0.07532380579696697, -0.04020367023164806, -0.4999922742880445, 14831000000, 
-0.0721601469273482, -0.145102162896815, -0.5006936109999001, 14836000000, 
-0.04080972575310257, -0.2705893449216746, -0.49992792271529524, 14841000000, 
-0.05766883975973281, -0.03212500687615772, -0.5000611860636557, 14846000000, 
-0.05408870162243863, -0.1792884977820089, -0.5001390176638116, 14851000000, 
-0.05756147344554185, -0.13252584312026067, -0.5001356718401402, 14856000000, 
-0.04879836073799429, -0.1311637353675601, -0.4997657198974101, 14861000000, 
-0.05044469632831775, -0.23169910515132594, -0.5002453709260959, 14866000000, 
-0.07011467484224089, -0.033780876635393774, -0.49973860532983577, 14871000000, 
-0.045254525666050975, -0.16262336550945897, -0.5003538246645511, 14876000000, 
-0.03200075525382014, -0.28952334321076356, -0.4999757539695887, 14881000000, 
-0.07794850049105162, -0.008737485500240255, -0.4997151250588078, 14886000000, 
-0.034998119733335595, -0.16753135514186296, -0.5003528170417102, 14891000000, 
-0.023267184357398787, -0.29459321247683623, -0.5002134023581242, 14897000000, 
-0.0583354703697458, -0.020346190746016193, -0.49980205631258506, 14902000000, 
-0.061609778767950284, -0.14062912228530453, -0.5000305170257103, 14907000000, 
-0.07989543445381299, -0.12534492839922232, -0.49992428467791244, 14912000000, 
-0.06208774538683485, -0.14216102674902964, -0.5000151430716069, 14917000000, 
-0.04287801747751972, -0.2739561756946095, -0.4999068345820673, 14922000000, 
-0.07078663407943768, -0.03939806997050511, -0.4998676486020052, 14927000000, 
-0.0451164992719379, -0.15710893208473808, -0.5002340171102043, 14932000000, 
-0.05447429345103717, -0.23472809892548238, -0.5000338411102578, 14937000000, 
-0.09373913632220568, -0.04845202101762523, -0.49992721334416507, 14942000000, 
-0.038507355867780084, -0.14908527789533083, -0.5000927851162423, 14947000000, 
-0.053195879885348865, -0.31479720775898734, -0.4997079675934161, 14952000000, 
-0.09532529407064774, -0.0036824359634271414, -0.4996833299738686, 14957000000, 
-0.051144611201224655, -0.16623181430599918, -0.500194367208787, 14962000000, 
-0.04529621055621652, -0.1406858124234111, -0.4998379811203071, 14967000000, 
-0.07954754991896767, -0.14040818706027816, -0.5001840632051412, 14975000000, 
-0.05606770763938645, -0.17002547128384202, -0.49966962430692236, 14980000000, 
-0.09868743523063894, -0.15003962975572602, -0.499912299288561, 14985000000, 
-0.05439071241713884, -0.29156324407346806, -0.500208901205258, 14990000000, 
-0.0951099717693421, -0.01145030935681585, -0.49980402924100065, 14995000000, 
-0.05932663945920212, -0.1834190582492237, -0.5003547486940169, 15000000000, 
-0.03147192850793029, -0.2996033259353263, -0.5000552707743355, 15005000000, 
-0.06593909279688154, 0.02597518448134102, -0.5001316618266908, 15010000000, 
-0.06816842344943659, -0.1644824805987723, -0.5000338015664055, 15015000000, 
-0.04640738613989212, -0.2722642514414291, -0.4998401279348778, 15020000000, 
-0.07384081729187758, 0.001863402229656138, -0.4999653644418666, 15025000000, 
-0.06482299598533586, -0.12937509509757922, -0.5001500092798685, 15030000000, 
-0.02744774231662999, -0.2822963551416553, -0.49975875179999407, 15036000000, 
-0.05167555595412858, 0.0005529768773951116, -0.4997793016464856, 15041000000, 
-0.05767311899382151, -0.16523578578937517, -0.5005720223901361, 15046000000, 
-0.026533908138692865, -0.28399688230766096, -0.4996903241711087, 15051000000, 
-0.07352235397222179, -0.02115066050581674, -0.5000450294938287, 15056000000, 
-0.06261870226220381, -0.2961583807586454, -0.500264209060303, 15061000000, 
-0.07070563063257658, -0.04772760390660079, -0.5001957292694268, 15066000000, 
-0.06556416151952962, -0.19395685379337807, -0.5002404293371776, 15071000000, 
-0.06998689472666754, -0.2880041594323213, -0.4999332117588255, 15076000000, 
-0.08099840456194181, 0.010952276206404005, -0.5001580956049785, 15081000000, 
-0.06569011733667209, -0.1653255996565468, -0.500438486164506, 15086000000, 
-0.03603929139910029, -0.29374342308605556, -0.4996963357671672, 15091000000, 
-0.09193573578154862, -0.0018967509085811899, -0.5000868906475052, 15096000000, 
-0.021433374304635044, -0.1760250424787863, -0.5002953660114756, 15101000000, 
-0.039763060273853436, -0.1125627299601572, -0.5003178060334906, 15106000000, 
-0.04749741658720952, -0.12442247394213042, -0.5000596532678392, 15111000000, 
-0.03378142241806609, -0.2859547780579245, -0.5000975649713559, 15116000000, 
-0.07371218256980144, 0.00432919050966716, -0.49982951145162074, 15121000000, 
-0.04654321222752926, -0.2716291744742314, -0.5001853483741052, 15126000000, 
-0.06826341598241309, -0.003348860942386485, -0.5000436488024099, 15131000000, 
-0.0501437912317713, -0.1749657856307856, -0.5001846232157403, 15136000000, 
-0.04117102709545611, -0.28222815630651193, -0.49983963198107373, 15141000000, 
-0.06251953817196307, 0.00028103134795265557, -0.4999454551502834, 15146000000, 
-0.04919867604405313, -0.2812380546747088, -0.5002301549038719, 15151000000, 
-0.08709257943377144, -0.02616132239835824, -0.4998325100619356, 15156000000, 
-0.08425888548106095, -0.1494960176782472, -0.500341503306557, 15161000000, 
-0.02361875308893016, -0.2828056529924398, -0.49992351521171974, 15168000000, 
-0.08367439548214399, -0.009789375518447427, -0.4997762376717841, 15173000000, 
-0.052763190123904805, -0.17039041043568984, -0.5005575910934015, 15178000000, 
-0.06184431321511113, -0.12815268668777807, -0.5001387948046766, 15183000000, 
-0.040914924328795135, -0.14370504790573713, -0.500103396252793, 15188000000, 
-0.0284742688219981, -0.2933903916239625, -0.500182035471303, 15193000000, 
-0.07789260681910119, 0.032984344565870016, -0.49993475920768843, 15198000000, 
-0.032840290328782745, -0.14745182286476394, -0.4997227705020344, 15203000000, 
-0.027892086182457004, -0.2729553320233861, -0.50042483594795, 15208000000, 
-0.09974643896727547, 0.02244270762077699, -0.5000373788409035, 15213000000, 
-0.07286647633152184, -0.1445981347650994, -0.5001587222491234, 15218000000, 
-0.024845656536060252, -0.2889612428719272, -0.49970346205374605, 15223000000, 
-0.07379866712693083, 0.02377141247343337, -0.5003227624901725, 15228000000, 
-0.0377504960704389, -0.16559033521194486, -0.5006069792079667, 15233000000, 
-0.06676621032801192, -0.18352234132451065, -0.49948777395222227, 15238000000, 
-0.054068021948958774, -0.17845107875042787, -0.5000442905174741, 15243000000, 
-0.009773353566421901, -0.2595713437457598, -0.5002747376467309, 15248000000, 
-0.07598786960082551, 0.004839794726918435, -0.4996597114544085, 15253000000, 
-0.04396404145112486, -0.17423823937189925, -0.5002306390962422, 15258000000, 
-0.04664622278322257, -0.26984548405136893, -0.49963085019255593, 15263000000, 
-0.08133788387343882, 0.1165834654845891, -0.5001938021884544, 15268000000, 
-0.047449987699864304, -0.1481064214929708, -0.5003195588842438, 15273000000, 
-0.05147176893641018, -0.27912320560594717, -0.5000832329299035, 15278000000, 
-0.06005728101963574, -0.016521736139272294, -0.5002089630941511, 15283000000, 
-0.027586443631523638, -0.18185903558476554, -0.5000177248709362, 15288000000, 
-0.009365558803311459, -0.2990479960224838, -0.5003337022627703, 15293000000, 
-0.07246824167188487, 0.023253136512454305, -0.49999240291680674, 15298000000, 
-0.050655467900465476, -0.16609270731967907, -0.5005916880091442, 15303000000, 
-0.05587725415504047, -0.31118628681340016, -0.4998723279640246, 15308000000, 
-0.07939970973504679, -0.0008981628728835251, -0.4999706676184061, 15313000000, 
-0.0359098675465423, -0.1891570138664354, -0.5003332057873564, 15318000000, 
-0.04059320529828356, -0.3039574984599552, -0.49990946823873644, 15323000000, 
-0.0815103536071132, 0.006827254809648424, -0.4998041810427177, 15328000000, 
-0.045381146561434396, -0.15470880442890897, -0.5003530241900104, 15333000000, 
-0.0736353325420096, -0.16861439308327886, -0.4994751658429753, 15338000000, 
-0.07380447174659131, -0.14151492477003613, -0.4999215222927042, 15343000000, 
-0.03972368513711593, -0.2875869873966939, -0.5001643515623245, 15350000000, 
-0.10564629219169444, -0.0692291823196764, -0.4998259652015885, 15355000000, 
-0.04668127210673585, -0.16398056164564415, -0.5001071814268762, 15360000000, 
0.002715719730000392, -0.29345401935575705, -0.4996685639101535, 15365000000, 
-0.065998632701427, 0.02144642863939081, -0.49963785137266137, 15370000000, 
-0.009028383831649906, -0.2774137728402695, -0.49973838940235477, 15375000000, 
-0.1049310649540774, -0.011259080384529479, -0.499950551297151, 15380000000, 
-0.025329004005317936, -0.15213228606543908, -0.5001612613385428, 15385000000, 
-0.03086109483469391, -0.3125948211898999, -0.49993657429537885, 15390000000, 
-0.07459108583030007, 0.028057038288431382, -0.5001333151859971, 15395000000, 
-0.04315917879673149, -0.16428042946477575, -0.5004978561520352, 15400000000, 
-0.07197786180777968, -0.1337745452235081, -0.499671084693844, 15405000000, 
-0.06179985414280588, -0.1581676212634024, -0.5005140854027279, 15410000000, 
-0.015361091552775697, -0.3038063805627247, -0.5000225251460547, 15415000000, 
-0.062025806415290693, 0.042853766819315686, -0.4997905897414014, 15420000000, 
-0.052459988456476946, -0.16690426604681657, -0.5002746401374795, 15425000000, 
-0.04424903075670832, -0.3068295677472925, -0.5001962525338164, 15430000000, 
-0.06998391596050617, 0.008706871573059941, -0.5003593428857958, 15435000000, 
-0.026797503391870436, -0.1644729373057957, -0.5008089185267164, 15440000000, 
-0.031775204715816005, -0.33369344830145414, -0.49968799992130697, 15445000000, 
-0.0856350300794772, -0.02040484360203062, -0.5002990662869135, 15450000000, 
-0.07655634319328926, -0.16362481309625085, -0.5003193391717263, 15455000000, 
-0.01213559060568611, -0.3194493846012796, -0.4999974570263837, 15460000000, 
-0.09177328412773929, -0.011981024667056278, -0.499909686723807, 15465000000, 
-0.013576183223694138, -0.16639609808233954, -0.5002938848092441, 15470000000, 
-0.039860021653914265, -0.3013620730885375, -0.4994971848074403, 15475000000, 
-0.08839491497341, 0.01911968589291791, -0.5001805671931804, 15480000000, 
-0.05091508905814663, -0.15333483374751675, -0.5006387738810683, 15485000000, 
-0.041465969262362304, -0.32950724132012116, -0.4997476269462241, 15490000000, 
-0.09020020459656915, 0.039735319181065265, -0.49995359161864295, 15495000000, 
-0.06239319413181567, -0.17980366069092196, -0.5002996788319329, 15500000000, 
0.012856641920899525, -0.5220551778813066, -0.5002960963614395, 15505000000, 
-0.09051532601983088, -0.042058091866425076, -0.5005360724500102, 15510000000, 
-0.009069661659522218, -0.2945135002711526, -0.5000413261243842, 15515000000, 
-0.09033438111594622, 0.01961010274890375, -0.5002096919554344, 15520000000, 
-0.06667615024351171, -0.1725279105642172, -0.5002466322180931, 15525000000, 
-0.013117685870471196, -0.32839149085896696, -0.500166919553525, 15530000000, 
-0.12739905874424015, 0.0501311737036253, -0.5003033835511134, 15535000000, 
-0.06596545960389921, -0.1702215089965562, -0.500404186983281, 15540000000, 
-0.06412374558531928, -0.1432480943069158, -0.49996454628919945, 15545000000, 
-0.0004877379513735375, -0.1759218692313595, -0.4997744726579696, 15550000000, 
-0.03084019119980847, -0.2863300768242201, -0.5000020626411055, 15555000000, 
-0.09620565488481507, 0.0262788709122441, -0.5000845531520025, 15560000000, 
-0.042777696969262355, -0.14896590478749555, -0.50013321409521, 15565000000, 
-0.03455811458644946, -0.33565544954611304, -0.4999855922658422, 15570000000, 
-0.11117017910262761, 0.02057341147964458, -0.5000952833636811, 15575000000, 
-0.02563795137966921, -0.17549172890326198, -0.5005145138348628, 15580000000, 
-0.03151307126930328, -0.33739300616405044, -0.49971691773811683, 15585000000, 
-0.10108093871184412, 0.00025274707348080586, -0.4999297989246612, 15591000000, 
-0.016541786649694065, -0.3497980674931744, -0.5001949967071637, 15597000000, 
-0.11190076119507388, 0.02518110840401894, -0.4997854510757247, 15602000000, 
-0.015715063701269176, -0.17744926390289212, -0.5000106301615949, 15607000000, 
-0.015169444224660605, -0.3314981468456495, -0.4996358238672365, 15612000000, 
-0.1005247209792359, 0.02984240728114137, -0.49986599656970554, 15617000000, 
-0.053791983215379015, -0.1860304357463598, -0.5002963598958636, 15622000000, 
-0.007492176900287081, -0.37695562887682194, -0.5000841844281458, 15627000000, 
-0.07930798264868448, 0.004373076010586421, -0.4998269508696491, 15632000000, 
-0.05151803890817172, -0.165636264371365, -0.5001102122212975, 15637000000, 
-0.03820412454073073, -0.1326300952149022, -0.4998486456340478, 15642000000, 
-0.05443677241326959, -0.1307839790515421, -0.5003016484873131, 15647000000, 
-0.04031051923126481, -0.15315544294508845, -0.4999174509834978, 15652000000, 
-0.025997215555832807, -0.16460900636871018, -0.5000620855736054, 15657000000, 
-0.029632578632888044, -0.13478198499295052, -0.5003572501555219, 15662000000, 
-0.01793513101658431, -0.19803014576790384, -0.50054057036715, 15667000000, 
-0.09756888295264173, -0.11782306398354542, -0.49996900949108175, 15672000000, 
-0.027875023040498787, -0.1790248439804748, -0.49981025278707736, 15677000000, 
-0.07444713533478377, -0.1511262440734849, -0.5007978814190964, 15682000000, 
-0.03172436092622219, -0.14097672789529606, -0.49983800486454805, 15687000000, 
-0.0641758756375032, -0.10334536116835787, -0.49998129832862326, 15692000000, 
-0.05531216699961998, -0.1965618765622757, -0.49998097569477057, 15697000000, 
-0.059615485008108295, -0.1660175769582266, -0.5001246034351876, 15705000000, 
-0.0645258069371253, -0.14899538799553852, -0.500403638884775, 15710000000, 
-0.069997005821862, -0.1556511621556487, -0.4999778128704918, 15715000000, 
-0.04119921006556239, -0.12497978882152302, -0.4999278932548526, 15720000000, 
0.015258450418503131, -0.2926089026897011, -0.5002529141505045, 15725000000, 
-0.13971532364902048, 0.042164168704367906, -0.5000613878739563, 15730000000, 
-0.05779102834078448, -0.17652746543309222, -0.5002027676670674, 15735000000, 
-0.00011608374997389322, -0.33646576457918476, -0.49973359179442683, 15740000000, 
-0.1481605834829361, 0.054180750392311766, -0.500128132857289, 15745000000, 
-0.011913554278104484, -0.1817819657911402, -0.5002864450957082, 15750000000, 
0.042983212868474896, -0.328257792840116, -0.4996803618585253, 15755000000, 
-0.12697153809804135, 0.029806096345121824, -0.5001937209939286, 15760000000, 
-0.04235740953881886, -0.16919273446709981, -0.5002374511427772, 15765000000, 
-0.07356485941999316, -0.13900082625808313, -0.500029478355815, 15770000000, 
-0.06956688368685367, -0.13675992744338333, -0.5001793979571312, 15775000000, 
-0.0169956623878561, -0.3279237661261324, -0.5000934339754547, 15780000000, 
-0.15533773269703668, 0.11481909769377201, -0.4997991314688309, 15785000000, 
-0.058479052410337, -0.16226238109024202, -0.5005269832253421, 15790000000, 
-0.004478236286419851, -0.3108807499275179, -0.5000181534356365, 15795000000, 
-0.13729246723062702, 0.066134739075778, -0.4997069489195457, 15800000000, 
0.008650801367462477, -0.3451654053173078, -0.49992995309485333, 15805000000, 
-0.10281150247248533, 0.011987564601169957, -0.49966013302068885, 15810000000, 
-0.07566466922178121, -0.15427705550627976, -0.5000989627246185, 15815000000, 
0.028542128106928497, -0.3345083188237162, -0.5000523229269647, 15820000000, 
-0.14526038176544795, 0.027359445875306407, -0.49960388347214374, 15825000000, 
-0.06617257519505938, -0.15681717782180785, -0.5004801655792186, 15830000000, 
-0.07691290463620203, -0.14340030031308665, -0.5003065578515836, 15835000000, 
-0.1038453571442623, -0.1387943953160555, -0.4998763577583839, 15841000000, 
-0.01828607046575669, -0.1640322865676609, -0.5005083500753359, 15846000000, 
0.009913606935360267, -0.3328469595891496, -0.5000662551703611, 15851000000, 
-0.16491526297288558, 0.09311990742615682, -0.49988204095584116, 15856000000, 
-0.02810878191736982, -0.18235790084128395, -0.500204888041095, 15861000000, 
-0.011457922876889532, -0.33276055362519397, -0.49996289220665163, 15866000000, 
-0.15942872488263427, 0.08676262346080371, -0.5002977832767449, 15871000000, 
-0.05173008110667212, -0.16925831649081197, -0.5003742195199121, 15876000000, 
0.04927091104046989, -0.4240381306599301, -0.5000288131621653, 15881000000, 
-0.1562099574834192, 0.06587532701443963, -0.4995155217265865, 15886000000, 
-0.05984828785173129, -0.1714439489071372, -0.5003205052546594, 15891000000, 
0.037148881278437976, -0.35994892129927897, -0.49985723922181724, 15896000000, 
-0.1851971051274821, 0.0721351248836314, -0.49988409458982747, 15901000000, 
-0.03284656712786205, -0.1813839434497693, -0.5003163510344114, 15906000000, 
0.018708598969214597, -0.34969937736469603, -0.5002284046043713, 15911000000, 
-0.19112626147939635, 0.1251719368521186, -0.5004152001113864, 15916000000, 
-0.041146222022449996, -0.14709933102675501, -0.5004417501482497, 15921000000, 
0.015490272136634595, -0.3765434068949653, -0.5000220618906094, 15926000000, 
-0.14563549710148316, 0.02704478776949041, -0.5003191588608947, 15931000000, 
0.03040153081704817, -0.35656248952533776, -0.5004547854013169, 15936000000, 
-0.13838011003194067, 0.025347500652270486, -0.49979005519532216, 15941000000, 
-0.03749684194028745, -0.1443778994997026, -0.5003344088681372, 15946000000, 
0.0244654894854185, -0.351974986532847, -0.5001641524903927, 15951000000, 
-0.16320396082656902, 0.07103472230466888, -0.5000744915195605, 15956000000, 
-0.075870865221246, -0.15572974566166733, -0.5002205534722806, 15961000000, 
0.01891509379556651, -0.3821875098808783, -0.5001993248279377, 15966000000, 
-0.13707517834061536, 0.058381892344042084, -0.5000983524216646, 15971000000, 
-0.0276298898427682, -0.1786977779041741, -0.5004927930660663, 15976000000, 
-0.03977546881843268, -0.15292820357414777, -0.499901376105542, 15981000000, 
-0.05173914395283012, -0.14122003583968346, -0.500212636592066, 15986000000, 
0.021295975033827512, -0.3083681792841292, -0.5005197212515822, 15991000000, 
-0.13625872588673138, 0.02047967939366486, -0.49933595812099674, 15996000000, 
-0.02013019812101039, -0.17699655100172398, -0.5002094723278262, 16001000000, 
0.057224772150985787, -0.3590192061262171, -0.4998027979986861, 16006000000, 
-0.13199409787488894, 0.07970377396358744, -0.49992596459618527, 16011000000, 
-0.045945843169915165, -0.19386028559293764, -0.5003475663173113, 16016000000, 
0.02475416487583921, -0.32096617347000433, -0.4998195573158032, 16023000000, 
-0.15424158883958758, 0.10426867736920062, -0.5001050731822674, 16028000000, 
-0.06265683495295656, -0.172772847815351, -0.50012749185202, 16033000000, 
0.00512915869184084, -0.32256387476398407, -0.4996822892232288, 16038000000, 
-0.141650275087109, 0.04980170042469892, -0.5001006233550359, 16043000000, 
-0.04814214446637752, -0.16529629348831018, -0.5004491116603932, 16048000000, 
0.04828744664601302, -0.33552987436462517, -0.49979184094344414, 16053000000, 
-0.13327139170405966, 0.07923963928198446, -0.49978149952409967, 16058000000, 
-0.0534553465395492, -0.18166215280803785, -0.5006044063218753, 16063000000, 
-0.04330702272378415, -0.18653606432814918, -0.49971536148390766, 16069000000, 
-0.06361095190708535, -0.13800549153189404, -0.500003176847595, 16074000000, 
-0.03492092049685165, -0.16266554894767585, -0.5003666213910907, 16079000000, 
-0.024285670565829497, -0.17471380402038222, -0.49972736270717116, 16084000000, 
-0.06888226116504624, -0.12959038970503733, -0.49992505854766384, 16089000000, 
-0.05968282128241003, -0.18593637593456705, -0.5000889287576226, 16094000000, 
-0.038364742500463525, -0.15858368302882808, -0.5000588016585412, 16099000000, 
-0.0716170787805555, -0.11935598773764966, -0.4999976336781393, 16105000000, 
0.032868980204867365, -0.32729166100477336, -0.5001554057730772, 16110000000, 
-0.11046994538065542, 0.030332657220279974, -0.5001063457585625, 16115000000, 
-0.05210535150756951, -0.14681842145503385, -0.5000840143813373, 16120000000, 
-0.0010174234780949715, -0.30786865915538875, -0.5003036623434264, 16125000000, 
-0.11883543868199763, 0.032579081001328704, -0.4998643126664198, 16130000000, 
-0.0550248953720337, -0.16850524934742298, -0.5003202430960626, 16135000000, 
0.00603525099685977, -0.3158667734599316, -0.5001200624737221, 16140000000, 
-0.08170371693767714, 0.02179591516498137, -0.5001586227816531, 16145000000, 
-0.06482813963020922, -0.1749019494067318, -0.4998738022434884, 16150000000, 
0.006776017419776886, -0.3625040745408886, -0.5003668502342425, 16155000000, 
-0.12840048483649835, 0.03437530548573388, -0.49998041838436097, 16160000000, 
-0.036099310561303034, -0.17039439564081435, -0.4999199875113052, 16165000000, 
0.04955314733524672, -0.3523318009523256, -0.4999883553460878, 16170000000, 
-0.1372478678776833, 0.04846044500808537, -0.4997491866674481, 16175000000, 
-0.048530554617027995, -0.14023951412823776, -0.5004777340053257, 16180000000, 
0.022696588888359934, -0.358143710310622, -0.49965764137724983, 16188000000, 
-0.10030830867128487, -0.049453799455074894, -0.5001939659775653, 16193000000, 
0.04193117356624136, -0.3357985549133291, -0.4998672649114832, 16198000000, 
-0.1182327296545242, 0.0138262355795215, -0.5002428205129092, 16203000000, 
0.02697676470473968, -0.32443509500999484, -0.5002364589885226, 16208000000, 
-0.15005307284501745, 0.03681481727695232, -0.49992167185798153, 16213000000, 
-0.04354472106775678, -0.13410448505960162, -0.5002164345319785, 16218000000, 
-0.011898930783314592, -0.3421181614790715, -0.5000367006721788, 16223000000, 
-0.14568398320447612, 0.0725724782014013, -0.5000424518741725, 16228000000, 
-0.0420650263908939, -0.17424115308865246, -0.5002871456018272, 16233000000, 
0.001583079853644434, -0.37853979238084967, -0.4998215722492814, 16238000000, 
-0.15226630618843084, 0.08055198039896092, -0.49994935197176643, 16243000000, 
-0.09283556985092781, -0.1535847231502025, -0.4998904473184069, 16248000000, 
0.041917527896557207, -0.3341452435656304, -0.49980542398024935, 16253000000, 
-0.1335410116410943, 0.015826628278137064, -0.5001415859383679, 16258000000, 
-0.0533651104733957, -0.1611934670571017, -0.5000326677655357, 16263000000, 
0.004329940214806311, -0.35557475580695197, -0.5001288984459832, 16268000000, 
-0.1476292845780325, 0.05023013914942804, -0.5003805279140905, 16273000000, 
-0.059397048958503715, -0.16842753161439958, -0.49982341941485214, 16278000000, 
0.026706411623630303, -0.3478672252637084, -0.5001422295028651, 16283000000, 
-0.13065237412822323, 0.053522189858280424, -0.49988529804004467, 16288000000, 
-0.07141987237373482, -0.16832320244239138, -0.5006246152561906, 16293000000, 
0.003870717648472074, -0.3644304128724664, -0.49999465818971217, 16298000000, 
-0.12884701419464034, 0.07068547124118137, -0.4999376469167867, 16303000000, 
-0.04846799897969993, -0.16820176951378735, -0.500463706539515, 16308000000, 
0.03402187513124097, -0.3416314427823014, -0.5002824202043585, 16313000000, 
-0.12471085184948007, 0.07050611772341014, -0.49985429341891585, 16318000000, 
-0.05836563806811546, -0.15418859990375744, -0.5002736296685896, 16323000000, 
0.021754682396821733, -0.3351752277768875, -0.49982305040439146, 16328000000, 
-0.11559201034236755, 0.08586221084368664, -0.500031991796777, 16333000000, 
-0.06681040107105941, -0.21757186553667882, -0.499902353600991, 16338000000, 
0.032564368070084254, -0.3434129816293799, -0.500154954086364, 16343000000, 
-0.1395880806492171, 0.0661629265790621, -0.4997038158273451, 16348000000, 
-0.05348080834954462, -0.12881874461563414, -0.5002048918621091, 16353000000, 
-0.005533489835209245, -0.30640843120371875, -0.5000585721130196, 16358000000, 
-0.12243832666478, 0.06078449828398262, -0.49963393812047036, 16363000000, 
-0.0613907361878252, -0.17314216875869806, -0.5001280652453861, 16368000000, 
-0.004274918364749882, -0.3086974542316348, -0.49982310148153025, 16373000000, 
-0.18876873437916072, 0.19783957548021835, -0.49982472900158015, 16378000000, 
-0.08107943425284034, -0.16355215160458272, -0.5003424896057735, 16383000000, 
0.03497275895022009, -0.34029842461541876, -0.49991640189175507, 16388000000, 
-0.12599916577697592, 0.006931872944536094, -0.5000281568556546, 16393000000, 
-0.05083536675427008, -0.159329292221447, -0.5001029837130565, 16398000000, 
-0.028761473146983383, -0.16226233559242337, -0.5000625475191153, 16403000000, 
-0.05020405739342903, -0.11762658109603975, -0.5002164039472153, 16408000000, 
0.02427867921347206, -0.37971875899819557, -0.5002064553337588, 16413000000, 
-0.13219035204447988, 0.054117524269549876, -0.5001572696327596, 16418000000, 
-0.040252039511192765, -0.19402724038422675, -0.500075373101006, 16423000000, 
0.015946155294987014, -0.3228748263458623, -0.49992177463500526, 16428000000, 
-0.10916333875049777, 0.04033456481538718, -0.5002476394119632, 16433000000, 
-0.04272901337620025, -0.14960900727079007, -0.5003209971877579, 16438000000, 
0.03314655081085803, -0.36393347063892745, -0.4995897610579641, 16443000000, 
-0.1396128513419491, 0.0263364796590088, -0.49973452272705365, 16448000000, 
-0.07884268878787068, -0.16989422296225726, -0.5003286897104673, 16453000000, 
-0.040026939664321456, -0.17626205496042446, -0.4999465247720547, 16458000000, 
-0.06549669841873565, -0.1296056497776669, -0.5000878185861737, 16463000000, 
-0.05674886350555914, -0.15488810959080057, -0.500442703722138, 16468000000, 
-0.058609867687932776, -0.13007012449259853, -0.49973059529100794, 16473000000, 
-0.049400018551840785, -0.15891222720204412, -0.5000295550477949, 16478000000, 
0.021583494100282055, -0.32685076868130875, -0.5002823084929326, 16483000000, 
-0.13723387929626576, 0.03359424856196956, -0.5000717039693675, 16488000000, 
-0.05188958660856301, -0.13806311394834248, -0.5000142493991288, 16493000000, 
0.04418383669856526, -0.3233152304185169, -0.4999043393286726, 16498000000, 
-0.10108504973578547, 0.06673595271633079, -0.49990685907943067, 16503000000, 
-0.06870694490575915, -0.16088367020030384, -0.49986251058961284, 16508000000, 
0.009309566390005967, -0.30692507166235394, -0.49953998137957145, 16513000000, 
-0.12039656220599593, 0.061367224967514476, -0.4999292867384278, 16518000000, 
-0.0540851489251907, -0.16524611573053716, -0.5005891433597724, 16523000000, 
-0.011940418930612096, -0.14654677905298083, -0.4998654253563062, 16528000000, 
-0.07491828231003357, -0.10984727007538345, -0.5000308554789082, 16533000000, 
0.017379061939549724, -0.3401447782076346, -0.5002743356902576, 16538000000, 
-0.0869792489311179, 0.01931346135195213, -0.5002076029483249, 16543000000, 
-0.08630299537426245, -0.1492880668206382, -0.5002081826197898, 16548000000, 
0.020271998065102645, -0.348805799539086, -0.5000626307561327, 16553000000, 
-0.17087421062750915, 0.1265029023600332, -0.5000548202289831, 16558000000, 
-0.07195460147711781, -0.1454706777103239, -0.5004543236939861, 16563000000, 
0.00241286150564831, -0.2900295662634228, -0.49957367925097573, 16568000000, 
-0.15170341182563954, 0.09000373724003632, -0.4998286545685274, 16573000000, 
-0.03807984063491931, -0.16527480881581877, -0.5006670173391391, 16578000000, 
0.01714523170073074, -0.33963677738546827, -0.4998063562639868, 16583000000, 
-0.12628810492633039, 0.031855110358839485, -0.5004388005961576, 16588000000, 
0.019079966673820885, -0.338444556399309, -0.5002017894900584, 16593000000, 
-0.11522828038061517, 0.020977714790756906, -0.49946955795657616, 16598000000, 
-0.05401237616926927, -0.15711943998611966, -0.5004252966290746, 16603000000, 
0.027718160296813725, -0.36221013570027133, -0.5000035843846508, 16608000000, 
-0.12031157543621464, 0.05170603811305216, -0.4995314242724714, 16613000000, 
-0.053016905464052376, -0.16744575158388847, -0.5000139177055114, 16618000000, 
-0.04616349984520732, -0.14080480484410768, -0.4995389964530939, 16623000000, 
-0.07699549704653796, -0.14370951280624403, -0.5000639807967401, 16628000000, 
0.00881241630587053, -0.33963858702265515, -0.49991563712239856, 16633000000, 
-0.11875668317600123, 0.06613713452184573, -0.4999626765686647, 16638000000, 
-0.047634770449256486, -0.16943561917123043, -0.5000305960855684, 16643000000, 
0.009141278493425107, -0.2954706860424854, -0.4996245952615878, 16648000000, 
-0.10796317496033053, 0.02329797579378266, -0.5003542138730639, 16653000000, 
-0.035897756621370375, -0.20518353362226807, -0.5002374415540137, 16658000000, 
0.010154895660102331, -0.2790778693702777, -0.49995772140799194, 16663000000, 
-0.15591203711124, 0.019678091143320517, -0.500504976676724, 16668000000, 
-0.05612013572869529, -0.1959364463448225, -0.5003410028489661, 16673000000, 
0.004629530312790002, -0.3241921633719315, -0.49970456436265426, 16678000000, 
-0.17279720205303253, 0.07140786052070922, -0.49995332676401955, 16683000000, 
-0.05892169920078431, -0.16275589123336115, -0.500359002783697, 16688000000, 
0.029837318109427715, -0.31315321791066725, -0.5000629887465046, 16693000000, 
-0.16537104191311555, 0.044477913905541795, -0.4999312734354468, 16698000000, 
-0.0379908486627934, -0.1794606727049356, -0.500122895021818, 16703000000, 
0.005567346999345672, -0.32431063341063765, -0.5000554186462541, 16708000000, 
-0.12336897594810732, 0.03657915150043741, -0.5002844790140251, 16713000000, 
-0.0017889970484171805, -0.2783774944699622, -0.4999035568342797, 16721000000, 
-0.14911553582591405, 0.004334312877569656, -0.5000378328780464, 16726000000, 
-0.07299969674176186, -0.1876438392691201, -0.49957780398443, 16731000000, 
0.019778771632888173, -0.3111799504030543, -0.5001550700187222, 16736000000, 
-0.11545513228958082, 0.03836632929768889, -0.49977779324027033, 16741000000, 
-0.0847296826768831, -0.17083472223833762, -0.5001424945085483, 16747000000, 
0.015602073778294912, -0.3415629450411809, -0.4999840241449915, 16752000000, 
-0.12607433075008376, 0.03851623949212622, -0.499762720178369, 16757000000, 
-0.05612322502866583, -0.19841853404398202, -0.500469730300632, 16762000000, 
-0.033732720397060253, -0.12626065687996096, -0.5000448307826195, 16767000000, 
-0.0880725669513649, -0.15686913209474906, -0.5000424767159869, 16772000000, 
0.014135833756937732, -0.38018073528747254, -0.5000805074211792, 16777000000, 
-0.13031328343695284, 0.033754863307985716, -0.5000738583869441, 16782000000, 
-0.03313529533827669, -0.14962814742220862, -0.5004066213490884, 16787000000, 
0.0051717900324835964, -0.2822412023200292, -0.4997947530221533, 16792000000, 
-0.11119478255587857, 0.0125722860343381, -0.500328780571872, 16797000000, 
-0.017999379824202626, -0.30488665877973115, -0.5003487968768308, 16802000000, 
-0.11673062822261217, 0.01934969600889945, -0.4996995204132835, 16807000000, 
-0.04600784147892396, -0.1831976877263171, -0.5003279006698225, 16812000000, 
0.02284936914839508, -0.3470310168422417, -0.5000403022098441, 16817000000, 
-0.152635565646437, 0.024033937249154785, -0.4999451125830141, 16822000000, 
-0.04076811083764466, -0.18453345008259234, -0.5002605187506085, 16827000000, 
0.028276749903233315, -0.31252227246702485, -0.5000746572865671, 16832000000, 
-0.12230487339118813, 0.011864517266044542, -0.4997956747106445, 16837000000, 
-0.048719341496104, -0.17439869601041125, -0.5001039006181747, 16842000000, 
-0.08608119683108682, -0.1120279197678699, -0.49968998211353544, 16848000000, 
-0.06319270133700262, -0.17324080385299384, -0.4998502964807974, 16853000000, 
-0.0007131358762095651, -0.29182961191825896, -0.5001710972945459, 16858000000, 
-0.0849238704936307, 0.00888178727066477, -0.5000113532860678, 16863000000, 
-0.061647311897929755, -0.21076512749642512, -0.49981998251523824, 16868000000, 
0.03966325404759594, -0.3060428645819319, -0.5002976915475802, 16873000000, 
-0.09599685725019312, 0.017396797196613134, -0.4996573974056948, 16878000000, 
-0.033186635123156956, -0.13838113648234535, -0.5001057694372103, 16883000000, 
-0.021951829456699087, -0.3043785718978405, -0.5001557537833626, 16888000000, 
-0.1052238330573982, 0.008003141932509283, -0.5000698481970693, 16893000000, 
-0.0744972281301507, -0.17755704732297012, -0.5005373596055034, 16898000000, 
0.003995620948640578, -0.2970531219522721, -0.499619863691624, 16903000000, 
-0.12387773951350772, 0.023556235310587696, -0.5000099995691111, 16908000000, 
-0.052295386897960414, -0.1539211784360989, -0.5004799706079587, 16913000000, 
-0.025211902642309998, -0.15769698157819462, -0.499646281298085, 16918000000, 
-0.055256221601901176, -0.1377189513157371, -0.5001360138047478, 16923000000, 
0.0035040577385237167, -0.28284341968851695, -0.4996188989960785, 16928000000, 
-0.10306896843072384, -0.008792166404086903, -0.5001287157883264, 16933000000, 
-0.05245079084641302, -0.18281351797992512, -0.4998439672876479, 16938000000, 
0.012974432986566219, -0.3119248108039964, -0.500124710885443, 16943000000, 
-0.10994054555230531, 0.01613446806717161, -0.5000599496481589, 16948000000, 
-0.023142955758521638, -0.15402831043872, -0.5002723672317267, 16953000000, 
0.0013496232576000028, -0.3019072113455143, -0.49999849669167296, 16958000000, 
-0.14854995773372015, 0.006049528836437945, -0.5001909376779985, 16963000000, 
-0.046682445809972425, -0.1583583866459873, -0.5000859229352, 16968000000, 
0.013110439392657464, -0.2819878260171474, -0.5000488717491108, 16973000000, 
-0.1306099293998367, -0.02684231260435433, -0.4999616611022519, 16978000000, 
-0.05687581902481446, -0.1534991028015598, -0.5002623427897814, 16983000000, 
0.04577107368101499, -0.38943314457575556, -0.4999724805577409, 16988000000, 
-0.10654558461154116, -0.05478504243425883, -0.49979245171089154, 16993000000, 
0.009536202031004918, -0.31026557745551403, -0.5001840069209876, 16998000000, 
-0.1129704210236521, -0.006503888517570876, -0.4998387427248991, 17003000000, 
-0.07390073364237157, -0.15537559288358838, -0.49994760024881457, 17008000000, 
-0.010461977763011053, -0.305325743258464, -0.5001888090524572, 17013000000, 
-0.11932170682036376, 0.004366145179707374, -0.49953315444640467, 17018000000, 
-0.045440232101260844, -0.1984586122470859, -0.5003839019436901, 17023000000, 
-0.03378751679787009, -0.1381262395082163, -0.49991546420156574, 17028000000, 
-0.0743044897415184, -0.14975721646944398, -0.4997910101157647, 17033000000, 
0.01334795830515537, -0.28333129936880885, -0.4998919451635467, 17038000000, 
-0.13302882498390642, 0.03962709007499168, -0.4997186815046294, 17043000000, 
-0.05266544617773831, -0.14215029105149984, -0.500095075042617, 17048000000, 
0.016424618790516272, -0.2781395231881343, -0.4998285997750138, 17053000000, 
-0.11834834039936626, -0.03392866020082337, -0.5001107215340104, 17058000000, 
-0.029170765305024795, -0.18878233812688944, -0.5002050815417229, 17063000000, 
-0.008537122002619364, -0.2724998022282724, -0.49952196795557974, 17068000000, 
-0.11437876152735602, -0.003339537807812913, -0.4999002434498684, 17073000000, 
-0.048454594745359604, -0.18403253521642832, -0.5002523066882284, 17078000000, 
-0.00915090918669732, -0.2940050775432644, -0.4996483274621038, 17083000000, 
-0.11161791545807291, -0.032565404122660645, -0.5004380260804767, 17088000000, 
-0.03712737175716449, -0.17949920865324462, -0.5006322246355118, 17093000000, 
-0.010805435422058397, -0.2469442333059835, -0.5000006691561083, 17098000000, 
-0.11026533330965763, -0.003478506242184691, -0.4997769429702259, 17103000000, 
-0.037300611671749986, -0.17228557201309777, -0.5003457718345219, 17108000000, 
0.019961787099413805, -0.3468180167283227, -0.4996806574940312, 17113000000, 
-0.07325573669128688, -0.015623445200563522, -0.4999738314377214, 17118000000, 
-0.04649487222825602, -0.1733443459003166, -0.5001674505614528, 17123000000, 
-0.02452666155916377, -0.17274267716882646, -0.49986125031544754, 17128000000, 
-0.059744018094608047, -0.14087052596057453, -0.5003034734202162, 17133000000, 
0.0411661377306763, -0.25669604391168305, -0.5001530561203762, 17138000000, 
-0.12255247445541184, 0.0011533655535291023, -0.5000327081637311, 17143000000, 
-0.016032475719854736, -0.15230504515898521, -0.5003058604602886, 17148000000, 
0.042280248110735406, -0.24954959332847063, -0.4999810557752839, 17153000000, 
-0.10611642684917347, 0.0021870034351285945, -0.4997708034850977, 17158000000, 
-0.0387999542501814, -0.16945834087320952, -0.5002351678816452, 17163000000, 
0.02283950717108454, -0.2911284602711403, -0.4996989696032347, 17168000000, 
-0.10886838835264297, 0.005509478794719172, -0.5003145406380519, 17173000000, 
-0.05525929659980725, -0.17266733916392377, -0.5004415002931945, 17178000000, 
-0.0009075327139333967, -0.2683262853837546, -0.50021675868155, 17183000000, 
-0.09470033494828298, 0.0024061073861633663, -0.49996035600898275, 17188000000, 
-0.05212133086720949, -0.1781431996798193, -0.5002501708370097, 17193000000, 
0.01309066429266494, -0.25154001977296775, -0.49988168367348534, 17198000000, 
-0.09120515853763378, -0.00023405340446381283, -0.500285297228901, 17203000000, 
-0.04174977769109406, -0.2008876928177732, -0.5003694977420977, 17208000000, 
-0.0011677041208328193, -0.27434895157802736, -0.49984415062243664, 17213000000, 
-0.1019248428859853, 0.012855219683382487, -0.5000538428768195, 17218000000, 
-0.062384458041611815, -0.17599979186812828, -0.5002203095054799, 17223000000, 
-0.00980771544593289, -0.15325400799793076, -0.4998994827759248, 17228000000, 
-0.04795388612562301, -0.16737566381110763, -0.5001496883251815, 17233000000, 
-0.013971575950041061, -0.25956793684847157, -0.5001500103017845, 17238000000, 
-0.10142103338793552, 0.006165768737131625, -0.5000061485896318, 17243000000, 
-0.050918689266051274, -0.15998636121056733, -0.5003377983443674, 17248000000, 
0.02949757569238399, -0.2661650243696664, -0.49990864563293463, 17253000000, 
-0.13425387557663862, -0.006194267887419747, -0.500084300125307, 17258000000, 
-0.023351377561199142, -0.17471861374667616, -0.5000601374231967, 17264000000, 
-0.041022906314911484, -0.15315286845396825, -0.5000224172328532, 17269000000, 
-0.08196822875305311, -0.1598595077337258, -0.49998023127599917, 17274000000, 
-0.013328446827237498, -0.2770725175454859, -0.5001210692243304, 17279000000, 
-0.07930163404541374, 0.0034037056430994937, -0.4998039768703126, 17284000000, 
-0.05639851002799951, -0.15617491078731416, -0.5002297694494389, 17289000000, 
0.0021048192452223034, -0.28589182855618356, -0.4999539374717333, 17294000000, 
-0.10805789160320842, 0.007451499699684557, -0.4997104649117834, 17299000000, 
-0.050671139419817525, -0.17641304503268604, -0.5000247018917026, 17304000000, 
-0.0211954744292202, -0.2694272201267021, -0.49967807316722196, 17309000000, 
-0.11119429993797, -0.0084594009477312, -0.5002073089715682, 17314000000, 
-0.024470212727352197, -0.15127752413576048, -0.5003923300234188, 17319000000, 
-0.010217088170289735, -0.29510731008523133, -0.5001166086054929, 17324000000, 
-0.12564457891755126, -0.018039495559257483, -0.4998716624626479, 17329000000, 
-0.06688502738376492, -0.156900832809196, -0.5003661638960173, 17334000000, 
-0.058397814810258124, -0.1506755156089065, -0.5001919863839257, 17339000000, 
-0.03204563890883213, -0.13252616240401338, -0.49992802635470424, 17344000000, 
-0.08715092867384813, -0.16316153307740058, -0.5001720362510967, 17349000000, 
-0.008788518355865738, -0.28757635285774324, -0.49966755137674884, 17354000000, 
-0.09583540027431713, -0.06354065046824793, -0.5003329660133806, 17359000000, 
-0.0018333485569999551, -0.26721969805999096, -0.49990842266031205, 17364000000, 
-0.08945401016594175, -0.03921558881352454, -0.4996857408784262, 17369000000, 
-0.01878371990809035, -0.1788131248814213, -0.49960534291839714, 17374000000, 
0.0037600164511573005, -0.29516786742111323, -0.49956663134576745, 17379000000, 
-0.12431618335727504, -0.01698625166852036, -0.4995804606841825, 17384000000, 
-0.013193241212094524, -0.16645163431396975, -0.5000473815298843, 17389000000, 
-0.024055266187678212, -0.24568392952087295, -0.49971273878493033, 17394000000, 
-0.0912703895720614, -0.005479711766061667, -0.5001049325192107, 17399000000, 
-0.05840496574374669, -0.16835109965375178, -0.5000294729730811, 17404000000, 
-0.01475013121265389, -0.25636633827727434, -0.499647895045656, 17409000000, 
-0.08551028202604807, -0.00538249439024234, -0.49984787028694744, 17414000000, 
-0.05813369453985682, -0.1522093727900973, -0.49988741884336596, 17419000000, 
-0.05029865129438967, -0.17691773642848463, -0.4996965596308367, 17424000000, 
-0.04086018807550817, -0.15155150324725716, -0.5000204680825685, 17429000000, 
-0.02499913624342913, -0.27533792387603956, -0.49997738609093617, 17434000000, 
-0.08958704260135877, -0.06565124897888017, -0.49997142879211276, 17439000000, 
-0.0809143941219575, -0.16209603337983727, -0.5003033693581571, 17444000000, 
-0.035237895204788025, -0.2556326945222325, -0.500334311493536, 17449000000, 
-0.09482186244881079, -0.042799371563873506, -0.499945946768195, 17454000000, 
-0.04659275600100664, -0.13972985813511438, -0.4996809770887648, 17459000000, 
-0.020502043585554387, -0.25354263719445413, -0.4997572076051452, 17464000000, 
-0.1337915635628172, 0.01464025271503354, -0.4997852749568492, 17469000000, 
-0.06676656490451385, -0.17245022085443157, -0.5004455653079007, 17474000000, 
-0.049114081379349576, -0.16576425947540266, -0.49976792335747383, 17479000000, 
-0.03885514910688574, -0.12605907181787357, -0.5004078780418257, 17484000000, 
0.011270880582037537, -0.26355295095394254, -0.500053487887288, 17489000000, 
-0.10178990350046085, -0.029804751644576563, -0.4998768476134107, 17494000000, 
-0.04497412118902851, -0.14404346204047988, -0.500251240875748, 17499000000, 
-0.00515942917680291, -0.3357069136235753, -0.4996082215509, 17504000000, 
-0.08656026137587286, -0.05801975763830872, -0.5003227220792684, 17509000000, 
-0.027988575598472423, -0.27112296761544696, -0.5001046499886311, 17514000000, 
-0.08605754293255931, -0.011586930070092996, -0.4997974617182491, 17519000000, 
-0.08987102942401438, -0.15742421617904323, -0.49993948248597014, 17524000000, 
-0.004839453241613924, -0.2708838329861087, -0.5004048817141393, 17529000000, 
-0.03748286525814193, -0.144443304394136, -0.4996575234809277, 17534000000, 
-0.12752180232348825, -0.054571859328487224, -0.5000736642226156, 17539000000, 
-0.04420723271016293, -0.15875547589742606, -0.5002059359336635, 17544000000, 
-0.036451327366457155, -0.12366675638788474, -0.4996037534533786, 17549000000, 
-0.05849570641931025, -0.17040242988985585, -0.5002427269735503, 17554000000, 
-0.030163270146769946, -0.23168293660746778, -0.5003215983768475, 17559000000, 
-0.06472106590373716, -0.07247097656424469, -0.49975538794285757, 17564000000, 
-0.08770304520425161, -0.14136031964767365, -0.4998376517862857, 17569000000, 
-0.03105014820760498, -0.2908683534263172, -0.5005133275873864, 17574000000, 
-0.03270777910734628, -0.04500993418411787, -0.49996747683870946, 17579000000, 
-0.08584246931811422, -0.1657640765018363, -0.49993503580437865, 17584000000, 
-0.02788725557777294, -0.23830452609521208, -0.5000626941079321, 17589000000, 
-0.06681531855429372, -0.05820298482214743, -0.5000960969894396, 17594000000, 
-0.07818937031480412, -0.16092738816335758, -0.5001075106193931, 17599000000, 
-0.07599928789364606, -0.2541366393640561, -0.4999988875060301, 17604000000, 
-0.09933509413145546, -0.05237624785160222, -0.499723865879347, 17609000000, 
-0.08385192229496446, -0.13122697956838578, -0.4999310126205778, 17614000000, 
-0.019180581372620065, -0.2761711593975192, -0.5000231537784556, 17619000000, 
-0.10276445317859431, -0.05133111494573478, -0.4997902162892924, 17624000000, 
-0.07803236932418849, -0.13768849638076025, -0.4999433913279393, 17629000000, 
-0.009094982857731013, -0.2511054973180339, -0.5000946376674492, 17635000000, 
-0.08698341503624002, -0.013078604696194537, -0.49968734879881094, 17640000000, 
-0.06233608898802168, -0.14081837267015976, -0.5000051814950868, 17645000000, 
-0.014794717953463994, -0.26159951484915905, -0.4998285517456175, 17650000000, 
-0.09170456509207693, -0.02186310542782711, -0.4999502980601952, 17655000000, 
-0.05496597656117534, -0.1612903667357269, -0.5001124579477161, 17660000000, 
-0.03041507552569992, -0.2815748913491716, -0.4997012729953113, 17665000000, 
-0.08960324833072449, 0.021682083546669003, -0.5003893929818125, 17670000000, 
-0.04195281437267234, -0.14664712829999246, -0.4999713370667424, 17675000000, 
0.003594188784856917, -0.23966533934173764, -0.5003063728344935, 17680000000, 
-0.07265901414488113, -0.05033371760558271, -0.4999510885899939, 17685000000, 
-0.019757426758702488, -0.2727809205078738, -0.5002636772783129, 17690000000, 
-0.07813633670765968, -0.0480873533978984, -0.5000658832537116, 17695000000, 
-0.04624680970839571, -0.14154258232798314, -0.5001801546346283, 17700000000, 
-0.05276873831377551, -0.2718032703930338, -0.4999276575379794, 17705000000, 
-0.11773763566829949, -0.026568291331409314, -0.5001611887624081, 17710000000, 
-0.085496136480415, -0.1656864774849885, -0.5000931014851251, 17715000000, 
-0.019706217120960698, -0.2892150335775254, -0.4996815782139863, 17723000000, 
-0.08172749960069063, -0.13713855921333826, -0.49965529664847586, 17732000000, 
-0.09704170233999723, -0.020471459401650002, -0.49994138270261523, 17737000000, 
-0.05157414842393104, -0.13701818726797055, -0.500080970026509, 17742000000, 
-0.005204792177885907, -0.26092792069864057, -0.4999720431025119, 17747000000, 
-0.06710633957178641, 0.002291829935012542, -0.5001317179951772, 17752000000, 
-0.0312293011306672, -0.13589420612243455, -0.5005597051559788, 17757000000, 
-0.043195608603269896, -0.13564387065138706, -0.4998329806032753, 17762000000, 
-0.04600851937137991, -0.17847015447008469, -0.5002215494165408, 17767000000, 
-0.016072280365756263, -0.24132592586916826, -0.5000814684190181, 17772000000, 
-0.0865107377621074, -0.004719157482150602, -0.4995839977531691, 17777000000, 
-0.0818152035580235, -0.14389835024031072, -0.5002425795589361, 17782000000, 
-0.046282264251675594, -0.269300485844063, -0.5002195717763593, 17787000000, 
-0.08252436882023399, -0.013934085318426171, -0.4998472522607055, 17792000000, 
-0.050880470644467546, -0.1803629467740685, -0.5001778901269988, 17797000000, 
-0.040633416208848104, -0.2784143042024874, -0.49992790950265814, 17802000000, 
-0.09392102308856776, -0.03264893634968793, -0.5000006394911629, 17807000000, 
-0.04816116291643108, -0.13688597364632077, -0.49999628937477936, 17812000000, 
-0.045766791029263856, -0.28679896008551525, -0.49966244196090237, 17817000000, 
-0.09759313351462179, -0.04065322196174122, -0.5002736951237777, 17822000000, 
-0.031139242198761984, -0.24091733686346029, -0.5002427815935376, 17827000000, 
-0.06636735944952815, -0.011282671778210386, -0.500081851262653, 17832000000, 
-0.05722552922493086, -0.189275835323868, -0.49995303817554354, 17837000000, 
-0.05854483926816881, -0.2774157190487492, -0.4998353222593742, 17842000000, 
-0.05933549392657752, -0.025905250711869027, -0.499865667420228, 17847000000, 
-0.07590893023707629, -0.1689744929698119, -0.4999015656888336, 17852000000, 
-0.04309935335876602, -0.15880315523197774, -0.4999233887852233, 17857000000, 
-0.04794596740351158, -0.17954008264646876, -0.5001993648849176, 17862000000, 
-0.029408304171148324, -0.2747454350238666, -0.4998890993446682, 17867000000, 
-0.07831418714272041, -0.03548143863672081, -0.5000098623341299, 17872000000, 
-0.053321640394359125, -0.14925851656501946, -0.5001787467444286, 17877000000, 
-0.03172042072035872, -0.2739300061898723, -0.4997777015378055, 17882000000, 
-0.08997328761577134, -0.02721884629976231, -0.4999829594976812, 17887000000, 
-0.03435331912211884, -0.2355127214391584, -0.5003513025452118, 17892000000, 
-0.05173993385975508, -0.05531881545644074, -0.49983672441134164, 17897000000, 
-0.06959357803638737, -0.17702048908131804, -0.5001539468723922, 17902000000, 
-0.048505485363976766, -0.2458778960098291, -0.4998960332523419, 17907000000, 
-0.09193092830370579, -0.014595928189786238, -0.5000492015833683, 17912000000, 
-0.041599101209070025, -0.17603887854143144, -0.5001664232332161, 17917000000, 
-0.008674598706289286, -0.2380275287271281, -0.49991278266738975, 17922000000, 
-0.06211356848579188, -0.05903054821074938, -0.5004922646822342, 17928000000, 
-0.04325002151667922, -0.2766015776510002, -0.500189471199026, 17933000000, 
-0.06271267976054765, -0.03249692405913185, -0.5000741959738441, 17938000000, 
-0.031796486146290326, -0.176163035515701, -0.5001494502478524, 17943000000, 
-0.051999290849198895, -0.29490396485489256, -0.4997213156988416, 17948000000, 
-0.08141567332180763, -0.02964832786381202, -0.4999505130419411, 17953000000, 
-0.03455537066642492, -0.26663498158937876, -0.5002454314109624, 17958000000, 
-0.0979444549993278, -0.059875956444597665, -0.4997243573487047, 17963000000, 
-0.06937168837868712, -0.17376167059207195, -0.5001643204697578, 17968000000, 
-0.039228274268568036, -0.26792205300999106, -0.5001119313101866, 17973000000, 
-0.10695747544774838, -0.061956422376681405, -0.5002579495521364, 17978000000, 
-0.06322823626739212, -0.17392438810265742, -0.5000939305217189, 17983000000, 
-0.03193738064107977, -0.26724154047116044, -0.4998136965773023, 17988000000, 
-0.08582519126011907, 0.00101926089974054, -0.4998178137544257, 17993000000, 
-0.004821392158107229, -0.2414815599335351, -0.5000812527592687, 17998000000, 
-0.07002810834738665, 0.00477867544144453, -0.5003020101699255, 18003000000, 
-0.033633226687787614, -0.16644555319655502, -0.5003486777880322, 18008000000, 
-0.02579039164468172, -0.28151437882505037, -0.49995736215033737, 18013000000, 
-0.10921092271718895, -0.02282473279540412, -0.5002206516683191, 18018000000, 
-0.05175431747276871, -0.16153877617415105, -0.5003742610518829, 18023000000, 
-0.05327095666297149, -0.1434934753978576, -0.4999837294681726, 18028000000, 
-0.05171409821621837, -0.14034928015663267, -0.4997376681096269, 18033000000, 
-0.040118968193694336, -0.29995975990013285, -0.5000260709730044, 18038000000, 
-0.070593347366287, -0.00900288096196361, -0.5002633790063143, 18043000000, 
-0.09733334714694963, -0.16753996456375048, -0.5005709170643138, 18048000000, 
-0.03434446630204115, -0.2920091186957721, -0.4998636990285223, 18053000000, 
-0.07319920250341384, 0.010933182566988928, -0.5000781282497566, 18058000000, 
-0.0449463914434475, -0.26205023117780024, -0.5001655801325835, 18063000000, 
-0.08373164968234068, 0.02149634264654442, -0.4997990715622743, 18068000000, 
-0.06054450920636955, -0.15662460819562088, -0.5004088419284848, 18073000000, 
-0.031017830260367692, -0.2684451382854465, -0.4997796878987128, 18078000000, 
-0.06418363777036894, -0.008307441142544853, -0.49996621180590795, 18083000000, 
-0.029485462311617, -0.260470281912171, -0.4998550056155089, 18090000000, 
-0.07721104021490718, -0.01873152405628411, -0.49986710579473587, 18095000000, 
-0.04195450404011675, -0.17973648332271105, -0.5002184435134696, 18100000000, 
-0.05426104782116837, -0.2982915817142329, -0.4997585101993385, 18105000000, 
-0.049548246138015714, -0.037000745538998195, -0.5001773404962984, 18110000000, 
-0.04593096624928102, -0.2915455678141855, -0.5000327611539079, 18115000000, 
-0.0731943643795285, -0.034931841728606555, -0.4997211513873192, 18120000000, 
-0.04160939491412059, -0.14208114231021352, -0.5001172144250331, 18125000000, 
-0.023848282095438895, -0.27281772565294304, -0.5002353850697915, 18130000000, 
-0.09008304447680905, -0.04009531147061629, -0.5002210874508933, 18135000000, 
-0.06184391477121503, -0.14523695986794916, -0.5003707621405137, 18140000000, 
-0.031779500285207686, -0.26768384805985856, -0.5001162093894351, 18145000000, 
-0.09215134785353155, -0.02933062168172075, -0.5001112837928329, 18150000000, 
-0.07148681621260143, -0.1685042507913773, -0.5001682616356443, 18155000000, 
-0.047226114134457306, -0.2809939371975246, -0.49992609000136795, 18160000000, 
-0.0718609956737971, 0.020469531116962807, -0.5001305902780699, 18165000000, 
-0.03511454181309527, -0.18465773719216244, -0.5003708245300956, 18170000000, 
-0.06558869162006332, -0.16070935257164293, -0.4997727864816375, 18175000000, 
-0.07546791241491457, -0.11862285169952094, -0.5001379844955982, 18180000000, 
-0.022166702814311334, -0.3015060089046258, -0.5003642342379817, 18185000000, 
-0.07673409315857103, -0.08141513811950993, -0.4999200912051737, 18191000000, 
-0.040129425286477796, -0.16807043544739184, -0.5001343290678752, 18196000000, 
-0.0429981720325261, -0.3131824665820201, -0.5000322005969406, 18201000000, 
-0.07566649361222483, -0.006727291329888571, -0.5000498213510276, 18206000000, 
-0.09234828841399109, -0.16227752152710334, -0.5001824495804251, 18211000000, 
-0.053080619571545494, -0.16739037549815897, -0.4995060521146087, 18216000000, 
-0.06979680686919366, -0.1476224136875208, -0.5001020433490092, 18221000000, 
-0.04908486698303147, -0.30652672168111694, -0.5000871129564001, 18226000000, 
-0.08126948447126428, -0.014091562663516459, -0.5001773334016961, 18231000000, 
-0.06353579241538919, -0.16467579279038536, -0.5000529715094814, 18236000000, 
-0.010072220863889491, -0.30622723810951336, -0.4996423131939298, 18241000000, 
-0.044372165025723234, -0.0005824743620888792, -0.500231109330457, 18246000000, 
-0.06245943654575386, -0.26067587397634706, -0.5000735993638431, 18251000000, 
-0.03843177639134304, -0.030131231231104304, -0.5000769540370839, 18256000000, 
-0.0502597466752893, -0.14376508262842366, -0.5002567387386023, 18261000000, 
-0.023057078282489932, -0.2787137640218759, -0.4998904296306629, 18266000000, 
-0.08595958359809067, -0.014212021538558738, -0.49985371531829437, 18271000000, 
-0.0706762264507451, -0.1707461215451802, -0.5001221330985354, 18276000000, 
-0.062427066389329045, -0.13695478242361986, -0.500051934280832, 18281000000, 
-0.043775078190944804, -0.14457101928516167, -0.5005542336178543, 18286000000, 
-0.04012212812341489, -0.3076712933865857, -0.49995561535463195, 18291000000, 
-0.055110403684800885, -0.035631473402055025, -0.5000206749829859, 18296000000, 
-0.05822142214357851, -0.1840556203383165, -0.5002724962281208, 18301000000, 
-0.03460135419672031, -0.27716821078906073, -0.49959851076714745, 18306000000, 
-0.06633832493487148, -0.005698965832406644, -0.5001857882812705, 18311000000, 
-0.0266964850482539, -0.2663163374708898, -0.49996237489609296, 18316000000, 
-0.0607469334299844, -0.03463119699246546, -0.4999800609037902, 18321000000, 
-0.06875583777976663, -0.13049739830952742, -0.5000818620788255, 18326000000, 
-0.05907597145830472, -0.25399813008369415, -0.5001460988067946, 18331000000, 
-0.04077955229661358, -0.006253980240997922, -0.4998703914109964, 18336000000, 
-0.09004902638671261, -0.1482397027045305, -0.5005184993335334, 18341000000, 
-0.031124067237630438, -0.28635441028249786, -0.4999900003019273, 18346000000, 
-0.0934588227872452, -0.0056838850143897494, -0.4996187869560183, 18351000000, 
-0.05799756005298847, -0.14701998578568853, -0.5001510454562844, 18356000000, 
-0.03125780684881002, -0.275835104014263, -0.5004392115493864, 18361000000, 
-0.10656009665233004, -0.029055979928118682, -0.5002365886396106, 18366000000, 
-0.04818382809743371, -0.15019337520198495, -0.5003845947504323, 18371000000, 
-0.029661114721788, -0.27027751781394194, -0.5005166441912674, 18376000000, 
-0.031915420447897296, -0.009461491299817222, -0.49990218177431933, 18381000000, 
-0.058144241951527335, -0.1433199531204583, -0.5000812497724851, 18386000000, 
-0.0525692061688733, -0.28383938749142595, -0.5001684308805094, 18391000000, 
-0.03216067414192159, 0.012408194949642237, -0.4999336940673696, 18396000000, 
-0.06430800193577252, -0.17890190842664103, -0.5000744856702751, 18401000000, 
-0.024840565621591197, -0.30429706946190654, -0.5001535730531779, 18406000000, 
-0.08613882423166334, 0.006683252951198401, -0.49958748736375924, 18411000000, 
-0.059810527709882315, -0.1311120192713432, -0.5001164788974434, 18416000000, 
-0.06847021653242304, -0.18048694898515313, -0.5000721390871116, 18421000000, 
-0.03974696972036359, -0.1449713616628002, -0.500570308252329, 18426000000, 
-0.02992913958205879, -0.27809646984712727, -0.5000254136390401, 18431000000, 
-0.04597595142019513, -0.030843551203978185, -0.500194700175988, 18436000000, 
-0.039600561372352946, -0.17863264024980316, -0.5003291018021357, 18441000000, 
-0.057263892208414366, -0.28484408107788034, -0.49974522815664274, 18446000000, 
-0.11802404928187682, -0.001024726176816748, -0.5002911693819836, 18451000000, 
-0.022269545215068524, -0.28741877435330593, -0.500100640814848, 18456000000, 
-0.11079967947058295, 0.010260023323038494, -0.4998270614891265, 18461000000, 
-0.036852639324621295, -0.2125403965542447, -0.499876702351051, 18466000000, 
-0.04843049823883432, -0.32070081588581734, -0.49975792366502475, 18471000000, 
-0.05842890131409159, 0.028147411818126335, -0.49987791261996256, 18476000000, 
-0.039567217824541756, -0.16452049580584255, -0.5000637313996085, 18481000000, 
-0.033864298963033806, -0.13791426040728186, -0.499701059869817, 18486000000, 
-0.052291619170372804, -0.1172662250386745, -0.5004560945154037, 18491000000, 
-0.012642971632738628, -0.2758126481072472, -0.500151990115144, 18497000000, 
-0.10023487156811962, 0.0299463043400895, -0.5001234669163666, 18502000000, 
-0.03333197232100206, -0.17385027207963202, -0.5004388459815993, 18507000000, 
-0.06359147563585792, -0.1676725968462979, -0.49999781087872514, 18512000000, 
-0.04709088610835489, -0.1380576323402168, -0.5002047349737123, 18517000000, 
-0.03153242061964298, -0.291776366631987, -0.49995627611373383, 18522000000, 
-0.05019753098914073, 0.0023955612710723877, -0.5000826100794743, 18527000000, 
0.01153288832944107, -0.1571182057452688, -0.5006639608431946, 18532000000, 
-0.008150139306866172, -0.33986079304168243, -0.49987590436050044, 18537000000, 
-0.07641386210552636, -0.054930752108229744, -0.5002809926347807, 18542000000, 
-0.016888614974766045, -0.3011183067946056, -0.5006801694999639, 18547000000, 
-0.07039115946322284, -0.019247481225671728, -0.4997125922263561, 18552000000, 
-0.04174365880780439, -0.1919207131809839, -0.49995717968181747, 18557000000, 
-0.035889315567917066, -0.31059199564448103, -0.4999299950330275, 18562000000, 
-0.07333810353340878, -0.0005489886925549303, -0.5000606941049265, 18567000000, 
-0.06512258353735077, -0.173774779181898, -0.5001661229136434, 18572000000, 
-0.0340225273238247, -0.28293931403428696, -0.4999657499952452, 18577000000, 
-0.08325103948747471, 0.013977923330705517, -0.5002687930259098, 18582000000, 
-0.04185873139754081, -0.15793532456497453, -0.5002200134073038, 18587000000, 
-0.05990310940167803, -0.33349670761276856, -0.49992978673614286, 18592000000, 
-0.07308155022173506, -0.057845360489270845, -0.5000633522084218, 18597000000, 
0.0003925100413261287, -0.2803469575203309, -0.4999276900615026, 18602000000, 
-0.062239974273545454, 0.011730452607469062, -0.49991522090551793, 18607000000, 
-0.02898261724507372, -0.16106507574042261, -0.5000599234956413, 18612000000, 
-0.0357468056986487, -0.32223207950270794, -0.49986683055030434, 18617000000, 
-0.08988411384449586, 0.0015645264921559654, -0.4999981259405688, 18622000000, 
-0.05276777028940333, -0.14781386278551775, -0.4998821589827044, 18627000000, 
-0.07051927743945234, -0.13936948576376673, -0.4996393339537094, 18633000000, 
-0.06360026321751648, -0.1389585360842201, -0.49967835295807006, 18638000000, 
-0.032464586753830266, -0.17048273643651707, -0.500365101616664, 18643000000, 
-0.03618891419728325, -0.14948291873890862, -0.5001032827331656, 18648000000, 
-0.0599804962916266, -0.15190820137076613, -0.49966635381695373, 18653000000, 
-0.02607686991028711, -0.3143635471341424, -0.5004258563910791, 18658000000, 
-0.08952512353279725, -0.025675784833603492, -0.4998908527184624, 18663000000, 
-0.07792440541115142, -0.17783141073556824, -0.5003461710043393, 18668000000, 
-0.032853964165538395, -0.3067458454396352, -0.49962243361705433, 18673000000, 
-0.12067405563939321, 0.05526458289090433, -0.4999069416107736, 18678000000, 
-0.02217270491875876, -0.17517939019537884, -0.5001870940638047, 18683000000, 
-0.024511144204066457, -0.34851356269363176, -0.49997369840431743, 18688000000, 
-0.07935073478116554, -0.02230372751800225, -0.50003107907699, 18693000000, 
-0.03392735179164801, -0.1680580952041299, -0.5005038967323264, 18698000000, 
-0.023109794154646653, -0.3318583093770336, -0.49983809177623734, 18703000000, 
-0.0842885758225912, -0.0036295943116272655, -0.4999068318280039, 18708000000, 
-0.01011005073659355, -0.3123697813907596, -0.5000115178920101, 18713000000, 
-0.07073445238125867, 0.025437349920993058, -0.4999524408182799, 18718000000, 
-0.05211263153694082, -0.1920300672940024, -0.5003512496234755, 18723000000, 
-0.026216444238453235, -0.35434758422344076, -0.5001348592479327, 18728000000, 
-0.11362959683951836, 0.02700010079335139, -0.5004641803583395, 18733000000, 
-0.013592308524499927, -0.14169727677834512, -0.5001458847242319, 18738000000, 
-0.003971530861057424, -0.312297218558288, -0.50012308597256, 18743000000, 
-0.10260854595633974, 0.05041707911019391, -0.4999813293694942, 18748000000, 
-0.034325674987932764, -0.29399717031249945, -0.5002635840690007, 18753000000, 
-0.12460377225481784, 0.03346375526487751, -0.49997062142168264, 18758000000, 
-0.05884787181225767, -0.13309437078907077, -0.5000754139591417, 18763000000, 
-0.028091250470161803, -0.34523117066115244, -0.500205175433955, 18768000000, 
-0.13056989120306586, 0.04199449438068011, -0.5001419547607763, 18773000000, 
-0.028132107394581884, -0.16558752735989493, -0.5003907924193564, 18778000000, 
-0.025403478723875272, -0.1792512180532974, -0.5001804266375475, 18783000000, 
-0.07593014735571234, -0.14188729351499152, -0.5001709124715573, 18791000000, 
-0.056914102071030453, -0.16386800206213553, -0.49993483763735835, 18796000000, 
-0.0578516463152499, -0.15576409149464115, -0.5001641728588693, 18801000000, 
0.0023824536845656833, -0.3427704147497688, -0.5002265399681807, 18806000000, 
-0.10170749797564356, 0.06340568766592242, -0.49980168347663584, 18811000000, 
-0.028620827483082225, -0.18618920181131268, -0.5004013469875441, 18816000000, 
0.0055100869794830094, -0.33403625902395995, -0.5000922891622981, 18821000000, 
-0.1380630502781853, 0.09549316439100174, -0.4999513510999147, 18826000000, 
-0.056489460775488866, -0.15578592184631812, -0.5006254609782294, 18831000000, 
-0.0678790401999101, -0.1843571414135705, -0.4995185688644837, 18836000000, 
-0.06986426052813802, -0.14350736605007658, -0.4999374268860581, 18841000000, 
0.012942003112910095, -0.3091252743898208, -0.5003980260284042, 18846000000, 
-0.12621792828121525, 0.04382343645381339, -0.5000407467424902, 18851000000, 
-0.053482434321409984, -0.14747521488817283, -0.4997383419721446, 18856000000, 
0.0027421409335462704, -0.3442292683119564, -0.5000886973455374, 18861000000, 
-0.13855511252380853, 0.06836954704558657, -0.4998701176120468, 18866000000, 
-0.041688076557874654, -0.1822447704714999, -0.500029809187705, 18871000000, 
0.00418756867442723, -0.3395432287930761, -0.49986191350934395, 18876000000, 
-0.10337580936874165, 0.05628614222490327, -0.4999303918576992, 18881000000, 
-0.01622161789313607, -0.29104135714402096, -0.5001890934627337, 18886000000, 
-0.12141501859077455, 0.021788315158583347, -0.499834750658982, 18891000000, 
-0.032353328488143714, -0.15140586187857716, -0.5000234282227887, 18896000000, 
0.03362456052144853, -0.3728549339521931, -0.5001449549112372, 18901000000, 
-0.13938751384818665, 0.06201202624442212, -0.4999141001076102, 18906000000, 
-0.06386072859706675, -0.12271896779874836, -0.5003576609637714, 18911000000, 
-0.024762598000021875, -0.33801960914537826, -0.4994318935703652, 18916000000, 
-0.13749938291115113, 0.04966594895770105, -0.4999143704726137, 18921000000, 
-0.010843371044608616, -0.34619868148661775, -0.5001333835715827, 18926000000, 
-0.1295371080241451, 0.041596180394295065, -0.4997665456024813, 18931000000, 
-0.03683701076294943, -0.18613109797723001, -0.500156278880007, 18936000000, 
0.041757574571700866, -0.3889561906212117, -0.4999425987706142, 18941000000, 
-0.11140350535903575, 0.017285325815749687, -0.5000808147151286, 18946000000, 
-0.017465741067241584, -0.15580914768545281, -0.5005100155410477, 18951000000, 
-0.06888073231111061, -0.15150634404644747, -0.49992498224336546, 18956000000, 
-0.07383215430493398, -0.15480498966720424, -0.5004122611778139, 18961000000, 
0.02205989623763429, -0.325044159744524, -0.4996120566836732, 18966000000, 
-0.1844975047439781, 0.14974821695849796, -0.5001544938656577, 18971000000, 
-0.03985052695482893, -0.2044862257281903, -0.5003924070945182, 18976000000, 
0.014130188344852626, -0.3419161392947118, -0.5001253647512436, 18981000000, 
-0.11686762967716521, 0.061997399793357326, -0.49996336440057676, 18986000000, 
0.03441228945922791, -0.3516809649301143, -0.4996431590774525, 18991000000, 
-0.15200819168007446, 0.05316842258793418, -0.4998197080629818, 18996000000, 
-0.05029183712125752, -0.21840057084228118, -0.5002632954617456, 19001000000, 
-0.03529167474906136, -0.16744324412063005, -0.5001676266178355, 19006000000, 
-0.10432171910769462, -0.11504213577905625, -0.5001972761558642, 19011000000, 
-0.026415106436323083, -0.15747081901960558, -0.5005684535941399, 19016000000, 
-0.018128716453938022, -0.18135885072655655, -0.4999344152451676, 19021000000, 
-0.05010582172304971, -0.12475020198398683, -0.5001120933598813, 19026000000, 
0.04556017957128516, -0.3855353284533533, -0.5003507793264599, 19031000000, 
-0.18234070468554564, 0.06996559681982685, -0.49977934807019525, 19036000000, 
-0.05474213747573816, -0.18510471910298956, -0.5003892048474737, 19041000000, 
-0.07475025448439183, -0.10464896364348039, -0.5003131184180433, 19047000000, 
-0.07101191029391207, -0.1871287173136542, -0.4998871742679954, 19052000000, 
0.04120818864107547, -0.4242264312056351, -0.4997974983653766, 19057000000, 
-0.19834298195660877, 0.0664917866127143, -0.5000857997794369, 19062000000, 
-0.03649641126533534, -0.16865909737791757, -0.49984514816344194, 19067000000, 
0.014167341898542445, -0.34491269506741545, -0.4998268419872592, 19072000000, 
-0.14635510952178005, 0.07962753536480437, -0.5002360778747961, 19077000000, 
-0.012549316506939634, -0.3080221561632631, -0.5002329202330208, 19082000000, 
-0.1782791128636369, 0.1295647085814661, -0.5000448657934468, 19087000000, 
-0.03972149400520882, -0.14170074004552835, -0.5002144172892027, 19092000000, 
0.05752341623194984, -0.3889674135608447, -0.4995826397645865, 19097000000, 
-0.1383871664490927, 0.09253500839255138, -0.5000277738732118, 19102000000, 
-0.045215483516035014, -0.16334578461086288, -0.500271075986672, 19107000000, 
0.028626388651176185, -0.36656163844004874, -0.5000880245346109, 19112000000, 
-0.13458169804374182, 0.06689708312387857, -0.5001241819524713, 19117000000, 
-0.06749123061720566, -0.18624126721085665, -0.5004627125987258, 19122000000, 
0.03230575641461413, -0.344418868983099, -0.5002053679177209, 19127000000, 
-0.13792232754667058, 0.12261976714027951, -0.5002062414364258, 19132000000, 
-0.07012048488304287, -0.15318521153941425, -0.5007936006111328, 19137000000, 
-0.044610789650756634, -0.1992658930433689, -0.49947257595878847, 19142000000, 
-0.06712190403788695, -0.10691745169478561, -0.499763021698247, 19147000000, 
0.010216043260417374, -0.34911664048620744, -0.4999117272155041, 19152000000, 
-0.1291679624099362, 0.027003786423353222, -0.49985280787249015, 19157000000, 
-0.04376431962218076, -0.20527821486455236, -0.5002578121936718, 19162000000, 
0.014199593359807168, -0.37953766812056283, -0.5002139264100744, 19167000000, 
-0.14082262389145717, 0.06207252117813832, -0.5001998362969421, 19172000000, 
-0.04368565573325682, -0.1769803750916302, -0.5002849240963126, 19177000000, 
0.03229212460016209, -0.3744857912414808, -0.4997158099051682, 19182000000, 
-0.15908027390505664, 0.07093420404431972, -0.5001506533630463, 19187000000, 
-0.05935810166450478, -0.16665924016806538, -0.500374030355623, 19192000000, 
-0.015005111624204315, -0.33665003766461643, -0.4998518897252466, 19197000000, 
-0.09849733565525337, 0.06066073402699051, -0.5004104177739243, 19202000000, 
-0.05315137871689494, -0.17299656375743813, -0.5002460528201388, 19207000000, 
-0.027783494286966092, -0.14668981133354195, -0.4999883504461971, 19212000000, 
-0.06907787627162279, -0.09798009814835382, -0.49979758889039044, 19217000000, 
0.007236972243530252, -0.2897255994320008, -0.5000390928782276, 19223000000, 
-0.16614024152200454, 0.07378100065402082, -0.49988955231934135, 19228000000, 
-0.06722356678029197, -0.17992558044304827, -0.5002547662311713, 19233000000, 
0.03967110291080546, -0.3762475554215064, -0.4996637465290304, 19238000000, 
-0.14551415998246997, 0.07408495619510219, -0.4999683909581266, 19243000000, 
-0.05361629465736461, -0.1589818088435554, -0.5005517667042667, 19248000000, 
-0.01763776748342372, -0.1525699441936183, -0.49984547595604106, 19253000000, 
-0.08019760268897778, -0.09841394728227806, -0.5002918969948037, 19258000000, 
0.04382514365562269, -0.34600472184854275, -0.5001271598978655, 19263000000, 
-0.10770811913737557, 0.027187165488004292, -0.4999681094779272, 19268000000, 
-0.033102356431725224, -0.15457566477338472, -0.49998465155174077, 19273000000, 
0.030665062333778158, -0.3364902961811382, -0.4999216224189575, 19278000000, 
-0.14570137244203613, 0.044308245154247645, -0.4998086886878016, 19283000000, 
-0.004212812934063647, -0.2892977090921963, -0.5003631057594168, 19288000000, 
-0.12248139781066797, 0.005586577816014449, -0.5000900622659677, 19293000000, 
-0.055024426611508345, -0.18511341040372148, -0.5001518774817177, 19298000000, 
0.02801660407781353, -0.30956412175645587, -0.499963148332086, 19303000000, 
-0.1381268753830366, 0.00409138924205163, -0.4997510571511542, 19308000000, 
-0.05072130615854548, -0.1521917304786301, -0.5005844703869846, 19313000000, 
-0.0356784965375853, -0.165893939515414, -0.5000636661833889, 19318000000, 
-0.09428738825390354, -0.12096175470230316, -0.500639112298753, 19323000000, 
0.01599180333412175, -0.32991963938065605, -0.5000305469616518, 19328000000, 
-0.11718151538625882, 0.01621828198442444, -0.49995266700324564, 19333000000, 
-0.06680227220637072, -0.18106632172643208, -0.5004414414318804, 19338000000, 
0.03525024837702735, -0.3364101603457769, -0.4998439817311764, 19343000000, 
-0.14337134264341556, 0.03075348039093699, -0.5000863862771298, 19348000000, 
-0.001617070030880399, -0.32565664366308744, -0.5006660546497097, 19353000000, 
-0.12949209166273012, 0.046842513895458175, -0.4996252394719409, 19358000000, 
-0.01475257347659266, -0.1803678316819786, -0.5000999135728291, 19364000000, 
-0.0282635069205998, -0.18302691123298, -0.4995025757834866, 19369000000, 
-0.07262626925014058, -0.1297394225699783, -0.5002145365012663, 19374000000, 
0.014823890267316986, -0.33956128319384904, -0.5004403373947728, 19379000000, 
-0.10141703856121134, 0.0312034864658724, -0.4996706121489619, 19384000000, 
-0.06006702524085141, -0.1502321873028175, -0.5002327585870433, 19389000000, 
0.03514955438935727, -0.39401994957418734, -0.5001421092408002, 19394000000, 
-0.15563489333637628, 0.039035056657726525, -0.5000892974625922, 19399000000, 
-0.07205121497989937, -0.1526733241501846, -0.5002150082496616, 19404000000, 
-0.030942100675543482, -0.13301113532131004, -0.4999057678808009, 19410000000, 
-0.0734511025409128, -0.1309008995345943, -0.5002004576056512, 19415000000, 
-0.023955291654217482, -0.34156272719452957, -0.49962384381164426, 19420000000, 
-0.15705386322490786, 0.08261091898829317, -0.4999929776223276, 19425000000, 
-0.04525332929505468, -0.1789415155549889, -0.5002334753221571, 19430000000, 
-0.0324985626384041, -0.1324764999651083, -0.4999254042556287, 19435000000, 
-0.08814653123405325, -0.14105587985588258, -0.5001845670327753, 19440000000, 
0.02704217465811206, -0.3191884800547274, -0.49989826643780555, 19445000000, 
-0.09561459685785849, 0.10457858801062178, -0.5000487143010515, 19450000000, 
-0.02594092361821865, -0.17428936094751973, -0.4999238632115076, 19455000000, 
-0.011907942225431456, -0.31343662475028206, -0.4997526869234416, 19460000000, 
-0.1524341531603885, 0.012213022048762626, -0.5000115757094329, 19465000000, 
0.011687121903976729, -0.321873597987804, -0.500052744215203, 19470000000, 
-0.12548084440148383, 0.03655341415414204, -0.4998285073403974, 19475000000, 
-0.05850918783803277, -0.1278120374132477, -0.4996386517297483, 19480000000, 
0.034314551801122174, -0.389724032586361, -0.49982729427064193, 19485000000, 
-0.15182806497683282, 0.04541983232557228, -0.4996381556914625, 19490000000, 
-0.07927333773567728, -0.1713726802426025, -0.5003810629623036, 19495000000, 
0.04346734422189418, -0.336743704752706, -0.4998838414674566, 19500000000, 
-0.16751767283838087, 0.10272785041957844, -0.4998562981375663, 19505000000, 
-0.0490341487444488, -0.16391211442774586, -0.5005333338925467, 19510000000, 
-0.029446109428741412, -0.18579402026070294, -0.4996489135431299, 19515000000, 
-0.06159986136201973, -0.13258484788330102, -0.5004844214556472, 19520000000, 
-0.004461162021311932, -0.35152963707496965, -0.49986311329029454, 19525000000, 
-0.11089790475261997, 0.026842523182791386, -0.49948208306047914, 19530000000, 
-0.06270402623370612, -0.2018064461534012, -0.49997233365011184, 19535000000, 
0.03235659200375304, -0.3395184635476904, -0.500607524771524, 19540000000, 
-0.09260579654599793, 0.06415092160501547, -0.49979954539886057, 19545000000, 
-0.03636743387335618, -0.16748654027134202, -0.5002710926433301, 19550000000, 
-0.00537960871639678, -0.3523769456455922, -0.5001702958374895, 19555000000, 
-0.13910705119081895, 0.040516397559901066, -0.4998484476206896, 19560000000, 
-0.07597366130743755, -0.15617066680501004, -0.5001624366778055, 19565000000, 
0.0005944610434144026, -0.28575763716386277, -0.5000787261895464, 19570000000, 
-0.13322960584749005, 0.03027018354952644, -0.5000960140934527, 19576000000, 
0.02003924530619666, -0.3241646026387652, -0.500161209833412, 19581000000, 
-0.10622668209278024, -0.00818307256920054, -0.4997073878517924, 19586000000, 
-0.059622374533919456, -0.1419465652882517, -0.4999253202553802, 19591000000, 
0.007985958786265186, -0.31331558851941904, -0.4998222637006674, 19596000000, 
-0.1336120111796668, 0.045782199059636014, -0.5001154680983473, 19601000000, 
-0.05729325180266332, -0.1585580197000693, -0.49992384618947766, 19606000000, 
0.06860426820162134, -0.4604078265381051, -0.5005343447597798, 19612000000, 
-0.12931749629493466, -0.02303782411260913, -0.5001733120979972, 19617000000, 
0.012612614635475323, -0.35575631951594355, -0.49995701165854783, 19622000000, 
-0.12483151767241582, 0.03586444571078415, -0.4999567346145967, 19627000000, 
-0.045937813600275657, -0.18414253938786593, -0.5004253191420919, 19632000000, 
-0.03441523137446765, -0.16943663585970314, -0.5000838641748135, 19637000000, 
-0.058147512876965866, -0.110291736926225, -0.5002157203103542, 19642000000, 
-0.00345798797897391, -0.31345416622241035, -0.5000230489217008, 19647000000, 
-0.12201662683183424, 0.06712296389407377, -0.5002390150416862, 19652000000, 
-0.06998516801499391, -0.16825015619843586, -0.5001499609202434, 19657000000, 
0.014681187271077943, -0.3312808900326624, -0.4997289965881417, 19662000000, 
-0.1618687158679405, 0.07332193608278882, -0.49999982355737954, 19667000000, 
-0.03819619879217245, -0.19446948508803516, -0.5004144367385954, 19672000000, 
0.008956111851769689, -0.33105210612904956, -0.4997412437205869, 19677000000, 
-0.10142509361663105, 0.01914577973700565, -0.5000303570245603, 19682000000, 
-0.05959944480874723, -0.1834870225887394, -0.500246590765531, 19687000000, 
-0.008546644829080834, -0.3407290664393803, -0.4998225360430102, 19692000000, 
-0.1078872248436573, 0.05134707445669333, -0.5000633098465892, 19697000000, 
-0.06546650804960136, -0.17078633462332982, -0.49994639414359204, 19702000000, 
0.024427548316202072, -0.30985491969631135, -0.49969445143492935, 19707000000, 
-0.14310090225831476, 0.05527793158095992, -0.5000553096931035, 19712000000, 
-0.051193405898648556, -0.1976143264734603, -0.5002948763673425, 19717000000, 
0.005319303266618834, -0.3175942179146502, -0.5000535759392729, 19722000000, 
-0.1433330444933929, 0.058153405069377356, -0.4998911043238099, 19727000000, 
-0.07839554943599905, -0.18325675536334038, -0.5003775863336629, 19732000000, 
-0.005797309660747096, -0.31719881217156265, -0.4994760215096261, 19737000000, 
-0.0936255578124065, 0.050298825599022955, -0.49984182163463736, 19742000000, 
-0.08008237964242902, -0.14434853896406566, -0.5001090194480243, 19748000000, 
0.01206359990666835, -0.2775324081679581, -0.4995984414448966, 19753000000, 
-0.1351347863823281, 0.010357986277198108, -0.5000238389836761, 19758000000, 
-0.057778687086843424, -0.17425165407368753, -0.5003494793717301, 19763000000, 
-0.009967878314650493, -0.30560067387163087, -0.49994543893885024, 19768000000, 
-0.13434639404053117, 0.03086165571740104, -0.5000335084756584, 19773000000, 
-0.07304410654042157, -0.1909509369952878, -0.5001912648425234, 19778000000, 
0.01411941903460742, -0.31244144771469945, -0.4997931947689604, 19783000000, 
-0.10339141211806074, 0.06122989918958205, -0.5002563793033392, 19788000000, 
-0.05355387852627294, -0.18229546511664915, -0.5002829963375043, 19793000000, 
-0.04449072380944734, -0.16959138746243882, -0.5000996489510368, 19798000000, 
-0.0560101461166045, -0.11816644908626976, -0.5000791420455293, 19803000000, 
0.044379857889039295, -0.3359128601422383, -0.49984134173937955, 19808000000, 
-0.10015924481929858, 0.053025673944264606, -0.5000263529081783, 19813000000, 
-0.035344706399560846, -0.16473472113902257, -0.5003585552778131, 19818000000, 
0.025449704094705934, -0.34342286933558064, -0.4996932511612739, 19823000000, 
-0.13290748471983357, 0.013094777335127993, -0.5003459385105508, 19828000000, 
0.008436997645949563, -0.27981476844234693, -0.5001935600204759, 19833000000, 
-0.12196881080563186, 0.03974024831723952, -0.4996797064190142, 19838000000, 
-0.05716975833436171, -0.19476482499449854, -0.5000927570144619, 19843000000, 
-0.02023369706156186, -0.2911227313121436, -0.4998644838392789, 19848000000, 
-0.1264044440476297, 0.02196361753405555, -0.49973175087226157, 19853000000, 
-0.05435151678047298, -0.1739024833344874, -0.4998178765858174, 19858000000, 
-0.002527863329526557, -0.3298162003358694, -0.4997915814423581, 19863000000, 
-0.09276558753007588, -0.058112144743238864, -0.5003129488359985, 19868000000, 
-0.08239908037558048, -0.16510184065043862, -0.500292409734565, 19873000000, 
-0.03110827263380903, -0.15972491577505019, -0.49996909833441666, 19878000000, 
-0.057530948780040496, -0.15674982905468843, -0.5000630618265809, 19883000000, 
0.001673926540810235, -0.3132268397516348, -0.5001864992394922, 19888000000, 
-0.11682337625938584, 0.05173423101580682, -0.49964266710421595, 19893000000, 
-0.062212710246766015, -0.17995475233753172, -0.49989322350695703, 19898000000, 
-0.031217538643686094, -0.3143757979185711, -0.5000055901861965, 19903000000, 
-0.16873048527605006, 0.04254018818830327, -0.4997162538976679, 19908000000, 
-0.06962673720356177, -0.19438446431232442, -0.5001359575236745, 19913000000, 
0.010435680269654794, -0.3407147662479194, -0.5000297665083676, 19918000000, 
-0.11781199140970533, -0.01621652533575104, -0.49999525231368136, 19923000000, 
-0.04055792045578583, -0.1969522052563544, -0.5002535606321086, 19928000000, 
0.005021169889518015, -0.30577335137067746, -0.49987646850496603, 19933000000, 
-0.14382780665947204, 0.011659834063114513, -0.4998461121894688, 19938000000, 
-0.04668216412336168, -0.1653720625510357, -0.5002590651413602, 19943000000, 
-0.07389242155665941, -0.12995728048857053, -0.49983691165348915, 19948000000, 
-0.07753392582773101, -0.1705377891338517, -0.49999086961441436, 19953000000, 
0.003661224052738934, -0.2661140903884091, -0.5002181127221211, 19958000000, 
-0.12341557789828503, -0.008992860790877206, -0.5001344854506531, 19963000000, 
-0.08722064048847297, -0.21040718630060734, -0.5003152609197513, 19968000000, 
0.04469556789231353, -0.32454051252012317, -0.49993910616681275, 19973000000, 
-0.1698628787723134, 0.0884399840917424, -0.499997960260758, 19978000000, 
-0.08979039911428949, -0.1512930395476454, -0.5001692502199971, 19983000000, 
-0.034245646475117596, -0.3012721998049398, -0.4997011114663905, 19988000000, 
-0.12007905617097545, 0.038398857241656294, -0.5000835629193341, 19993000000, 
-0.05626591472266157, -0.16714101309686646, -0.500207028875219, 19998000000, 
0.01713550503468579, -0.29462891776744976, -0.4997880807583107, 20003000000, 
-0.12221248151752796, 0.0038657081790455148, -0.4998526765149434, 20008000000, 
-0.04694762511610773, -0.1734471492949949, -0.5003640866837987, 20013000000, 
-0.06242944302893969, -0.13907068811164255, -0.49952937154034915, 20018000000, 
-0.08113981762088662, -0.12962829795999695, -0.5000803439462649, 20023000000, 
-0.027738438894570602, -0.27991186624483616, -0.5002535818224866, 20028000000, 
-0.08812985977408667, 0.03839661845857938, -0.4999653983130001, 20033000000, 
-0.030714422980377534, -0.16532932619571214, -0.5000900062036453, 20038000000, 
-0.009046218461128646, -0.30660104369346447, -0.5000010951403584, 20043000000, 
-0.13440722765333038, 0.02379590259940205, -0.4998539111997025, 20048000000, 
-0.05205666778159373, -0.16137723971257037, -0.5000628255202281, 20053000000, 
-0.0036168688084923864, -0.31986772779386635, -0.5000428069199111, 20058000000, 
-0.11499088096633549, -0.010963283828828305, -0.4998836787172009, 20063000000, 
-0.06366249158655693, -0.1568516450247937, -0.5004492676783294, 20068000000, 
-0.0028503034784851805, -0.2742798444500222, -0.49968624814054796, 20073000000, 
-0.10127514155425597, 0.01003570099468494, -0.4997384423131761, 20078000000, 
0.00876474105472415, -0.29846074884345564, -0.49998912687091035, 20083000000, 
-0.08620183850608178, -0.00186494349809144, -0.49973698660115334, 20088000000, 
-0.050196759664072096, -0.162795087414203, -0.5000739395097138, 20093000000, 
-0.027889524277598735, -0.29217065735968556, -0.4998175331074375, 20098000000, 
-0.1319712587629333, 0.020358771666704106, -0.4997008579101181, 20103000000, 
-0.061567283110058615, -0.1390717008245189, -0.5002299636868216, 20108000000, 
-0.008328709053165566, -0.14605957575450046, -0.49987826789847867, 20113000000, 
-0.04514231379187999, -0.1311116664357678, -0.49998688041792894, 20118000000, 
0.005594488393809355, -0.2855601049176789, -0.499941779571323, 20123000000, 
-0.12054080747631984, 0.05194156420616772, -0.5000023184928105, 20128000000, 
-0.03697449708855091, -0.1778779544392661, -0.5000910762262862, 20133000000, 
0.008997003645526833, -0.2894911018488553, -0.5000075881935154, 20138000000, 
-0.11791953633644889, 0.015317316887279048, -0.49970738971175627, 20143000000, 
-0.048840998993279164, -0.1398821124796442, -0.5004336778792192, 20148000000, 
0.03903035495479465, -0.27937363849760943, -0.49964092380874975, 20153000000, 
-0.10113398265399959, -0.031275025267230465, -0.50027963274737, 20158000000, 
0.012680386552664822, -0.30474751634566605, -0.4997003774417842, 20163000000, 
-0.11836763913430409, 0.002953492915524346, -0.49994137483296824, 20168000000, 
-0.03902091473705892, -0.1820161052006769, -0.49986109904761, 20173000000, 
0.005936628055193538, -0.26390970416295384, -0.4997723691181442, 20178000000, 
-0.09955013253045274, 0.006423202055919239, -0.5000635002471442, 20183000000, 
-0.07011177704392621, -0.16691293092585371, -0.5002911119299575, 20188000000, 
-0.008781212340127529, -0.2741390077237652, -0.5000618689369681, 20193000000, 
-0.09677179398429822, -0.01652043834263405, -0.4997984439924323, 20198000000, 
-0.05825436506030887, -0.16428747205851058, -0.5002502781245747, 20203000000, 
-0.004283797220891853, -0.28239756945332833, -0.4997925380572378, 20208000000, 
-0.12560124426805114, -0.010475495738457609, -0.500271129670069, 20213000000, 
-0.02915069788874846, -0.17585499874344263, -0.5000360576780614, 20218000000, 
0.003711914971969099, -0.2926808783420505, -0.49989523922063245, 20223000000, 
-0.10079640043700862, -0.0034956203156113544, -0.49994503042268784, 20228000000, 
-0.049042379116242076, -0.1861584034674294, -0.5007448922213457, 20233000000, 
0.024724389790404967, -0.28221767661879316, -0.49959436852067934, 20238000000, 
-0.12772880249583674, -0.04166361479632425, -0.4998111166530324, 20243000000, 
-0.033184180428328325, -0.16833990262252255, -0.5004439973640936, 20248000000, 
-0.026441426039600455, -0.281842215518288, -0.49961661159523485, 20253000000, 
-0.09820530621994951, -0.024923505394856396, -0.49966594870015896, 20258000000, 
-0.05364398996791956, -0.19472042716408003, -0.500312288871144, 20263000000, 
-0.050296328931589224, -0.12988259300160826, -0.4999219547541276, 20268000000, 
-0.01823262884410399, -0.1824058261753455, -0.5000148207158507, 20273000000, 
0.00804985525854302, -0.25295242167436005, -0.5004138817843229, 20278000000, 
-0.10731613805481478, -0.05960583226834656, -0.4999695311661716, 20283000000, 
-0.06823624614606863, -0.1544924448762431, -0.5000821595873958, 20288000000, 
-0.039063919732682084, -0.17706368735229594, -0.5000740934088275, 20293000000, 
-0.04910405742775603, -0.15619608098996218, -0.5001438452235298, 20298000000, 
-0.0030530758430186676, -0.25360122197964274, -0.4999574337247707, 20303000000, 
-0.12966652549185237, 0.008271467856064165, -0.4997464871456326, 20308000000, 
-0.06329904923105223, -0.13487890201259203, -0.5000758403075791, 20313000000, 
-0.013224435027745583, -0.266176513313659, -0.499944549886508, 20318000000, 
-0.10491496514082996, -0.02483393605095498, -0.5000751056701702, 20323000000, 
-0.0018725250450484232, -0.2701888331850554, -0.5002310471083417, 20328000000, 
-0.10152686724933126, 0.00945758534833873, -0.4998304178944312, 20333000000, 
-0.01348627600547403, -0.1546713441162472, -0.49988078099273925, 20338000000, 
-0.00597343234647843, -0.3124875503581275, -0.5000687874837481, 20343000000, 
-0.0718975318400368, -0.02225852001099004, -0.5002707751297297, 20348000000, 
-0.05932534290121618, -0.1773850869938031, -0.5006598175528574, 20353000000, 
0.031963942819560054, -0.2560033440415759, -0.49974360597067874, 20358000000, 
-0.05739864962878292, 0.01268082755767862, -0.49999112659376505, 20363000000, 
-0.05995879197587349, -0.16260691036681105, -0.5005662416473674, 20368000000, 
-0.05456220861867762, -0.15190038571688602, -0.5004128026420107, 20373000000, 
-0.04874154298851541, -0.16184936081882284, -0.49984135852829514, 20378000000, 
-0.025853057654098725, -0.24514358406630452, -0.4998972876265316, 20383000000, 
-0.05922384918114608, -0.0383445643956958, -0.4999990141706674, 20388000000, 
-0.036762618686347046, -0.16950668504112293, -0.5003588215105828, 20393000000, 
-0.023705203969949056, -0.28728011436623463, -0.49996258241119546, 20398000000, 
-0.09854421031596633, -0.011012195124028026, -0.49983616777860695, 20403000000, 
-0.040539023127171135, -0.171128197950896, -0.5002044638123304, 20408000000, 
-0.04031769105766427, -0.26725511488885656, -0.4998659446942005, 20413000000, 
-0.10979476963019483, -0.054395207880708764, -0.4998565923256106, 20418000000, 
-0.07239939295299733, -0.178878762750786, -0.5001360223460186, 20423000000, 
-0.07911481831333303, -0.16866761586521556, -0.49966566867376544, 20428000000, 
-0.030121907126448737, -0.14933726863272223, -0.500139980336816, 20433000000, 
-0.01455148085811614, -0.24894341184124685, -0.4998011196637693, 20438000000, 
-0.10093840133903925, -0.010252537322285725, -0.4996001325502194, 20443000000, 
-0.04124327020524351, -0.16581821377409128, -0.4997036344703023, 20448000000, 
0.004917559455612147, -0.2744078800566307, -0.4999686995278614, 20453000000, 
-0.07755576689679052, -0.02969760017200093, -0.4997674252834084, 20458000000, 
-0.024531361264272383, -0.2607291315263251, -0.4997644055075493, 20463000000, 
-0.11102532166919249, -0.036961602707546636, -0.4997952836513341, 20468000000, 
-0.05154241753027502, -0.14865751101335814, -0.5000554811842147, 20473000000, 
-0.009504614694826288, -0.24235337691045444, -0.49976224831606925, 20478000000, 
-0.0960833964857366, -0.02487040533007816, -0.5000423502947516, 20483000000, 
-0.06294576864276272, -0.17295496143973257, -0.5002372161129583, 20488000000, 
-0.06840485483265216, -0.16519677684780668, -0.4996066386787886, 20493000000, 
-0.0738972176031802, -0.1757267495219757, -0.5002222327242343, 20498000000, 
-0.0007296665723682608, -0.29901544328120366, -0.4997053240948567, 20503000000, 
-0.09603155393952312, 0.023405868680387604, -0.5001800587024808, 20508000000, 
-0.05827700694292406, -0.15330261118355235, -0.500123692250347, 20513000000, 
-0.020884984968885766, -0.2566244825066673, -0.5000667565862829, 20518000000, 
-0.10784318200859906, -0.01704327711933325, -0.49982866902643996, 20523000000, 
-0.023051074440498392, -0.2873911748550032, -0.5002088147836259, 20528000000, 
-0.0961978568586491, -0.04190230966812223, -0.4995085303972814, 20533000000, 
-0.035724913134125624, -0.19193956635273182, -0.5002094620998723, 20538000000, 
-0.048567457132827646, -0.16037516525891707, -0.49982066368178135, 20544000000, 
-0.07195801676530567, -0.1383149113029698, -0.499819584746572, 20549000000, 
-0.01840832580075936, -0.26599109969452056, -0.4997108283578308, 20554000000, 
-0.10028722977495166, 0.03049289101584746, -0.4994369201061666, 20559000000, 
-0.04774364159743015, -0.13393032068166655, -0.500454220555021, 20564000000, 
-0.018461861297787374, -0.2695777456109908, -0.5001763219100531, 20569000000, 
-0.09472813612041087, -0.058090806045503665, -0.5000473594438178, 20574000000, 
-0.052611732757485576, -0.19417058906265386, -0.5000083952620974, 20579000000, 
0.003963887998669043, -0.2898479297242704, -0.49967541189909337, 20584000000, 
-0.11352659391145069, -0.010939699152766384, -0.4999002770511646, 20589000000, 
-0.048438045908182306, -0.26838401839150783, -0.5001846396836465, 20594000000, 
-0.10491267296171956, -0.023484461486019008, -0.4999814767933076, 20599000000, 
-0.04768985754044431, -0.1702041451718318, -0.4999940322494013, 20604000000, 
-0.00901105974380707, -0.26991593326955987, -0.49997723785105297, 20609000000, 
-0.09134272287530529, -0.02570545782558432, -0.4997274587899078, 20614000000, 
-0.03441682935928661, -0.17209109178352927, -0.5000196879480729, 20619000000, 
-0.02617544232112027, -0.2367909179834151, -0.4999871411585218, 20624000000, 
-0.09441951768968004, -0.02599705988696137, -0.5002818401321484, 20629000000, 
-0.05048011410027891, -0.16270985242345198, -0.50002398068807, 20634000000, 
-0.04341468470246543, -0.12205859124041188, -0.49976240028405866, 20639000000, 
-0.07592577041448656, -0.153186750943515, -0.5001114473511381, 20644000000, 
-0.027069552462483527, -0.275708810620584, -0.5001941714176008, 20649000000, 
-0.06672504947628567, -0.024292301240222303, -0.49994737895310715, 20654000000, 
-0.06372592138959629, -0.1793197133120325, -0.5002912119234986, 20659000000, 
-0.02879279024710027, -0.25739492481637277, -0.4997098617602387, 20664000000, 
-0.0779429954141634, -0.038782516640809464, -0.49999207639802784, 20669000000, 
-0.010702104869845032, -0.24751990978004615, -0.5000537703090937, 20674000000, 
-0.042918785968437574, -0.1685949885068992, -0.49982552637972844, 20679000000, 
-0.0991780313390055, -0.08440524688501731, -0.4999794480992629, 20684000000, 
-0.007780644596745041, -0.27977158508699285, -0.49977895707278663, 20689000000, 
-0.07598102220268693, -0.03132369757045317, -0.4999673958513577, 20694000000, 
-0.047077657691767735, -0.13475982794288607, -0.5002255602570039, 20699000000, 
-0.08968447587120956, -0.16427582532776241, -0.4998553173154717, 20704000000, 
-0.07790277596963932, -0.1317150304757881, -0.499879720845462, 20709000000, 
-0.03954200371970521, -0.28219962679781496, -0.500039373374868, 20714000000, 
-0.12038027394884873, 0.04417201472242087, -0.5001066173368311, 20719000000, 
-0.08272371944368544, -0.1596640466954246, -0.5000358983039802, 20724000000, 
-0.03147814429208942, -0.23953218897656664, -0.4999663242456667, 20729000000, 
-0.09597768781354399, -0.015152451692732057, -0.5001292556681399, 20734000000, 
-0.05304075220574316, -0.15581982348661225, -0.5001971375548114, 20739000000, 
-0.04246582958572223, -0.1518221418578959, -0.4999195393477516, 20744000000, 
-0.05677571404871162, -0.16325039913022363, -0.5000172588132226, 20749000000, 
-0.06333346592854114, -0.28170643488448643, -0.5001296451165911, 20754000000, 
-0.08045817583387777, -0.004894562308974511, -0.49994330901049944, 20759000000, 
-0.0390001479557854, -0.13907639726576665, -0.5001735562959195, 20764000000, 
-0.016557551733324953, -0.3033320505434928, -0.500149697806952, 20769000000, 
-0.09901886031773369, -0.028922769835495077, -0.5000656804233226, 20774000000, 
-0.08215951932320817, -0.17255685365747825, -0.5004815631971593, 20779000000, 
-0.038953845447130854, -0.2628801500296698, -0.4999786818273082, 20784000000, 
-0.0744613857416384, -0.01929912575398244, -0.5000435296147563, 20789000000, 
-0.05845865809942819, -0.16655569521828342, -0.5000249150092819, 20794000000, 
-0.06376555138875459, -0.17853947078506832, -0.49953277702553234, 20799000000, 
-0.049380050743180866, -0.16411969186510625, -0.5000386215105536, 20804000000, 
-0.07742721506383336, -0.18696331223649315, -0.49996174738111926, 20809000000, 
-0.04315889722674857, -0.12728841216720682, -0.49985113076132887, 20814000000, 
-0.04766038786348829, -0.2010329199301599, -0.499895051669349, 20819000000, 
-0.041942498353589215, -0.2644334364820103, -0.49991589365042916, 20824000000, 
-0.09256812774697276, -0.02521012503090905, -0.4996836525090535, 20829000000, 
-0.08468418188353698, -0.15483514781145646, -0.49991256257468064, 20834000000, 
-0.05117834445755495, -0.1697523432344738, -0.4999240880874345, 20844000000, 
-0.058829049547087404, -0.19000734264526306, -0.5003469162097729, 20849000000, 
-0.024290880063806797, -0.16492989710488193, -0.49977625106485507, 20854000000, 
-0.07019654956660876, -0.1410812576803124, -0.5002373496333774, 20859000000, 
-0.011321484072833583, -0.28900313883360335, -0.5004281223237631, 20864000000, 
-0.07304318401534046, 0.025153753140850957, -0.5000180905842955, 20869000000, 
-0.014278276057760983, -0.24656286089525814, -0.5000226509507274, 20876000000, 
-0.09426006150232988, -0.02004432173581619, -0.49978052704768516, 20881000000, 
-0.03566677090949274, -0.1448312831315283, -0.5000662680679655, 20886000000, 
-0.033328077315115195, -0.24916678347278418, -0.5001098666863905, 20891000000, 
-0.07114493815783705, -0.03462170529278036, -0.499986574441432, 20896000000, 
-0.05568070917641142, -0.16966453305492665, -0.5003010126689167, 20901000000, 
-0.05784847934073756, -0.13304007478175076, -0.5000548881653242, 20906000000, 
-0.028494464143746893, -0.1309904500250791, -0.5001285072838342, 20911000000, 
-0.0547740221174426, -0.2757658596606186, -0.5003875702621526, 20916000000, 
-0.08768198133102681, -0.00601103578678193, -0.5000991273781064, 20921000000, 
-0.07715504259040357, -0.18448779752731356, -0.5001370377660237, 20926000000, 
-0.042898110934591796, -0.24388616227223262, -0.5001967040578652, 20931000000, 
-0.09438945723338403, -0.015034634105152152, -0.5000143138516412, 20936000000, 
-0.09242115391840688, -0.17111838414781388, -0.5001927653545413, 20941000000, 
-0.02050855238871571, -0.29809861973545815, -0.5001734794785748, 20946000000, 
-0.08317932375550215, 0.015934201033735895, -0.4999537558736216, 20951000000, 
-0.07153398275136033, -0.1580784553235154, -0.5004753768964812, 20956000000, 
-0.021326214355597395, -0.2811981545853664, -0.5000890818849495, 20961000000, 
-0.08773586529965102, -0.04373883707297159, -0.4995342023669896, 20966000000, 
-0.03926062892752448, -0.15400915410878915, -0.49997371485789116, 20971000000, 
-0.02076385326117994, -0.2692707167154187, -0.500280671239722, 20976000000, 
-0.08464900681237439, 0.007736720550939977, -0.4999802422887586, 20981000000, 
-0.0668675636276011, -0.15332198832282837, -0.5001918319791592, 20986000000, 
-0.04887182542500329, -0.3026364549482559, -0.5001838584866524, 20991000000, 
-0.08707316485040788, -0.019204823582823282, -0.4997039841252526, 20996000000, 
-0.08944869551475003, -0.17213256248492648, -0.5000114124024065, 21001000000, 
-0.006571318974395321, -0.27781453520193083, -0.5003373866193466, 21006000000, 
-0.07436772554744553, -0.014836779474455438, -0.49987113278770795, 21011000000, 
-0.05449678285482151, -0.15252596335189725, -0.5002811963050356, 21016000000, 
-0.04192265572170306, -0.2879789368837067, -0.5000399930349555, 21021000000, 
-0.06690224731359772, -0.00014747475820373404, -0.4999343106982621, 21026000000, 
-0.04003475256805682, -0.18339394351086852, -0.49995519316297354, 21031000000, 
-0.01443069387165092, -0.2600120457514421, -0.49978374343801835, 21036000000, 
-0.04400571009537558, -0.03208586401542472, -0.5006370545640789, 21041000000, 
-0.06874796458058921, -0.2453626220944563, -0.5001357985667415, 21046000000, 
-0.09116133868882194, -0.03419237784124952, -0.4997054311233676, 21051000000, 
-0.051304075174428684, -0.15675454721888898, -0.49980276090389236, 21056000000, 
-0.06527642673117041, -0.26827655793335864, -0.4997313241800932, 21061000000, 
-0.09984248999743948, -0.05258748141936596, -0.5002580784366581, 21066000000, 
-0.05405897036031223, -0.17055727743036408, -0.5002127615239224, 21071000000, 
-0.05606588847684719, -0.14065399801920123, -0.4997694426746659, 21076000000, 
-0.05304708188188503, -0.16654081361322676, -0.5002352341405928, 21081000000, 
-0.03656325299646065, -0.28469431845876825, -0.5000295371800358, 21086000000, 
-0.043129608964485575, -0.025889338649443747, -0.5000188168181215, 21091000000, 
-0.03577390867977839, -0.17791097795940827, -0.4999741005134565, 21096000000, 
-0.018210257241036573, -0.3086088741551888, -0.5001929493288894, 21101000000, 
-0.0483187515189691, -0.037474407689407144, -0.5001328543990323, 21106000000, 
-0.06248171545773701, -0.2539464299193559, -0.4997299232823572, 21111000000, 
-0.023391381387063474, -0.07259119093167472, -0.4998188345592086, 21116000000, 
-0.07189463177160502, -0.1838265809782126, -0.500202690099935, 21121000000, 
-0.02244461561764905, -0.2614605229083147, -0.4999889498357807, 21126000000, 
-0.0861357718627395, -0.011412519722860438, -0.49998739420478683, 21131000000, 
-0.06675455608728352, -0.14272342546753727, -0.5001713227452151, 21136000000, 
-0.05782273842935515, -0.1584802636017598, -0.5003635712345523, 21141000000, 
-0.06302394321326127, -0.1429066005152149, -0.500215169657821, 21146000000, 
-0.03627118647020635, -0.3067885022854976, -0.5001355890271649, 21151000000, 
-0.09771358257354146, -0.0217853624666093, -0.5000385538839914, 21156000000, 
-0.06287948663614887, -0.18337855087268473, -0.5002248605424204, 21161000000, 
-0.02778952229754192, -0.26058030795350456, -0.5001473721977061, 21166000000, 
-0.06593126679640336, -0.004997387206217698, -0.5000514875343367, 21171000000, 
-0.03464528983331511, -0.1539037794421855, -0.500515159097946, 21176000000, 
-0.028803875953194995, -0.3637267751997417, -0.49970747095806833, 21181000000, 
-0.05125341030829445, -0.06361977941024398, -0.5001029286223878, 21186000000, 
-0.03180886858918153, -0.28713780221584473, -0.5002824630552363, 21191000000, 
-0.07039902185648078, -0.024033238915166084, -0.5000355587897807, 21196000000, 
-0.0828177450992775, -0.14145022733172766, -0.500309015538737, 21201000000, 
-0.06244991615790299, -0.29797884204913117, -0.500103404709435, 21206000000, 
-0.09981738427624039, -0.018004336191297265, -0.5001734689231796, 21211000000, 
-0.04752856534447857, -0.18951985224434337, -0.5001747502088981, 21216000000, 
-0.04620617788479861, -0.26491853338018717, -0.49971978698217406, 21221000000, 
-0.10268923198204175, -0.01262804186352618, -0.5001246392288451, 21226000000, 
-0.053238683014403446, -0.18341864449323272, -0.5000107024892534, 21231000000, 
-0.020971562735762256, -0.1716372941196069, -0.49990147410620583, 21242000000, 
-0.021039399769154334, -0.2843995800826714, -0.5000370268045587, 21247000000, 
-0.06193492298877655, 0.062145507665336275, -0.49984637606379284, 21252000000, 
-0.04606048712384245, -0.19667587541348724, -0.5004027198630718, 21257000000, 
-0.029692899087941125, -0.2761184105673983, -0.49991026647874726, 21262000000, 
-0.0734407749315204, -0.010760118138656058, -0.49959303330298194, 21267000000, 
-0.08735769744382385, -0.16406476502038644, -0.5002390661947328, 21272000000, 
-0.059990179659839264, -0.14440511794066907, -0.49985447984875275, 21277000000, 
-0.050836434897235855, -0.130308331793102, -0.4999875761756306, 21282000000, 
-0.02703489406111996, -0.2677970563667725, -0.4996898154163655, 21287000000, 
-0.07916623214963914, -0.015488174416028256, -0.4999559371968577, 21292000000, 
-0.041708095320981256, -0.1610212652577321, -0.5004341368154374, 21297000000, 
-0.0006706875634006418, -0.2880447334717399, -0.49980675738330577, 21302000000, 
-0.06914586943247436, -0.028419903826889425, -0.4998096779583895, 21307000000, 
-0.04814724438463927, -0.2991773604937046, -0.4999683642271257, 21312000000, 
-0.049976598451198846, -0.03062174594184581, -0.5000797445706981, 21317000000, 
-0.03403662682284199, -0.18759547309273297, -0.500056419124973, 21322000000, 
-0.052199547207805716, -0.29834090723851836, -0.4999501045945841, 21327000000, 
-0.08059183414894928, -0.011814089451351706, -0.499712661675928, 21332000000, 
-0.030725770640569958, -0.160429105969392, -0.5002850749837251, 21337000000, 
-0.08602999507921863, -0.13725190155804634, -0.4999596911408989, 21342000000, 
-0.024413138089305432, -0.1434630097686876, -0.5002803123716265, 21347000000, 
-0.015844247423950894, -0.3456115868971339, -0.4999813282105777, 21352000000, 
-0.05755654298266308, -0.011823186389905486, -0.49993261879978723, 21357000000, 
-0.03089896784334488, -0.1524058553523109, -0.5003886976770318, 21362000000, 
-0.03161189809127779, -0.2770650276991381, -0.499993097704462, 21367000000, 
-0.07596513490057359, -0.016431936418653717, -0.5001813518855066, 21372000000, 
-0.07867035692149973, -0.29044504314071357, -0.500278213916584, 21377000000, 
-0.09267933900051445, -0.024453618435143747, -0.50001742303043, 21382000000, 
-0.05058416923387282, -0.12820555661680744, -0.5003067255368793, 21387000000, 
-0.06381377270683042, -0.2762765942119675, -0.4998330608753715, 21392000000, 
-0.06445497804476256, 0.043995648767357225, -0.499916494418854, 21397000000, 
-0.05944896773156027, -0.18829438989442143, -0.5003717964226025, 21402000000, 
-0.06065348238013966, -0.16323705094405389, -0.49990331266613863, 21407000000, 
-0.05576982140937377, -0.12652687690784217, -0.5003156050997919, 21412000000, 
-0.04760149613060875, -0.2705103140954571, -0.500359994852016, 21417000000, 
-0.07180441175408325, 0.04033699212628189, -0.5002646339074779, 21422000000, 
-0.026774549687971442, -0.18474652941946448, -0.5004261156210849, 21427000000, 
-0.025999538040019646, -0.2311814611037194, -0.4997075176107623, 21432000000, 
-0.06265826842145059, -0.04220671043634146, -0.5001866483819007, 21437000000, 
-0.04444181921842465, -0.13528931129143074, -0.5001434713733599, 21442000000, 
-0.060205869389542005, -0.16506338369610812, -0.49969459514052866, 21447000000, 
-0.045426239662565815, -0.15296975448970557, -0.5003300398738151, 21452000000, 
-0.033579935105402414, -0.290849565808156, -0.500104778366771, 21457000000, 
-0.05938634542679905, 0.0191325469640327, -0.499956598468357, 21462000000, 
-0.06971111647969905, -0.2061365779258692, -0.5003860913071109, 21467000000, 
-0.05557198586092798, -0.14918583071783903, -0.4997244913967994, 21472000000, 
-0.06235558188606033, -0.12226042669333054, -0.5005851927807999, 21477000000, 
-0.04156859523280691, -0.28893582888433533, -0.5001086055774178, 21482000000, 
-0.04355545430244642, -0.0037282569827745545, -0.49976228702903214, 21487000000, 
-0.05319756234140815, -0.1836273043673418, -0.5001335380252169, 21492000000, 
-0.015793158787917084, -0.27886674737539097, -0.4997260437319341, 21497000000, 
-0.07490872150046705, 0.02248409203628938, -0.500388965526163, 21502000000, 
-0.062346887173497754, -0.13168152961691731, -0.5003516991483211, 21507000000, 
-0.039417896792616994, -0.1764029026030441, -0.5000388886035101, 21512000000, 
-0.076499246411322, -0.12853410385283043, -0.5000440078012208, 21517000000, 
-0.03428054789184235, -0.31009606525945965, -0.500053404582036, 21522000000, 
-0.07162403724922267, -0.012879745361725134, -0.4999175640057951, 21527000000, 
-0.059656263365498084, -0.1455523861819413, -0.5000883980075674, 21532000000, 
-0.057336828117967226, -0.29749017571514846, -0.49973522191511444, 21537000000, 
-0.08227887638706871, -0.016355870857205974, -0.5000818422123621, 21542000000, 
-0.05571208747625821, -0.26547970081397515, -0.5003352911902936, 21547000000, 
-0.06648023399975424, -0.04858528183040576, -0.4997954888414579, 21552000000, 
-0.05985617420496478, -0.14811629498325224, -0.5002780875160852, 21557000000, 
-0.03141633040777989, -0.30562855423453056, -0.49991870244084785, 21562000000, 
-0.07101980784511476, 0.009752199219527625, -0.49982268012328845, 21567000000, 
-0.026262352897869018, -0.278144674746066, -0.4998820918094565, 21572000000, 
-0.05058080438030209, -0.01175243880102806, -0.4998542339276485, 21577000000, 
-0.08143903814839845, -0.12499302600494026, -0.5004054240154998, 21582000000, 
0.005499302677004152, -0.28993509951920254, -0.49989840613723024, 21587000000, 
-0.10642017399155684, 0.023677793406620504, -0.4999467514571791, 21592000000, 
-0.057185380607324414, -0.1449978524944, -0.5002107607627522, 21597000000, 
-0.042176757494697764, -0.30033715560901897, -0.49973415879026534, 21602000000, 
-0.10003208744030985, 0.03492345927423892, -0.5001570757195442, 21607000000, 
-0.07385671245384948, -0.15318568101670932, -0.5002933575852125, 21612000000, 
-0.024546475272154346, -0.1600733122047258, -0.49997083871116904, 21617000000, 
-0.04576309608111599, -0.14989348001297434, -0.49996642772487554, 21622000000, 
-0.0250826842500146, -0.31511312703021155, -0.500201940968496, 21627000000, 
-0.11979754352239895, 0.024042133790569985, -0.49974125611215414, 21632000000, 
-0.07040066379515938, -0.15772885891214986, -0.500300485653172, 21637000000, 
-0.032292270954757, -0.3504834412934943, -0.4996800995848868, 21642000000, 
-0.07575831219391352, -0.00864601784848238, -0.4996075662655541, 21647000000, 
-0.027136218880778516, -0.14990674556708383, -0.5000446885473065, 21652000000, 
-0.06685155394032961, -0.32766517792314237, -0.5002891094060326, 21657000000, 
-0.035357362406113264, -0.010127438738325098, -0.5001263815756193, 21662000000, 
-0.028218422160526037, -0.15323205804100043, -0.500642303534664, 21667000000, 
-0.016649913924214076, -0.37691552828161484, -0.5001069264740388, 21673000000, 
-0.09624430098342752, -0.038606467671868566, -0.5001816439412884, 21678000000, 
-0.038123297334305986, -0.1563915062984215, -0.5003777508536693, 21683000000, 
-0.08060396073981986, -0.32061741168949837, -0.5002041461475074, 21688000000, 
-0.11289695943928357, 0.04235211150166723, -0.5000844623180811, 21693000000, 
-0.03148110072704223, -0.1524009576343763, -0.5004623618134122, 21698000000, 
-0.03564021122797664, -0.3455422157688729, -0.49963724782154684, 21703000000, 
-0.10183906675975736, 0.014885328281262322, -0.5004346270586071, 21708000000, 
-0.029458006167983285, -0.3119277468995017, -0.5001428490546673, 21713000000, 
-0.08332103184407928, 0.018801639024144702, -0.4994773092390696, 21718000000, 
-0.047293624746156414, -0.17603455755430666, -0.5001994773927153, 21723000000, 
-0.04703307271829722, -0.31385329003266166, -0.5001225485968016, 21728000000, 
-0.07117601164933698, 0.019104570017193758, -0.5001955834786277, 21733000000, 
-0.046697364335412585, -0.1392712257892163, -0.500009192547876, 21738000000, 
-0.03809102837268358, -0.3435084089535666, -0.4995662090358009, 21743000000, 
-0.09890340571652946, 0.014013940148159891, -0.49975316489322413, 21748000000, 
-0.06894322907614306, -0.15421579299053018, -0.5006040645322146, 21753000000, 
-0.04450768623371351, -0.16356998555825325, -0.5000912923800308, 21758000000, 
-0.0724217817060322, -0.157655885168528, -0.49971604228844957, 21763000000, 
-0.024557817753344015, -0.29105996653876326, -0.5001374737144964, 21768000000, 
-0.11379365778198451, -0.005316808685465234, -0.49971967934698347, 21773000000, 
-0.06409933762240866, -0.1779369764978566, -0.5002266548152599, 21778000000, 
-0.02267148422491475, -0.3057844150627237, -0.4999862262782764, 21783000000, 
-0.06812472980237097, 0.053530733815830914, -0.4997365745628351, 21788000000, 
-0.025123263772734494, -0.16967085221277386, -0.5003258097992703, 21793000000, 
-0.001009105196209583, -0.3377732877049588, -0.49981043276994125, 21798000000, 
-0.09249847939514642, -0.0033063397112497867, -0.5001957567278074, 21803000000, 
-0.03784612487416362, -0.14121138529778118, -0.5000314058898192, 21808000000, 
-0.017737568829030256, -0.3146339626795581, -0.4996620217456213, 21813000000, 
-0.0979257270004627, 0.010478943745435261, -0.5002866590085201, 21818000000, 
-0.049672576481581854, -0.18141007638450898, -0.5000817674743878, 21823000000, 
-0.0718131449623191, -0.16351566906286757, -0.4998065512155996, 21828000000, 
-0.06299481598580556, -0.12154493814562244, -0.5002329563382528, 21833000000, 
-0.034701564435858284, -0.3093983615405528, -0.500008317973003, 21838000000, 
-0.12171495366967566, -0.005971554208379394, -0.5000055928091698, 21843000000, 
-0.04325419309363245, -0.1603999887686191, -0.5000483751939742, 21848000000, 
-0.01135410050568713, -0.3267857019468831, -0.49980156514487795, 21853000000, 
-0.10489159844113974, 0.04206046559664749, -0.5000173487812178, 21858000000, 
-0.04047564046479078, -0.1564069139568956, -0.5001213176754399, 21863000000, 
0.004233315227769586, -0.3242706064923343, -0.5001588404501084, 21868000000, 
-0.08952206729673147, 0.017850644565538726, -0.5001478544476082, 21873000000, 
-0.03861102710440252, -0.15133295043047235, -0.5001011384601448, 21878000000, 
0.031217249094827537, -0.3646560606318032, -0.49989738431970215, 21883000000, 
-0.08392980907645509, -0.0026527172803597703, -0.499779363905737, 21888000000, 
-0.04038733162896907, -0.19017878928145213, -0.5001984608370201, 21893000000, 
-0.036028239089957614, -0.1654807936547006, -0.5000139490879691, 21898000000, 
-0.09926396529654745, -0.1380948406008068, -0.5000639281059456, 21903000000, 
-0.005206833496427211, -0.29989998956992353, -0.49999300662301194, 21908000000, 
-0.12571859479407207, 0.016777621895284825, -0.5001318296486171, 21913000000, 
-0.06388398656607819, -0.18961215720462593, -0.5001635222351668, 21918000000, 
-0.04206533435333384, -0.3148711513710381, -0.4998304649372405, 21923000000, 
-0.10478556356351597, 0.0812225569990567, -0.5003222614816998, 21928000000, 
-0.05462272291269521, -0.15717542804181456, -0.5002962095768823, 21933000000, 
-0.07301342176568756, -0.12288683820053366, -0.5000241179549981, 21938000000, 
-0.033113772472955466, -0.14558853749046416, -0.49978946435851357, 21943000000, 
-0.044522759560740366, -0.3340434970796258, -0.4994891038450755, 21948000000, 
-0.09845007961331288, 0.043180023300243356, -0.4997912726826572, 21953000000, 
-0.0482066837842468, -0.17967040494251418, -0.5004783233042699, 21958000000, 
0.021556459853128214, -0.2926889376942218, -0.49949914270240064, 21963000000, 
-0.11623838759146445, 0.0433346361172162, -0.5000930578002211, 21968000000, 
-0.037826928296193246, -0.31085899813588014, -0.5001477275596284, 21973000000, 
-0.12050659072761005, 0.02889323282426632, -0.500101825619944, 21978000000, 
-0.037300116717211756, -0.16807143864389507, -0.5000969592034579, 21983000000, 
-0.006306641909992972, -0.38391207980224695, -0.49991523699086426, 21988000000, 
-0.09418888790887164, 0.038010124846170154, -0.5002587153421886, 21993000000, 
-0.05331126484292475, -0.152230649457494, -0.5002621162855523, 21998000000, 
-0.06969828585672014, -0.14189101916150051, -0.4999015268258808, 22003000000, 
-0.05544677308190528, -0.11797640424035938, -0.500175790884003, 22008000000, 
-0.012665492097807006, -0.3594119826136263, -0.4999806474592222, 22013000000, 
-0.1654936974067497, 0.09784142742293014, -0.4995681335153169, 22018000000, 
-0.0744351234586971, -0.15879490548942646, -0.49998303481649126, 22023000000, 
0.004886531119457049, -0.29080467274684524, -0.4996711339493466, 22028000000, 
-0.1657579704868267, 0.031144024904594905, -0.5002564748099825, 22033000000, 
0.004045740724850579, -0.3183061924661975, -0.500077461569276, 22038000000, 
-0.15305408398070774, 0.037063461878641166, -0.4999885544909781, 22043000000, 
-0.03320123942635834, -0.15801563967895257, -0.5001901920241797, 22048000000, 
0.0020129488193538535, -0.32111788558036547, -0.49987802351676186, 22053000000, 
-0.09566891071933875, 0.03688006898328981, -0.5000125540787435, 22058000000, 
-0.07774658122479766, -0.16381078751065625, -0.5003639777657722, 22063000000, 
-0.06713438169775031, -0.1412962652151073, -0.4998590744697171, 22068000000, 
-0.04850352906783892, -0.15083945137792532, -0.5000641834129449, 22073000000, 
-0.01524843161653015, -0.3445229225223414, -0.5001415630965081, 22078000000, 
-0.15821250259286868, 0.0170318097671866, -0.5000927927721366, 22083000000, 
-0.06875489669442582, -0.12111999708565001, -0.5000910241927577, 22088000000, 
-0.0003216726646108163, -0.37947285490895577, -0.5000008730054613, 22093000000, 
-0.1736274502319161, 0.054018361726062836, -0.4998149490321288, 22098000000, 
-0.05147619125630366, -0.14187720085047217, -0.5005196926678168, 22103000000, 
0.013003228147585363, -0.3399700520030784, -0.5004776626532151, 22108000000, 
-0.16357337064351446, 0.06418512481499623, -0.5002249831099634, 22113000000, 
-0.047246200560233334, -0.16778319728013777, -0.4999727890279243, 22118000000, 
-0.07122721659630173, -0.15450623024324553, -0.4997586572245229, 22124000000, 
-0.026817345192371764, -0.15037337552125715, -0.500256265852471, 22129000000, 
0.04924888843034191, -0.30391766325106, -0.5001356345735481, 22134000000, 
-0.14966205062478583, 0.029018838273509213, -0.5000502293978607, 22139000000, 
-0.034958668210668016, -0.1513728659359912, -0.5000397401645668, 22144000000, 
0.026927400162977663, -0.3732504095087916, -0.5002518704327297, 22149000000, 
-0.16982581651844494, 0.08699909395456512, -0.4996245139155181, 22154000000, 
-0.0011205492348381751, -0.179402604501278, -0.5001571478370198, 22159000000, 
0.05271574185038186, -0.3410898444670349, -0.500086953548554, 22164000000, 
-0.1677895348357441, 0.04230728455136128, -0.5000469469282538, 22169000000, 
-0.03825932839697582, -0.1597442719232796, -0.5004168468273973, 22174000000, 
0.027822607641579608, -0.3552660696637883, -0.49956614982571046, 22179000000, 
-0.1468091626010851, 0.026775646167507737, -0.4998017926492289, 22184000000, 
-0.03436282465246459, -0.1986905082510878, -0.5002736957828946, 22189000000, 
-0.048766965010442385, -0.1413633203524073, -0.4996502928235372, 22194000000, 
-0.048507398026805086, -0.11024586937850829, -0.5001571707657293, 22199000000, 
0.04201298271590246, -0.3365013271054007, -0.5002180835896228, 22204000000, 
-0.15677770782723172, 0.06386717545674833, -0.5002776234686958, 22209000000, 
-0.08411297762660783, -0.17068511400346079, -0.5005037736934013, 22214000000, 
0.024477420490282766, -0.34252705476482864, -0.49990202937902495, 22219000000, 
-0.17720435298639844, 0.11972195426389007, -0.49986558600831904, 22224000000, 
-0.08366789059899724, -0.17732204785813896, -0.49980178435825484, 22229000000, 
0.031972908564162836, -0.36153953994183075, -0.5000435616904085, 22234000000, 
-0.155871627829475, 0.04256818819014495, -0.5001906550672257, 22239000000, 
-0.06621513817051115, -0.17122460511369766, -0.5001855143462861, 22244000000, 
0.05077185088584063, -0.34903842492414694, -0.5001634847124983, 22249000000, 
-0.15159112883145048, 0.028583088419819363, -0.5002268477851282, 22254000000, 
-0.08020405183208484, -0.18497958816380292, -0.500142967253898, 22259000000, 
-0.046872586401354374, -0.2043777589442104, -0.4993893471575377, 22264000000, 
-0.077065809340825, -0.10884462680846244, -0.5002213130414485, 22269000000, 
0.02004278891932233, -0.33791341073886033, -0.5003803457028912, 22274000000, 
-0.1357326343413484, 0.07332854505413158, -0.4994151580256795, 22279000000, 
-0.07944842438577265, -0.17927013918882026, -0.5004245170699069, 22284000000, 
0.05239315944662222, -0.3789785332951656, -0.5000023200818385, 22289000000, 
-0.1255724046627473, 0.003739728936950175, -0.50010795444942, 22295000000, 
0.017535592584862862, -0.360948699340587, -0.5000030708620767, 22300000000, 
-0.16163809640567067, 0.055156131420321726, -0.5000972320294201, 22305000000, 
-0.04605643556186629, -0.1540220870553099, -0.49995992997599437, 22310000000, 
0.047055176129420506, -0.3417001086184455, -0.5001599720193348, 22315000000, 
-0.16199813744250724, 0.09289565469269168, -0.49998306394254677, 22320000000, 
-0.0924124033933616, -0.16324525457431247, -0.5000505451158451, 22325000000, 
0.02053786072164802, -0.26559906671591804, -0.49947492157890677, 22330000000, 
-0.1628579983653333, 0.07005087938929062, -0.5000688044955752, 22335000000, 
-0.04334791341487151, -0.17906198224622139, -0.500134686759751, 22340000000, 
0.023087452034443366, -0.35250882644500375, -0.4994301715519972, 22345000000, 
-0.10415136125504693, 0.07214388065076627, -0.49990129030783786, 22350000000, 
-0.03448384640962435, -0.16782553898606, -0.4999320384809419, 22355000000, 
0.040855286019925316, -0.3428642719163152, -0.4999879445728525, 22360000000, 
-0.148029478795006, 0.05246923536100796, -0.5002224793886095, 22365000000, 
-0.05865556771873259, -0.14908782571826915, -0.5006873058978213, 22370000000, 
-0.013963167062856705, -0.11135708371938602, -0.5000631536806, 22379000000, 
-0.032626545273875276, -0.17788084169339363, -0.500253289731859, 22384000000, 
0.03268761049880373, -0.35027714443321833, -0.5001571246435629, 22389000000, 
-0.134749333136537, 0.033475240457329844, -0.4999296968776192, 22394000000, 
-0.05804739201886028, -0.15953432696772937, -0.5003428630835415, 22399000000, 
0.05344451697435385, -0.3295922535396818, -0.49957236242316116, 22404000000, 
-0.12859728952454397, 0.05293444319368437, -0.5002614523546517, 22409000000, 
-0.0474658655336361, -0.16684971262007242, -0.500159664972979, 22414000000, 
0.04777526804400931, -0.35919044359935304, -0.4996440550412068, 22419000000, 
-0.13108251129530082, 0.08841605360889054, -0.5000264793255372, 22424000000, 
-0.05918999192230946, -0.1700099406155391, -0.5003322053993642, 22429000000, 
0.0488359044766185, -0.32891210447302677, -0.500007969820381, 22434000000, 
-0.1323554832459224, 0.05447694100897743, -0.49966543123564594, 22439000000, 
-0.08897761111843111, -0.13934416477613015, -0.5004852421364212, 22444000000, 
0.004458497117368832, -0.3458489237623755, -0.4999960000361923, 22449000000, 
-0.1832998316056079, 0.050971746100879914, -0.49960072574590875, 22454000000, 
-0.04577576760909387, -0.16605946668663132, -0.5002202497112942, 22459000000, 
-0.028064928731546243, -0.18370690814654217, -0.499775584515131, 22464000000, 
-0.04259126960368736, -0.11498034080046307, -0.5001097491883804, 22470000000, 
-0.004319873213955839, -0.31952749393600155, -0.4999232209084669, 22475000000, 
-0.1610501555908005, 0.051330954917651, -0.5004106380019354, 22480000000, 
-0.06229170475210043, -0.15725877870058103, -0.5006101142942041, 22485000000, 
-0.09108615541365157, -0.16916842840564872, -0.49970726957598754, 22490000000, 
-0.05896171933157809, -0.11052916619753234, -0.5002836412228339, 22496000000, 
0.008922225360306034, -0.3435992878079675, -0.500045935352508, 22501000000, 
-0.10746448896630778, 0.04751533232782704, -0.5003124708118437, 22506000000, 
-0.05303597879810878, -0.15423421919878968, -0.500199650410384, 22511000000, 
0.03218167044720555, -0.344304448489789, -0.49952834030656307, 22516000000, 
-0.1351171694625069, 0.059443294476358315, -0.4997418001839508, 22521000000, 
-0.03232876392338735, -0.16425061491325216, -0.49998698532183145, 22526000000, 
0.006804305701543358, -0.3209078105100524, -0.5000570957430265, 22531000000, 
-0.10769779185331997, 0.05691513272904972, -0.5002484762578783, 22536000000, 
-0.04786010708938064, -0.18372774210917342, -0.5004486268877022, 22541000000, 
-0.0011098829381258474, -0.3178864923998026, -0.49941733428155055, 22546000000, 
-0.1332051167915625, 0.10869996239532811, -0.5001055376914191, 22551000000, 
-0.0481475747324137, -0.16089534096685612, -0.5003040031378334, 22556000000, 
0.01759305383273853, -0.3685686452527394, -0.5002987150865185, 22561000000, 
-0.1313748038466277, 0.06508214249360039, -0.5001934546529744, 22566000000, 
-0.07157769606609468, -0.1552108389476292, -0.5002740460656788, 22571000000, 
0.08008628612030344, -0.5470903622526267, -0.49988182155317057, 22576000000, 
-0.10710484560798547, -0.013521710957464492, -0.49967623075872925, 22581000000, 
-0.07157769077653722, -0.17110619236891242, -0.5000961379504096, 22586000000, 
0.021990370141243158, -0.3244050132962322, -0.4996187143745053, 22591000000, 
-0.12157790291839152, 0.013093520062679442, -0.5000506246201475, 22596000000, 
-0.05427786051137995, -0.19221619639947118, -0.5004567019849182, 22601000000, 
0.0067722850308326085, -0.3340053144821401, -0.4999073101988917, 22606000000, 
-0.12497973668912507, 0.04115890478767278, -0.5000203090851415, 22611000000, 
-0.053585297583536744, -0.19284947538425729, -0.5001574353056905, 22617000000, 
-0.05878524880942487, -0.1531389847106201, -0.49965917944712307, 22622000000, 
-0.07639425873329485, -0.13744753733785123, -0.5001782653394792, 22627000000, 
-0.044089399273566206, -0.16306543299248338, -0.5002793545788516, 22632000000, 
-0.041924591679780306, -0.18284462750388866, -0.4998055810727884, 22637000000, 
-0.07720780379642367, -0.1444728502789972, -0.5001059049618689, 22642000000, 
-0.028803648699323704, -0.3293279048843304, -0.5003594740361338, 22647000000, 
-0.11448726404510784, 0.029433880813260482, -0.49969753224779284, 22652000000, 
-0.05317455846732627, -0.16304817237098332, -0.5001453582640468, 22657000000, 
-0.013859433886933534, -0.35132846768992365, -0.5000453958095505, 22662000000, 
-0.12467429665237, 0.017660770579430066, -0.5000406126373244, 22667000000, 
-0.07508455140925274, -0.16138451648776658, -0.5001797869755455, 22672000000, 
0.018156490502950283, -0.3421956234742668, -0.4996435622421987, 22677000000, 
-0.10937174976225406, 0.04051914638421832, -0.5000972016070496, 22682000000, 
-0.023825223616398827, -0.15074748534887564, -0.5000303622881149, 22687000000, 
0.0037796497228688476, -0.36124480714416174, -0.49963005044423686, 22692000000, 
-0.11882601162277848, 0.019618995670493234, -0.4998399664097299, 22697000000, 
0.028022809481082427, -0.32516212994652366, -0.5000244313613833, 22702000000, 
-0.14552721696976406, 0.060142226305689675, -0.49971626526018276, 22707000000, 
-0.06529391531625733, -0.16424742952561316, -0.5005225851831427, 22712000000, 
0.027955360957609407, -0.3347678262805661, -0.5000900471849553, 22717000000, 
-0.12261568062689514, 0.055105795200374494, -0.5002293975144643, 22722000000, 
-0.06778507076367762, -0.1735095362997809, -0.5000477117691867, 22727000000, 
0.010444409258833578, -0.34989669756944103, -0.49995589455664213, 22732000000, 
-0.16915196028329987, 0.05456882883973275, -0.4999300603427269, 22737000000, 
-0.030982083445580743, -0.17252813580249268, -0.5001431836887064, 22742000000, 
0.031624257635756235, -0.31667249854313256, -0.4995959210868436, 22747000000, 
-0.16429892788240333, 0.03357967180060234, -0.4999411844538721, 22752000000, 
-0.057089794582297466, -0.17312173767347458, -0.5002915582134243, 22757000000, 
0.008526658697554593, -0.328360044767241, -0.5001777174266026, 22762000000, 
-0.12696736851019547, 0.04958832643998453, -0.5001290301644149, 22767000000, 
-0.05921864280291108, -0.16530347624678132, -0.5002285602856494, 22772000000, 
-0.005721748372457008, -0.30799087453156077, -0.4999792366777104, 22777000000, 
-0.14474506620686892, 0.044557937976427466, -0.4999642556910604, 22782000000, 
-0.00260534729130368, -0.3200104126865969, -0.5002623331029847, 22787000000, 
-0.04780597560667412, -0.17448217545420278, -0.4997378444022729, 22792000000, 
-0.13621066660407882, 0.06040309089892798, -0.5005069266430677, 22797000000, 
-0.02650267568350626, -0.3170570026116539, -0.5003793536724357, 22802000000, 
-0.11294220041732989, 0.05575236692133828, -0.5001118050963383, 22807000000, 
-0.03426303006388438, -0.17524216441591225, -0.5003157624783703, 22812000000, 
0.009701314890233466, -0.3449349974682733, -0.4993696399379736, 22817000000, 
-0.08758839857197226, 0.024825258806855967, -0.4997863757573836, 22822000000, 
-0.07480525993387138, -0.15469011423808815, -0.5000837051633894, 22827000000, 
0.018658923815215278, -0.3334346058342508, -0.5000651965451992, 22832000000, 
-0.133351043151867, 0.05567828477229495, -0.4998297826618546, 22837000000, 
-0.053900506442844054, -0.18444099375622822, -0.5001969201704295, 22842000000, 
0.044402681800784084, -0.33003659123971874, -0.4999920612770498, 22847000000, 
-0.1149311586505644, 0.034810458213143054, -0.500032665916281, 22852000000, 
-0.06946890743800342, -0.17909106372762423, -0.5004803274365562, 22857000000, 
-0.003510674513567874, -0.3206882320184482, -0.4999319838310435, 22862000000, 
-0.11699558786475046, 0.05268019168268133, -0.4999179514223911, 22867000000, 
-0.04626138530970567, -0.1769316080499578, -0.5001683147300882, 22872000000, 
0.0222311900309051, -0.3304725432661799, -0.49988024287202226, 22877000000, 
-0.12853008074350086, 0.059918294544143644, -0.500062291830744, 22882000000, 
-0.04105936436588058, -0.16586380194229178, -0.5002422989976124, 22887000000, 
0.020184921544860356, -0.3292546072600213, -0.5002489051402255, 22892000000, 
-0.108144146725097, 0.0384138675707704, -0.5001965376523732, 22897000000, 
-0.013827694720327535, -0.32217096718560817, -0.5000305878589176, 22902000000, 
-0.11327789188164565, 0.0160482977097949, -0.500001935298725, 22907000000, 
-0.06611824616153528, -0.1716626816091977, -0.5001108026510995, 22912000000, 
-0.007334565495124321, -0.2990498673682113, -0.5000638190593937, 22917000000, 
-0.10559444058717686, 0.04942527448990626, -0.5004185372953225, 22922000000, 
-0.07068437786322761, -0.17689819455417502, -0.499937427457936, 22927000000, 
-0.04313699262056272, -0.10497686441309673, -0.499767801995416, 22932000000, 
-0.09631377957145186, -0.12896041713081213, -0.5004159884040265, 22937000000, 
-0.022444767353599963, -0.3442065487912266, -0.5003647850468935, 22942000000, 
-0.10177657454725347, 0.02554226214342897, -0.49986130840707327, 22947000000, 
-0.05966115899947244, -0.16025483487336817, -0.4997824973679233, 22952000000, 
0.0027284549111398944, -0.3160618573621081, -0.5002886599207459, 22957000000, 
-0.11327418494878867, 0.043641143766551885, -0.5000336612127524, 22962000000, 
-0.03897668055089731, -0.2367310765858566, -0.5001774686835418, 22967000000, 
-0.016732400552264066, -0.3215528558916429, -0.4998051572610503, 22972000000, 
-0.11713560601853869, 0.04073909968773352, -0.5002341042446594, 22977000000, 
-0.0592987691693958, -0.18160127545829025, -0.500243836294765, 22982000000, 
0.03521971433010779, -0.31151291439011936, -0.500103737134487, 22987000000, 
-0.1170838935428432, 0.05692809804062184, -0.500086602769342, 22992000000, 
-0.058602800170656236, -0.15471189179596118, -0.5004673033293133, 22997000000, 
-0.05599003085330445, -0.14473011934974195, -0.4995716321755857, 23002000000, 
-0.04570311236811241, -0.1499266621934235, -0.5003134081039381, 23007000000, 
-0.005453509676017894, -0.314370339387388, -0.5001755316881871, 23012000000, 
-0.10005821678653083, 0.02291999335800131, -0.49985618269544746, 23017000000, 
-0.06533210870022094, -0.1875167855320549, -0.5001846209888587, 23022000000, 
0.03593693195206975, -0.33601420610375016, -0.5002094138006741, 23027000000, 
-0.12192598130569661, 0.04936412908942297, -0.49982188494183216, 23032000000, 
-0.03797694133601496, -0.1973489406670342, -0.49992696963838146, 23037000000, 
0.02331742622231564, -0.2934887566785624, -0.4999399766506242, 23042000000, 
-0.08255076367554247, 0.03318605926603271, -0.4998372113026205, 23047000000, 
-0.07472908031529227, -0.22203023913181, -0.5000456132163914, 23052000000, 
0.00717226190627945, -0.3011376271704532, -0.499620903492578, 23057000000, 
-0.1476479228571902, 0.024672534406387298, -0.4999695211472752, 23062000000, 
-0.021541108507020228, -0.2551662832165317, -0.500140083897815, 23068000000, 
-0.09988600174309042, 0.02331990114463144, -0.4999843687588857, 23073000000, 
-0.04877422853400652, -0.1784712863686643, -0.5003495313869977, 23078000000, 
0.007019274192736488, -0.3249627933492989, -0.500168282537128, 23083000000, 
-0.1366769373950046, 0.05656934259748904, -0.5000565634836729, 23088000000, 
-0.05880922717086327, -0.16465996467798466, -0.5000034961602337, 23093000000, 
0.06443130796906738, -0.4074251917696708, -0.49982825120242735, 23098000000, 
-0.11290768982980909, -0.008953359056288704, -0.4997589239320402, 23103000000, 
-0.011447188369276457, -0.2958058964542738, -0.5002163148506802, 23108000000, 
-0.10057161471374622, 0.02761252110188834, -0.49996345407182624, 23113000000, 
-0.04636781904365282, -0.1800418927093495, -0.5000929517770226, 23118000000, 
0.01017684876557751, -0.3084598309180533, -0.5001306009010892, 23123000000, 
-0.13944942292446647, 0.0347368658320808, -0.49989681227377664, 23128000000, 
-0.036828134939810866, -0.16551275185143904, -0.5000146764650738, 23133000000, 
-0.04589639104671975, -0.14393339501733377, -0.4994805032592977, 23138000000, 
-0.020963863249010187, -0.1565483105635415, -0.4995979181725691, 23143000000, 
0.025624411417857262, -0.32136348882865695, -0.4998227834255245, 23148000000, 
-0.10264378255714703, -0.013973329602034871, -0.4999167435061937, 23154000000, 
-0.10206020040769043, -0.17252835235544525, -0.5000616213308521, 23159000000, 
0.03766560026048652, -0.2756083635774722, -0.4999822399603844, 23164000000, 
-0.1362592078779558, 0.02342964899303717, -0.4999880302337364, 23169000000, 
-0.0014052344503310153, -0.3394187523683342, -0.5002946774616893, 23174000000, 
-0.1025118291156201, 0.023744079115549672, -0.500255936745985, 23179000000, 
-0.06423908991516454, -0.17073215750460743, -0.5002744827899267, 23184000000, 
-0.05107443078177887, -0.14232273718550859, -0.5005074166160159, 23189000000, 
-0.023712853426006895, -0.14535912480636642, -0.49998266679399705, 23194000000, 
-0.07403732694189502, -0.16502056903906565, -0.5001909713819155, 23199000000, 
-0.02480116092392936, -0.2640994644298218, -0.49991076076802266, 23204000000, 
-0.09825671368914216, -0.013185806423128919, -0.5002164743757316, 23209000000, 
-0.05255636865356137, -0.2128178328272715, -0.5004793291163669, 23214000000, 
-0.0019386042752158692, -0.2798403633982512, -0.49978133199302105, 23219000000, 
-0.11424497809113139, 0.0038771790936051615, -0.4996167185663662, 23224000000, 
-0.0642667061868253, -0.16531067619679676, -0.5001186724342724, 23229000000, 
0.018094921354636945, -0.32375126047241237, -0.4996248846981855, 23234000000, 
-0.10890939054524032, 0.01775982426799538, -0.4999498575316378, 23239000000, 
-0.0528704176616079, -0.12920769231358908, -0.5002027377741618, 23245000000, 
0.01508212677915734, -0.27015574619273747, -0.4998012393415843, 23250000000, 
-0.13117487646880063, -0.010173712671831595, -0.5003062624256693, 23255000000, 
0.025834323736209266, -0.2898842929952635, -0.5003157403724642, 23260000000, 
-0.1145040301393103, -0.0008396585679983064, -0.49999145430023767, 23265000000, 
-0.049919065834609824, -0.1377992545787972, -0.49986160401408786, 23270000000, 
0.022644929903344563, -0.2812305097493395, -0.4999871727107318, 23275000000, 
-0.1569286058959751, 0.10891570736877737, -0.4998646233601487, 23280000000, 
-0.06133352965599978, -0.17380951216517165, -0.5004399080164315, 23285000000, 
-0.06153654734253342, -0.13453934819743413, -0.4999161475829023, 23290000000, 
-0.07130788211984568, -0.13963900432459242, -0.5002777679403811, 23295000000, 
0.008520473113748216, -0.2958131263840076, -0.5000627213618144, 23300000000, 
-0.1220683034470945, 0.012376753929812231, -0.49993679631076243, 23305000000, 
-0.05498212823056777, -0.1755533269137952, -0.4997321522475059, 23310000000, 
0.01954143860144202, -0.2802880187719885, -0.4996263096721593, 23315000000, 
-0.11215218051836391, 0.016078081376909945, -0.49996358161055493, 23320000000, 
-0.0463686771401794, -0.16196063724947818, -0.5000937667673027, 23325000000, 
0.012059056487273902, -0.30150766477502766, -0.49950984287289185, 23330000000, 
-0.09168802490225866, -0.021905672095349042, -0.5002573044270142, 23335000000, 
-0.06485177602157066, -0.16936534548122195, -0.5001113084080447, 23340000000, 
-0.02517081507791752, -0.1248090783385969, -0.4999576086138706, 23345000000, 
-0.08632572539864303, -0.15407019235543426, -0.5005123504569798, 23350000000, 
0.013251365273254077, -0.29048942693489815, -0.49986211603776515, 23355000000, 
-0.1249602557214095, -0.004344379953499457, -0.5000959589145066, 23360000000, 
-0.06226201364152675, -0.17716917297457258, -0.4999983235146697, 23365000000, 
0.019727215036337595, -0.2697476349204117, -0.5000564056615581, 23370000000, 
-0.10870954323424503, -0.0004123552076271737, -0.4999980319010929, 23375000000, 
-0.06639279263560856, -0.16916918735448347, -0.5000230042141594, 23380000000, 
-0.0005595317730242248, -0.2770057371344188, -0.5001763086025856, 23385000000, 
-0.12684426812749677, -0.006608645711045543, -0.5001342591343164, 23390000000, 
-0.031090047658115592, -0.15572415399698122, -0.5002344471081026, 23395000000, 
-0.036393014999557674, -0.2655172508696469, -0.4996407558986494, 23400000000, 
-0.11010816484999703, 0.021077818578847586, -0.49953887655885415, 23405000000, 
-0.05262059178307956, -0.15225184625475469, -0.5003016217795672, 23410000000, 
-0.057864094558460755, -0.15749322278678715, -0.4995472595131737, 23415000000, 
-0.09962821218106094, -0.13160120777628295, -0.4999711911994396, 23420000000, 
0.01326557153996136, -0.2563251056308934, -0.5002042159105493, 23425000000, 
-0.08562695730159214, 0.005052433980782582, -0.5000799873496133, 23430000000, 
-0.07533031473532902, -0.16480785034463558, -0.499844421290346, 23435000000, 
-0.03253132224583147, -0.2710568667816883, -0.5000219074406267, 23440000000, 
-0.1080681068452152, -0.0333097740831552, -0.49981913626958185, 23445000000, 
-0.07328040962806133, -0.17782031108252436, -0.500335616695593, 23450000000, 
0.00658425044090888, -0.2822404177523639, -0.5000723428162851, 23455000000, 
-0.12347053277335458, -0.0011744231623276487, -0.5002273530373097, 23460000000, 
-0.03632919008962768, -0.14899722454437467, -0.5000689056478987, 23465000000, 
-0.005268909526113147, -0.30244793000895936, -0.4999826165726164, 23470000000, 
-0.10273752387269089, -0.00993642526857927, -0.5001771015822364, 23475000000, 
-0.062028141736085174, -0.13903735298309078, -0.5004310745024281, 23480000000, 
-0.044561304021967035, -0.1277232983349463, -0.49952664158006344, 23485000000, 
-0.06304068717185754, -0.11996858970839773, -0.5003028640489947, 23490000000, 
0.025265043712065574, -0.26813095013396665, -0.49967168079453894, 23495000000, 
-0.09864496653881924, -0.006852970806992539, -0.4997280274307955, 23500000000, 
-0.04086288928832565, -0.16428614695622934, -0.5002508233198707, 23505000000, 
-0.02725803587750705, -0.26296315154864625, -0.4997122593406668, 23510000000, 
-0.10757678263680662, 0.03239131658583269, -0.49990923442604085, 23515000000, 
-0.04282317402658002, -0.25778370988687094, -0.499909418530497, 23520000000, 
-0.08630544580930762, -0.015172214807977195, -0.4999317578845686, 23525000000, 
-0.04904759949710861, -0.17661397600596035, -0.5000263561464502, 23530000000, 
-0.025955095917029797, -0.2668492319065126, -0.4999279235423255, 23537000000, 
-0.08760325822852176, -0.08053000488275075, -0.4999884515074129, 23542000000, 
-0.02872612737911276, -0.26940816765222575, -0.4998855503930773, 23547000000, 
-0.06548137714283211, -0.00876419893200691, -0.499652154812075, 23552000000, 
-0.06698445801661934, -0.17938519204963427, -0.5001026725324441, 23557000000, 
-0.04663681664496485, -0.2810808286400815, -0.4997143456740907, 23562000000, 
-0.12315337795718802, 0.07896223276227061, -0.4999170278451284, 23567000000, 
-0.09538460954636921, -0.16516229839866292, -0.5002168803134861, 23572000000, 
-0.003412069813905866, -0.26777319589862875, -0.5001170730211769, 23577000000, 
-0.09153384866510691, 0.008302916361769847, -0.4997877305440931, 23582000000, 
-0.06915899330658916, -0.14937849288533, -0.4998278267140517, 23587000000, 
-0.02374447693613949, -0.2700997224730823, -0.5000114705870892, 23592000000, 
-0.10060453323582134, 0.014753712721963911, -0.49950600447253746, 23597000000, 
-0.0661049094741475, -0.1725995334338849, -0.5002841321563809, 23602000000, 
-0.030415988750479166, -0.2592409347185989, -0.5001962161181503, 23607000000, 
-0.13566010294246597, -0.0018901391008143299, -0.49981890075053537, 23612000000, 
-0.05533112860200425, -0.17923367843424692, -0.5003197028560733, 23617000000, 
0.008424609703246096, -0.25526334098721787, -0.5005588064494988, 23622000000, 
-0.09924959318553717, -0.03858490024079322, -0.4998820725806683, 23627000000, 
-0.05689152323900768, -0.14103744756976258, -0.5005407508463048, 23634000000, 
-0.00525348425767409, -0.2981504803612517, -0.500111635466368, 23639000000, 
-0.10160788950293574, -0.02885940790809663, -0.5001963046168355, 23644000000, 
-0.057165098502336205, -0.16054136293373134, -0.500245530462327, 23649000000, 
-0.014360101151474755, -0.28621834871710977, -0.49997815133919343, 23654000000, 
-0.1446865252400104, 0.06832346821836396, -0.5000312884263981, 23659000000, 
-0.06691557564109017, -0.17289799188899485, -0.5003072839824787, 23664000000, 
-0.020038109536371862, -0.2847169698557674, -0.4997665479764491, 23669000000, 
-0.09410910686858641, -0.0128800290520258, -0.5002791381958349, 23674000000, 
-0.07313701651864839, -0.17046571842275057, -0.5001587715047315, 23679000000, 
-0.007892957049573856, -0.27875755772867633, -0.49972037118434576, 23684000000, 
-0.11903635180356108, -0.04290132472349056, -0.499744369423252, 23689000000, 
-0.0413807425299988, -0.15535961639653906, -0.5001125549081421, 23694000000, 
0.0047775423277449, -0.2551132112785807, -0.5000304500467769, 23699000000, 
-0.12165758151527242, -0.02617867732515237, -0.4997368677197784, 23704000000, 
-0.04076544818097815, -0.15770028855744284, -0.5004195516659173, 23709000000, 
-0.010803328329091252, -0.2573900395737081, -0.49999766093987996, 23714000000, 
-0.07048578676060026, -0.029843741016277247, -0.5004091091561645, 23719000000, 
-0.030111336459908322, -0.25315722770346466, -0.500078994236304, 23725000000, 
-0.04506331625260541, -0.04799326844902348, -0.4999721438399533, 23730000000, 
-0.06995517299122965, -0.16702992297742264, -0.499885537319997, 23735000000, 
-0.050938346431118164, -0.11278179907795369, -0.5000075137027911, 23745000000, 
0.007375990833115919, -0.26968098755912523, -0.5000654759484933, 23750000000, 
-0.0864049104637672, -0.05797745117461896, -0.5001333904305215, 23755000000, 
-0.07650090789127649, -0.1747043443723658, -0.5000686559241313, 23760000000, 
-0.0637183422841277, -0.22848765564772427, -0.49986423184985623, 23767000000, 
-0.07345505274628215, -0.041291226168374585, -0.49947696186965657, 23772000000, 
-0.07049051374166587, -0.1686557919056461, -0.5000478718799618, 23777000000, 
-0.05908236099654291, -0.15904207277389207, -0.49975727335186143, 23782000000, 
-0.08673189674786762, -0.14280059254310856, -0.5001267647880655, 23787000000, 
-0.051847510679152914, -0.2507180432356383, -0.5003933609613415, 23792000000, 
-0.09488491894194008, -0.04522642899752369, -0.4997169666276191, 23797000000, 
-0.08149299127176143, -0.167120989545369, -0.5003332241974784, 23802000000, 
-0.020221380024436613, -0.2546778945245783, -0.5001834474036797, 23807000000, 
-0.08239657951352702, -0.009484138951938567, -0.5001117227035279, 23812000000, 
-0.058992996893619205, -0.15662750144404133, -0.5001972399467479, 23817000000, 
-0.02421023444019603, -0.2864632607695115, -0.49975828369359276, 23822000000, 
-0.09420871325943894, 0.0087579046825914, -0.5000392131109265, 23827000000, 
-0.06519438516532797, -0.16689973499254795, -0.5002640592402866, 23832000000, 
-0.021786751270133877, -0.25242889918315464, -0.49999300462597024, 23837000000, 
-0.056998467786646675, -0.04351490094497157, -0.4998989071302563, 23842000000, 
-0.053451800144537126, -0.157612085810694, -0.5002147667480225, 23847000000, 
-0.030704630397218685, -0.27222715852222845, -0.4996424067561624, 23852000000, 
-0.0891737824510313, -0.0714397525610313, -0.4999295463558951, 23857000000, 
-0.06908136404706032, -0.1401797507806351, -0.5001831547922262, 23862000000, 
-0.015926166261852392, -0.25804032635272506, -0.5002340171882128, 23867000000, 
-0.09352589424222657, -0.05118161470374459, -0.500077332375781, 23872000000, 
-0.08126562320353063, -0.15800948255978478, -0.5004761811912954, 23877000000, 
-0.05069371806255243, -0.1528745989303242, -0.4999245472107634, 23882000000, 
-0.06453392718181754, -0.16808772193819735, -0.5001185918924542, 23887000000, 
-0.02226703302955421, -0.2631849434119716, -0.5002900770296144, 23892000000, 
-0.08595756760707327, -0.014005684808827027, -0.4996423278720866, 23897000000, 
-0.04309878525956981, -0.15762261246930154, -0.5003306667497319, 23902000000, 
-0.02574733132657517, -0.2556988328486641, -0.4998689152864517, 23907000000, 
-0.0964626880953004, -0.0046028838169066, -0.5000751326135766, 23912000000, 
-0.0423409470643846, -0.1734689179371559, -0.5001915765950244, 23917000000, 
-0.022020854906518308, -0.2591339958851294, -0.49971520459717234, 23922000000, 
-0.10249234341373951, 0.04669994101504919, -0.4995190682507774, 23928000000, 
-0.05467977207696585, -0.1561119592647509, -0.5000347746176311, 23933000000, 
-0.08748264268591287, -0.144733917936098, -0.4996774821566107, 23938000000, 
-0.0584282054436707, -0.17089507208085575, -0.5000484950715021, 23943000000, 
-0.05427317721139148, -0.24587867667705998, -0.49994537615254675, 23948000000, 
-0.10063698657052998, -0.022052803280129738, -0.49995992019331553, 23953000000, 
-0.055852963525315484, -0.13324653051182472, -0.500396917499434, 23958000000, 
-0.037052730177349634, -0.2919220910737704, -0.49990805262157606, 23963000000, 
-0.07900216418458514, -0.012108458360955381, -0.5002124957399063, 23968000000, 
-0.05482225304114026, -0.15229326726610495, -0.4998985904487581, 23973000000, 
-0.06288503093904624, -0.14829997220665692, -0.4996115753595813, 23978000000, 
-0.04429096029484898, -0.13984056447613064, -0.5002890015228647, 23983000000, 
-0.003283464771344887, -0.2686575995260456, -0.5001892953351864, 23988000000, 
-0.06435610050451622, -0.008415598947226054, -0.499945929363899, 23993000000, 
-0.054451380589087224, -0.16936559539219867, -0.5002980573674074, 23998000000, 
-0.01364358258855554, -0.30051763095569517, -0.5003006096980829, 24003000000, 
-0.09019920087533133, -0.034843999353762506, -0.5002681737814804, 24008000000, 
-0.039237651267033824, -0.23512048408500585, -0.49980521727497057, 24013000000, 
-0.031548460386632365, -0.16560488378279228, -0.49967267037874297, 24018000000, 
-0.09209600838707026, -0.06043032001781901, -0.5000883479011188, 24023000000, 
-0.07221515227721932, -0.15665534689969166, -0.500048111914102, 24028000000, 
-0.049974089091829516, -0.12883286344653477, -0.49990696203616336, 24033000000, 
-0.09206584631534609, -0.12980796663702326, -0.500120433037102, 24038000000, 
-0.013272440064211511, -0.2805605815526404, -0.5000846405139453, 24043000000, 
-0.07965517782432467, -0.06924367379892603, -0.499812839489036, 24048000000, 
-0.05871860083202357, -0.12817302392559757, -0.5002380004254561, 24053000000, 
-0.022315227109521996, -0.2240208193193409, -0.5001367222520123, 24058000000, 
-0.06584088027689844, -0.15512936096279956, -0.49969659675952394, 24063000000, 
-0.08705568475382267, -0.038723657075509774, -0.5003041764177893, 24068000000, 
-0.029071273134112077, -0.2473795694072259, -0.4999384507236003, 24073000000, 
-0.07289050882689284, -0.06594413037436238, -0.499870725174815, 24078000000, 
-0.06649342238317246, -0.15006904168195231, -0.5006202341981526, 24083000000, 
-0.029906076475238977, -0.23249919424079407, -0.500184736250696, 24088000000, 
-0.05855607727264882, -0.04045874123340417, -0.4995964146559817, 24093000000, 
-0.06039944543515323, -0.1676835901416072, -0.49986802250317736, 24098000000, 
-0.02451256284025305, -0.2514284837097209, -0.5000109055568066, 24103000000, 
-0.08544263308812174, -0.03682232975435555, -0.4997887883387534, 24108000000, 
-0.0333566441464867, -0.14524204879673153, -0.49996178455436924, 24113000000, 
-0.03883181408718287, -0.24256926939351986, -0.5000664382291139, 24118000000, 
-0.08209170359738475, -0.04253907450611758, -0.4998499056527099, 24123000000, 
-0.059776751972375516, -0.15251076378633913, -0.5002304962973001, 24128000000, 
-0.03886111970869321, -0.24819688161267384, -0.5001208642668368, 24133000000, 
-0.04897173130541457, -0.05323936420454481, -0.5000681981278288, 24138000000, 
-0.08315397011017162, -0.16984634742415738, -0.5001210464493743, 24143000000, 
-0.06790275953613294, -0.26579080571617575, -0.4998604857234837, 24149000000, 
-0.08110825602520871, 0.008333556280170101, -0.4995540904398327, 24154000000, 
-0.057464022556440904, -0.1807142031327174, -0.500090831529567, 24159000000, 
-0.0444355079019246, -0.26279043347619496, -0.49996138701488946, 24164000000, 
-0.07662357749281094, -0.007648502785813367, -0.5000155249453881, 24169000000, 
-0.049211107075140544, -0.175910740256775, -0.5003108473031685, 24174000000, 
0.0018407789678124911, -0.27724719483841104, -0.49997886643647077, 24179000000, 
-0.12259845309655892, 0.027825536199505466, -0.4996926312907456, 24184000000, 
-0.06526964208848476, -0.15710748349342452, -0.5002194148534416, 24189000000, 
-0.03635977122770739, -0.11655803758472816, -0.49997959452963003, 24194000000, 
-0.05079239226860406, -0.18630077095174555, -0.5004589821103194, 24199000000, 
-0.06253157262619094, -0.28550565823455737, -0.4999512242946508, 24204000000, 
-0.06670814376864671, -0.001716822472742633, -0.5002267210783949, 24209000000, 
-0.02900689667027485, -0.14453920122367425, -0.5002857248927821, 24214000000, 
-0.049064804462522246, -0.13849262288096684, -0.5000111905705156, 24219000000, 
-0.06088570193860052, -0.1452436278564558, -0.49966967802288137, 24224000000, 
-0.026737518503946626, -0.28797262272678437, -0.5001044460127139, 24229000000, 
-0.041215382840167396, -0.013596415046784745, -0.49981765126501093, 24234000000, 
-0.089647067829244, -0.16138614573299545, -0.5001338261744327, 24239000000, 
-0.07026924140443344, -0.24313183542959088, -0.4995767355228046, 24244000000, 
-0.07388459428467047, -0.01159930288697996, -0.5000468045880794, 24249000000, 
-0.07806707191072894, -0.1948263600408252, -0.5003223628155663, 24254000000, 
-0.024828725329430777, -0.2712328138397242, -0.4999789316003664, 24259000000, 
-0.09431855887157642, -0.016489140283065345, -0.5001230884082823, 24264000000, 
-0.08694586467276277, -0.1515777583555926, -0.5003347280791058, 24269000000, 
-0.06697335689469987, -0.14389783857095897, -0.49992815651392336, 24274000000, 
-0.05004864870958338, -0.1368708901023148, -0.5002789194558674, 24279000000, 
0.0049873314502444505, -0.26097382787642265, -0.5000137486199671, 24284000000, 
-0.04224919161034466, -0.028846747656348433, -0.4995269491195511, 24289000000, 
-0.04541671169902391, -0.1873434189045224, -0.5004541062080354, 24294000000, 
-0.047012765923881386, -0.32580447028462906, -0.49979825364192376, 24299000000, 
-0.115665947169747, -0.02100308176968377, -0.500068538629119, 24304000000, 
-0.07964483922105792, -0.1701132623662566, -0.5001288134316477, 24309000000, 
-0.029455434545588986, -0.2262606436206561, -0.49930776347402656, 24314000000, 
-0.08076328621637241, -0.025095426519574124, -0.5002248199509757, 24319000000, 
-0.05068458020550127, -0.12008093653622004, -0.5002925158680479, 24324000000, 
-0.028072381874557167, -0.290402042482959, -0.49947923339955425, 24329000000, 
-0.04632718046871476, 0.012792507165383073, -0.49969734445827874, 24334000000, 
-0.03235761563366868, -0.14642637761587116, -0.5002714084245812, 24339000000, 
-0.0657709720545832, -0.1473922450413258, -0.4995636241711423, 24344000000, 
-0.043685210940875505, -0.14513375829578742, -0.5000335023471859, 24349000000, 
-0.053539768270997545, -0.300456771028644, -0.4998757084993548, 24354000000, 
-0.07642396541545504, 0.0018256930861092358, -0.4995788133338249, 24359000000, 
-0.04475739255854595, -0.1685092166538607, -0.5005296562643202, 24364000000, 
-0.03208877864056204, -0.2613327755315424, -0.5002319400998668, 24369000000, 
-0.0943820674704817, 0.009520883592897243, -0.5000798518998176, 24374000000, 
-0.05953550403976688, -0.25630306238022016, -0.500095963189959, 24379000000, 
-0.07388806529925862, -0.03250775142754757, -0.4994581313366047, 24384000000, 
-0.0431247157322977, -0.14472146965420662, -0.5001711795665309, 24389000000, 
-0.07571834333174607, -0.306611211441318, -0.5001014720993314, 24394000000, 
-0.06528294511089436, -0.03873128352249762, -0.5002674194117597, 24399000000, 
-0.08172114461121938, -0.15667690277414228, -0.4999100852248491, 24404000000, 
-0.11811463880356125, -0.10596598509588791, -0.49995601795980027, 24409000000, 
-0.038150572376447825, -0.20491094777738947, -0.49995816811372173, 24414000000, 
-0.05174951478807885, -0.26074220872753, -0.49973604615645534, 24419000000, 
-0.08902531295867165, 0.031295849853187147, -0.49986691127750416, 24424000000, 
-0.06209250750791652, -0.1977807657969852, -0.5005959905664553, 24429000000, 
-0.03575881080013045, -0.3259985387722266, -0.4998181203109115, 24434000000, 
-0.03397647997454728, -0.01485890544527898, -0.49969922368341774, 24439000000, 
-0.05394812384861824, -0.13660804270251445, -0.5003793784655125, 24444000000, 
-0.07277929097719188, -0.13433188817895098, -0.5001332405976479, 24449000000, 
-0.00749724230464878, -0.13283145851684475, -0.5002201437235355, 24454000000, 
-0.022099094003085292, -0.2693053487198389, -0.5000757350058903, 24459000000, 
-0.07773604123669933, -0.003738015937346386, -0.4999119301256751, 24464000000, 
-0.04240423677211733, -0.15830983859823872, -0.499951133354403, 24469000000, 
-0.06711645947244482, -0.28163713263100487, -0.5002268788587857, 24474000000, 
-0.06080632537238287, 0.012662911436976221, -0.49987266188771395, 24479000000, 
-0.039923633419249094, -0.13858369206057247, -0.49980276119536643, 24484000000, 
-0.07047935284678744, -0.2994997822675899, -0.4998775976759348, 24489000000, 
-0.05139460688399348, -0.005831538537061727, -0.4994859094891633, 24494000000, 
-0.06253996589831334, -0.1529043922701004, -0.5000272111634084, 24499000000, 
-0.08594696091610166, -0.23485781483956925, -0.5001349390866017, 24506000000, 
-0.0427107310828089, 0.009365173164961223, -0.5002576805085237, 24511000000, 
-0.07237374284679891, -0.2670964917748171, -0.5003443901938591, 24516000000, 
-0.05444267007257209, -0.044025790224348105, -0.49994804505683027, 24521000000, 
-0.06656110277167182, -0.15405823665203405, -0.5004289273875955, 24526000000, 
-0.05030060394778629, -0.1864278579456056, -0.5007473798859293, 24531000000, 
-0.03612418349272254, -0.15069842550182394, -0.49975613775573136, 24537000000, 
-0.03689545801329255, -0.14156381259014292, -0.5001819387886769, 24542000000, 
-0.05645906855559357, -0.15844043556612436, -0.500409467575971, 24547000000, 
-0.030322081103412515, -0.2699714394695866, -0.5000507621665029, 24552000000, 
-0.08591207580823851, -0.012685724425834783, -0.5000278403312026, 24557000000, 
-0.059674740293596165, -0.17185959063168674, -0.5001476704187153, 24562000000, 
-0.05268279398538667, -0.2703126416952731, -0.4997876657933529, 24567000000, 
-0.08561276283966189, -0.008935240248069683, -0.5004684128611491, 24572000000, 
-0.04501328031703532, -0.15293326107276842, -0.5000610250442684, 24577000000, 
-0.09774051142748433, -0.11508587826139563, -0.49973171147452794, 24582000000, 
-0.03289007445013681, -0.17936640924139935, -0.5001141201594862, 24587000000, 
-0.042687131746551955, -0.2839313533487888, -0.5004226066901979, 24592000000, 
-0.08522420346218335, -0.010546240636411328, -0.4999343959520894, 24597000000, 
-0.03350526328889654, -0.15446779411147094, -0.5002944057170354, 24602000000, 
-0.03567420559361764, -0.28704997711225694, -0.49998845903907996, 24607000000, 
-0.09745677821042803, 0.022543551388833953, -0.5000982795930313, 24612000000, 
-0.07111338582150033, -0.17296104759926792, -0.5002327247432352, 24617000000, 
-0.021595066849742016, -0.13480363464515213, -0.49981958536008664, 24622000000, 
-0.056419863788646725, -0.1043903158869181, -0.5001031943789763, 24627000000, 
-0.06013930102712221, -0.1884891456573508, -0.5002757027322977, 24632000000, 
-0.056560844403154426, -0.13821451359767048, -0.5000058726243976, 24637000000, 
-0.0725721038423511, -0.11951000733214225, -0.4999860717183893, 24642000000, 
-0.031975986359539035, -0.2959416143710984, -0.4999406678228621, 24647000000, 
-0.03808808104572396, -0.03745986672333099, -0.5002170234314923, 24652000000, 
-0.07977048950493121, -0.1760791938152509, -0.49989229819497555, 24657000000, 
-0.06344336587122909, -0.2881649491044654, -0.5003049310016542, 24662000000, 
-0.08172604930215412, -0.0054934046933258485, -0.5003182338760755, 24667000000, 
-0.027645611657324817, -0.14901417620157464, -0.5002657051390886, 24672000000, 
-0.024968362762652296, -0.28556963971328336, -0.49957635319045957, 24677000000, 
-0.07731691855629191, -0.037294710517824556, -0.4998036018253229, 24683000000, 
-0.008539222836154318, -0.17942879016754998, -0.500114058565165, 24688000000, 
-0.031514518341636696, -0.14087847327633338, -0.4998336115463822, 24693000000, 
-0.07973040000455531, -0.1627989358544602, -0.5003354902180522, 24698000000, 
-0.01471856284063923, -0.2877203696240761, -0.500202997441729, 24703000000, 
-0.054299583256559474, -0.020914242760461027, -0.49966415540385106, 24709000000, 
-0.03861158996525765, -0.14007542735051937, -0.5002064784137122, 24714000000, 
-0.02789586793350654, -0.2893273336240584, -0.49992943072597223, 24719000000, 
-0.07677110632261291, 0.01162482386936458, -0.5000411026409687, 24724000000, 
-0.059371547835013076, -0.17183918660328473, -0.49995665471608985, 24729000000, 
-0.05719700335856851, -0.2889900545531104, -0.499662663226719, 24734000000, 
-0.0869199970370488, 0.01108723921205278, -0.4997520846258992, 24739000000, 
-0.06003681170410027, -0.15798840291081162, -0.5007019442221634, 24744000000, 
-0.022699146917455053, -0.15556691736554126, -0.5003104981973252, 24749000000, 
-0.06843724070580655, -0.17577899785107626, -0.5001443067093134, 24754000000, 
-0.029940589958086322, -0.31029614684965245, -0.500035334497651, 24759000000, 
-0.07798498101269614, 0.02755400434322334, -0.4999181650377215, 24764000000, 
-0.04859957738637767, -0.18054873004969563, -0.5000221343975562, 24770000000, 
-0.05697922349526061, -0.13920153331456145, -0.49988137541268024, 24775000000, 
-0.06460979924434207, -0.1089050214206413, -0.4998364349863732, 24780000000, 
-0.028869486101552846, -0.29828196124499673, -0.5000970746589215, 24785000000, 
-0.07429326477398111, 0.013981615312771882, -0.5000208173657065, 24790000000, 
-0.022948088611763683, -0.1612244291460394, -0.5002255423501077, 24795000000, 
-0.03534055845427097, -0.3283908091734355, -0.4997880381040793, 24800000000, 
-0.08502705789971854, 0.04273960977894977, -0.499908606174985, 24805000000, 
-0.030450634703458997, -0.3001411093565313, -0.5001384284846832, 24810000000, 
-0.05576978166006413, 0.005965913631346607, -0.49936598193195264, 24815000000, 
-0.0626578023551513, -0.19491888831886592, -0.49978971895964347, 24820000000, 
-0.03632163006711656, -0.30633206165631305, -0.5002593448786515, 24825000000, 
-0.09048717244229354, -0.010214489195111743, -0.49970687776775946, 24830000000, 
-0.054175113255530316, -0.14372966003834298, -0.5004549016005478, 24835000000, 
-0.026083484581460897, -0.3142236160985516, -0.5002020431805659, 24840000000, 
-0.06436764647765297, -0.16683815526774928, -0.4998368533742959, 24845000000, 
-0.10466000305896173, -0.05438963153240836, -0.500133277467242, 24850000000, 
-0.03178152977658194, -0.31210271516844346, -0.5006210326087966, 24855000000, 
-0.07773064308932504, -0.03947870665779982, -0.49977505064607314, 24860000000, 
-0.07990680988225177, -0.12519612585549247, -0.4995226672979544, 24865000000, 
0.007617861814840428, -0.29344478169496196, -0.49971578437562014, 24872000000, 
-0.06571025799637288, 0.008821235462959057, -0.49980711259976446, 24877000000, 
-0.0674919475755394, -0.17404561446641564, -0.5004453768800898, 24882000000, 
-0.01909886142394712, -0.2984860457815476, -0.5000569670713624, 24887000000, 
-0.0983545909860645, -0.0022783779645215996, -0.49985076614498725, 24892000000, 
-0.03816859728716501, -0.19094140139972765, -0.5005598194261162, 24897000000, 
-0.04943857229112042, -0.3201711664486945, -0.5000767087121526, 24902000000, 
-0.09898841186021211, 0.13338710661664013, -0.4997195211310319, 24907000000, 
-0.04662770696396365, -0.16595542408987146, -0.500421081973115, 24912000000, 
-0.025057415577339644, -0.29765567171913127, -0.4998816294212707, 24917000000, 
-0.07347216092799004, 0.022634811315737524, -0.49993007273765566, 24922000000, 
-0.06458703302562421, -0.14567188294026034, -0.5001608872065508, 24927000000, 
-0.04418631252558941, -0.12607676523779038, -0.4998485687960365, 24932000000, 
-0.08532600275283386, -0.15273612525404204, -0.4999613473915753, 24937000000, 
-0.00774492477105846, -0.3152184160070006, -0.5002045757748536, 24942000000, 
-0.09838684788934937, 0.03800629134275675, -0.49988360693144784, 24947000000, 
-0.016769446929199648, -0.1585075836847065, -0.5002339906704898, 24952000000, 
-0.05557055981018541, -0.3362291156936151, -0.5002031854623034, 24957000000, 
-0.08360530994692807, 0.006409641593997978, -0.5001070337397493, 24962000000, 
-0.048699325019268595, -0.2977214683441062, -0.49984168985136596, 24968000000, 
-0.09802864118660634, 0.07710068735164685, -0.49963669927390747, 24973000000, 
-0.03951609286239763, -0.16757015339059253, -0.5003976772251493, 24978000000, 
-0.021199185894984818, -0.3263593371326814, -0.49963057479416223, 24983000000, 
-0.11022718297988493, 0.022836039321097606, -0.5002599837366032, 24988000000, 
-0.06513287142364078, -0.15516128657926198, -0.5004189387643369, 24993000000, 
-0.06298171977133173, -0.1482637013462083, -0.4998088314317439, 24998000000, 
-0.044082172035211586, -0.1591567167102174, -0.5000880669113372, 25003000000, 
-0.020629370770650222, -0.33747913026396886, -0.5002772626097833, 25008000000, 
-0.09470216822527434, 0.03214377062472598, -0.4999948968366648, 25013000000, 
-0.018781905535221213, -0.1842163306582696, -0.49992137156857286, 25018000000, 
-0.01788406243870913, -0.3203347565040015, -0.4999817884715716, 25023000000, 
-0.0699524237644784, 0.03096339620814921, -0.49991719436970866, 25028000000, 
-0.023557519040443856, -0.1693544313744805, -0.500509802118201, 25033000000, 
-0.006216639870090976, -0.3876941198676802, -0.4999953256123769, 25038000000, 
-0.10629787047007958, 0.015763714667142447, -0.4999545681304538, 25043000000, 
-0.0415984752076144, -0.1832457004141001, -0.5000564630869038, 25048000000, 
0.025299789134645922, -0.300680521599037, -0.4993004386001348, 25053000000, 
-0.1385362766726813, 0.025841683923066336, -0.5003546291742202, 25058000000, 
-0.046398119921699225, -0.14625674406704087, -0.5003940895023007, 25063000000, 
-0.06373131170252214, -0.11907541833521962, -0.49976650463039446, 25068000000, 
-0.03710396401185613, -0.11936791765438177, -0.5003440452017938, 25073000000, 
-0.08340843184674615, -0.15293037101555332, -0.50019002161381, 25078000000, 
-0.06928502799766573, -0.11992129576977856, -0.4999753131707061, 25083000000, 
-0.033259105591333826, -0.15826558868055118, -0.5001136823178466, 25088000000, 
-0.0003620265149794702, -0.32105599001252383, -0.500159460165351, 25093000000, 
-0.12044159196549947, 0.013004094040231118, -0.4998701920892133, 25098000000, 
-0.04130900036264647, -0.1625001289065946, -0.5000027475148966, 25103000000, 
0.0009370361248136, -0.31427835395853204, -0.5001154159036064, 25108000000, 
-0.1016820074067321, 0.024957192621587687, -0.5001774541818566, 25113000000, 
-0.0696256278037699, -0.17542730846760468, -0.5001377302176264, 25118000000, 
-0.021877861937643482, -0.31606973530487276, -0.49988401304498703, 25123000000, 
-0.11402026630616684, 0.060709654709451805, -0.4998420262355231, 25128000000, 
-0.061581368336711476, -0.1479745801890177, -0.5000796560434746, 25133000000, 
-0.047453531270956494, -0.15759445025819643, -0.49987339919834595, 25138000000, 
-0.07807146079251229, -0.12796079525146137, -0.5004381448351786, 25143000000, 
0.008800991755573619, -0.32501789396270087, -0.5005325427949419, 25148000000, 
-0.11051697101433236, 0.020661714792710954, -0.5003268778593556, 25153000000, 
-0.05919315176067821, -0.16308725894038745, -0.500354209914996, 25158000000, 
-0.0025523694644631265, -0.36239011636088764, -0.49957067568457725, 25163000000, 
-0.11854248450556745, 0.056081472631913466, -0.4998850270906685, 25168000000, 
-0.08131452695646782, -0.15251589546843802, -0.5002945186623065, 25173000000, 
-0.01105887191784138, -0.35157355277899927, -0.49966664627814117, 25178000000, 
-0.13073245325194893, 0.0654314006912575, -0.50008523285232, 25183000000, 
-0.029263317395889565, -0.18653663757033392, -0.500295477431243, 25190000000, 
-0.025697776587887168, -0.12644902024966337, -0.49981895140711835, 25195000000, 
-0.020585222391448287, -0.18543040587257006, -0.49976185898794584, 25200000000, 
-0.029002328624614916, -0.3500869334825892, -0.49977596130345575, 25205000000, 
-0.14915397019130047, 0.06751776692932526, -0.5002442910863896, 25210000000, 
-0.04415772279716771, -0.14581120428746497, -0.5002834449382217, 25215000000, 
-0.0017166369559461474, -0.3135802897567421, -0.5000486935829102, 25220000000, 
-0.14159389844315862, 0.0665793591391852, -0.4999264231036813, 25225000000, 
-0.06796966800480445, -0.14186212206526522, -0.5001167700753708, 25230000000, 
0.005668453619651653, -0.371601754150336, -0.4996982812558195, 25235000000, 
-0.1635154185690241, 0.1105731416878116, -0.5003243817951226, 25240000000, 
-0.01414576869072606, -0.26930518592992914, -0.49976630319903204, 25247000000, 
-0.19136104517954566, 0.12714903692808982, -0.4999685745936537, 25252000000, 
-0.021442640566037573, -0.16133739058704702, -0.5001476706649214, 25257000000, 
0.032170912329145485, -0.3173359873366243, -0.5001544455086355, 25262000000, 
-0.15418866429612033, 0.03795785814047954, -0.5004743973402315, 25267000000, 
-0.01669687526505859, -0.18748379858967582, -0.5000119729847399, 25272000000, 
-0.07189346280635202, -0.1512985153585141, -0.49976212659896113, 25277000000, 
-0.0751114610298016, -0.16208643656094285, -0.4997822394178106, 25283000000, 
0.00076319150217731, -0.3507399659604075, -0.5000122502316796, 25288000000, 
-0.159117636442206, 0.06480567340474916, -0.5001658235748769, 25293000000, 
-0.04712701594535918, -0.16259225326506188, -0.5001770737342608, 25298000000, 
-0.0496168857473147, -0.1344323096149257, -0.4996865280825871, 25303000000, 
-0.049447249589378475, -0.13846062855940205, -0.5002924181099594, 25308000000, 
0.05140588767154558, -0.37974999731227616, -0.49992915080906253, 25313000000, 
-0.19281179663634346, 0.05716092477286839, -0.4999915345119387, 25318000000, 
-0.06984743216211424, -0.17509126421845533, -0.5001320477522335, 25323000000, 
0.0931808516002682, -0.41952644252763294, -0.4997737109673657, 25328000000, 
-0.13934848593658739, 0.026616246635037213, -0.5002248190603096, 25333000000, 
0.0358953081116081, -0.3273303778654749, -0.500189203798837, 25338000000, 
-0.13916994983607386, 0.019028317926063028, -0.4996685516102344, 25343000000, 
-0.04920552990352587, -0.19013633936783508, -0.5003865686356659, 25348000000, 
0.049051648593604724, -0.34109465965296654, -0.49963896691156046, 25353000000, 
-0.14692933399126057, 0.0747056528431756, -0.5001990203033222, 25358000000, 
-0.05214424933341046, -0.16741870948174448, -0.5006878285288505, 25363000000, 
-0.045990229125553755, -0.1836715972384842, -0.500025363316542, 25368000000, 
-0.07274386655718115, -0.1363899689435727, -0.5000456323099653, 25373000000, 
0.020006188515934692, -0.33933163045777903, -0.5003121355097028, 25378000000, 
-0.14092797440718138, 0.03209522266978855, -0.5000821218381468, 25383000000, 
-0.07123684283873605, -0.1798457648847462, -0.5000862188048314, 25388000000, 
0.022300798848587454, -0.3514281182688316, -0.49976496675965426, 25393000000, 
-0.16502216860033866, 0.05101886310206902, -0.5000008924769662, 25398000000, 
0.03757647743433655, -0.33002915139540856, -0.5004616942003641, 25403000000, 
-0.14601134433153717, 0.04685573346794388, -0.49990617407283994, 25408000000, 
-0.061102302281984655, -0.17891270171898854, -0.5002305233251131, 25413000000, 
0.028267596547930814, -0.3473186028481539, -0.5000274504153895, 25418000000, 
-0.1525101277049515, 0.04510277775753729, -0.500140130707767, 25423000000, 
-0.05674819063605028, -0.18808674337324593, -0.5001540002731851, 25428000000, 
-0.06464040341122401, -0.16242856910294695, -0.49958932019056435, 25433000000, 
-0.046613253515823724, -0.15907081073387852, -0.5001683755960579, 25438000000, 
0.03295267400404017, -0.34137811972737625, -0.4998605404662527, 25443000000, 
-0.17110233277139988, 0.04112724156173091, -0.5003535837967319, 25448000000, 
-0.09906724510802231, -0.1785800623438146, -0.49986562041472415, 25453000000, 
0.01443389317865659, -0.3226151145553613, -0.49996145834518113, 25458000000, 
-0.13927618831036084, 0.08597950737315353, -0.499944395601668, 25463000000, 
-0.06663076763814466, -0.161430385885218, -0.5003256520832886, 25468000000, 
0.025990260261307765, -0.3229118386270793, -0.49974231588522466, 25473000000, 
-0.14692820393818623, 0.018401746092626407, -0.5002921720163965, 25478000000, 
-0.05965596781690772, -0.15815384570746713, -0.5006107485732977, 25483000000, 
0.06503031611461532, -0.4149865428178783, -0.49948481450713544, 25488000000, 
-0.11256944151302087, 0.040549778872257435, -0.5002753575042378, 25493000000, 
-0.006228766470144559, -0.33247051510125075, -0.5004252351976491, 25498000000, 
-0.1366640880005274, 0.04088309811802998, -0.49991159487572423, 25503000000, 
-0.04519535846059896, -0.1741710012058762, -0.5003221781141428, 25508000000, 
-0.0024333431704856266, -0.3385648415156921, -0.49978947447688976, 25513000000, 
-0.10147658161667342, 0.047169234614301184, -0.4994908897541701, 25518000000, 
-0.0699167659469575, -0.1934117286398876, -0.4998106366435529, 25523000000, 
-0.06880053624584125, -0.14900622105725997, -0.4999041282418684, 25528000000, 
-0.06299934156700361, -0.13994837815052358, -0.4999798723376163, 25533000000, 
0.03399816718319498, -0.35257328347679373, -0.5000823403172313, 25538000000, 
-0.1357590318715111, 0.06729009865158897, -0.4997804833331154, 25543000000, 
-0.0533079848951645, -0.20783959329375676, -0.4998444445898056, 25548000000, 
0.00811201595133151, -0.3279279295629552, -0.500035156598174, 25553000000, 
-0.11351171096256399, 0.0010904112399353506, -0.5001778687710388, 25559000000, 
0.026122308060466372, -0.34305992329009827, -0.5000468783768085, 25564000000, 
-0.14685614576080613, 0.04436920881193389, -0.5001234119287985, 25569000000, 
-0.05544860130827556, -0.17199079975906428, -0.5001596211995524, 25574000000, 
0.0011714614529515534, -0.32994465900119435, -0.49973585083442057, 25579000000, 
-0.14716590661954454, 0.04057328414244166, -0.500077425432909, 25584000000, 
-0.009626523595921106, -0.33548655453288984, -0.5003885392783938, 25589000000, 
-0.10100355803730088, 0.036901316199086785, -0.5004377628565773, 25594000000, 
-0.06623260804019179, -0.1644907841522372, -0.5004365406916296, 25599000000, 
-0.0037447757295385256, -0.3572879855956111, -0.5000309453601106, 25604000000, 
-0.13533677098677457, 0.046161378146174596, -0.5003030880592981, 25609000000, 
-0.040918469956091844, -0.1833657205833706, -0.5004231680350619, 25614000000, 
-0.0672523656399321, -0.19306257170780933, -0.4999441480445452, 25619000000, 
-0.03149915557292842, -0.14328502121448639, -0.5002705984404916, 25624000000, 
0.014919265023088954, -0.3472986221293435, -0.5001157505585091, 25629000000, 
-0.12914771127133198, 0.07324376420412969, -0.500042403001916, 25634000000, 
-0.05433202980203736, -0.16529194203669323, -0.5003423918080988, 25639000000, 
-0.005547252054698405, -0.3371473638225622, -0.49990103455336987, 25644000000, 
-0.13819325982013675, 0.054524646867057935, -0.5003068808862502, 25649000000, 
-0.008507384933158033, -0.294590740883435, -0.5001430737015532, 25654000000, 
-0.1078625623087402, 0.008646147707491923, -0.4999988417378051, 25659000000, 
-0.05919358479819103, -0.14930313012759197, -0.5005169203897003, 25664000000, 
0.021522220415453767, -0.33555263237517824, -0.4996724231694331, 25669000000, 
-0.13585006033315605, 0.0495908561293265, -0.4997572301936465, 25674000000, 
-0.03463931708294219, -0.17271192562260698, -0.5003899458217441, 25679000000, 
-0.05626025301061322, -0.15362433794397998, -0.4998879286594366, 25684000000, 
-0.11074244495596891, -0.1401977068653485, -0.5003510416023897, 25689000000, 
-0.012309780788487705, -0.3075243785400984, -0.5003155987238994, 25694000000, 
-0.1015403490606259, 0.02471467123770605, -0.4995875499469252, 25699000000, 
-0.0809474612947597, -0.17930847878928624, -0.5003976801482742, 25704000000, 
0.01129564878702891, -0.34100962389524864, -0.49997992715918543, 25709000000, 
-0.1256410464496516, 0.06675582561636706, -0.500097869465497, 25714000000, 
-0.044775124656566155, -0.17066125428746975, -0.5003877816191877, 25719000000, 
0.0020339326093911404, -0.34514094582620164, -0.49962483424351106, 25724000000, 
-0.1308018351621011, 0.05851618136038629, -0.5001170625520066, 25729000000, 
-0.08143500454333182, -0.18216365126943532, -0.5000620781000582, 25734000000, 
-0.03850162977019355, -0.16988351361122211, -0.4997843903957556, 25739000000, 
-0.0715580699982482, -0.16052766699520216, -0.49993938374571256, 25744000000, 
-0.0059428133593817725, -0.30804335993733933, -0.5000087628250018, 25749000000, 
-0.11355635097741135, 0.004221054648649802, -0.49981750959438453, 25754000000, 
-0.04237654683825388, -0.148199271874981, -0.5003279006809197, 25759000000, 
0.00663354089360051, -0.3033853042460473, -0.5000023755423953, 25764000000, 
-0.10293240552807706, 0.03677113425215211, -0.5003160851938434, 25769000000, 
-0.08403395835448696, -0.180293532667671, -0.4999649330640282, 25774000000, 
0.0125464631277039, -0.3307203020234856, -0.4999481186715793, 25779000000, 
-0.13187799404176717, 0.07418445336136395, -0.49979843665003404, 25784000000, 
0.020617389448879263, -0.32392903758474473, -0.5001205535767722, 25789000000, 
-0.1283809040297869, -0.008555785030496761, -0.49995939436093223, 25794000000, 
-0.07405096045583137, -0.1406471343119985, -0.5000204016993369, 25799000000, 
0.016647005629350578, -0.32589589438475064, -0.499552862448254, 25804000000, 
-0.1264102508130126, 0.05241674559121152, -0.4999319241578861, 25809000000, 
-0.053847709601308434, -0.18469109313506085, -0.5002892882802721, 25814000000, 
-0.020383148020121426, -0.16503403920727566, -0.50003232211315, 25819000000, 
-0.09778655191819487, -0.140191320940663, -0.5000196659547239, 25824000000, 
0.02213190783151231, -0.3536847699162778, -0.5002806339074485, 25829000000, 
-0.10884315513077686, 0.05467752509555819, -0.49986993736297225, 25834000000, 
-0.06278547168313178, -0.15886195859205526, -0.500521046265512, 25839000000, 
-0.004713190688047746, -0.35106695271935257, -0.4999231191581464, 25844000000, 
-0.107773163310104, 0.031558488442907706, -0.5002141264053411, 25849000000, 
-0.0039584088467335, -0.3331935536883497, -0.5001066433091733, 25854000000, 
-0.13025924293794577, 0.04438568403912718, -0.49991520725930505, 25859000000, 
-0.07443508979532613, -0.15967299368759488, -0.49997933489447266, 25864000000, 
0.03916074856049312, -0.33888083825458154, -0.5002052214987226, 25869000000, 
-0.11593282460418598, 0.04667136602874604, -0.5003388161297811, 25874000000, 
-0.04667132023072834, -0.15957900123536364, -0.5005502993217765, 25879000000, 
-0.06069707026336531, -0.1440437440127383, -0.49962165799368263, 25884000000, 
-0.07296308654849049, -0.12146469935115835, -0.5000479915416929, 25889000000, 
0.011952031603306296, -0.34754576537252024, -0.49972959306786857, 25894000000, 
-0.10051050808019805, 0.0639014717256582, -0.4998528608048843, 25899000000, 
-0.0867135976984399, -0.16974875962060915, -0.5000684467824124, 25904000000, 
0.028785225898402555, -0.3615090374856269, -0.49965164444211974, 25909000000, 
-0.10007809247846675, 0.057508655875852514, -0.5001901007199697, 25914000000, 
-0.07548427937674516, -0.15687368067268703, -0.5001370030913127, 25919000000, 
-0.034081047341176396, -0.1427850585545643, -0.4999702563486005, 25924000000, 
-0.07997312503943356, -0.12947255883237996, -0.4999779193136915, 25929000000, 
0.005233822367446911, -0.3391760816381707, -0.49927364787372247, 25934000000, 
-0.1604450554698009, 0.054385242532328404, -0.499941440643324, 25939000000, 
-0.05629662445736853, -0.1645146885595799, -0.5001448782213788, 25944000000, 
0.03642071306922141, -0.3653276541266474, -0.49998752030654126, 25950000000, 
-0.08768956441077154, -0.03312794278356079, -0.5002745711700379, 25955000000, 
0.028984819433257057, -0.3508067235455791, -0.500169869679755, 25960000000, 
-0.14440216870943334, 0.05067258126526355, -0.49997601441097994, 25965000000, 
-0.05226754367168743, -0.18867099614281246, -0.5002090472889593, 25970000000, 
-0.07674147835057533, -0.1334580893565858, -0.49959469064661904, 25975000000, 
-0.03556640981529176, -0.16059835046640633, -0.5001491100000647, 25980000000, 
-0.004990073309485827, -0.3759012797770427, -0.5005195727185789, 25985000000, 
-0.12164965799406864, 0.052587652189880325, -0.500311637246697, 25990000000, 
-0.055721648913144836, -0.1734235707212719, -0.5001041489149523, 25995000000, 
0.0159401957232279, -0.33648012872755645, -0.4997480305292441, 26000000000, 
-0.16435145816108543, 0.029287659600653188, -0.5000984320429267, 26005000000, 
0.024126980531160497, -0.3210384444556662, -0.5002710152182663, 26010000000, 
-0.08050562786309798, 0.0373894628260536, -0.49966597206637686, 26015000000, 
-0.07041798629127297, -0.17305239346841195, -0.4999370860175282, 26020000000, 
0.03245032365834229, -0.3634072895454447, -0.49970334176651526, 26025000000, 
-0.10283892525975613, 0.05140588793626438, -0.500304841176516, 26030000000, 
-0.07663505286265822, -0.21267224349384883, -0.5003404115852617, 26035000000, 
-0.005327334258811992, -0.30636563590708027, -0.5003248101321028, 26040000000, 
-0.1623920518900372, 0.02740095397685255, -0.4998883165863168, 26046000000, 
-0.01768389678447284, -0.27619103517259924, -0.5002888347397859, 26051000000, 
-0.08680463864741136, 0.054580471711226694, -0.49996896402796204, 26056000000, 
-0.07245882298934385, -0.18014021682349435, -0.5004777944787663, 26061000000, 
-0.011095373291008053, -0.3595343168942406, -0.5003681434184292, 26066000000, 
-0.10171009443618856, 0.06976377054000205, -0.49997057388328014, 26071000000, 
-0.06340361307997293, -0.17106654006595173, -0.5000909780205963, 26076000000, 
0.0009972535383957308, -0.32857638967144676, -0.4998000660434918, 26081000000, 
-0.12153979631482047, 0.03436447147633111, -0.4999040344917216, 26086000000, 
-0.06546596203060609, -0.17055448330383574, -0.5007018670817163, 26091000000, 
-0.05433483619991522, -0.12585373393789126, -0.4997283922472494, 26096000000, 
-0.0295521714263871, -0.13866939664962166, -0.5005798547723891, 26101000000, 
0.010096955472904012, -0.33529473095644596, -0.49980881346952416, 26106000000, 
-0.10558170316555163, 0.04205727042968004, -0.5000255486769094, 26111000000, 
-0.048628503012617896, -0.18221823387721137, -0.49982418052927113, 26116000000, 
-0.03489792425545944, -0.3117954866558723, -0.4995994607015519, 26121000000, 
-0.11003977145852112, 0.05320022448714978, -0.4998726722127842, 26126000000, 
0.003812865513308352, -0.3138581742198118, -0.5002079357899322, 26131000000, 
-0.08884312802871708, 0.024163926822222372, -0.500225591396912, 26136000000, 
-0.049031879399617104, -0.1859025099525414, -0.500410596879697, 26141000000, 
0.017446769727865546, -0.3350851268305268, -0.49999331907961053, 26146000000, 
-0.1540691135516673, 0.07745826618364005, -0.5004280206994741, 26151000000, 
-0.049182176920403664, -0.19241592271756708, -0.5003483715627208, 26156000000, 
-0.05244781151319326, -0.16944714143327438, -0.5001943147145885, 26161000000, 
-0.045730905861735296, -0.13742642006349537, -0.49983962137130794, 26166000000, 
0.008877288754959283, -0.31844853344009255, -0.5006870096684424, 26171000000, 
-0.12608984618855665, 0.04081827135104367, -0.49988370641219254, 26176000000, 
-0.083441755243438, -0.17542444480894495, -0.5000038912860841, 26181000000, 
0.015328167149743038, -0.3276664311396651, -0.499985985236451, 26186000000, 
-0.11445349444307676, 0.07745353914320806, -0.49972172973555196, 26191000000, 
-0.0772619428904324, -0.16863849143114867, -0.5001925131906638, 26196000000, 
0.026626646764423195, -0.3105065898623229, -0.4998825698913957, 26201000000, 
-0.11815255321924859, 0.04084656031032524, -0.49992783001367797, 26206000000, 
-0.02598759287758999, -0.18430908972570864, -0.5000423800881932, 26211000000, 
0.021511209414194002, -0.34418047496621, -0.4997665626455181, 26216000000, 
-0.13224635595467701, 0.06699147619850909, -0.49943890548598546, 26221000000, 
-0.024767604392595212, -0.16360429570772483, -0.5001625065077544, 26226000000, 
0.027270747069166133, -0.2959587032227589, -0.5001885009167739, 26231000000, 
-0.12049006251418296, 0.0692176444864282, -0.5000082642341499, 26236000000, 
-0.07315960633633233, -0.1759397844962741, -0.50012179824138, 26241000000, 
0.006983592505933412, -0.3206937899018318, -0.5003448954809853, 26246000000, 
-0.1475806466538091, 0.07386691991116467, -0.49981067017790737, 26251000000, 
-0.05137281969835969, -0.19112283083454754, -0.5000790552736282, 26256000000, 
0.02310136935265817, -0.31401841437280226, -0.5000003558667795, 26261000000, 
-0.11325250688126377, 0.056621721495320014, -0.49991654566745874, 26266000000, 
-0.06361598171749083, -0.15077890268467098, -0.5000476054761004, 26271000000, 
0.02317435563527863, -0.2840043407921393, -0.5002770899624717, 26276000000, 
-0.09584247131435665, 0.04482294847614948, -0.4997121183130707, 26281000000, 
-0.08323372005355716, -0.18310467184155166, -0.5004000790327081, 26286000000, 
0.00265741974546135, -0.3127783857094121, -0.500234856065344, 26291000000, 
-0.08260111397229107, 0.014915088788130578, -0.5002009610281968, 26296000000, 
-0.03638464593818296, -0.19573920439305875, -0.49998419614804507, 26301000000, 
0.030418985270062215, -0.3237066532809487, -0.500212790184895, 26306000000, 
-0.10793933749065664, 0.004527256491887767, -0.5000086627880814, 26311000000, 
0.0114661544203832, -0.27329003418464065, -0.5002799420561816, 26316000000, 
-0.1053321498797905, 0.0004889104212106744, -0.5001654799430293, 26321000000, 
0.005286748099147018, -0.1783100626852205, -0.5000940833440282, 26326000000, 
0.001840997966536701, -0.32249134766478704, -0.4997549953652214, 26331000000, 
-0.1155196269493195, -0.011495121491472466, -0.49997365881731876, 26337000000, 
-0.02267489080300056, -0.27655839313530955, -0.5005222109924812, 26342000000, 
-0.11185010490897535, -0.02738571265423597, -0.49976189126697623, 26347000000, 
-0.05602673762747026, -0.15772043112266276, -0.5000594568888993, 26352000000, 
0.018710115499822537, -0.33142342478000947, -0.4996574839549535, 26357000000, 
-0.12224166880870935, 0.026969818835629298, -0.5001656643487242, 26362000000, 
-0.03993463741993487, -0.18634700142977695, -0.5002725026423734, 26367000000, 
0.005553139970339545, -0.2739740465591741, -0.49995727913511057, 26372000000, 
-0.13767084380240174, 0.01529774107900362, -0.4998442865106631, 26377000000, 
-0.07359462852507173, -0.16019670281210072, -0.4999325149622875, 26382000000, 
-0.012945983400311584, -0.2925629902724887, -0.49973375122051683, 26387000000, 
-0.12063067341812038, 0.0014240222018450576, -0.49993762693682053, 26393000000, 
0.0025762372748469892, -0.2351404117635057, -0.5001974361231354, 26398000000, 
-0.08756006765874323, 0.01373017220714385, -0.4999093605458331, 26403000000, 
-0.0663256474316303, -0.1714216673850582, -0.5000018199951998, 26408000000, 
-0.018691615306315936, -0.3179312642636749, -0.49999982796945397, 26413000000, 
-0.10129426655972759, 0.02627260485206893, -0.500102239889501, 26418000000, 
-0.04451374515615886, -0.23632410766368453, -0.50008318040361, 26425000000, 
-0.06909671742896589, -0.18769869581663984, -0.49997532146113394, 26430000000, 
-0.11304269148141594, -0.0340292723819608, -0.5001044374138417, 26435000000, 
0.000873673668403332, -0.3023125386804038, -0.4998666739924954, 26440000000, 
-0.10697628629464169, -0.016525987757687786, -0.4996905028225917, 26445000000, 
-0.029688717492941358, -0.16720363212169284, -0.5002398360037612, 26450000000, 
0.0057446182114143495, -0.2771718391496625, -0.5004944183161154, 26455000000, 
-0.13223254075390786, -0.009699594303268723, -0.4999001979413446, 26460000000, 
-0.06156481149529496, -0.21759830004562614, -0.5000422097549628, 26465000000, 
0.017170275852950147, -0.29785427596794833, -0.4998964428034552, 26470000000, 
-0.10802874697335411, 0.011400433271058998, -0.4999151698486006, 26475000000, 
-0.054998166716697404, -0.19015793878204384, -0.5001814217901214, 26480000000, 
-0.005600669406930224, -0.2691622214826425, -0.5000929993416564, 26485000000, 
-0.11737958974138435, 0.04381448978420172, -0.4996961218433636, 26490000000, 
-0.07554215010522877, -0.17125189236566124, -0.4996540825201224, 26495000000, 
0.010223323803784864, -0.2744234266512605, -0.49990589601582514, 26500000000, 
-0.10815164427117678, -0.0017829240607137161, -0.5000618788783077, 26505000000, 
-0.06121249976064255, -0.1851263642139822, -0.5001259067676258, 26510000000, 
-0.0038091237991100197, -0.2987465597509603, -0.49981765796425454, 26515000000, 
-0.11244088150759982, -0.04019331863121074, -0.49986853243661067, 26520000000, 
-0.08127037524270124, -0.16511492789765225, -0.5000501508197902, 26525000000, 
-0.05683480159778166, -0.15300013610585592, -0.499845775192147, 26530000000, 
-0.03699425055911627, -0.15806989856090084, -0.5000152721407073, 26535000000, 
-0.007025582810833159, -0.24283511646436615, -0.49997989762186446, 26540000000, 
-0.10971718254008914, 0.009221862569726208, -0.4996967588560093, 26545000000, 
-0.06869799459250381, -0.1871158314564711, -0.4998123818542146, 26550000000, 
0.007352760299458593, -0.2849456864782296, -0.4998414902905096, 26555000000, 
-0.08096659305314981, 0.01557665834828734, -0.49969587091866025, 26560000000, 
-0.007572640799771019, -0.170665871003852, -0.5001005112007003, 26565000000, 
-0.01796546056030828, -0.26688721616906036, -0.4996546041595916, 26570000000, 
-0.11526006818499587, -0.029791567588003862, -0.4998175971707624, 26575000000, 
-0.05572086964779179, -0.17746513436984399, -0.5000016633513039, 26580000000, 
-0.04257653421103886, -0.11059540116172895, -0.500046458032514, 26585000000, 
-0.050554912642446916, -0.14656736524550057, -0.5000204670509076, 26591000000, 
0.017331182498223643, -0.30122382976516865, -0.49995005483510047, 26596000000, 
-0.11611425453647588, -0.01049620258990268, -0.49984867353528195, 26601000000, 
-0.04423015473992027, -0.14845151968116205, -0.5001738972306534, 26606000000, 
-0.05493271656108375, -0.1305185577512064, -0.49969884638870354, 26611000000, 
-0.07994278012895824, -0.16424467468814036, -0.49989337543191625, 26616000000, 
-0.0158162730303713, -0.27921624606750645, -0.4997693871283369, 26621000000, 
-0.10293361643370279, 0.014556605665367565, -0.4999508690077565, 26626000000, 
-0.04420896053705148, -0.16401773908543638, -0.5001823703487631, 26631000000, 
-0.01917456949569244, -0.2934221459502053, -0.49987023589602025, 26636000000, 
-0.08575341100642594, -0.0029181900122635784, -0.5000567361410554, 26641000000, 
-0.08413167310821941, -0.1918024108015833, -0.5002331282107735, 26646000000, 
-0.02305740657259526, -0.29812702857886336, -0.49994329704086243, 26651000000, 
-0.12552116338043753, -0.021164349870317546, -0.49969030300566974, 26656000000, 
-0.06856184464291304, -0.13594625862319792, -0.5001783975021369, 26661000000, 
-0.02821530978696465, -0.29185122027517246, -0.5001352788607939, 26666000000, 
-0.09922969043105838, -0.01685944073089649, -0.4998739147668876, 26671000000, 
-0.05239715139307738, -0.16641635450648495, -0.5000172362786983, 26676000000, 
-0.02708632861622634, -0.2855176227454009, -0.49986002879393254, 26681000000, 
-0.10879584332242986, -0.02880002391674345, -0.5000668270957038, 26686000000, 
-0.04897349292308295, -0.1837376863389786, -0.5004958501275748, 26691000000, 
0.018599548698323403, -0.2844227488319393, -0.4996813667700689, 26696000000, 
-0.11595660953794491, -0.013237718745301668, -0.4999162133635382, 26701000000, 
-0.025171211045170717, -0.20198140012652627, -0.5008956128028845, 26706000000, 
-0.020283665785973314, -0.2595937989847712, -0.4997832159703843, 26711000000, 
-0.13041824516129658, -0.007771796998285133, -0.5003328919371125, 26716000000, 
-0.040420399736214134, -0.14773704824581613, -0.5004893175384135, 26721000000, 
-0.0267952909122357, -0.2894500830716056, -0.49984296477055495, 26726000000, 
-0.12891271871809606, -0.05623603581882871, -0.5000694275707089, 26731000000, 
-0.05126725970788041, -0.16769610124750775, -0.5005447003734443, 26736000000, 
-0.042898986987677745, -0.2638342738455724, -0.49978698999477844, 26741000000, 
-0.13026829266985482, -0.03569422758134101, -0.5002114728963737, 26746000000, 
-0.066689281632384, -0.15886557527013506, -0.5002247897443294, 26751000000, 
-0.027747944291790037, -0.27083779452696055, -0.5000541629650751, 26756000000, 
-0.09560307603244542, -0.02716072682012503, -0.5003090004297832, 26761000000, 
-0.051900806851347216, -0.15704986991940764, -0.49992137456071867, 26766000000, 
-0.0008483044858673874, -0.2526103828611807, -0.4999378375305409, 26771000000, 
-0.08392166174780175, -0.017031046920133956, -0.49964407872231487, 26776000000, 
-0.06030713464911951, -0.17672364010901667, -0.49994912000529595, 26781000000, 
-0.02745242968068931, -0.26577267166384133, -0.49996325352910226, 26787000000, 
-0.07174952405467357, -0.06443957466878289, -0.5002537511540719, 26792000000, 
0.00218389011522669, -0.28038341512223947, -0.5001566580934921, 26797000000, 
-0.11993098790829859, -0.02494363102457851, -0.49982091240473153, 26802000000, 
-0.06690217035225329, -0.15980457422731262, -0.5000248610676721, 26807000000, 
-0.021523978057409347, -0.2913957163861859, -0.5001108301650525, 26813000000, 
-0.09222570624656652, -0.040437323527742985, -0.5001785265679904, 26818000000, 
-0.030630034124594453, -0.28608479803230574, -0.4999738114252838, 26823000000, 
-0.04975924553776582, -0.0029602740110118778, -0.49998037055377054, 26828000000, 
-0.043563642013806594, -0.13079416755551396, -0.5004382801407633, 26833000000, 
-0.019722737578602753, -0.28124231517504694, -0.5000174626658042, 26838000000, 
-0.08392971844837863, -0.03291654452864311, -0.4998254612993266, 26843000000, 
-0.06085442708353193, -0.16380936646160732, -0.49982046075705633, 26848000000, 
-0.011407560107985227, -0.24961880137034623, -0.4997328579232003, 26853000000, 
-0.10818621578959733, -0.025349525454477058, -0.50033635057609, 26858000000, 
-0.0665879498192635, -0.16518580280481412, -0.5001146325570048, 26863000000, 
-0.04329528326176396, -0.14458872986134763, -0.4999328766748353, 26868000000, 
-0.04394383357722857, -0.1502161368445432, -0.5002558438680086, 26874000000, 
-0.033666983728717514, -0.15904360805221962, -0.5000996420387942, 26879000000, 
-0.06834825638783158, -0.15012616984469546, -0.4999558561559955, 26884000000, 
-0.01012459242970861, -0.1592964633787108, -0.5004547706211725, 26889000000, 
-0.006029541431238607, -0.26965022350642054, -0.4999548097099495, 26894000000, 
-0.08899044791220342, -0.01371228672975249, -0.5001987755536206, 26899000000, 
-0.04425946340645067, -0.17409208964005318, -0.5001577358811713, 26904000000, 
-0.00852339413535644, -0.2612098941818733, -0.49960193666502656, 26909000000, 
-0.12171611137866886, -0.03842487144969229, -0.4998561697548236, 26914000000, 
-0.04061571659674443, -0.15867359930008262, -0.5000959952680287, 26919000000, 
-0.05469679854924328, -0.1571746048635365, -0.4998577951529355, 26924000000, 
-0.09681707171471704, -0.14860918991741007, -0.5003658676867117, 26929000000, 
-0.02696219845609448, -0.2723512423863429, -0.4997339811056506, 26934000000, 
-0.04233220453422302, -0.01825022103381768, -0.49994103416749736, 26939000000, 
-0.06684618191293878, -0.17056850631439496, -0.5001970445872805, 26944000000, 
-0.06505875717190196, -0.2869901341840261, -0.5000040560426157, 26949000000, 
-0.08508842089591319, -0.031475972669889704, -0.49988120283646226, 26954000000, 
-0.033564547916947796, -0.16768593268475124, -0.5001537850577289, 26959000000, 
-0.03137762787516868, -0.2534317682755689, -0.4994708109447305, 26964000000, 
-0.09280253143567557, -0.025548448289905892, -0.5000201111733913, 26969000000, 
-0.032245165096900966, -0.25632511061846636, -0.500154195683011, 26974000000, 
-0.11155199132669288, -0.05492395414057999, -0.5000777616539973, 26979000000, 
-0.06426897798783372, -0.20282436644474872, -0.5001319663735825, 26984000000, 
-0.004699564038233666, -0.24531345540720959, -0.499895887938198, 26989000000, 
-0.09234380130761716, -0.02687247984055163, -0.49990405373534347, 26994000000, 
-0.038002648966450975, -0.19557549075061798, -0.5000393297774312, 26999000000, 
-0.08210255602487487, -0.16920732728667986, -0.4996620318746431, 27004000000, 
-0.0689556139424682, -0.15897965082613488, -0.5000099788966356, 27009000000, 
-0.04855225207961032, -0.2738358272710006, -0.4997694626131486, 27014000000, 
-0.09654471613743287, -0.02001236256227717, -0.4997031646396271, 27019000000, 
-0.05159359514786959, -0.19579751085405064, -0.5005834487560314, 27024000000, 
-0.051820365403342644, -0.26226892996723045, -0.5000404908972294, 27029000000, 
-0.1023316149859407, -0.02422000864019274, -0.49987178245623326, 27034000000, 
-0.0652778329927337, -0.12256785452307983, -0.500639503881724, 27039000000, 
-0.025979584037900967, -0.26025012201583503, -0.4999213969287496, 27044000000, 
-0.08027004576339544, -0.006756238026947359, -0.5005363214973345, 27049000000, 
0.005769534779440793, -0.2845492689612795, -0.49984040782185957, 27054000000, 
-0.09016868621492172, -0.016078095662894146, -0.4996708279995744, 27059000000, 
-0.05627109953516579, -0.16201246118555562, -0.5002268599698032, 27064000000, 
-0.007082886365468315, -0.26839702691430667, -0.49973120164289514, 27069000000, 
-0.07789206692077291, -0.0376851474498966, -0.5000951666008016, 27074000000, 
-0.04930971492691555, -0.17313213980721545, -0.500078386559043, 27079000000, 
-0.014562031464203314, -0.2677864935145171, -0.49987945114755217, 27084000000, 
-0.11817551822596803, -0.00447652441627322, -0.5001497811653612, 27089000000, 
-0.07137996286421883, -0.14691162219413229, -0.500396183493553, 27094000000, 
-0.020547193208826343, -0.2544568527753357, -0.49983496737057437, 27099000000, 
-0.08598838393218171, -0.0013843447947713104, -0.500147357424688, 27104000000, 
-0.03613753363969058, -0.19462852094941008, -0.4998826106847077, 27109000000, 
-0.02435520082527902, -0.3145828803438785, -0.4997298576498019, 27114000000, 
-0.08820642080998418, -0.014672372326522215, -0.5002828987520336, 27119000000, 
-0.0640305925679852, -0.15651781802353992, -0.5007329936129502, 27126000000, 
-0.05290196671189256, -0.12083039309648211, -0.4998922530661037, 27131000000, 
-0.06418659571083869, -0.18596734845181828, -0.49969059485511125, 27136000000, 
-0.05347293899797367, -0.2907998536437558, -0.499615420531439, 27141000000, 
-0.06465656736342942, -0.0035114669962986213, -0.5002366018079318, 27146000000, 
-0.07575822744724124, -0.1520181236139851, -0.5003439388241848, 27151000000, 
-0.05986927134600643, -0.1460625047497816, -0.5002632631947922, 27156000000, 
-0.05876119164950343, -0.1572004217515991, -0.5000012913762106, 27161000000, 
-0.006487981789376922, -0.2622626675099319, -0.5001626159770629, 27166000000, 
-0.09985233516647729, -0.02405699668979874, -0.5001903706668346, 27171000000, 
-0.029667342179830438, -0.1555975245810672, -0.5003820208142387, 27176000000, 
-0.010836615898312751, -0.2981182128075863, -0.499655219399969, 27181000000, 
-0.11556998262571322, -0.03051940631967081, -0.49994660443737343, 27186000000, 
-0.07009239909370484, -0.2863190254195373, -0.4998078047742378, 27191000000, 
-0.05246047081436414, -0.059883475971690754, -0.499914944342611, 27196000000, 
-0.07009438520295047, -0.1703718107650854, -0.5000421663843811, 27201000000, 
-0.01820935658733931, -0.27661211062266255, -0.5001047047300154, 27206000000, 
-0.04681349038598031, 0.0016370599079865676, -0.49975227365931074, 27211000000, 
-0.04791273424302629, -0.193875094022212, -0.5001262678263562, 27216000000, 
-0.035773736857278866, -0.2753212537929846, -0.5001830298310577, 27221000000, 
-0.07868272465253713, -0.02305651551871596, -0.500151726346594, 27226000000, 
-0.03208545780034344, -0.2348501994170766, -0.5001308284698671, 27234000000, 
-0.07112045323365515, 0.01193917767771344, -0.4995206664434902, 27240000000, 
-0.06003375312284655, -0.17818271624754295, -0.500482374271199, 27245000000, 
-0.012569901008393676, -0.27631091120325113, -0.4998926228575096, 27250000000, 
-0.07785303843413592, -0.015606583364740224, -0.5002240251567377, 27255000000, 
-0.07145991307704849, -0.1609095989746389, -0.4999173350677198, 27260000000, 
-0.03995931059736342, -0.13526094942970757, -0.4994163622396509, 27265000000, 
-0.0752023118728726, -0.11747862066980892, -0.5002943531218847, 27270000000, 
-0.02973001017891127, -0.25222844196921834, -0.5002297151407081, 27275000000, 
-0.0804284252800272, -0.03874649432833981, -0.5000941062254781, 27280000000, 
-0.05356571930634817, -0.1561645266875461, -0.5003415655216806, 27285000000, 
-0.04172219606340932, -0.28905591591944024, -0.4997102223518985, 27290000000, 
-0.0885623465961552, -0.0157764315093083, -0.5001858587669229, 27295000000, 
-0.06705297443158827, -0.15662217074377965, -0.5003518479352422, 27300000000, 
-0.04513834254895096, -0.2660737225827894, -0.5000296692138522, 27305000000, 
-0.0879235394118804, 0.06441657173157975, -0.4995873955695379, 27310000000, 
-0.05070398412353498, -0.14840602474421075, -0.500101472116284, 27315000000, 
-0.05240691786874377, -0.2593589400977938, -0.49993014046832235, 27320000000, 
-0.09019630381052884, -0.018335217279069463, -0.5000625823607173, 27325000000, 
-0.024381109892715816, -0.15974966774278246, -0.5002737716047954, 27330000000, 
-0.04733559324480365, -0.15964310652007585, -0.49982232549904176, 27335000000, 
-0.04820843831169374, -0.13904920703430962, -0.5000177571024158, 27340000000, 
-0.04075422154240462, -0.2582135312457741, -0.500190228111284, 27345000000, 
-0.098644108585969, -0.03303882085266484, -0.4999329199388555, 27350000000, 
-0.015730715713065446, -0.15793583886497758, -0.5000169821216618, 27355000000, 
0.024166543971672075, -0.2538524758872992, -0.49969430788425684, 27360000000, 
-0.07615050206333811, -0.004025674988522306, -0.4999826295984246, 27365000000, 
-0.04221990732936309, -0.15282365200411893, -0.500144815765764, 27370000000, 
-0.05979159602813079, -0.14675135507796105, -0.50003302429274, 27375000000, 
-0.0583652460267225, -0.11607108225006166, -0.5000948509734704, 27380000000, 
-0.03324102404175873, -0.2640192685330802, -0.5000401570397223, 27385000000, 
-0.1032426856684414, -0.004120971670207616, -0.5002136464491066, 27390000000, 
-0.04300999506551973, -0.16657361687408104, -0.5003104881233839, 27395000000, 
-0.04281435417045949, -0.28777399020162014, -0.49970267376466526, 27400000000, 
-0.05020013733434407, -0.0012733106330723894, -0.49986274137749565, 27405000000, 
-0.03828412755577418, -0.26936676780255253, -0.49989946909377575, 27410000000, 
-0.0862882749132783, -0.028306103482275254, -0.4997944616832037, 27415000000, 
-0.0649519334959463, -0.1501834153454826, -0.5003605786893013, 27420000000, 
-0.015386323968084963, -0.2636753936055063, -0.5001015799515296, 27425000000, 
-0.0660772814725296, -0.0599765082328674, -0.4997028963422591, 27432000000, 
-0.04803076033112873, -0.14850648751987996, -0.5003175382270061, 27437000000, 
-0.04371894819860184, -0.2693987221987583, -0.5000319151848478, 27442000000, 
-0.06994549879464969, 0.0024629039296939336, -0.5001539239224213, 27447000000, 
-0.058898961379290994, -0.19824802499074026, -0.500157267369053, 27452000000, 
-0.017820860484632512, -0.2829854579776734, -0.5001247307826688, 27457000000, 
-0.11040206206724079, -0.022888185001503192, -0.5002339412407311, 27462000000, 
-0.043363260997778014, -0.1423318522791343, -0.5003335897894258, 27467000000, 
-0.02289779893973492, -0.2845663250731714, -0.4996531972924667, 27472000000, 
-0.11290255967112188, 0.050115816208096194, -0.49994371013199385, 27477000000, 
-0.018396262805271853, -0.1547198329425743, -0.5003455262692441, 27482000000, 
-0.010935943272103031, -0.265716661518409, -0.49994186558254344, 27487000000, 
-0.09917019761331906, -0.01759138221363734, -0.49997078033545733, 27492000000, 
-0.09301333908463008, -0.2064167726906842, -0.5003788407318622, 27497000000, 
-0.055551066785799935, -0.26911656242981996, -0.4998055222832382, 27502000000, 
-0.06229569682566111, 0.015091590357669344, -0.5000266330153544, 27507000000, 
-0.032040532891076653, -0.1837056233330313, -0.5003422731597746, 27512000000, 
-0.044563612610209066, -0.2836342181662145, -0.4999617602381122, 27517000000, 
-0.062252977462490824, -0.057632648166622065, -0.5000790432024105, 27524000000, 
-0.06924640627923755, -0.17191136519996367, -0.5001880276403278, 27529000000, 
-0.032019752589527516, -0.23610797171845987, -0.5001241036532807, 27534000000, 
-0.06513041930365464, -0.022116964017137912, -0.5002150240532443, 27539000000, 
-0.03210733552125554, -0.15599009962764523, -0.5002724230187671, 27544000000, 
-0.052329586439853186, -0.24163970372141627, -0.49967751174329766, 27549000000, 
-0.05450393081811871, -0.02235002375840857, -0.5001256923799575, 27554000000, 
-0.06636567935016682, -0.16276871506928256, -0.5002552570262274, 27559000000, 
-0.03475626358897318, -0.26971259290265687, -0.49986712238768943, 27564000000, 
-0.05635683117166275, 0.011409531855239224, -0.5001728998511127, 27569000000, 
-0.07173978294848789, -0.15591856300715812, -0.5002328919198139, 27574000000, 
-0.06444936635774993, -0.16316566339981256, -0.5000347050576165, 27579000000, 
-0.08686601493246168, -0.13346217465769464, -0.4999675788305089, 27584000000, 
-0.03690913571675723, -0.30702084138972613, -0.4999817485295668, 27589000000, 
-0.07702958629181607, 0.01207980159152285, -0.5001746747736578, 27594000000, 
-0.0411939234568537, -0.11435779640323937, -0.5001543057172335, 27599000000, 
-0.06195336498387087, -0.2795466479656095, -0.5002681857155314, 27604000000, 
-0.06559358471519033, -0.019239945497458194, -0.49993653043122865, 27609000000, 
-0.019216823215779385, -0.2656415569584876, -0.5001039877407497, 27615000000, 
-0.08559630520684962, -0.05620692204097737, -0.5000586105214756, 27623000000, 
-0.05632434766675003, -0.2742417829636081, -0.500223906141698, 27628000000, 
-0.07812849499663753, -0.030334831583900563, -0.5003093128510743, 27633000000, 
-0.0690763998603626, -0.15983323534127547, -0.5003814575683136, 27638000000, 
-0.013128616836402669, -0.3056334906144474, -0.5000575623422959, 27643000000, 
-0.07936006191846727, 0.0007311969633567625, -0.5002034449859293, 27648000000, 
-0.012204152474864241, -0.1956088712744358, -0.5003577048679975, 27653000000, 
-0.06205771750981895, -0.2824195739445983, -0.49994550567057755, 27658000000, 
-0.07929565909521931, -0.004834188299433677, -0.49963004705276565, 27663000000, 
-0.03588665771354231, -0.16062886656326408, -0.5002990004673976, 27668000000, 
-0.03464138523769764, -0.29316173136739687, -0.49958074058384194, 27673000000, 
-0.07130130385261874, -0.008159286960022761, -0.5001026657152425, 27678000000, 
-0.03433109386629494, -0.15604819656241609, -0.4997981430742914, 27683000000, 
-0.05106730232048118, -0.1356055506010403, -0.49958980792975455, 27688000000, 
-0.10767377034308817, -0.1390027136838107, -0.499894455184544, 27693000000, 
-0.0563280148972187, -0.27723890375230464, -0.5001309128580864, 27698000000, 
-0.10615579635392505, -0.007981642133481452, -0.5001575691978168, 27703000000, 
-0.048293267781843265, -0.18581841688727022, -0.5000235019153024, 27708000000, 
-0.042114911963154235, -0.25114133149110224, -0.5000500011930115, 27713000000, 
-0.05582389867486279, -0.001250844863038887, -0.499754496544713, 27718000000, 
-0.03965886009893947, -0.1859857342158555, -0.4999428308054968, 27723000000, 
-0.05439727216957561, -0.2955457236400769, -0.4999443079702764, 27728000000, 
-0.05948673515165613, 0.001125156577554483, -0.4998962542998565, 27733000000, 
-0.01989434406860599, -0.1652618671710356, -0.5001282128885318, 27738000000, 
-0.04775490809424624, -0.3122839573130841, -0.49998773849097716, 27743000000, 
-0.0785757145058083, -0.03501815925346459, -0.5001737968953184, 27748000000, 
-0.05433763131432026, -0.15677285464393942, -0.500498401904754, 27754000000, 
-0.08308889511347393, -0.16137476642199047, -0.5001192297741333, 27763000000, 
-0.025683992313840345, -0.30954940428398225, -0.500132524305646, 27768000000, 
-0.07870975297973577, 0.02016695591688567, -0.4998160000261064, 27773000000, 
-0.031201636028201096, -0.1643059178019674, -0.49960867171334233, 27778000000, 
-0.057843612753030765, -0.2888275230918102, -0.5001237804411547, 27783000000, 
-0.10977877326995696, 0.009767458543537541, -0.4998079829542674, 27788000000, 
-0.044880572161646794, -0.1491097771890053, -0.5000557866845813, 27793000000, 
-0.04642853987255774, -0.27158456490120886, -0.4998488952982745, 27798000000, 
-0.10543255402001848, -0.012320175215888499, -0.5001324159933045, 27803000000, 
-0.06920423440845799, -0.18834528950152218, -0.500367422849962, 27808000000, 
-0.032724161334526, -0.2565097640775201, -0.49961683503138193, 27813000000, 
-0.0590722393037187, 0.02630217962697695, -0.5000438693108379, 27818000000, 
-0.024586669707026186, -0.1739031658042094, -0.5001401843385408, 27823000000, 
-0.07180129210464135, -0.17706064600635663, -0.4998527241638699, 27828000000, 
-0.0397336385867573, -0.1284266784099402, -0.49995305967542447, 27833000000, 
-0.040540562248026164, -0.28561960838065836, -0.5000753081950625, 27838000000, 
-0.07250282052455076, 0.02291608289921533, -0.49982712685500014, 27843000000, 
-0.04278264347325137, -0.1858786919522665, -0.5003960862833825, 27848000000, 
-0.000940394732018214, -0.2909516368288505, -0.49967497017345175, 27853000000, 
-0.06086500422114189, 0.02258579806715184, -0.4998912326075356, 27858000000, 
-0.0293240091118765, -0.2807312816454664, -0.5000138500398277, 27863000000, 
-0.08900907462684404, 0.004187117921540496, -0.49992924364182995, 27868000000, 
-0.07908636116147028, -0.14967164071680356, -0.5001823808152378, 27873000000, 
-0.030894975210750332, -0.3021082965964995, -0.499611150148469, 27878000000, 
-0.09527566502734633, -0.02540410944377574, -0.4999480410953095, 27883000000, 
-0.05596709365399084, -0.16726338784189537, -0.5004584467047579, 27888000000, 
-0.047447900087620995, -0.16880285240790416, -0.5000317272194713, 27893000000, 
-0.07263247303601834, -0.1739781092826686, -0.5002369174705985, 27898000000, 
-0.02871591764814034, -0.33039740268447776, -0.500129430277088, 27903000000, 
-0.07344445111009265, 0.037701530209378706, -0.4999264378942176, 27908000000, 
-0.04984644810125908, -0.1633025820113657, -0.500363364950572, 27913000000, 
-0.04748355274426654, -0.34003258728190255, -0.4996906588335079, 27918000000, 
-0.07014423405458776, 0.016295708269647838, -0.4997519821343883, 27923000000, 
-0.038223830584605344, -0.15064408170757138, -0.4998644622717061, 27928000000, 
-0.04252497032283393, -0.1613035397280936, -0.49999443340329924, 27933000000, 
-0.04306204011322581, -0.12817366143129716, -0.5003301140479907, 27938000000, 
-0.02389751245715432, -0.3109674686325202, -0.5000347498685656, 27943000000, 
-0.08894449686509398, 0.002044763690956918, -0.4995513125436924, 27948000000, 
-0.04512007584487275, -0.18292920697273934, -0.5001917631954093, 27953000000, 
-0.02184392598895976, -0.2991569985888551, -0.4999682436118514, 27958000000, 
-0.0941150881541943, 0.035887940654552336, -0.4998147701758918, 27963000000, 
-0.0654247606803463, -0.15944198628216455, -0.5003348427674208, 27968000000, 
-0.048362802558318395, -0.3051974732005186, -0.5001201605159759, 27973000000, 
-0.09778411564643853, -0.0045178567418007465, -0.5004295539849632, 27978000000, 
-0.04293503087163689, -0.15947024007860292, -0.500264034089033, 27983000000, 
-0.055890632146356804, -0.130500864217789, -0.49995395765671036, 27994000000, 
-0.05199164800451982, -0.15091584098458302, -0.5001425507621335, 27999000000, 
-0.05244447757483, -0.14586994702165054, -0.5001222517939237, 28004000000, 
-0.06423430348659225, -0.1342342744166456, -0.5002193136956106, 28009000000, 
-0.00910394473396784, -0.33379367509086166, -0.5002360521190089, 28014000000, 
-0.09888417653260514, 0.02230836503769207, -0.5000807133975294, 28019000000, 
-0.07126912528667795, -0.18337772263996258, -0.5001910119982399, 28024000000, 
-0.05911851450315609, -0.2515967588636746, -0.4998781233437974, 28029000000, 
-0.10409882551017917, 0.07881432722407869, -0.49974802013730457, 28034000000, 
-0.0446902534506432, -0.31003895878119336, -0.5005897603514257, 28039000000, 
-0.08220161399641963, -0.011447604726834523, -0.5001324391153839, 28044000000, 
-0.07163888843191164, -0.1775726667126579, -0.5004687526990994, 28049000000, 
-0.042660803950065954, -0.3196696723020455, -0.499850306380958, 28054000000, 
-0.10427889491253223, 0.030402483031328392, -0.5001845103852987, 28059000000, 
-0.05176118857192478, -0.15832663572998076, -0.4999510539123325, 28064000000, 
-0.041405630250952924, -0.14013536045737615, -0.499675884430838, 28069000000, 
-0.04572352522975713, -0.1274100444286461, -0.49987204833604404, 28074000000, 
-0.009606999647837233, -0.3144605101586868, -0.5001310583379655, 28079000000, 
-0.052784374295981144, 0.021766236979709357, -0.500052560318822, 28084000000, 
-0.0389494437924469, -0.16666663589560035, -0.4997515481157735, 28089000000, 
-0.017818097433133867, -0.28567898640689876, -0.49968354413230476, 28094000000, 
-0.1182764510492466, 0.0267732949805555, -0.4999519314532457, 28099000000, 
-0.07431121624472248, -0.14423767621822806, -0.5002951042380089, 28104000000, 
-0.04490298591706095, -0.12720798048960094, -0.49979852430870697, 28109000000, 
-0.03309431589814592, -0.1405751636668643, -0.5003361578994204, 28114000000, 
-0.044668272525795666, -0.17109376964751896, -0.5003113130414217, 28119000000, 
-0.06890795626437862, -0.16844331506140786, -0.4999708450225435, 28124000000, 
-0.08460907764469652, -0.136453249677118, -0.5004423578402526, 28129000000, 
-0.012827734953702413, -0.3195471776538204, -0.5002066742551369, 28134000000, 
-0.060642582337648986, -0.03354154644441159, -0.4999590583677333, 28139000000, 
-0.040026328193279004, -0.15644526106619694, -0.5002845445341544, 28144000000, 
0.0028414148176915885, -0.31576928085045564, -0.5000617034115523, 28149000000, 
-0.09341735842423973, 0.05862798513611461, -0.500056130598362, 28154000000, 
-0.04789571667416357, -0.16759088334940436, -0.5003216939737621, 28159000000, 
0.013371848487750842, -0.3162209064056411, -0.49997064478863235, 28164000000, 
-0.08741963673578498, 0.0126748322087141, -0.5000673396359648, 28169000000, 
-0.020939610353916692, -0.17504804016936654, -0.5004906231160865, 28174000000, 
-0.05188653804833673, -0.1453804827512819, -0.5003064594432869, 28179000000, 
-0.08289989529480006, -0.1355362876010245, -0.5001458777087454, 28184000000, 
-0.04060128480005616, -0.30413277642042896, -0.4995257873873671, 28189000000, 
-0.11041189073953803, 0.01917055695158054, -0.5003881463560854, 28194000000, 
-0.037633221127722605, -0.15436396198151478, -0.49993810532917315, 28199000000, 
-0.07672395229568392, -0.17787803794405838, -0.5000097442223684, 28204000000, 
-0.04177498762663176, -0.11752113418260754, -0.4997309860350247, 28209000000, 
-0.016646421782726198, -0.31382054483640925, -0.5000184561228671, 28214000000, 
-0.1046998001485127, 0.03960104908602824, -0.500190212003032, 28219000000, 
-0.019172575344973176, -0.17736752589314295, -0.5003411741982638, 28224000000, 
-0.0338678541256396, -0.34550309096057263, -0.5000618084084812, 28229000000, 
-0.09247585575814808, 0.0603100318048074, -0.5001962742033464, 28234000000, 
-0.03579618579256356, -0.16740672896617473, -0.500544277240867, 28239000000, 
0.0157399021467495, -0.3503554950741617, -0.4996781938870902, 28244000000, 
-0.06739131748635803, -0.02815105916356849, -0.5004332535712369, 28249000000, 
-0.018000990462696338, -0.3490945512335151, -0.5001129747191876, 28255000000, 
-0.14458004489894846, 0.07241875878307354, -0.4997489306487579, 28260000000, 
-0.020785553666538607, -0.16689965863399467, -0.5003444572980105, 28265000000, 
-0.05168939230801574, -0.15109766076963893, -0.5001899007909082, 28270000000, 
-0.03564502711186063, -0.14793563983134814, -0.5000966033175192, 28275000000, 
-0.03539872756143013, -0.3604660196949463, -0.5000764924380422, 28280000000, 
-0.12188584057553856, 0.04970118981035437, -0.5000372208309461, 28285000000, 
-0.0397619151941121, -0.19055650253599785, -0.5005568377491274, 28290000000, 
-0.020835514835846124, -0.3532718965996081, -0.4996941479910393, 28295000000, 
-0.09143494120707661, 0.03217263860939012, -0.5002255521866462, 28300000000, 
-0.05524003360742403, -0.16351372571359543, -0.5005332806421185, 28305000000, 
-0.07512202411863886, -0.13004232705200916, -0.4998706395560272, 28310000000, 
-0.06692578527515194, -0.15300732317458265, -0.5003143878746577, 28315000000, 
0.015431225029519956, -0.3379565925854923, -0.5000872356597079, 28320000000, 
-0.12035558010762257, 0.050377097698730354, -0.49989537464236306, 28325000000, 
-0.023131160395175435, -0.1480635436050335, -0.5003950687093036, 28330000000, 
0.023586065658148192, -0.3481161004715141, -0.4998512246166501, 28335000000, 
-0.12210684573460502, 0.04178470342715144, -0.49996884258243907, 28340000000, 
-0.06953932651695527, -0.1673719190026679, -0.5001046091961161, 28345000000, 
0.021248997892156042, -0.3563343541465145, -0.4995149021799303, 28350000000, 
-0.14409082920604105, 0.05297683527047452, -0.5001805992489968, 28355000000, 
-0.026829729425090848, -0.1678777756610589, -0.5000839686118743, 28360000000, 
0.002306345170581217, -0.35083309773703975, -0.4998705867650502, 28365000000, 
-0.11442750736643394, 0.08655322780388877, -0.49995501705247836, 28370000000, 
-0.06622095848286742, -0.15424535617552124, -0.5002959986859564, 28375000000, 
-0.042983894310986065, -0.12456622553772595, -0.4997919206847485, 28380000000, 
-0.07841244209777774, -0.16807287688694522, -0.5002608118402989, 28385000000, 
0.009857923123044825, -0.34751997551253744, -0.5000057094244524, 28390000000, 
-0.12406031332318773, 0.06698091535240823, -0.49998883694043894, 28395000000, 
-0.04782221846439667, -0.151124912605468, -0.500227002556626, 28400000000, 
0.029205095255199612, -0.35107553133430913, -0.49942535855794623, 28405000000, 
-0.14098459522624615, 0.058194405097331946, -0.4999395666290647, 28410000000, 
-0.05714437990396624, -0.1591353607413377, -0.5004408151324866, 28415000000, 
0.055096230498897454, -0.3893551265321625, -0.5000679584782747, 28420000000, 
-0.14271489333186763, 0.014889552391033659, -0.500111083417482, 28425000000, 
0.0018689180202767011, -0.33513727516773706, -0.5003377102884216, 28430000000, 
-0.14583594883043452, 0.05416461663017265, -0.49977706029717184, 28435000000, 
-0.017025787141631957, -0.16743695047653245, -0.5001266008521804, 28440000000, 
0.001215657141775503, -0.3198646492617174, -0.5000345783983215, 28445000000, 
-0.18984529042256662, 0.12111262661061521, -0.49996517718545724, 28450000000, 
-0.03925610913322052, -0.1845114491809043, -0.5002463909017212, 28455000000, 
0.03647088363210026, -0.33786421599248107, -0.49978044668905663, 28460000000, 
-0.17445549030664956, 0.03492194899761605, -0.5002628094587723, 28465000000, 
-0.038287687410649494, -0.19024400295553467, -0.5004960352872321, 28470000000, 
-0.03404516955480948, -0.18013203561478464, -0.49976995902096544, 28475000000, 
-0.07038086423927335, -0.1171373516161198, -0.5000401526276975, 28480000000, 
0.0393841974416148, -0.3462215227279462, -0.49995146901180565, 28485000000, 
-0.16656254706767015, 0.05886922080142349, -0.5000414500757296, 28490000000, 
-0.038736490935242715, -0.17884988979522312, -0.5000305691766538, 28495000000, 
0.053790860293652494, -0.3577496851852452, -0.49962564013486443, 28500000000, 
-0.1495180477620508, 0.0650360462758109, -0.49994325765170244, 28505000000, 
-0.05996909807685435, -0.1579495816306809, -0.500070493859137, 28510000000, 
0.104644366020692, -0.48701594146033583, -0.49982642523977266, 28515000000, 
-0.12988574426244687, -0.023198372794032633, -0.49988267327628627, 28520000000, 
0.010580128487308004, -0.3659922523441509, -0.5004061424475558, 28525000000, 
-0.135425620057805, 0.02608436108295796, -0.49994941792710684, 28530000000, 
-0.052521850947988086, -0.15852788205135585, -0.500258103071171, 28535000000, 
0.0668581870700963, -0.35738097269445473, -0.5003081291533984, 28540000000, 
-0.1573257289435644, 0.05613046544549943, -0.49983207285961545, 28545000000, 
-0.06240839284214689, -0.14183797956298824, -0.5002128099725315, 28550000000, 
0.043476270096863084, -0.3658044074282782, -0.5001521191624918, 28555000000, 
-0.1597051928771802, 0.13838385673604076, -0.4999353809883916, 28560000000, 
-0.07470676244491359, -0.16646856806029456, -0.5000261733848104, 28565000000, 
0.03726712623491864, -0.32855725094028476, -0.49949627060033297, 28570000000, 
-0.12449185848869328, 0.03786492048716281, -0.49983780361924574, 28575000000, 
-0.04100100792822388, -0.16529714072904939, -0.5003495201882203, 28580000000, 
0.045029404275331586, -0.408184185800814, -0.49982062368880265, 28585000000, 
-0.11614034991852767, 0.027655420442784663, -0.4998521478656048, 28590000000, 
0.013764164333466368, -0.3225624026668693, -0.5000911608371365, 28595000000, 
-0.1360070318331934, 0.035423074838432836, -0.5000668549427261, 28600000000, 
-0.06249140374967678, -0.13915442328237307, -0.5003304394585875, 28605000000, 
0.010241554830027342, -0.2942741542052493, -0.5001991436580212, 28610000000, 
-0.12871442667195238, 0.05083721689768909, -0.5000845273207292, 28615000000, 
-0.06936074888690255, -0.16895826963699204, -0.5003301973801153, 28620000000, 
0.031544671880011546, -0.3431355822651081, -0.4995255750012355, 28625000000, 
-0.16738727544322218, 0.024138066726443638, -0.49975705226307343, 28630000000, 
-0.06669678907318362, -0.1268999503430347, -0.5001908314588704, 28635000000, 
-0.038115915933747656, -0.16178259536755976, -0.49962807017298394, 28640000000, 
-0.04530047392446193, -0.13052124805789697, -0.500281848963586, 28645000000, 
0.027201398671839988, -0.31116876657068243, -0.49988198753582747, 28650000000, 
-0.15100456632342973, 0.0903535183044207, -0.49982321288530623, 28655000000, 
-0.04124120079984264, -0.18859376765273336, -0.49965167792587883, 28660000000, 
0.031376106540699736, -0.3285714180031004, -0.49950776288298254, 28665000000, 
-0.12285497805787257, 0.030605362761857453, -0.5001044492970249, 28670000000, 
0.010282933380527796, -0.3387582478533046, -0.5001371812818051, 28675000000, 
-0.12934277092577953, 0.060149734377892096, -0.4998055920933537, 28680000000, 
-0.05434176414121167, -0.16065113640892303, -0.5001315344361745, 28685000000, 
0.003183784151135169, -0.34125687450402536, -0.49986674820737587, 28690000000, 
-0.15524507958282302, 0.048683918549044095, -0.4999461118426416, 28695000000, 
0.011474562787861863, -0.2827675140289216, -0.5001991941986641, 28700000000, 
-0.1291628358033557, 0.02765756026437105, -0.4997545178183127, 28705000000, 
-0.0742001436944129, -0.12571378382309759, -0.5003655662445426, 28710000000, 
0.023452448877814093, -0.34378234654254286, -0.5002213635385089, 28715000000, 
-0.10251344456152588, 0.07260906365089001, -0.49988948862108473, 28720000000, 
-0.03312066357206833, -0.16734190589715006, -0.5001337485122113, 28725000000, 
0.007688119697953674, -0.3316216104972509, -0.4999172333988483, 28730000000, 
-0.11663050032667421, 0.027437114306010313, -0.49973189448192357, 28735000000, 
0.0039012037843689632, -0.3440445039519021, -0.49966876404942195, 28740000000, 
-0.1053520587711515, 0.008993654764704108, -0.5001030399538393, 28746000000, 
-0.03292067230405909, -0.14768700199394852, -0.50049849204654, 28751000000, 
0.034204935989466, -0.33024400284514, -0.49981543872165546, 28756000000, 
-0.11684593093038846, 0.019488373383538087, -0.4998563468137293, 28761000000, 
-5.825328594457214e-05, -0.3262731808601805, -0.5001178957780865, 28766000000, 
-0.10008529001056181, 0.030145316926655136, -0.4997090366358705, 28771000000, 
-0.07710505975470139, -0.17934216802833697, -0.5001351531556261, 28776000000, 
0.03221189894288569, -0.3939122985416475, -0.49982246965770133, 28781000000, 
-0.13316550271750935, 0.02063588289597005, -0.49982404941260267, 28786000000, 
-0.055310062101485404, -0.15095352155365305, -0.5002093790394915, 28791000000, 
0.0007614684376723701, -0.30468383954533845, -0.499930227544822, 28796000000, 
-0.14079994474340107, 0.033052464639050615, -0.49952366377762303, 28801000000, 
-0.0626605020709376, -0.16377760789352416, -0.5002844724341904, 28806000000, 
-0.05339296887782119, -0.17597434871825351, -0.4993687411617182, 28811000000, 
-0.03600691664812371, -0.13408006546461052, -0.5001686861825679, 28816000000, 
0.01902763439576526, -0.3244282463405598, -0.5001843021279446, 28821000000, 
-0.11242684270199099, 0.03249464314244974, -0.5001509550708856, 28826000000, 
-0.03960140560941687, -0.1648659392650559, -0.5002435880639386, 28831000000, 
0.056415743796523116, -0.3638226874861497, -0.4997648245925531, 28836000000, 
-0.1174457021842619, -0.0020358309125677737, -0.4998000315599418, 28841000000, 
-0.052513086160335995, -0.17323566059165058, -0.5004100838600746, 28846000000, 
-0.055366520899725734, -0.1477560384891309, -0.5003850538807484, 28851000000, 
-0.06814984224542373, -0.10522412459720808, -0.5003063544754782, 28856000000, 
0.009368338891331632, -0.34601486497346073, -0.4999688400218378, 28861000000, 
-0.12925659047693153, 0.06669337425207267, -0.5001631125366458, 28866000000, 
-0.07356341896813384, -0.15426752298902063, -0.5002589534346056, 28871000000, 
-0.05491408540771336, -0.15105991754238957, -0.499785194453494, 28876000000, 
-0.08177839161605917, -0.11192821492629455, -0.5002580934864576, 28881000000, 
0.0462181335755841, -0.3527698066547543, -0.5001821388939798, 28886000000, 
-0.14925768676641252, 0.05404763738961594, -0.5002100006319175, 28891000000, 
-0.059363525575040016, -0.16383374881311558, -0.5000768344512135, 28896000000, 
0.012443145415224835, -0.36155790844917923, -0.5002525097650106, 28901000000, 
-0.12364776629005332, 0.06821837954358177, -0.5001995040807126, 28906000000, 
-0.03907849006725829, -0.32426294221779856, -0.5004981831697118, 28911000000, 
-0.11216686205294539, 0.035887625296368415, -0.49974380669054325, 28916000000, 
-0.07242708453365576, -0.13955628446223686, -0.5000664522213637, 28921000000, 
-0.0038550142541414964, -0.34672564253809, -0.49974294362369887, 28926000000, 
-0.1524587554533283, 0.08142376812004315, -0.5002991862576723, 28931000000, 
-0.020641036525025677, -0.32527778535824586, -0.5004406153682797, 28936000000, 
-0.10657492648449927, 0.042963747801541594, -0.499924403369237, 28941000000, 
-0.07960890768712389, -0.16050113716287664, -0.5000934531308793, 28946000000, 
0.015881289150939032, -0.33209083775890136, -0.49996649567901147, 28951000000, 
-0.10311048654670389, 0.05965419540385893, -0.49982129860978286, 28956000000, 
-0.07855095166113188, -0.1712250059115707, -0.5002848952989364, 28961000000, 
0.016214402208499186, -0.3637959438983995, -0.4998210653800328, 28966000000, 
-0.14875656620331199, 0.0166668519683087, -0.5002392920642003, 28971000000, 
-0.06395042799871337, -0.17877454173734356, -0.5003955881560168, 28976000000, 
-0.0633971270182982, -0.15434203815168773, -0.4998938756544026, 28981000000, 
-0.08964872745326645, -0.13926925057940084, -0.5008537927907272, 28986000000, 
0.015058815122318043, -0.3310367538205324, -0.5003885412926065, 28991000000, 
-0.10187970768368282, 0.06042867918929133, -0.5001426524081743, 28996000000, 
-0.06676187670813362, -0.15158609801361908, -0.5003259391264515, 29001000000, 
-0.017615998221551885, -0.337455877733203, -0.5000241725348792, 29006000000, 
-0.12426326473690068, 0.025613297309831407, -0.4999020890233581, 29011000000, 
-0.07128252620070111, -0.166849477288036, -0.5000934415532916, 29016000000, 
0.027540950513710076, -0.33403710011520094, -0.4997014693101451, 29021000000, 
-0.1080738477764919, 0.06494293082538632, -0.49967937804699714, 29026000000, 
-0.028121144020109, -0.14322955088410083, -0.5001649175651636, 29031000000, 
0.02053026871506728, -0.36967494400635825, -0.4994803917851126, 29036000000, 
-0.12417407231139524, 0.052175734422900924, -0.4997161638597896, 29041000000, 
-0.06731919740119278, -0.16154125567602243, -0.5003975830348838, 29046000000, 
-0.05955849128084044, -0.16268155368920129, -0.49968320683359446, 29051000000, 
-0.0806471621025889, -0.1451363909828383, -0.49990776205111515, 29056000000, 
-0.02378383538478174, -0.2665352291301484, -0.4994385186107793, 29062000000, 
-0.17314937416576487, 0.13715000574063116, -0.499706920810743, 29067000000, 
-0.037574851006211184, -0.15116964987249826, -0.5003109397509764, 29072000000, 
0.01906886082778448, -0.3491204629532349, -0.4999586099452545, 29077000000, 
-0.08599651831693825, 0.045206839113831096, -0.4998455147872447, 29082000000, 
-0.04741244852826533, -0.1658551012577332, -0.5000135773464077, 29087000000, 
0.00022527795190433776, -0.34159184104545903, -0.4999899158749052, 29092000000, 
-0.13216072549563473, 0.00748650445792956, -0.4999610073008461, 29097000000, 
-0.05583828048539499, -0.150877716772421, -0.4999994330642129, 29102000000, 
-0.04769958034446374, -0.1536913929759853, -0.4995923496946409, 29107000000, 
-0.0846544523862239, -0.15366187107538307, -0.49969697031354987, 29112000000, 
-0.06919207748103766, -0.169774261969646, -0.5003514816274922, 29117000000, 
0.11809627365130212, -0.5917531791691464, -0.500304406414072, 29124000000, 
-0.07768338843339043, -0.07029068602576102, -0.5001147583455352, 29129000000, 
0.005001807072076763, -0.35604622220196425, -0.4997959660611023, 29134000000, 
-0.13279811397808877, 0.05636330342873405, -0.4998130994357683, 29139000000, 
0.0217941053249359, -0.31945261197990016, -0.49993097653373053, 29144000000, 
-0.11886864465595316, 0.00980062286649398, -0.4998723652437254, 29149000000, 
-0.027368118761008375, -0.2767349951306935, -0.5001806380645143, 29156000000, 
0.005542648561473677, -0.19260788819028027, -0.49981389673828797, 29161000000, 
-0.0807292158585781, -0.032597089605084215, -0.5003975837592025, 29166000000, 
0.025874713235543342, -0.35098693210536847, -0.5001259082040275, 29171000000, 
-0.11762189052646793, 0.04139351098542596, -0.4997517462609297, 29176000000, 
-0.058812101031359594, -0.19546453350852927, -0.5003058185528829, 29181000000, 
0.02454426162611105, -0.37296187948159665, -0.49968995187636195, 29186000000, 
-0.13937853481744522, 0.02955935654004625, -0.49978426162187056, 29191000000, 
0.0037123308541503535, -0.3146586167878021, -0.500086141937224, 29196000000, 
-0.11733360423543335, 0.020523023385223244, -0.4998275076132056, 29201000000, 
-0.03244464215147954, -0.1636906473890656, -0.4999539594838275, 29206000000, 
0.03829083320728728, -0.33815808667462166, -0.49990944069032567, 29211000000, 
-0.12334744638501025, -0.0187257615950043, -0.5001154399177739, 29217000000, 
-0.05033776122720783, -0.1873426919278191, -0.5004056111204596, 29222000000, 
-0.03580331902149654, -0.14136180379238808, -0.49976041448790287, 29227000000, 
-0.06965736730920855, -0.1024609986301751, -0.5003701455714377, 29232000000, 
0.017045932665751582, -0.31380822288400184, -0.5003509274650892, 29237000000, 
-0.10501575390407228, 0.020806556574998566, -0.49999089934664137, 29242000000, 
-0.020320944421622494, -0.1821013218370413, -0.5000485584346683, 29247000000, 
0.009285157121826738, -0.31549758945361245, -0.500105941357805, 29252000000, 
-0.08417637391151322, 0.012350993248417992, -0.49984879385022873, 29257000000, 
-0.06483958829661328, -0.14474801168452486, -0.49969584859463434, 29262000000, 
0.011634060898107108, -0.3059633436163049, -0.5001985548241547, 29267000000, 
-0.07366021966462707, 0.007693529067448463, -0.4998957004677258, 29272000000, 
-0.0628534422775592, -0.149373413217981, -0.5001279282639136, 29277000000, 
-0.03651956650178566, -0.3035727594642686, -0.4998937045345809, 29282000000, 
-0.0958718115538554, -0.02420453313452649, -0.49983443446621256, 29287000000, 
-0.11092267230409111, -0.19975383847217437, -0.5000242021645174, 29292000000, 
-0.014686471372778516, -0.27830150094965833, -0.5001690914144872, 29297000000, 
-0.10633729710563718, -0.003998233294862038, -0.5003860983821424, 29302000000, 
-0.06113784109226645, -0.15807789578090833, -0.500283239292907, 29310000000, 
0.01487400938282758, -0.35747325428040994, -0.4999828226870504, 29315000000, 
-0.10585009525729236, 0.004589150945807689, -0.49961036344215287, 29320000000, 
-0.05734135020602524, -0.15002862988130092, -0.4998932485921355, 29325000000, 
0.015645013974793374, -0.2792696692983823, -0.4995179809788069, 29330000000, 
-0.11246671399497396, 0.0025736869428145508, -0.5002818724822874, 29335000000, 
-0.00028598486446276697, -0.33053122900869175, -0.5001111609427559, 29340000000, 
-0.09210128186796876, 0.01136966786308943, -0.5000414498528875, 29345000000, 
-0.0598018500246289, -0.1853558947824531, -0.50007805064316, 29350000000, 
0.04533800604720899, -0.3071093601553625, -0.500324852114298, 29355000000, 
-0.10589717578341751, 0.03313051128367267, -0.500077575267878, 29360000000, 
-0.055046890934504336, -0.16501453375348032, -0.500111235388035, 29365000000, 
-0.06184892570727114, -0.15145040173294566, -0.4996551882921712, 29370000000, 
-0.05191192134662255, -0.15641740067670007, -0.4999504377927982, 29375000000, 
0.031191165388272157, -0.3097563814413491, -0.4999268763253318, 29380000000, 
-0.14534205906321535, 0.07242142394265311, -0.4999737044392712, 29385000000, 
-0.06452591829791511, -0.16832708901994467, -0.5003006149122707, 29390000000, 
0.038841107508715056, -0.28544822406121023, -0.49987641434219315, 29395000000, 
-0.12540993384702548, -0.11190852796282919, -0.5004278883976012, 29404000000, 
0.025778785354333606, -0.3116049049531411, -0.49972772360207623, 29409000000, 
-0.12784928816731214, -0.011963112871579112, -0.5005383024388492, 29414000000, 
-0.054832174499552744, -0.17948144634654342, -0.49998816067277224, 29419000000, 
-0.04644626449535548, -0.13001235902977837, -0.5000652688758184, 29424000000, 
-0.01827170512803216, -0.18201132677465442, -0.5002698949576517, 29429000000, 
0.003121850656695749, -0.28672516183861285, -0.5001892256255589, 29434000000, 
-0.09844605118524943, -0.009792539885352508, -0.4998846118495107, 29439000000, 
-0.03523016082348561, -0.17885419002187242, -0.500401392824623, 29444000000, 
-0.0010909038239741743, -0.3180443298506579, -0.5002223296543912, 29449000000, 
-0.12787765068536183, 0.0306215425802542, -0.5000540831902429, 29454000000, 
-0.08168208394468096, -0.19381642983966152, -0.50023198638471, 29459000000, 
0.024614307941213717, -0.31353226763719066, -0.49992928975307777, 29464000000, 
-0.12874436909796305, 0.020635241969355872, -0.4999444476521158, 29469000000, 
-0.044876484038778044, -0.16981908210456317, -0.5001495215576913, 29474000000, 
0.02460419955972668, -0.27885497285420396, -0.49979309766497454, 29479000000, 
-0.1335379841816952, -0.011010200436514683, -0.5000752672200809, 29484000000, 
-0.04345179668994095, -0.15711569518585233, -0.5004987343214052, 29489000000, 
-0.029592744272988154, -0.12737257158029172, -0.5000426495558223, 29494000000, 
-0.051127197466758895, -0.16359851482407928, -0.5000301485155526, 29499000000, 
-0.00931292731945567, -0.3077712743499557, -0.5001593014402733, 29504000000, 
-0.09887170996413956, -0.00392390332148747, -0.49996350470347634, 29509000000, 
-0.044882250434545634, -0.18978629968794228, -0.5001449877390749, 29514000000, 
-0.0043895433378394345, -0.28675177904274896, -0.4996834207936158, 29519000000, 
-0.11471523750232092, 0.028801091967363315, -0.49991257033195347, 29524000000, 
-0.03005549444319747, -0.16120171222120805, -0.5003248626452923, 29529000000, 
-0.07936906941520541, -0.1345595578982668, -0.49941396913584535, 29534000000, 
-0.07451285314988268, -0.14947596305906846, -0.500198895173678, 29539000000, 
-0.007572260165636025, -0.288432548196403, -0.5000449329031837, 29544000000, 
-0.13737062702858496, -0.021285512830047017, -0.4997350864123817, 29549000000, 
-0.07361873782771797, -0.20691385319077157, -0.5001039668589831, 29554000000, 
0.011700349626747831, -0.29444166446741754, -0.4998750864704198, 29559000000, 
-0.10001343919196666, -0.028195234466335612, -0.5002432136271114, 29564000000, 
-0.012905666096119432, -0.29484927996039767, -0.5004129397737064, 29569000000, 
-0.15298415567375445, -0.00032191593399091833, -0.4995187108754611, 29574000000, 
-0.0712083755116044, -0.1463395105508683, -0.5000812951851875, 29579000000, 
-0.0182992504146119, -0.30401956748544245, -0.500343590798112, 29584000000, 
-0.0875817541120549, -0.001646863840933461, -0.5000402399152657, 29589000000, 
-0.05331053557540331, -0.166396793750822, -0.5000960615967636, 29594000000, 
-0.06144362248236762, -0.1102274737674169, -0.5000097646211005, 29600000000, 
-0.053147157088074076, -0.16161107169673006, -0.49995542235273727, 29605000000, 
0.01784400834044579, -0.2882701545132934, -0.500222562005448, 29610000000, 
-0.11563410820054251, 0.0004575197660259241, -0.49992566044523745, 29615000000, 
-0.07029379878041385, -0.1480723277083931, -0.5004441327459529, 29620000000, 
-0.044514810910357215, -0.11694703242166868, -0.5000753273553162, 29625000000, 
-0.09194767390151837, -0.13308865259051814, -0.5001327604815972, 29630000000, 
-0.00829234806591366, -0.2714861188684157, -0.49976484094900936, 29636000000, 
-0.17273205048748722, 0.05550027185175295, -0.4999689485159541, 29641000000, 
-0.0716314648610697, -0.16016469591475116, -0.499884315882699, 29646000000, 
0.0313793139062616, -0.2757062275684593, -0.4996698102498183, 29651000000, 
-0.11101581500611678, -0.029227314606254676, -0.4996793916461599, 29656000000, 
-0.03191277630574922, -0.18450910538654616, -0.49963936196884673, 29661000000, 
0.02568170079118551, -0.2861328126856372, -0.4996324654867548, 29666000000, 
-0.14553808914425045, 0.009574235420548177, -0.5000312980780832, 29671000000, 
-0.03559466126760186, -0.18214094979490478, -0.5002794369580991, 29676000000, 
0.019132613918632337, -0.33515199623210495, -0.5004317416579447, 29681000000, 
-0.07852920669923169, -0.04532943624155883, -0.5001562814161894, 29686000000, 
-0.007164670144856707, -0.27915344623411387, -0.4999629747079188, 29691000000, 
-0.08689135286051199, -0.018499704846232767, -0.5003237782209844, 29696000000, 
-0.043217051376842563, -0.18768876885148156, -0.5002294143384174, 29701000000, 
0.006732619217193477, -0.25686008946546246, -0.49979617934257775, 29706000000, 
-0.12934533628765837, -0.023666978773186367, -0.5003378386671132, 29711000000, 
-0.01677016864546008, -0.2648081047668783, -0.5000863260961326, 29716000000, 
-0.09444311350188105, 0.0011431414220019094, -0.4999201444760149, 29721000000, 
-0.046816049175907905, -0.167414829379853, -0.500381612646093, 29726000000, 
-0.011825286846898191, -0.25771068094529975, -0.4998634062705456, 29731000000, 
-0.12753071960908258, -0.013053320139644262, -0.4996577972043892, 29736000000, 
-0.004670977662091916, -0.15373638544728693, -0.5000968800119443, 29741000000, 
-0.05005842657488532, -0.12846583323852817, -0.499872012864019, 29746000000, 
-0.042850262472494696, -0.15298731996703763, -0.49962221348488933, 29751000000, 
-0.004044831023523204, -0.27421851115966217, -0.49999529576705487, 29756000000, 
-0.10255832160707773, 0.010808926506476305, -0.4996617914860799, 29761000000, 
-0.027288422974969535, -0.18404178504457308, -0.5002889457317798, 29766000000, 
-0.003090358340043145, -0.2508409610366831, -0.4995772861611663, 29771000000, 
-0.1056692912103493, -0.02146355164353793, -0.4999920537120548, 29776000000, 
-0.05391652587794727, -0.18176803417661175, -0.5002752199211059, 29782000000, 
-0.055006512693581915, -0.15662965725275296, -0.4999973088032977, 29787000000, 
-0.07748264282414316, -0.17843051443146724, -0.5001158535670203, 29792000000, 
0.000473274182630495, -0.2789896038296783, -0.49977464782933, 29797000000, 
-0.1250237154513237, -0.017600859477352085, -0.49990565321710484, 29802000000, 
-0.03919313337709181, -0.1873813621474299, -0.5002154023684492, 29807000000, 
-0.027000662628298533, -0.26613118757352633, -0.49975629889027007, 29812000000, 
-0.09276974736987731, -0.02622823812792905, -0.5000407704316181, 29817000000, 
-0.043834902504009524, -0.26401926787488167, -0.500395751722002, 29822000000, 
-0.05811606577502891, -0.15911869969670842, -0.49974741652259697, 29827000000, 
-0.09950100983040946, -0.046633262084155226, -0.5002939754739436, 29832000000, 
-0.01732542853104801, -0.25715069779363997, -0.49991144841323987, 29837000000, 
-0.07946004406242398, -0.018437886429098875, -0.5000034125680903, 29842000000, 
-0.044859024946307044, -0.16212242500310128, -0.5001017934962838, 29847000000, 
-0.025878490248965755, -0.2825526167551172, -0.4999582910280596, 29852000000, 
-0.0868724660125945, -0.03107347024675866, -0.49969375940721716, 29857000000, 
-0.07242151673373876, -0.18971324967284936, -0.5001897793426308, 29862000000, 
-0.019825448912932146, -0.2537329552373817, -0.4998339338139374, 29867000000, 
-0.07805730029527637, -0.061293912652530376, -0.5000748227826648, 29873000000, 
-0.027593859799427987, -0.24403469812828896, -0.500249233994924, 29878000000, 
-0.06416291877256541, -0.020108811557044262, -0.49970906445780827, 29883000000, 
-0.06812747710264683, -0.1796269139590899, -0.49994316357983126, 29888000000, 
0.0026727049417708242, -0.2704646554313321, -0.5003625810832083, 29893000000, 
-0.12029001153218273, -0.011906491694839476, -0.499751526370865, 29898000000, 
-0.04927394763740853, -0.17928871994511367, -0.5001658953126358, 29903000000, 
-0.00020504104004366065, -0.2678959216797213, -0.5001688209765663, 29908000000, 
-0.14465148103793835, -0.061154101617568964, -0.5000241726162094, 29913000000, 
-0.008986302346259491, -0.2558602569209525, -0.49959584125617074, 29918000000, 
-0.09509232465367776, -0.054311371178327905, -0.4997124263677548, 29923000000, 
-0.03410999019386537, -0.1304484576899309, -0.5000348182437808, 29928000000, 
0.01792518453766071, -0.2681444706951182, -0.4999150593773421, 29933000000, 
-0.0680780004393414, -0.00888308216560804, -0.499848198683487, 29938000000, 
-0.0614615024490397, -0.21411861539389848, -0.5003830665423424, 29943000000, 
-0.05291898031941278, -0.1327709570341945, -0.49991869534255934, 29948000000, 
-0.055823920904731685, -0.15067134622397715, -0.49999917044178543, 29953000000, 
-0.027175378925820545, -0.2553811625492625, -0.49974312377034924, 29960000000, 
-0.1035280688316458, -0.032285349332902474, -0.5002019624258657, 29965000000, 
-0.031413614023144326, -0.2743876726480926, -0.5000610747544803, 29970000000, 
-0.08312587315595003, -0.02907801739975634, -0.4997330971876389, 29975000000, 
-0.05833961862920784, -0.12705506750868992, -0.5000959135922535, 29980000000, 
-0.03656453888047875, -0.28047584092359146, -0.4998002428597482, 29985000000, 
-0.06438240102276649, -0.028269884211278982, -0.5003721484838153, 29991000000, 
-0.005715060778642093, -0.27002244896786837, -0.5002243673058882, 29996000000, 
-0.0816380961685525, -0.04169934240946065, -0.49986910397044093, 30001000000, 
-0.032391122208141845, -0.1592234908246214, -0.5000958504211408, 30006000000, 
-0.02027699386289223, -0.24374442314165573, -0.5000300066196535, 30011000000, 
-0.0961266270214052, -0.03394731816441554, -0.49929337775054955, 30016000000, 
-0.08068400650401072, -0.14806028739480556, -0.4999425313044862, 30021000000, 
-0.04424990271127793, -0.25067904271694913, -0.5001829369473635, 30026000000, 
-0.0837034601302387, -0.030300458693769166, -0.4999103491742944, 30031000000, 
-0.0744730767450225, -0.146082035457487, -0.49969565252472803, 30036000000, 
-0.021894647982279483, -0.23836349607148347, -0.49996513511136736, 30041000000, 
-0.08977708745929387, -0.03335433949361525, -0.49971810907648484, 30046000000, 
-0.03977675438406669, -0.1728745308804243, -0.5000779754007961, 30051000000, 
-0.039024380414463086, -0.24497709152606656, -0.5002483970453919, 30056000000, 
-0.06910072015232178, -0.06290760059247821, -0.49935555869311254, 30061000000, 
-0.0533765908640333, -0.14786607340195057, -0.5000656546921081, 30066000000, 
-0.033825185014476226, -0.2502649862079167, -0.5004044397397424, 30071000000, 
-0.10572001311366963, -0.034877735603485574, -0.499694239429067, 30076000000, 
-0.061372619824490486, -0.17189100887002756, -0.5000242053891097, 30081000000, 
-0.024298457205783268, -0.22124439623958533, -0.5003296604816706, 30086000000, 
-0.10321707849712733, -0.06471851260760342, -0.4996528416993562, 30091000000, 
-0.07385297199006263, -0.1518761648260936, -0.50005346695509, 30096000000, 
-0.024903256930596834, -0.2953386666570662, -0.5003257809638015, 30101000000, 
-0.07341018984854021, -0.035466196359710975, -0.4999199467744977, 30106000000, 
-0.09240773402233377, -0.15644685703888905, -0.5003699453113718, 30111000000, 
-0.04827908819764978, -0.2797106600507766, -0.49984834599975364, 30116000000, 
-0.101308038522011, -0.025550259883768855, -0.5003358538998455, 30121000000, 
-0.06552391529208709, -0.16671481552389583, -0.5006487157787209, 30126000000, 
-0.04726479180485823, -0.15705465995631085, -0.4997265057428075, 30131000000, 
-0.04601088054608674, -0.15959666781785478, -0.5001221570273086, 30136000000, 
-0.034320628898190014, -0.23893167172751553, -0.4999571416618572, 30141000000, 
-0.07679334402583714, -0.03392841775328964, -0.4995574711933622, 30146000000, 
-0.06114910527462161, -0.15453755792836332, -0.5002929792306993, 30151000000, 
-0.028037947830107508, -0.24165139758430487, -0.49964662179520536, 30156000000, 
-0.11117424819374383, -0.017153825222178794, -0.5000693652107865, 30161000000, 
-0.031408506708869584, -0.2414978896364973, -0.5004949945388836, 30168000000, 
-0.12747933194945368, 0.07943472809786573, -0.5001930264016932, 30172000000, 
-0.04146801372638352, -0.15816498151245284, -0.5003324699079716, 30177000000, 
-0.013653012237941638, -0.2694651206562204, -0.49980327972356414, 30182000000, 
-0.09484045394520377, -0.038308059332184896, -0.4999883359101774, 30187000000, 
-0.010951459965568688, -0.24886091895901996, -0.4999483280179638, 30192000000, 
-0.06509469966146658, -0.015140197162326587, -0.500128875615999, 30197000000, 
-0.02116956889826227, -0.11809352145584714, -0.5001871550035256, 30202000000, 
-0.03287492131437292, -0.2606655420075658, -0.499555580867595, 30207000000, 
-0.09637564720820209, -0.03231836416115094, -0.5001443222877602, 30212000000, 
-0.06150692628319651, -0.17595421894397828, -0.5002000657717693, 30217000000, 
-0.03313118958746599, -0.25576138919618974, -0.499805227202005, 30222000000, 
-0.09694935881450206, -0.06649027951230439, -0.5003763756685626, 30227000000, 
-0.004998225870160206, -0.262334860768947, -0.500213743593643, 30232000000, 
-0.060077423762163164, -0.015080778305965437, -0.4999165493587278, 30237000000, 
-0.05468260448759839, -0.17502552954101683, -0.5001618580074869, 30243000000, 
-0.006990497246933593, -0.2615523149087777, -0.5001708392444549, 30248000000, 
-0.08251936852653345, -0.02069743845040857, -0.4996577729881195, 30253000000, 
-0.07376710244172999, -0.15030024288293953, -0.4999334763793805, 30258000000, 
-0.03517372226173367, -0.28076873775833744, -0.4998708261852799, 30263000000, 
-0.06737826742044506, -0.010459031097663402, -0.5001926643486673, 30268000000, 
-0.04036560270116869, -0.1316795037770737, -0.5005851178634662, 30273000000, 
-0.039532467735847676, -0.14510875891924965, -0.4999285773220455, 30278000000, 
-0.0395814460339195, -0.15673016118636113, -0.4998078874019196, 30283000000, 
-0.031186087640292803, -0.22730212984998271, -0.49972907071952705, 30288000000, 
-0.09829076887335472, -0.032148024882007666, -0.4998335253106917, 30293000000, 
-0.08131504515120444, -0.17182414024286374, -0.4999143653878693, 30298000000, 
0.0067916708365238325, -0.29999902333854656, -0.5001275848847885, 30303000000, 
-0.07839699318275442, -0.02715313635535968, -0.49976203440179945, 30308000000, 
-0.07802818263218717, -0.16898263051350232, -0.5000927886450158, 30314000000, 
-0.04103815967050699, -0.2607339416226832, -0.49975570808159864, 30319000000, 
-0.08132626014373683, 0.005738190996990758, -0.4997042908964864, 30324000000, 
-0.030439341775830377, -0.2534217898540757, -0.4998571734793637, 30329000000, 
-0.06622018812649112, -0.04772633240153433, -0.49958173935735145, 30334000000, 
-0.07166703099763827, -0.15037427765964384, -0.4999311746867668, 30339000000, 
-0.028295501251145477, -0.2764778923397683, -0.49990625970207553, 30344000000, 
-0.0757543482634553, 0.0005857279509752858, -0.49984203062950106, 30349000000, 
-0.041903701844484054, -0.15659669169705553, -0.5001288175049425, 30354000000, 
-0.054853071384319586, -0.13313265341065125, -0.49988326084296536, 30361000000, 
-0.035423008414507656, -0.14739781539080632, -0.5002021724219882, 30366000000, 
-0.0251261486992189, -0.2664434880832976, -0.5001428325037865, 30371000000, 
-0.10174905770938472, -0.019852517729860516, -0.4998058917920759, 30376000000, 
-0.07717785654960536, -0.1898236062649011, -0.49999045501704587, 30381000000, 
-0.039068177175310054, -0.14876406792025523, -0.4999597694133363, 30386000000, 
-0.09438095763677563, -0.16514474978118854, -0.5000735427331053, 30391000000, 
-0.05438514110231478, -0.28828755237446063, -0.5000769427670771, 30396000000, 
-0.09416179233797145, 0.022462549572153167, -0.49980044335576485, 30401000000, 
-0.05026166753634807, -0.1652109786659267, -0.5005455333342211, 30406000000, 
-0.05643391460686369, -0.25942465395287845, -0.49971362665902186, 30411000000, 
-0.06575319947361488, -0.025284005083556615, -0.5002391074333803, 30416000000, 
-0.05905159068554584, -0.2508837524093262, -0.5002647084046913, 30421000000, 
-0.04921154458599611, -0.013582551937895655, -0.5001248261046858, 30426000000, 
-0.05703723202903492, -0.1541572317639638, -0.5000593402361679, 30431000000, 
-0.018717333344071607, -0.2845591416573988, -0.49974639119877645, 30436000000, 
-0.06318995576988662, -0.0337648093245904, -0.5001057441211288, 30441000000, 
-0.04759447911439079, -0.16237534723705796, -0.499802875688363, 30446000000, 
-0.06823002843171228, -0.16794669521615416, -0.4999529016023722, 30451000000, 
-0.05291509748387218, -0.12292621707152485, -0.500381292625701, 30456000000, 
-0.047474613958516584, -0.23865953801109405, -0.5001626558613357, 30461000000, 
-0.08669289356339496, 0.019388261930644593, -0.5000574292272347, 30466000000, 
-0.06297279208538054, -0.17529253006922058, -0.5003088539396462, 30471000000, 
-0.055458197184482666, -0.25321951078602983, -0.4999443783337406, 30476000000, 
-0.10651415879203383, -0.02303963852865985, -0.49990642122878043, 30481000000, 
-0.030565954249649654, -0.2507597282139681, -0.5000936110538177, 30486000000, 
-0.07651796030780887, -0.017901822868728295, -0.49981212557202415, 30491000000, 
-0.08561677688015318, -0.16414951391543636, -0.5002411956973993, 30496000000, 
-0.025547243185434138, -0.2703754121554382, -0.49994832425871594, 30501000000, 
-0.06536338188850009, 0.0029816164824382416, -0.5001481261046462, 30506000000, 
-0.0679879254504078, -0.15963495814631276, -0.5003468808443797, 30511000000, 
-0.07213745871954151, -0.1559410958001233, -0.5001243842026076, 30516000000, 
-0.07497197208032015, -0.15613435411130172, -0.5004888253376227, 30521000000, 
-0.04719599297930392, -0.2767711544420978, -0.49962479448578534, 30526000000, 
-0.06947142178520818, -0.011233654619403247, -0.5001089596936426, 30531000000, 
-0.05037597344800667, -0.15735055355283842, -0.5002735792102, 30536000000, 
-0.04143362082476687, -0.2713068705672895, -0.49975551379162625, 30541000000, 
-0.1040334702003695, 0.06828550142709658, -0.4998816652402271, 30546000000, 
-0.049708606219378684, -0.12466950681557662, -0.5000869904864768, 30551000000, 
-0.0531752042516699, -0.15350178644793472, -0.4998024270318823, 30556000000, 
-0.08816229278690896, -0.1862897512566982, -0.4999780598734474, 30561000000, 
-0.02981551007412805, -0.267449726297408, -0.5001006189615863, 30566000000, 
-0.09062939502091975, -0.005069795883888277, -0.49997098158209513, 30571000000, 
-0.038387631781845614, -0.16693911351891827, -0.5001873128954927, 30576000000, 
-0.05993611321958791, -0.17274023669327038, -0.49973961271031175, 30581000000, 
-0.0726287411968952, -0.14972295181038148, -0.5004323179635435, 30586000000, 
-0.02763431444745363, -0.274195754712855, -0.49986391849962747, 30591000000, 
-0.07913508244912992, 0.010508615977771675, -0.5002647149948825, 30596000000, 
-0.04997915819568366, -0.20959960788041807, -0.5001384991177457, 30601000000, 
-0.021167541557252374, -0.29394515317069986, -0.4996813311662285, 30606000000, 
-0.08723938125654862, -0.029697250831224195, -0.5000745787717366, 30611000000, 
-0.07887566463646714, -0.2714618731235789, -0.5002247521765697, 30616000000, 
-0.06000327724763385, -0.05492165002258935, -0.49963837737885863, 30621000000, 
-0.044398589542899186, -0.12966131577852344, -0.5002165310791317, 30626000000, 
-0.059895028082232155, -0.2507349974063533, -0.5000857435618611, 30631000000, 
-0.04336846118495602, -0.019189712019625688, -0.5001237018301701, 30636000000, 
-0.07859420284366059, -0.13948666645095012, -0.49973612525421446, 30641000000, 
-0.07916449047299158, -0.25226549938316534, -0.5003700568879335, 30646000000, 
-0.08077768648149863, -0.037641377194718585, -0.5000525441286947, 30651000000, 
-0.08131480569651878, -0.15979867660745964, -0.5003567928578954, 30656000000, 
-0.0713905837829478, -0.24395529197470278, -0.5002930030364842, 30661000000, 
-0.06141712619626756, -0.038917131966046715, -0.5000419349411981, 30666000000, 
-0.0390501031234745, -0.1171815902332524, -0.5000186026901532, 30671000000, 
-0.05177466634524381, -0.27680567590828187, -0.5001130278920718, 30679000000, 
-0.059866735794325165, -0.06786877433421253, -0.5002513948946953, 30684000000, 
-0.04313925390991097, -0.18619495766107005, -0.5006924059170335, 30689000000, 
-0.01765840756685183, -0.2936990481406536, -0.4998420812827419, 30694000000, 
-0.07620266746505824, 0.03269753874702456, -0.5000725308207792, 30699000000, 
-0.04745864044662007, -0.26637117570073887, -0.5003722776389626, 30704000000, 
-0.0638439783725957, -0.01093275054800504, -0.5001127204789665, 30709000000, 
-0.07741348916939085, -0.14591989971887365, -0.4999675229948098, 30714000000, 
-0.02187793634362264, -0.2801540227379416, -0.5003005677153027, 30719000000, 
-0.07951376549967926, 0.002446611534053327, -0.49985188221352755, 30724000000, 
-0.06153023503840257, -0.14752556188601218, -0.5001306868647644, 30729000000, 
-0.09107978988229865, -0.1788903450327328, -0.5000056162898068, 30734000000, 
-0.06453730243968456, -0.1414765579609163, -0.5001502645917819, 30739000000, 
-0.030781037416287134, -0.31034308992186, -0.5001453891940065, 30744000000, 
-0.07480915490013303, 0.002347741629907081, -0.5000510605800891, 30749000000, 
-0.08060201855662494, -0.19442034784003212, -0.5002491672075937, 30754000000, 
-0.03579899892248571, -0.27918960684471306, -0.4996602499718003, 30759000000, 
-0.06647177449571609, -0.01689847763943568, -0.49989259786855367, 30764000000, 
-0.00102630062433786, -0.2697936881172405, -0.499870164258673, 30769000000, 
-0.050697056195424826, -0.02906413644249385, -0.49995866753865376, 30774000000, 
-0.07802030354038171, -0.18150742747194593, -0.4997404509647679, 30779000000, 
-0.030479100458511887, -0.3000528344849602, -0.5001120445977218, 30784000000, 
-0.05036852383453359, 0.006910453498224431, -0.5000094416599219, 30789000000, 
-0.07456688981582475, -0.1596720548303714, -0.4999979386424371, 30794000000, 
-0.05044785492335933, -0.13545944636296242, -0.4996708583690336, 30799000000, 
-0.062291843335501675, -0.12051717288632383, -0.5001179308107195, 30804000000, 
-0.025035347132618655, -0.28370055547679085, -0.49976323902283204, 30809000000, 
-0.09556332911831575, -0.02836999333821336, -0.5000180266039232, 30814000000, 
-0.0613168417718051, -0.16157490308903846, -0.5001931413297549, 30819000000, 
-0.02542838173085658, -0.27267220904249445, -0.49982880991025624, 30824000000, 
-0.04676403699735156, -0.002346792421643808, -0.5001161779802225, 30829000000, 
-0.062318678202025565, -0.15556905799119586, -0.500303889612963, 30834000000, 
-0.09925614588101836, -0.15633317086858356, -0.4998723275015432, 30839000000, 
-0.0021113031364829588, -0.10713569876661813, -0.5001008104385235, 30847000000, 
-0.0042494145102564, -0.23679089188509372, -0.4998184132350675, 30852000000, 
-0.052160241048158376, -0.04224691531744525, -0.4997088298831063, 30857000000, 
-0.055938381027867246, -0.16106867028957397, -0.5004475088887693, 30862000000, 
-0.08142006910399457, -0.15535639287639547, -0.5000107477727799, 30867000000, 
-0.04886053858957119, -0.16002522351514173, -0.4996917385358383, 30872000000, 
-0.01796835375822124, -0.26340450374415364, -0.5002235871735096, 30877000000, 
-0.04630169714382837, -0.028109741646283225, -0.5000199820128992, 30883000000, 
-0.07416973490160207, -0.18512685590455538, -0.4998303264519788, 30888000000, 
-0.054087985012769756, -0.24985625595857047, -0.5002158644813338, 30893000000, 
-0.06894722320908934, 0.01726211992012075, -0.4998747360808907, 30898000000, 
-0.06216185514878753, -0.14364205180943612, -0.5001450864344753, 30903000000, 
-0.058450550468978076, -0.16645553299260604, -0.4994933708511637, 30908000000, 
-0.024452362092143368, -0.1659154297924783, -0.49962824368718367, 30913000000, 
-0.011789603834931127, -0.2950553497538958, -0.49974477918875365, 30918000000, 
-0.08799593433744532, 0.009053862867946382, -0.5003010078233117, 30923000000, 
-0.055509758265843145, -0.17285933681847815, -0.5002542526925801, 30928000000, 
-0.01815931057513471, -0.27613696075911814, -0.4995430866955209, 30933000000, 
-0.062025049434991736, -0.03433589829179057, -0.4998209552997743, 30938000000, 
-0.03930682733400592, -0.31516752590954156, -0.5002284986979014, 30943000000, 
-0.07557034766160949, -0.02774743927520657, -0.4995813819302207, 30948000000, 
-0.07496672035564114, -0.14138601549948768, -0.5001629706255257, 30953000000, 
-0.03980882230223338, -0.2705133806462853, -0.5001568877340256, 30958000000, 
-0.06585977853692779, 0.0029614251538846005, -0.4999104868505764, 30963000000, 
-0.04365069121400682, -0.16149184585836163, -0.5004758696788868, 30968000000, 
-0.06339320838415227, -0.16533700421794043, -0.500099754102145, 30973000000, 
-0.04197932729914795, -0.12669097433070967, -0.5002731757653527, 30978000000, 
-0.03188067013165225, -0.33173840591078224, -0.5003229121193286, 30983000000, 
-0.10525571079708224, -0.019912746443887634, -0.4999817279555766, 30988000000, 
-0.034224286735469164, -0.1774830609961215, -0.5002039303181419, 30993000000, 
-0.05604109571072148, -0.2935470052943652, -0.4996801251654658, 30998000000, 
-0.07221655049754128, 0.009898293330903224, -0.5000787295849853, 31003000000, 
-0.05770404412708504, -0.276073023415872, -0.5003689837391441, 31008000000, 
-0.07531215244976514, -0.014358594231470042, -0.49990445952295665, 31013000000, 
-0.06792117828324752, -0.1629358837626671, -0.5002513553436884, 31018000000, 
-0.022035433333027155, -0.31718639263310017, -0.4996336324521306, 31023000000, 
-0.07798642840788152, 0.0062997039454811945, -0.5002250808195522, 31028000000, 
-0.02299033201653254, -0.173174402702333, -0.5001985000831234, 31033000000, 
-0.03272908482330064, -0.17320239507226076, -0.4997715090479477, 31038000000, 
-0.05515220287683667, -0.17543896505654966, -0.4994872676000252, 31043000000, 
-0.03008135848107544, -0.28582146262971875, -0.49954544168591686, 31048000000, 
-0.06276158149556284, 0.10133144690188153, -0.49987204022319953, 31053000000, 
-0.05686449121137454, -0.15189454470217928, -0.5000801301574136, 31058000000, 
-0.003559978377349799, -0.30523421219126357, -0.49988255766631606, 31063000000, 
-0.09357941383281795, -0.008192388325735295, -0.4999117095959293, 31068000000, 
-0.0377137805025173, -0.31262524727462415, -0.5000777560702391, 31073000000, 
-0.0667987024919694, 0.005804847076098768, -0.4997362212334712, 31078000000, 
-0.06812885126448162, -0.16109314235230662, -0.4996720901314031, 31083000000, 
-0.024933687949609346, -0.2534012574760591, -0.4999819598811325, 31088000000, 
-0.07025860562838199, 0.009617898003749056, -0.4997025945415889, 31093000000, 
-0.032407354116048566, -0.1745739898030051, -0.5005099345895037, 31098000000, 
-0.05628415523554277, -0.14801367032241775, -0.4998364662946563, 31103000000, 
-0.02288068441049318, -0.13535931526708667, -0.5003956481731785, 31108000000, 
-0.03857865974203924, -0.31185615101644515, -0.5000194999377321, 31113000000, 
-0.07605879210360707, 0.03773919690287324, -0.49989511773233436, 31118000000, 
-0.06963793183785424, -0.15955374545121112, -0.5003057547124251, 31123000000, 
-0.02156863610261743, -0.29312360080408184, -0.4997464646175965, 31128000000, 
-0.08425682248633438, 0.03922554834952367, -0.49999692162487575, 31133000000, 
-0.0683078817346178, -0.14595044269744506, -0.5000236049426585, 31138000000, 
-0.07157548904979924, -0.13749195494247124, -0.4998200188562274, 31143000000, 
-0.07487518152923378, -0.14593194633051443, -0.5000763962445948, 31150000000, 
-0.024463025752813533, -0.2763120185540824, -0.49992530769567184, 31155000000, 
-0.0704438667380353, 0.09235816591806298, -0.5003537787285008, 31160000000, 
-0.02434873491947395, -0.15539725904770987, -0.5001942491517993, 31165000000, 
-0.04557694644758195, -0.28136452048131577, -0.4999005109263766, 31170000000, 
-0.08692191880100508, 0.02341867571879894, -0.5001901974673753, 31175000000, 
-0.015270315388382055, -0.17285830849130915, -0.5005474105048141, 31180000000, 
-0.05269422186369472, -0.1479134581884597, -0.5001190563152625, 31185000000, 
-0.039871071480414425, -0.12564672043018452, -0.5000747960932687, 31190000000, 
-0.026376375594867385, -0.3160316954259504, -0.5003371342573794, 31195000000, 
-0.09622684375413815, 0.01457459782394418, -0.4994896038311603, 31200000000, 
-0.06273458782151098, -0.1640264942249464, -0.4998836919229956, 31205000000, 
-0.028729265102447266, -0.27885307432666273, -0.5002572069693169, 31210000000, 
-0.09793590933619388, 0.013102314615882408, -0.499789992264283, 31215000000, 
-0.048275391110888584, -0.18578025634926953, -0.49989412862946303, 31220000000, 
-0.01582588260029094, -0.32491839715729826, -0.4997186482520503, 31225000000, 
-0.06877971733910933, 0.060906592389315665, -0.5002184177482529, 31230000000, 
-0.04489337643350344, -0.17148101425896095, -0.5003273896216699, 31235000000, 
-0.04610586580894599, -0.3237631555413329, -0.49988617154300646, 31240000000, 
-0.09131611941324803, 0.036005338801995315, -0.49995484751213054, 31245000000, 
-0.03666596633573381, -0.26921166144939496, -0.5003773554915892, 31251000000, 
-0.09786257437723224, 0.024363176251532004, -0.5000779043468593, 31256000000, 
-0.06415445809145537, -0.13232676141766772, -0.5004733739524214, 31261000000, 
0.0015620663536626798, -0.3122011231839549, -0.4996419089808164, 31266000000, 
-0.1099828192443616, 0.060158236475645416, -0.4996424556343765, 31271000000, 
-0.06194411710852125, -0.1694311689735285, -0.5004160906593959, 31276000000, 
-0.10179733922738633, -0.16465195671721905, -0.4994755449750523, 31281000000, 
-0.05042065994487393, -0.12832995477651665, -0.5004301556639337, 31287000000, 
-0.01768716866084294, -0.3278909062279833, -0.5000134129258644, 31292000000, 
-0.12080231796137046, 0.04208080217708344, -0.4995762421370477, 31297000000, 
-0.07691446120562374, -0.19950679359762077, -0.5002041821901421, 31302000000, 
-0.07294332706784346, -0.16746047757875887, -0.5001020354245572, 31307000000, 
-0.056178647963910144, -0.13655368748837607, -0.500219954307934, 31312000000, 
0.013379193298795704, -0.33573957929022596, -0.5001550574090969, 31317000000, 
-0.1198865211267347, 0.04395094658768867, -0.4996415799841323, 31322000000, 
-0.031204720726297937, -0.1648400399594396, -0.500166638224738, 31327000000, 
-0.013914077781022988, -0.3288344912845682, -0.5000690803839062, 31332000000, 
-0.10311053066032284, 0.016552212605574834, -0.5005309860857498, 31337000000, 
-0.04143504027602282, -0.28896980251001725, -0.5005663093159498, 31342000000, 
-0.0738556579140863, -0.18032649847364693, -0.4993338989335895, 31347000000, 
-0.12146196376087681, 0.0447957546043224, -0.49979621706315575, 31352000000, 
-0.015433083110170533, -0.3053636494368811, -0.5003735048182728, 31357000000, 
-0.1030056211448233, -0.007225714768737922, -0.4997399756098243, 31362000000, 
-0.07786109228470206, -0.09130420646224971, -0.5004064437098065, 31367000000, 
-0.03406701080442715, -0.29748047576959236, -0.5003030190491304, 31372000000, 
-0.1031558403117717, -0.006308854857326851, -0.49999458102937433, 31377000000, 
-0.036128418635034944, -0.13841249247284582, -0.5006674110298233, 31382000000, 
0.008994631639785824, -0.3487932940985455, -0.5001329543854544, 31387000000, 
-0.036587203148245775, -0.1805696118048907, -0.49960448414435404, 31392000000, 
-0.08239293862800408, 0.04053525324703861, -0.5000846171301, 31397000000, 
-0.0012141259129933085, -0.33066029245879697, -0.5002741371715141, 31402000000, 
-0.11132756597324003, -0.03308467359383534, -0.49968818127229037, 31407000000, 
-0.07906505030545628, -0.13490403856594485, -0.4997834380791874, 31412000000, 
-0.03526078784356568, -0.31575530740887603, -0.5002736128090441, 31417000000, 
-0.1366035302301567, 0.010985767541948532, -0.5003631210167053, 31422000000, 
-0.03244743840135944, -0.17835041936213, -0.5002901900661875, 31427000000, 
-0.020239439749959, -0.34945346195730437, -0.5003130312313783, 31432000000, 
-0.12092306899051945, 0.05823771198882843, -0.49997927045002494, 31437000000, 
-0.09141906288940865, -0.14227065282554144, -0.5006423303042556, 31442000000, 
-0.09566227948762823, -0.15993275736585782, -0.49970781968516237, 31447000000, 
-0.06763355974975072, -0.11541688280027881, -0.4998500541703649, 31452000000, 
0.02692793774081206, -0.3424339291624976, -0.4998208734105858, 31457000000, 
-0.13100494068641244, 0.08549905156599877, -0.4999356774730214, 31462000000, 
-0.07386780398489139, -0.16500752138409203, -0.4998930964043352, 31467000000, 
0.002581691204284369, -0.3086571520482879, -0.49959735564966584, 31472000000, 
-0.08169244717637267, 0.015323338553166834, -0.49983287459900266, 31477000000, 
-0.00024168133906491557, -0.3392833096235913, -0.5000265392924431, 31482000000, 
-0.1300840064232935, 0.09783139945749222, -0.5000656605428665, 31487000000, 
-0.059632358757732803, -0.17999871400863715, -0.5004846732892857, 31492000000, 
0.0158190265917904, -0.3484956771034607, -0.5000384921481519, 31497000000, 
-0.13326195743249533, 0.06571570020642055, -0.4999439078403842, 31502000000, 
-0.06789229105655181, -0.1285020885020176, -0.500572228947282, 31507000000, 
-0.003534272526053067, -0.36640265839914354, -0.4999510299835974, 31512000000, 
-0.12246482929830645, 0.0830902130258866, -0.5002164670693591, 31517000000, 
-0.033761302183405464, -0.17429107701716004, -0.5004770628343838, 31522000000, 
-0.08206960671059248, -0.17206882865767337, -0.5002062450995963, 31527000000, 
-0.058246594494575754, -0.13717560846468754, -0.4999719113872871, 31532000000, 
-0.01241598549587563, -0.15493168823180506, -0.5000658010369136, 31537000000, 
-0.04690206836841859, -0.1411400677724177, -0.49983419924696915, 31542000000, 
-0.0713165710779065, -0.14819826964397878, -0.5000061541820565, 31547000000, 
0.029643754361614538, -0.3503085259470591, -0.5000831109329967, 31552000000, 
-0.1507010196600702, 0.052993841331046, -0.49979995675766936, 31557000000, 
-0.02529862904857425, -0.1713662656812101, -0.49990441478715747, 31562000000, 
0.034956634551855555, -0.3805497758989776, -0.49992097829480703, 31567000000, 
-0.13298770481082878, 0.038435930437175185, -0.4999080790668071, 31572000000, 
-0.045020472556193174, -0.1505939820955356, -0.4999495891552288, 31577000000, 
0.013414596603911012, -0.4037828198015128, -0.5006328710568125, 31582000000, 
-0.16875929750706878, 0.07160842999671486, -0.5004049574359805, 31587000000, 
-0.053811065499033486, -0.16644778166904425, -0.5001965415134729, 31592000000, 
0.054384536950423445, -0.3596851225904831, -0.4999730558610454, 31597000000, 
-0.17479058993810542, 0.0714784290995542, -0.49986705680611654, 31602000000, 
-0.06485183244364887, -0.15305025594419971, -0.5002415789444703, 31607000000, 
0.026711936058161096, -0.35905465411906023, -0.49993413433476724, 31612000000, 
-0.15450539136703526, 0.0720452403541762, -0.5002270572505578, 31617000000, 
-0.03322909157037835, -0.16806757044812515, -0.5001988978397418, 31622000000, 
0.01952932236520967, -0.3242897969148058, -0.5000327719679433, 31627000000, 
-0.1592648563805685, 0.09896331346704612, -0.5000680576710218, 31632000000, 
-0.013620886637908267, -0.1450098928918911, -0.5001215204760485, 31637000000, 
0.04365083995115035, -0.3461506732850655, -0.49978585814742305, 31642000000, 
-0.1493626772291969, 0.05500942167869195, -0.49968657475345607, 31647000000, 
-0.05790866735256348, -0.17493185769494551, -0.5004581566506137, 31652000000, 
0.038706991066541116, -0.35078707663418246, -0.5001107526833819, 31657000000, 
-0.16735272104930693, 0.05653254490675549, -0.49973358919610916, 31662000000, 
-0.06669010405073214, -0.1362549050520647, -0.5001220068740619, 31667000000, 
0.0416076527149498, -0.35408364978335893, -0.49967101886693227, 31672000000, 
-0.1785778041513145, 0.042358457038122854, -0.49950843604638445, 31677000000, 
-0.06029513088436046, -0.13939040564916444, -0.4998725327976262, 31682000000, 
0.03472244144011549, -0.36544666422070543, -0.4995850679527788, 31687000000, 
-0.1475439819449332, 0.03294892416735476, -0.49956126590945577, 31692000000, 
-0.04704537331580794, -0.16532260751900868, -0.5001083645748874, 31697000000, 
0.03169676723212978, -0.3456045633285907, -0.4996324784761234, 31702000000, 
-0.13095215355969564, 0.05857359109775314, -0.49999175660345974, 31707000000, 
-0.05515809697190792, -0.17976664277583415, -0.5001926201931777, 31712000000, 
-0.051445784095559936, -0.16514460022198085, -0.4997859160773747, 31717000000, 
-0.06252149388316267, -0.13552330812759958, -0.4998290049762582, 31722000000, 
-0.017956297424595598, -0.3438796014850532, -0.4999509954153775, 31727000000, 
-0.15904297547707139, 0.040840856597121125, -0.5000410381332331, 31732000000, 
-0.05761964269211897, -0.13536846727074414, -0.5001844418978103, 31737000000, 
0.005543633251642019, -0.34451994769737543, -0.4998194568922607, 31742000000, 
-0.12651363419222278, 0.0691419845173873, -0.5000545731559446, 31747000000, 
-0.04847792252635592, -0.18534771152885, -0.5001415912982053, 31752000000, 
0.02660446736098812, -0.34123562751990383, -0.4995953638909424, 31757000000, 
-0.1928973591748152, 0.10076281152096568, -0.500133572626082, 31762000000, 
0.01607986361362376, -0.2994572326840974, -0.5005731573985713, 31767000000, 
-0.1264241654799703, 0.026886717951379938, -0.5001752403476979, 31772000000, 
-0.055004153440256484, -0.15599830176253685, -0.5001261417236401, 31777000000, 
0.021941009481709614, -0.3305034127795425, -0.49973783487850404, 31782000000, 
-0.10944656927088228, 0.02864373469573772, -0.5001963320863393, 31787000000, 
-0.038348219796451706, -0.16586301904760523, -0.49999532106762606, 31792000000, 
-0.05847730355934745, -0.1721302665390914, -0.49971403322754054, 31797000000, 
-0.05369908628863741, -0.1341193263629464, -0.5002103554427806, 31802000000, 
0.037914870307598936, -0.3547747341315357, -0.5002436192099791, 31807000000, 
-0.14779256709969352, 0.06550072397132187, -0.500003183410457, 31812000000, 
-0.04192635697410286, -0.1963833698269363, -0.5002147219550751, 31817000000, 
0.007524380519964076, -0.38835377792377124, -0.49969161414126634, 31822000000, 
-0.15297495699902652, 0.0369923915337734, -0.4998971616173254, 31827000000, 
-0.03869827104225873, -0.1625142736044129, -0.5004844296209743, 31832000000, 
0.0538046855333541, -0.343473360726189, -0.5000034191569535, 31837000000, 
-0.17381876406852587, 0.03249673772391046, -0.4998085071795099, 31842000000, 
-0.06359999223527484, -0.18595456865859702, -0.500380517129446, 31847000000, 
0.02391228225587906, -0.36467626442324563, -0.500141704858316, 31852000000, 
-0.16230273532613548, 0.06520316799556769, -0.49963137767683186, 31857000000, 
-0.07504024562985061, -0.13014964241426383, -0.5002434881585884, 31862000000, 
0.05139202064530067, -0.3649581084048461, -0.4996904664207467, 31867000000, 
-0.1317354907343674, 0.045420862912106924, -0.49996741701707503, 31872000000, 
-0.1001452588240504, -0.17934630951659927, -0.5001404158719681, 31877000000, 
0.02088823244632467, -0.33554188695398285, -0.5001609885458919, 31882000000, 
-0.12966594871175624, 0.031161428146075497, -0.5001866088265547, 31887000000, 
-0.04924447541829482, -0.1684574232938447, -0.5003643064330264, 31892000000, 
0.04356065593696502, -0.3585652268839355, -0.49990942856293785, 31897000000, 
-0.1046320630645421, 0.031226473608763853, -0.5001091393062118, 31902000000, 
-0.010786368736022248, -0.3268548375058488, -0.500339627328928, 31907000000, 
-0.11259227661234936, 0.015297870767276494, -0.4998072500858304, 31912000000, 
-0.045095914765996364, -0.1704967539804942, -0.5003242848405943, 31917000000, 
0.03554669477126802, -0.39634021693276006, -0.5002848263379249, 31922000000, 
-0.1198375841382429, 0.03249825300308681, -0.49987061644985736, 31927000000, 
-0.0783340560815581, -0.17023957553271665, -0.50029501333208, 31932000000, 
-0.06366568599938258, -0.14898652554094027, -0.4998282456688242, 31937000000, 
-0.07915222517397293, -0.12912396569968815, -0.5000109030009665, 31942000000, 
0.022485152819184333, -0.3689504108974937, -0.5002698166664932, 31947000000, 
-0.13150816832528756, -0.012844729518836879, -0.5000022382386518, 31952000000, 
-0.060857614182293754, -0.15305381718556457, -0.5003387760521971, 31957000000, 
0.04190144037653127, -0.35741515320616984, -0.499605930514421, 31962000000, 
-0.11905211339267016, 0.03162344483759338, -0.4999985113036478, 31967000000, 
0.02007287875319111, -0.34111028188894404, -0.5000573346060186, 31972000000, 
-0.13016152137609552, 0.03454105983484048, -0.49953642683614735, 31977000000, 
-0.04122606335732827, -0.16873107379619517, -0.4998780039799204, 31982000000, 
0.012039536814214801, -0.36359793038294785, -0.49961575760434884, 31987000000, 
-0.12057867081808905, 0.05818907029252359, -0.500152661525365, 31992000000, 
-0.05757512998266665, -0.16109084930691298, -0.5003658960134189, 31997000000, 
0.021981483520201538, -0.3310698315294598, -0.49966069635909477, 32002000000, 
-0.10873867234833268, 0.06324904866020245, -0.5004124395887475, 32007000000, 
-0.06599659802636294, -0.16869395931580658, -0.500231072413431, 32012000000, 
0.016884708524701628, -0.32394756190332674, -0.499961663428594, 32017000000, 
-0.14766410918713954, 0.033650537614241076, -0.5000972561380569, 32022000000, 
-0.02294387513008711, -0.15423093073211203, -0.5004211426076012, 32027000000, 
-0.046275041287739474, -0.17032437432323658, -0.4997241902941593, 32032000000, 
-0.057670359929310334, -0.1317566824686193, -0.49989303306332855, 32037000000, 
-0.011372620941123762, -0.35195227842408666, -0.4998780106350518, 32042000000, 
-0.08623124959135899, 0.027357089654043546, -0.5000137712403501, 32047000000, 
-0.04871982264049199, -0.1656686346863551, -0.5004940815866761, 32052000000, 
0.010407971905572098, -0.3557873921312896, -0.5001982301587382, 32057000000, 
-0.10439394258647022, 0.030871048561404827, -0.49976187373211345, 32062000000, 
-0.04916661091525992, -0.16972913453569394, -0.5003625774889262, 32067000000, 
0.03771598479008513, -0.34251499094940707, -0.49996277197411604, 32072000000, 
-0.15875083663457384, 0.05992000097683742, -0.4997593477731542, 32079000000, 
-0.031206290486035296, -0.3025336211035773, -0.5001879092184937, 32084000000, 
-0.09509506152227776, -0.013951719501451526, -0.499790711983045, 32089000000, 
-0.05646338341172341, -0.1792447564255045, -0.5002308157903318, 32094000000, 
-0.010735494278517756, -0.3367989670566449, -0.49966027702766674, 32099000000, 
-0.12940443680831454, 0.03570369244637894, -0.499712010562312, 32104000000, 
-0.0037895002340129734, -0.31225507986158774, -0.5002880918847757, 32109000000, 
-0.11769915318692135, 0.028652424836651154, -0.4999707832333942, 32114000000, 
-0.07126569217911671, -0.19237957695641494, -0.5001088848369184, 32119000000, 
0.02112055596295313, -0.31796246042328125, -0.4998568409857868, 32124000000, 
-0.13628216462995177, 0.04147230635475821, -0.5000057894847405, 32129000000, 
-0.05106444589773647, -0.16872802281426177, -0.5003183589867171, 32134000000, 
-0.04411089283736678, -0.15830682708114116, -0.49992907350221744, 32139000000, 
-0.05767670485588823, -0.12695143921641763, -0.4999420571576413, 32144000000, 
0.018401541330137557, -0.33443982685563084, -0.5001687776810666, 32149000000, 
-0.10218396619350972, 0.055599978810493056, -0.5001862913492803, 32154000000, 
-0.057790845793794156, -0.18853167284759537, -0.5003319029123776, 32159000000, 
-0.005256130623864128, -0.3273430320312933, -0.4997421485075803, 32164000000, 
-0.15386530114344543, 0.09675387935989416, -0.5003175213548825, 32169000000, 
-0.0026279625316139076, -0.27860483302911415, -0.5001475780067188, 32174000000, 
-0.1098396673712728, 0.030798235089862614, -0.4998934542167134, 32179000000, 
-0.05699494958550101, -0.16540322334851387, -0.5003144535661973, 32184000000, 
-0.01365299196416686, -0.3350810237750486, -0.500181445105258, 32189000000, 
-0.12281979326010142, 0.04473282770206423, -0.49998819866368455, 32194000000, 
-0.05882261699281541, -0.1730146508183795, -0.500239445076351, 32199000000, 
0.031678045646230765, -0.4149797045125723, -0.49917340626291423, 32204000000, 
-0.09763871080803116, 0.04540137101210179, -0.5000621671815707, 32209000000, 
0.018907989637719662, -0.3250168783200423, -0.5002213984095489, 32214000000, 
-0.0983990370460845, 0.01618548900382072, -0.49967570737748807, 32219000000, 
-0.08115144343261992, -0.16381425171890562, -0.5000857503651492, 32224000000, 
-0.02040518632615554, -0.36268333912223416, -0.5001539580166078, 32229000000, 
-0.1144485891263927, 0.06807568243417729, -0.5003346106426937, 32234000000, 
-0.043566465447774115, -0.18154940817517923, -0.5003655847136038, 32239000000, 
-0.003911497871012467, -0.3364468719678793, -0.49981884255571146, 32244000000, 
-0.1298525666620925, 0.046958604281023594, -0.5002927665138989, 32249000000, 
-0.061156293764908436, -0.19275094849171728, -0.49997181210472397, 32254000000, 
-0.050725751766035033, -0.16553300879887053, -0.499701064602021, 32259000000, 
-0.06421228419381282, -0.1339342890645239, -0.5002092474632831, 32264000000, 
0.02676036898965785, -0.3453302847297302, -0.5002614000800113, 32269000000, 
-0.14322688986000348, 0.07678785289481124, -0.5001577938806072, 32274000000, 
-0.03196662382187815, -0.18003711844577303, -0.500335683145732, 32279000000, 
-0.027510109206593854, -0.1734871072580338, -0.5005047156799407, 32284000000, 
-0.08793970739758884, -0.12068946461123926, -0.5002496862093914, 32289000000, 
0.000168058099350352, -0.3179534116820077, -0.5004791129558279, 32294000000, 
-0.11465913477499928, 0.0331434280267805, -0.4997678947610867, 32299000000, 
-0.05449574756751323, -0.20227397496605315, -0.5003653889320813, 32304000000, 
0.02801590107584315, -0.33609992695822977, -0.49969306346861325, 32309000000, 
-0.10915731324049732, 0.035320245051009835, -0.49945570692375263, 32314000000, 
-0.049613167381054854, -0.13801287795791628, -0.5005029875060595, 32319000000, 
-0.02120139736161252, -0.13115229958136904, -0.49994254957150713, 32324000000, 
-0.09907839604988997, -0.1502429220129712, -0.4998838564066876, 32329000000, 
-0.08113289595347903, -0.16569099553706826, -0.5002864245588499, 32335000000, 
-0.045883797926058345, -0.12538838594906046, -0.5001551802967631, 32340000000, 
-0.07004933196636941, -0.1812047196212882, -0.5003269578693708, 32345000000, 
-0.06662138481024371, -0.13643021350135703, -0.4992806564553456, 32350000000, 
-0.0864050882254736, -0.12071774391283599, -0.49986660978114844, 32355000000, 
0.02874665032266247, -0.33938834064427564, -0.49993065830377525, 32360000000, 
-0.09260991319061461, 0.06493849405476097, -0.49979218222179184, 32365000000, 
-0.04371838203402685, -0.17864865911087036, -0.49990314189643453, 32370000000, 
0.04125145236035478, -0.31424856236324206, -0.5005684107736073, 32375000000, 
-0.10994795271727313, 0.013948542525127387, -0.500039037377383, 32380000000, 
-0.08260558908982815, -0.1604188517002301, -0.5002692728322918, 32385000000, 
0.033987545378475065, -0.3187801778033096, -0.5000995171671399, 32390000000, 
-0.09373775788718311, 0.032798127585776646, -0.5004154380824427, 32395000000, 
-0.055091337974258164, -0.14856833179199164, -0.5000372752487695, 32400000000, 
0.03021996850632364, -0.3109360912072645, -0.4998461095316118, 32405000000, 
-0.12442214860416212, -0.00727972222605454, -0.500055589016381, 32410000000, 
0.019491910245456604, -0.3262816948076763, -0.5000859629052369, 32415000000, 
-0.1440070026919655, -0.0005350547677920627, -0.499855387672194, 32420000000, 
-0.06811609658422443, -0.18245292187596673, -0.5000644022603841, 32425000000, 
0.02802101573309923, -0.32536216306306326, -0.5000627370812303, 32430000000, 
-0.12387712737246202, 0.04642636586822921, -0.4998829980706828, 32435000000, 
-0.04841221781151515, -0.14945138286156595, -0.499974466644875, 32440000000, 
0.013533224665170077, -0.3473931597677774, -0.49991605345255746, 32445000000, 
-0.0993176477790836, 0.024124376740427115, -0.4995463148424668, 32450000000, 
-0.04642502667234784, -0.1944072183371845, -0.5002819825081009, 32455000000, 
0.013377005237560202, -0.3402416848121234, -0.49996212808136514, 32460000000, 
-0.10284750421060561, -0.056749274608692, -0.49983120166981865, 32466000000, 
0.027521220856425565, -0.3405121703869361, -0.5001892919847578, 32471000000, 
-0.10912671878232547, 0.0362582616238252, -0.49983868620801897, 32476000000, 
-0.060183673261320646, -0.19259218924121854, -0.5002217518537493, 32481000000, 
0.01309620927501106, -0.3068046772010856, -0.4998059677053288, 32486000000, 
-0.12321713736579018, 0.03480012500582661, -0.500423984201753, 32491000000, 
-0.04712245055744149, -0.17539176924114802, -0.5004261599355269, 32496000000, 
-0.027323189821188497, -0.11511185417348921, -0.4997828949678148, 32501000000, 
-0.047916471251990694, -0.15483301305119926, -0.49985002812330837, 32506000000, 
-0.029389848386085264, -0.2990151958006987, -0.5001435895346547, 32511000000, 
-0.16227020096883188, 0.027474986260312653, -0.5002408885237166, 32516000000, 
-0.06512459242604, -0.1864876803026781, -0.4998530467329513, 32521000000, 
0.003579580835594184, -0.33539733446721265, -0.4997390209615813, 32526000000, 
-0.14659915240867438, 0.019675624584499597, -0.4998986936873099, 32531000000, 
0.0037129927319853647, -0.281633628278571, -0.5000934016398297, 32536000000, 
-0.1139835736490338, -0.06198705996718744, -0.49956744979511397, 32542000000, 
-0.047933908643978985, -0.17395139439785517, -0.5003663106567007, 32548000000, 
-0.015104779841296968, -0.1406984347092976, -0.49981976174270254, 32553000000, 
-0.05508083004673155, -0.1376576495539019, -0.5002914236617366, 32558000000, 
0.007280414500264921, -0.313666160248191, -0.4999164095409516, 32563000000, 
-0.0945255491652251, 0.0296690828311469, -0.4994095437714047, 32568000000, 
-0.05894643244953788, -0.1924466792959283, -0.5003789729116424, 32573000000, 
-0.022426386252246314, -0.3446040142839901, -0.4997496555806482, 32578000000, 
-0.11484769440203557, 0.024135494119705503, -0.5000507497155958, 32583000000, 
-0.06187007071980589, -0.15465249039301232, -0.49998882535079753, 32588000000, 
0.0009250789618199216, -0.2848975840204855, -0.4998225581314314, 32593000000, 
-0.1047437114287352, -0.009930554471616034, -0.4996387226561189, 32598000000, 
-0.012795563878532867, -0.31034100539667053, -0.5002340296032943, 32603000000, 
-0.13083862175709948, -0.007106734921044883, -0.49967483329522294, 32608000000, 
-0.054560154819795384, -0.1978126874828877, -0.5002672560955678, 32613000000, 
0.005935634892991523, -0.273461768688299, -0.5000342757406926, 32618000000, 
-0.11253893490558038, 0.013406275062845644, -0.5001115491241099, 32623000000, 
-0.048211640674578636, -0.18832441319676496, -0.5001417567435038, 32628000000, 
0.032389181857940666, -0.3252130632072788, -0.4999548459431466, 32633000000, 
-0.10815565618882281, 0.027987341324163008, -0.49993909600192754, 32638000000, 
-0.012226010734142246, -0.28237539138256984, -0.4999064444168866, 32643000000, 
-0.10513677208090236, 0.014021076934662532, -0.4997755588340292, 32648000000, 
-0.04510185375256543, -0.1455998714786547, -0.50021634416865, 32653000000, 
-0.0022414978995941755, -0.2757619119626025, -0.4998904948209221, 32658000000, 
-0.10594655106640172, -0.014005869553939634, -0.4999706385898267, 32663000000, 
-0.016256105214021314, -0.24595536216336855, -0.5001002402394915, 32668000000, 
-0.10472348454679435, 0.010243032907895085, -0.49979815876176176, 32673000000, 
-0.06463878903994141, -0.16098527802299373, -0.4995775434910555, 32678000000, 
0.009997739054667682, -0.2787258544884483, -0.5005025821148654, 32683000000, 
-0.0791612976857744, -0.027213579619007566, -0.49993664785773717, 32688000000, 
-0.0641850662540579, -0.14764165237745913, -0.5000939064722156, 32693000000, 
0.017740265634221965, -0.3010503098284372, -0.4997813785803261, 32698000000, 
-0.11592922784688807, -0.03783614943917046, -0.49990971611111695, 32703000000, 
-0.0625943296964554, -0.19284510364199578, -0.5001907707153301, 32708000000, 
-0.05743723081712608, -0.1415885695818114, -0.5000557025550258, 32713000000, 
-0.08223894050511826, -0.11843549578782693, -0.49991457736300304, 32718000000, 
-0.013378444821804884, -0.313703121245454, -0.49961181849348824, 32723000000, 
-0.11228047208858752, -0.01869463372935163, -0.4996862080528821, 32728000000, 
-0.04530715422776396, -0.16804792910241514, -0.49980761689404624, 32733000000, 
-0.038584020648920525, -0.30462930692115564, -0.4996469434007093, 32738000000, 
-0.10639161264797976, -0.019545450625442808, -0.5003222733799967, 32743000000, 
-0.057572602616680214, -0.1747449860507048, -0.5001949904723992, 32748000000, 
-0.04778459688545042, -0.11926121701875432, -0.4995967246084064, 32753000000, 
-0.06073931727610406, -0.1628639853647639, -0.5000523687626102, 32758000000, 
0.0032979358227212215, -0.2921791552425636, -0.4996591732453909, 32763000000, 
-0.11036603401333932, -0.0018012275979011941, -0.500408190521136, 32768000000, 
-0.05052439344418593, -0.17031600823240153, -0.5003795103218185, 32773000000, 
-0.06068746893598904, -0.12454952546927679, -0.4997151595156263, 32778000000, 
-0.09296181278381618, -0.12156153677193375, -0.5003781775634857, 32783000000, 
0.02124687350405696, -0.2840829762967133, -0.5000116595211963, 32788000000, 
-0.12739617813752416, -0.023968858947612214, -0.49980955104971225, 32794000000, 
-0.023936911480020355, -0.27556541389524203, -0.5001807316299504, 32799000000, 
-0.0920901888848287, -0.007808323249446996, -0.49950123694403464, 32804000000, 
-0.06108989090148563, -0.13344866327149513, -0.5004819287482971, 32809000000, 
-0.02742305782107323, -0.2995202668495914, -0.5000226600135733, 32814000000, 
-0.10561004942701585, -0.005584996736947781, -0.49984265046835147, 32819000000, 
-0.04515784669254132, -0.18429762115178253, -0.5002178401236675, 32824000000, 
-0.0014827066001610195, -0.2698132345799814, -0.5002509879582253, 32829000000, 
-0.0995736422547244, -9.619149876325533e-05, -0.4999836507820652, 32834000000, 
-0.06790994007136977, -0.16860373068484055, -0.5002255926055892, 32839000000, 
-0.05059334368873832, -0.11537034281467959, -0.49965044236174183, 32844000000, 
-0.06922173854064716, -0.15019746592834451, -0.49980656298582027, 32849000000, 
0.011685354334664007, -0.3002686403000191, -0.49993470519799377, 32854000000, 
-0.12904151318228593, -0.009771208323158854, -0.5001758279332029, 32859000000, 
-0.07253805325103649, -0.19448715925044044, -0.5002965694734127, 32864000000, 
0.014518740879723319, -0.26061701225357037, -0.4997852194949229, 32869000000, 
-0.08285537094042625, -0.04017581667627654, -0.4997865651215891, 32874000000, 
-0.0352281635197091, -0.17684890242048965, -0.4999410055089956, 32879000000, 
-0.012880233461077717, -0.26626316634558794, -0.4999239484001534, 32884000000, 
-0.10995922252543025, -0.004904991619527118, -0.4997852772784568, 32889000000, 
-0.03823906197851006, -0.1553836350633793, -0.5004340221474717, 32894000000, 
-0.0739197765529972, -0.1370804094426796, -0.5000811191274053, 32899000000, 
-0.04837076740967998, -0.14265323947297323, -0.5000512257097358, 32904000000, 
-0.004768609922703898, -0.26753076184361363, -0.5002327171256307, 32909000000, 
-0.10853451509423429, 0.019766475075169952, -0.4997018309862217, 32914000000, 
-0.045155279277876915, -0.1666600870913555, -0.49999220852527676, 32919000000, 
-0.00640152058920084, -0.28724783346992777, -0.5000689579658609, 32924000000, 
-0.08940241017255311, 0.011619228831561051, -0.5000671305448278, 32929000000, 
-0.05634931504888154, -0.14038294585111535, -0.5001167310427995, 32934000000, 
0.009916476833299853, -0.2794466984904848, -0.4994364130557139, 32939000000, 
-0.12274393314080029, 0.0028555088499698407, -0.5002784813118548, 32944000000, 
-0.05224998139720962, -0.1847634135723467, -0.5000679980644087, 32949000000, 
0.0338267883084895, -0.245601742222896, -0.49988297316418817, 32954000000, 
-0.10980895857405658, -0.033017166964022904, -0.5002181325146787, 32959000000, 
-0.041050552750316015, -0.17427331449929767, -0.4999942253226011, 32964000000, 
-0.07056358676513422, -0.12118072971042551, -0.4995180317275792, 32969000000, 
-0.047308343453618396, -0.1676848604431687, -0.5002732968832956, 32974000000, 
-0.030913541154333778, -0.309033515275253, -0.5000746793255754, 32979000000, 
-0.07409382299672546, -0.01011618952539925, -0.4998926920727271, 32984000000, 
-0.053711925227747835, -0.1542583079823745, -0.5001376621443067, 32989000000, 
0.015077742937316157, -0.24783891917470996, -0.4999986244949635, 32994000000, 
-0.0881187465121818, -0.027291252443310026, -0.4997695447790658, 32999000000, 
-0.030978876328476138, -0.26982713457136087, -0.4999981064238204, 33004000000, 
-0.08866477686992774, -0.015407587417672222, -0.5000233174514677, 33009000000, 
-0.0662259100567778, -0.17572082702469566, -0.5002577526661346, 33014000000, 
0.005047889236831006, -0.29634665496478413, -0.499777289956738, 33019000000, 
-0.09145471252536153, -0.028638341214334704, -0.4997284967354844, 33024000000, 
-0.06222652029644274, -0.16253934727886166, -0.5003269495167181, 33029000000, 
-0.05473442060463893, -0.17500105089838638, -0.4999858368199545, 33034000000, 
-0.06343429793416827, -0.16402922832623495, -0.5002208524953617, 33039000000, 
0.0013588737938562013, -0.2936607473188328, -0.5000390153891782, 33044000000, 
-0.10357903217695222, -0.018571537739909095, -0.4997827443839126, 33049000000, 
-0.04450552874908394, -0.18655213123491982, -0.5000277427328131, 33054000000, 
-0.046957409050193945, -0.15572717894669313, -0.5000060378491729, 33059000000, 
-0.09132277034111458, -0.15898156178088965, -0.499913090394229, 33064000000, 
-0.017964571256241423, -0.23010785458637342, -0.5000721354763563, 33069000000, 
-0.08854619372908282, -0.013816469014534146, -0.4994507580780178, 33074000000, 
-0.05749276853499955, -0.15969843428481903, -0.5001046599647782, 33079000000, 
-0.024298403801796306, -0.3072098931670667, -0.4997230632528016, 33084000000, 
-0.09382005945425148, -0.015838329771106142, -0.5002322585688533, 33089000000, 
-0.047032326834781465, -0.1745237148267152, -0.500129085993493, 33094000000, 
-0.00649483168908234, -0.2858541771426539, -0.499639234855112, 33099000000, 
-0.06517090434473974, -0.028498701455348018, -0.499875161831742, 33104000000, 
0.014149248929182373, -0.24924166533843745, -0.49986457462024625, 33109000000, 
-0.10072686112053286, -0.009776666888170195, -0.5000020037981481, 33114000000, 
-0.05371083912404228, -0.19507413202928628, -0.5004373218541469, 33119000000, 
-0.0003048318547370348, -0.2645122771017754, -0.49993708099923734, 33124000000, 
-0.10938908226081254, -0.009369129151441814, -0.5000935284035226, 33129000000, 
-0.027186819282382466, -0.2954073271747864, -0.5001951673909941, 33134000000, 
-0.06702154410782549, -0.06130901803030845, -0.49949542894237214, 33139000000, 
-0.07712366806207277, -0.16945142661122023, -0.5001166006299732, 33144000000, 
-0.024919563352226733, -0.2716809644776591, -0.4999122467810942, 33149000000, 
-0.08593775706870772, -0.024184979955263856, -0.49973110363170414, 33154000000, 
-0.07192434731726213, -0.16136253188765481, -0.5001634077496976, 33159000000, 
-0.017837579668977407, -0.2663985915705008, -0.4999831602644325, 33164000000, 
-0.1316170998942771, -0.017035925427694124, -0.4999279142388746, 33169000000, 
-0.03797135609871997, -0.27729614555341514, -0.4997342130916189, 33174000000, 
-0.09303973841728537, -0.04928986949777395, -0.49972404918262714, 33179000000, 
-0.0699745241039666, -0.13979392000493646, -0.5001146579213497, 33184000000, 
-0.047452311881535744, -0.2812730824743034, -0.5001749992554786, 33189000000, 
-0.06279504442809722, -0.061809269758344346, -0.49997414518715233, 33195000000, 
-0.048086840638963256, -0.17576603096156668, -0.5001203431557071, 33200000000, 
-0.013400307155583473, -0.280174958484332, -0.49982785316557726, 33205000000, 
-0.045333518093701564, -0.054058824492959456, -0.5001301576024694, 33210000000, 
-0.020789113328993837, -0.2916510929258283, -0.5001077253044269, 33215000000, 
-0.08675733633750583, -0.0012409303372897251, -0.5001271387998361, 33220000000, 
-0.05307024916417675, -0.17231198203871473, -0.5003392277206913, 33225000000, 
-0.0222182465065329, -0.27940609495726443, -0.5002988971993623, 33230000000, 
-0.07436835381193015, -0.049270421269316696, -0.5003973651738538, 33235000000, 
-0.03389814243286362, -0.23920858707163772, -0.5003284607913272, 33240000000, 
-0.07324503307697292, -0.03997572807704783, -0.499989337290774, 33245000000, 
-0.0631553622343045, -0.20499119259832366, -0.500090288488256, 33250000000, 
-0.0036320498407546656, -0.2540608855473531, -0.5000056614284303, 33255000000, 
-0.10325441012467892, 0.011941908861341687, -0.4999953893776624, 33260000000, 
-0.044958542223321525, -0.18768668821008513, -0.5000379626923317, 33265000000, 
-0.05420513213381188, -0.14403868309550144, -0.4998549042209792, 33270000000, 
-0.044735311855853284, -0.16220795587234954, -0.49999046887471504, 33275000000, 
-0.03983834662306581, -0.28654965168863733, -0.5000135163052488, 33281000000, 
-0.08238551749177321, -0.02052642558060064, -0.49990566821127164, 33286000000, 
-0.07150712903196438, -0.16555570701854241, -0.5002319875803759, 33291000000, 
-0.05533673094544111, -0.1286249439133092, -0.49994922437360273, 33296000000, 
-0.06980723937693857, -0.18081867128812484, -0.5000329657194523, 33301000000, 
-0.05422451476486547, -0.25751746687178284, -0.4998683119866762, 33307000000, 
-0.09271223130143297, -0.051831865199611624, -0.4997860048763091, 33312000000, 
-0.04592695503674603, -0.16027828487078624, -0.500743876763027, 33317000000, 
-0.04995951786610791, -0.13693588974386686, -0.499704963155755, 33322000000, 
-0.06027875699489238, -0.17860237767733106, -0.5000431505779686, 33327000000, 
-0.048057981041054194, -0.27495043387217605, -0.5000579391929627, 33332000000, 
-0.11094278324935497, -0.010481171054294016, -0.4997878448431543, 33337000000, 
-0.01877420250893532, -0.17803460063981205, -0.500309794328725, 33342000000, 
-0.052682853807447125, -0.24416379868871543, -0.49974690791325704, 33347000000, 
-0.06711986723341457, -0.1285313053643646, -0.5001351058276088, 33356000000, 
-0.05899837217120692, -0.030560373728691432, -0.5005094701968468, 33361000000, 
-0.08099447822876822, -0.1498739608443096, -0.4998823705770911, 33366000000, 
-0.03959398227310878, -0.24154793467853813, -0.4998331638787192, 33371000000, 
-0.09602074578869524, 0.016119891040580283, -0.49998586569632975, 33376000000, 
-0.050417621492662414, -0.16358411618073898, -0.5003551115863331, 33381000000, 
-0.043985658883774155, -0.22770979326255153, -0.49946832056056467, 33386000000, 
-0.09612948444758274, -0.06234048710076451, -0.5000588996829635, 33391000000, 
-0.012288564223298694, -0.27604797669887765, -0.5001965648704554, 33396000000, 
-0.09854146437949685, -0.03382303049239724, -0.4998397650525652, 33401000000, 
-0.06714247392582263, -0.1675840710829872, -0.5000042721364731, 33406000000, 
-0.05458988480226827, -0.2385956340760599, -0.49991383639585774, 33411000000, 
-0.10129624529755624, -0.027412393012159465, -0.49956630821462916, 33416000000, 
-0.057468917293103404, -0.18430157007793632, -0.500054529933634, 33421000000, 
-0.067602232897665, -0.12772388487573888, -0.49968923834489365, 33426000000, 
-0.0637645311547612, -0.18318201829827674, -0.4998566836370078, 33431000000, 
-0.06883855397632532, -0.32171120327087366, -0.5000477062961122, 33436000000, 
-0.1014864102905542, 0.017722895566415087, -0.4999832817029997, 33441000000, 
-0.0762857566221726, -0.18157000786405844, -0.4998431778741753, 33446000000, 
0.00803178440111605, -0.27248480271132614, -0.4998276900316251, 33451000000, 
-0.10099896007167286, -0.036576429609115356, -0.5001626112613022, 33456000000, 
-0.02019885381010013, -0.2527058382964114, -0.4999719869861258, 33461000000, 
-0.05974234600951534, -0.0024721806848684302, -0.49967117415808915, 33466000000, 
-0.06185341434780756, -0.15247797476415306, -0.5001245771962763, 33471000000, 
-0.026285205158576876, -0.288703046651871, -0.5001238718550057, 33476000000, 
-0.08391882192074537, -0.026491009829379398, -0.4997141720034648, 33481000000, 
-0.059678381651073795, -0.1426634106389435, -0.5002162718394243, 33486000000, 
-0.026666492407685267, -0.15723237140607113, -0.499755287298828, 33491000000, 
-0.07891365582446778, -0.13852117409324022, -0.5000068533749484, 33496000000, 
-0.026007901646569638, -0.23416835018289514, -0.4999915533241152, 33501000000, 
-0.09901551597975645, 0.007913296022129361, -0.4999870044669655, 33506000000, 
-0.059160150412245746, -0.16194772258372314, -0.5004111867558416, 33511000000, 
-0.03873379189340461, -0.2698316283792966, -0.49961243676782235, 33516000000, 
-0.09542984702991561, -0.0035551790135064376, -0.4999553316376615, 33521000000, 
-0.03442591654897569, -0.242633037722406, -0.5000864457734522, 33526000000, 
-0.08566847036861466, -0.050240897287150796, -0.4997525858319548, 33531000000, 
-0.060580144987458374, -0.17764187089174693, -0.500131367549112, 33536000000, 
-0.024058099711836336, -0.2678436780499243, -0.5000749782960572, 33541000000, 
-0.08239319695587036, -0.0327100833178379, -0.5001521924768217, 33546000000, 
-0.06258258338861601, -0.14179726391686526, -0.5004031879983075, 33551000000, 
-0.07873612617154994, -0.16689843592728607, -0.49996704456009905, 33556000000, 
-0.07141678743416541, -0.1362087613254207, -0.5001830195917719, 33561000000, 
-0.030691832130145397, -0.2806993911868631, -0.4996268311475064, 33566000000, 
-0.0928541214013334, -0.008363419242395444, -0.49970183472338414, 33571000000, 
-0.04766764621982707, -0.17720530961237718, -0.5001887595498244, 33577000000, 
-0.027583502207814997, -0.1523513131343829, -0.4998610385713282, 33582000000, 
-0.050752266780520576, -0.16849570673257602, -0.5000919808537709, 33587000000, 
-0.04677185097426942, -0.28967059470581125, -0.49996066511024573, 33592000000, 
-0.0616607007382026, -0.04989744760566328, -0.500060932179919, 33597000000, 
-0.05953399402281448, -0.15440348238526458, -0.5003104382931827, 33602000000, 
-0.026477395439767064, -0.24939904760876472, -0.5000668343455651, 33607000000, 
-0.0841125141613808, -0.07703237164534552, -0.49984875209569424, 33612000000, 
-0.017065452993854698, -0.2702084703804138, -0.5002376378933572, 33617000000, 
-0.05875560339376209, -0.03958555985961277, -0.4999027447962481, 33622000000, 
-0.04679913148697573, -0.18442844470509367, -0.5003989598466484, 33627000000, 
-0.04648129339235141, -0.27917701978538806, -0.4997293757327517, 33632000000, 
-0.09968466709057942, -0.011319978755891429, -0.49995216613708676, 33637000000, 
-0.044250004520584627, -0.18116747904351505, -0.5002091377827953, 33642000000, 
-0.07015993163617283, -0.1804100096799247, -0.4998018674368125, 33647000000, 
-0.044063710908699615, -0.11899631094288438, -0.500023651115794, 33652000000, 
-0.028669526976359022, -0.24801055307442751, -0.4998670910759942, 33657000000, 
-0.08153749566918167, 0.02524390080049697, -0.5000586306333975, 33662000000, 
-0.035200493662002744, -0.15289838762648603, -0.5002925438442678, 33667000000, 
-0.022847446198997003, -0.2656708949627991, -0.49963272464521685, 33672000000, 
-0.06895842444753066, -0.044764523726096975, -0.5001380095812854, 33677000000, 
-0.02803218418277154, -0.27797806252156704, -0.4997216979569196, 33682000000, 
-0.06233378343971457, -0.013099004820431578, -0.4997276804443943, 33687000000, 
-0.0556908733489848, -0.16234501972917123, -0.5004372321618131, 33692000000, 
-0.026111634412913427, -0.28202164936228846, -0.49997902659485, 33697000000, 
-0.09797154470085416, -0.03397283557610212, -0.49998388057795473, 33702000000, 
-0.06811456312362132, -0.16621704631854192, -0.4999710754206983, 33707000000, 
-0.016036471762926843, -0.271331161700359, -0.49967734490984894, 33712000000, 
-0.04596540833778766, -0.02785501491415871, -0.5001103630066002, 33717000000, 
-0.04044067321362338, -0.274320000699052, -0.5000015513335468, 33722000000, 
-0.07693311584552559, -0.033773122181905244, -0.5000109965920799, 33727000000, 
-0.0435754036985226, -0.17990735738279262, -0.5005808089380595, 33732000000, 
-0.04818482399463413, -0.2860595198457383, -0.5000325248163386, 33737000000, 
-0.0802542965084852, -0.010261885906486622, -0.4998606835912369, 33742000000, 
-0.049442128602790895, -0.1687959007533524, -0.49999586068232266, 33747000000, 
-0.03241351761415186, -0.29244139702043126, -0.5002165268465258, 33752000000, 
-0.05710586117750842, -0.02918772692438231, -0.4999146139555064, 33757000000, 
-0.036651795224446435, -0.15655195910944547, -0.5000299553180785, 33762000000, 
-0.04230398912469271, -0.26416979550688513, -0.49978791689548724, 33767000000, 
-0.07790298288557326, -0.033772306221294825, -0.4999991384074729, 33772000000, 
-0.03207335601233629, -0.2862271333561292, -0.5001213115223302, 33777000000, 
-0.05629671357673785, -0.05736994739779218, -0.5000296492289273, 33782000000, 
-0.02612812817987663, -0.15214069953532205, -0.5002352453342753, 33787000000, 
-0.028883631858298404, -0.3078383066598671, -0.5001605459236871, 33792000000, 
-0.08718367296592541, -0.03620699089193072, -0.5001162198940438, 33797000000, 
-0.06219451121643951, -0.13446807069795647, -0.5004288487106405, 33802000000, 
-0.0373010946224745, -0.2490127202227716, -0.49950460823719484, 33807000000, 
-0.05165793236212416, -0.01903434039539619, -0.5001060783946648, 33812000000, 
-0.04743459589709838, -0.2757484319768518, -0.5002770675316659, 33817000000, 
-0.05152325152150139, -0.026637985165350982, -0.4995644553858208, 33822000000, 
-0.07056881070181119, -0.1585816636770402, -0.4998107126340226, 33827000000, 
-0.04544844798595266, -0.24479522750323715, -0.5001213883965867, 33832000000, 
-0.05306343394112243, 0.0006673046857195719, -0.499812790176162, 33837000000, 
-0.05862000369803827, -0.16921911750066043, -0.5003363534970189, 33842000000, 
-0.08419969210715131, -0.1510246434675268, -0.49949115713391984, 33847000000, 
-0.01482166684377998, -0.130462958359563, -0.4997558720380909, 33852000000, 
-0.010809892753477907, -0.23503667475056356, -0.5001011072319741, 33857000000, 
-0.07372606419490302, -0.019548642278437424, -0.5001128654782684, 33862000000, 
-0.07107577124675829, -0.16850594233435542, -0.5004304229152581, 33867000000, 
-0.0323144636973898, -0.2792599272778311, -0.4997982256900134, 33872000000, 
-0.03459911230520423, 0.01364284257048018, -0.500259087585, 33877000000, 
-0.061166442275801036, -0.15276912916021027, -0.5004080513763499, 33882000000, 
-0.027640947788286598, -0.1618917645769506, -0.5002037909757451, 33887000000, 
-0.03766238022975758, -0.13272201790317067, -0.5001746344366325, 33892000000, 
-0.04751882650409952, -0.2674485060158581, -0.4999047400426691, 33897000000, 
-0.0562383513575761, 0.015014746577632746, -0.5000989347300197, 33902000000, 
-0.039583949308058676, -0.18195954873404135, -0.5000655047812061, 33907000000, 
-0.0678883058286666, -0.2848751746184213, -0.4999498266457534, 33912000000, 
-0.028287352961974495, -0.014983519698169539, -0.5000243980165981, 33917000000, 
-0.038432307917030104, -0.15026570599340783, -0.5003791748430646, 33922000000, 
-0.057339453310634565, -0.2971631735907466, -0.4998617416353218, 33927000000, 
-0.0945731917643693, -0.0062338895556286866, -0.5002707653951834, 33932000000, 
-0.05202644281573418, -0.17103547900405805, -0.5005070662559363, 33937000000, 
-0.04274030573647185, -0.2545391877215354, -0.4998686902684028, 33942000000, 
-0.05672033904704257, -0.019808917800729596, -0.4999447396307934, 33947000000, 
-0.05265088910366901, -0.1675088396015553, -0.500191457060892, 33952000000, 
-0.021024240224909712, -0.26067000096046694, -0.4997906349382616, 33957000000, 
-0.10364717041274685, -0.02278068520148753, -0.4999736965316721, 33962000000, 
-0.02544178125503601, -0.16241601311002185, -0.5003116362643936, 33967000000, 
-0.021361596674613702, -0.2743579577433989, -0.4993295231208924, 33972000000, 
-0.09588734299217666, -0.003106407018521673, -0.5002295700469765, 33977000000, 
-0.035025534405070224, -0.18042077806980877, -0.500378675021603, 33982000000, 
-0.049177035117683315, -0.26763525980319347, -0.4997725242555508, 33987000000, 
-0.07707033775206854, -0.00391473068217978, -0.5001453591350054, 33992000000, 
-0.0468513726411201, -0.16912483436097667, -0.5004557929659399, 33997000000, 
-0.03787305870857505, -0.14164699663442665, -0.5000553776226883, 34002000000, 
-0.0648744503938292, -0.1284155361722992, -0.5004242800400254, 34007000000, 
-0.036562080299261876, -0.31300303975609906, -0.49978119579826263, 34012000000, 
-0.054407813163968144, 0.0026344866689744393, -0.5000328026130493, 34017000000, 
-0.05131107125282653, -0.17990563408166163, -0.500204265093434, 34022000000, 
-0.045433191834765775, -0.302179372129751, -0.4995288244162611, 34027000000, 
-0.06097645973368432, -0.03683525952957298, -0.5005081759181036, 34032000000, 
-0.026623605477019842, -0.30415565791323074, -0.5000772358580978, 34037000000, 
-0.060848837361009794, -0.011710153972483425, -0.499953473772535, 34042000000, 
-0.03684888969802161, -0.19644876586432453, -0.5000570890236435, 34047000000, 
-0.0717173066801906, -0.29195160080343147, -0.4999016996778548, 34052000000, 
-0.0420634414884417, -0.006263028012966737, -0.5000849056565749, 34057000000, 
-0.03635208633101854, -0.15609073327869283, -0.5005003598556852, 34062000000, 
-0.028481912439374753, -0.1769466167914344, -0.5000580114740977, 34067000000, 
-0.045047439018864086, -0.17530663109159214, -0.5000032031675832, 34072000000, 
-0.04450503569299769, -0.2955858611105328, -0.49991452017231247, 34077000000, 
-0.1085299697283037, 0.024566035578804574, -0.5000355834775226, 34082000000, 
-0.03926630585591985, -0.19843412070441607, -0.5002706934865235, 34087000000, 
-0.027704065205553696, -0.29858254351075, -0.4998819599692888, 34092000000, 
-0.05456344937595367, 0.0036744718900452757, -0.500055013411632, 34097000000, 
-0.04078640909120765, -0.289780996613486, -0.49997756712959673, 34102000000, 
-0.07534052620228872, -0.024710876476006737, -0.5001474464807052, 34107000000, 
-0.05472534827283198, -0.16246325510804752, -0.50027814702323, 34112000000, 
-0.019260396906947946, -0.28432287337979256, -0.49989994590759307, 34117000000, 
-0.07784469802025575, -0.012562288237492458, -0.4999192819325204, 34122000000, 
-0.05087950567265288, -0.16711023722537252, -0.5002823997550352, 34127000000, 
-0.05411595119905311, -0.304794631191935, -0.49984872430884003, 34132000000, 
-0.07804422111671115, 0.0008061262406332034, -0.5002530740096243, 34137000000, 
-0.03266128207764683, -0.1370033710452726, -0.5003372403351146, 34142000000, 
-0.031417521067127877, -0.31346923059273374, -0.4999636049446635, 34147000000, 
-0.08645847959791135, -0.010768269124018065, -0.5001682182098235, 34152000000, 
-0.05456844969927282, -0.13849958352474073, -0.5003727795267872, 34157000000, 
-0.05827277803783674, -0.14292183739058414, -0.5000745620574506, 34162000000, 
-0.04920532351317962, -0.15434283567195317, -0.5001742620511372, 34167000000, 
-0.051240686381473784, -0.3223027500504133, -0.4999076945077007, 34172000000, 
-0.08499915269605157, -0.019823132544353507, -0.49964342446285537, 34177000000, 
-0.05301907387145986, -0.16637184316684375, -0.4999863643770146, 34182000000, 
-0.018293955131427883, -0.3307898410781309, -0.5000676804510609, 34187000000, 
-0.06695950000804829, -0.025779819928179452, -0.49940562160226826, 34192000000, 
-0.05688418139156795, -0.20166753150145728, -0.5001100112523779, 34197000000, 
-0.02332644461706166, -0.2942708331838782, -0.4999231742357051, 34202000000, 
-0.10341387339969565, 0.010154800092739724, -0.49986109958893604, 34207000000, 
-0.04392763282341903, -0.14191022052599345, -0.49998760167570383, 34212000000, 
-0.03080130752412868, -0.30257247572893686, -0.4999521453931959, 34217000000, 
-0.07939127520250301, 0.017604244378875505, -0.49993675024359735, 34222000000, 
-0.03498948863330243, -0.17351701056607197, -0.5001152914032727, 34227000000, 
-0.06633732765687037, -0.1437413293111271, -0.49937934866068373, 34232000000, 
-0.06250845115774904, -0.13668951488599285, -0.49954542195651835, 34237000000, 
-0.030316283117929808, -0.30371206241693094, -0.5004076038334181, 34242000000, 
-0.08672001427282432, 0.01898813782726334, -0.4999430330639489, 34247000000, 
-0.013014963887753722, -0.17758830251533458, -0.5001677828799729, 34252000000, 
-0.05162096226460543, -0.3169304710319317, -0.5001210785025966, 34257000000, 
-0.0977375931294919, 0.24493502518175253, -0.49982017870518514, 34262000000, 
-0.01334555979215659, -0.15418235320724286, -0.50016441044017, 34267000000, 
-0.05877384735597495, -0.342614852147923, -0.4996905592851306, 34272000000, 
-0.09186082361263898, -0.003482766374476226, -0.49987640196814553, 34277000000, 
-0.04336597005216043, -0.30169244856375343, -0.5004772350849326, 34282000000, 
-0.07088722279879763, -0.0441649439433448, -0.4998128529154149, 34288000000, 
-0.04467110508684574, -0.16185005194219712, -0.5002312722716546, 34293000000, 
0.006169727199432602, -0.29302776384998674, -0.499571953291375, 34298000000, 
-0.07985836743925191, 0.023365111580513097, -0.4997760896417593, 34303000000, 
-0.03233987052021751, -0.2824399026565164, -0.5001248800657653, 34308000000, 
-0.08302759727784166, -0.009102452693399743, -0.49965052965383533, 34313000000, 
-0.06023745126796515, -0.15167058049330773, -0.5002465347670939, 34318000000, 
-0.023126052422897142, -0.29077308529186424, -0.4998707082911026, 34323000000, 
-0.08472280211078831, 0.05178698307307325, -0.500057843881926, 34328000000, 
-0.05044440732823427, -0.16871362570211518, -0.5001051439410577, 34333000000, 
-0.022984142860924518, -0.1679408756527999, -0.4997534009564738, 34338000000, 
-0.044333454689740245, -0.1177856352623479, -0.5002549943099137, 34343000000, 
-0.020130187762861542, -0.34090059460927147, -0.49987382570648664, 34348000000, 
-0.10507491247096463, 0.06088419681628075, -0.4995705948354121, 34353000000, 
-0.023365041169744336, -0.15613522068433508, -0.500361060960666, 34358000000, 
-0.01807382428138906, -0.2933332265873631, -0.49987706970802737, 34363000000, 
-0.09494999577356665, 0.03194174511585257, -0.4999085806740647, 34368000000, 
-0.03889820391074418, -0.3125199873352201, -0.49999445190571024, 34373000000, 
-0.0913487998177306, 0.03443222770092842, -0.5000739054238204, 34378000000, 
-0.029746026852436006, -0.19374221801233904, -0.5000942030015755, 34383000000, 
0.015708877343460312, -0.3403343169694895, -0.49982764920656375, 34388000000, 
-0.11329577796206561, 0.043885433901330116, -0.4993964839342656, 34393000000, 
-0.013807069844017958, -0.27981678859593906, -0.500589734476253, 34398000000, 
-0.08746330679509211, 0.04047794816914496, -0.4999815039196058, 34403000000, 
-0.06179635019224278, -0.14550675066216912, -0.5004524437114768, 34408000000, 
0.021384927791488914, -0.34250523089244345, -0.5000945382570704, 34413000000, 
-0.09558724795185729, 0.06136315564446446, -0.49964214437705384, 34418000000, 
-0.06252445419805334, -0.14345991590015672, -0.500416869738562, 34423000000, 
-0.028687298717593235, -0.3321590684473584, -0.49997121774345926, 34428000000, 
-0.08590605447002024, 0.014711413918255568, -0.5004753777047596, 34433000000, 
-0.03798881467217427, -0.27997878302626455, -0.5000830744240908, 34438000000, 
-0.08428862440130488, 0.013072223448970029, -0.5003949048835958, 34443000000, 
-0.03670902120137729, -0.17783080740285176, -0.5000530098456, 34448000000, 
-0.023506829195390204, -0.34146725208605194, -0.4997316158345254, 34453000000, 
-0.08406726866432108, 0.06324813873682952, -0.4999934486560078, 34458000000, 
-0.040822123879138375, -0.17434525107452015, -0.5003156797642441, 34463000000, 
0.01091792620466908, -0.4527930001401821, -0.4997514486563661, 34468000000, 
-0.11966396288590342, 0.008972392159247985, -0.5002913490935794, 34473000000, 
-0.018864371215870146, -0.3494738470159304, -0.5002330538913169, 34478000000, 
-0.1288603600807941, 0.048377540793244876, -0.5001312721570774, 34483000000, 
-0.06369301836694022, -0.17422331755148174, -0.500246012189126, 34488000000, 
-0.023979722053132875, -0.3126893902823829, -0.49958876750977194, 34493000000, 
-0.08914806231741525, 0.031523873754631455, -0.49999179429550344, 34498000000, 
-0.037823151000246504, -0.31856191705508946, -0.5000940580399259, 34503000000, 
-0.05861538822774781, -0.05671340541078086, -0.5001390859963882, 34511000000, 
-0.011148466911501755, -0.309391306075898, -0.5002852149091618, 34516000000, 
-0.1082264260301426, 0.013091142141220393, -0.500122072247585, 34521000000, 
-0.06824403785910463, -0.18473637715566948, -0.5002425949910525, 34526000000, 
0.00129844074243561, -0.3469019815008236, -0.5001691912209023, 34531000000, 
-0.0986253982377178, -0.010952643124061514, -0.5000395872024294, 34536000000, 
-0.06698475024390241, -0.17284438328652096, -0.5003170444917256, 34541000000, 
0.0017300374852361865, -0.3097229145269852, -0.4996669442101151, 34546000000, 
-0.13028791043631432, 0.039722039208391444, -0.5002312385027509, 34551000000, 
-0.041687912265531306, -0.15893991743605568, -0.5004947406734966, 34556000000, 
-0.06481465511007324, -0.17206556929648298, -0.4995779050279959, 34561000000, 
-0.05625830670112962, -0.14600146692034272, -0.5000388112590696, 34566000000, 
-0.012575116165222226, -0.3119221104705447, -0.5003085575312693, 34571000000, 
-0.11665154680575525, 0.05842050792817462, -0.5003320845453114, 34576000000, 
-0.03955818297903972, -0.17593618459179033, -0.49999414290700217, 34581000000, 
-0.03940746542104291, -0.3327836047335516, -0.49999994986195584, 34586000000, 
-0.1391954215944987, 0.012912034108007682, -0.49988901752635917, 34591000000, 
-0.015105093022606451, -0.20548034612128938, -0.5004885135378259, 34596000000, 
-0.04707466700779975, -0.16089757329240387, -0.49971421685610806, 34601000000, 
-0.027234874194312413, -0.15131986951268037, -0.5000485660991305, 34606000000, 
0.002409899033659153, -0.3077867725396516, -0.5003628596266166, 34611000000, 
-0.13595885528601806, 0.01723110121683464, -0.5000543730345482, 34616000000, 
-0.04979269591213167, -0.1510171246079411, -0.5001107454390306, 34621000000, 
-0.008753653957852298, -0.3435939941699975, -0.4996148600535774, 34626000000, 
-0.13364660503286707, 0.060738860575788506, -0.500042783256717, 34631000000, 
-0.04151254618678889, -0.15649810146100182, -0.5006116453514656, 34636000000, 
-0.08085189377992738, -0.13225679481846395, -0.499780253383421, 34641000000, 
-0.009660541864633852, -0.12956813378718976, -0.4999661450417913, 34646000000, 
0.003031891555620416, -0.33560581421540303, -0.49971138068495596, 34651000000, 
-0.13410161955668262, 0.0688263284616117, -0.5002022042101202, 34656000000, 
-0.023800840564141112, -0.19887628747566102, -0.5003365728445142, 34661000000, 
0.015806814055278784, -0.3949291892129381, -0.49983099561796357, 34666000000, 
-0.13659175819054836, 0.04476900447683903, -0.49977871065492435, 34671000000, 
0.018668669944619482, -0.2961177240395516, -0.49999057048870665, 34676000000, 
-0.12768201804877527, 0.02706875256507946, -0.4997311414445463, 34681000000, 
-0.00898960584590068, -0.14147464662526965, -0.5003158840172071, 34686000000, 
0.030895686598851987, -0.3528163247008243, -0.5002021444274103, 34691000000, 
-0.15203848468728362, 0.07326152886680531, -0.5002099427028852, 34696000000, 
-0.05678533361577949, -0.1614256822157606, -0.5006439130156202, 34701000000, 
0.006694267842529824, -0.3607061596843085, -0.5003916010407542, 34706000000, 
-0.14723208516518774, 0.07780135114080754, -0.5000151393581841, 34711000000, 
-0.0614632881849221, -0.16417686520068137, -0.4998685730630552, 34716000000, 
-0.025549483814037793, -0.12938515053792246, -0.5001653452516784, 34721000000, 
-0.06324070052764798, -0.10974852268590021, -0.5001494609393605, 34726000000, 
-0.045592774819782515, -0.13536878384530937, -0.5001557583103965, 34731000000, 
-0.05499338356387724, -0.12921510486213342, -0.4996866060682201, 34736000000, 
-0.036805803296151435, -0.1052272320213668, -0.5003501040541403, 34741000000, 
0.041646069553201395, -0.3447302651445098, -0.5002136268892722, 34746000000, 
-0.13240988687616656, 0.0808191659982184, -0.4997301882397738, 34751000000, 
-0.0384182569856835, -0.15532047527284548, -0.4999213602972125, 34756000000, 
0.03890432051996784, -0.37170932775105825, -0.5000842895198216, 34761000000, 
-0.18005449215428324, 0.06223359330165041, -0.4999981253779127, 34766000000, 
-0.03196263024685274, -0.1808848758273987, -0.5001287830404022, 34771000000, 
0.05495360791619306, -0.4043200879766634, -0.49979725434807976, 34776000000, 
-0.11681297406707367, 0.007880590478782562, -0.5001045489317175, 34781000000, 
-0.06913383997811352, -0.1612292729585015, -0.5001287607025122, 34786000000, 
0.050325932895413664, -0.4210055088803815, -0.49978352088286004, 34791000000, 
-0.16090982301964, 0.058115446257022814, -0.4999426059463205, 34796000000, 
-0.048091770614442586, -0.16272642306828644, -0.5005551193164065, 34801000000, 
-0.035098710021631466, -0.1608660021345854, -0.5001061768556474, 34806000000, 
-0.0634189253412333, -0.12096580584125419, -0.49993366590503047, 34811000000, 
0.032588260217685724, -0.32427566145298503, -0.500252212730959, 34816000000, 
-0.15664260712837735, 0.07786501457756953, -0.4997619582073006, 34821000000, 
-0.08157794193236564, -0.11275471198153876, -0.5003408828207161, 34826000000, 
0.048397784011219955, -0.40888677607904245, -0.49985977943572196, 34831000000, 
-0.16773421535170205, 0.08028051999454862, -0.5000117221958651, 34836000000, 
-0.04393792325376486, -0.15155964795522664, -0.5000414776771095, 34841000000, 
0.03287515905091813, -0.34127263838342986, -0.49985147609113423, 34846000000, 
-0.14484689769172407, 0.03510196225373771, -0.49997514221315087, 34851000000, 
0.02213994693471779, -0.3508839530500621, -0.5002579904996508, 34856000000, 
-0.13947558013415676, 0.028702741656681366, -0.49979797460942954, 34861000000, 
-0.07838686354561313, -0.19424945591167284, -0.49963179752831993, 34866000000, 
0.02148975623071976, -0.3451728287620185, -0.5000148067253783, 34871000000, 
-0.14706646760500852, 0.02982142549870116, -0.4995810454387775, 34876000000, 
-0.08246396020179433, -0.16856845221712538, -0.4999168046871104, 34881000000, 
-0.0447106288744777, -0.17346225377446578, -0.49988388237887177, 34887000000, 
-0.06266410334642114, -0.1158203993566796, -0.4997417726012239, 34892000000, 
0.0554850524779015, -0.3670559592086922, -0.49987921238988375, 34897000000, 
-0.12047231916880032, 0.04862569765220918, -0.49987417274778584, 34902000000, 
-0.06006360324289103, -0.17030929183948612, -0.5001043675609201, 34907000000, 
0.03768192567855588, -0.39467285366404603, -0.49961431254811844, 34912000000, 
-0.12719172964757142, -0.0077658300102541565, -0.5004315527081061, 34917000000, 
0.029351602902243944, -0.34665072896256227, -0.500037600860118, 34922000000, 
-0.18559732076162566, 0.09782751978442135, -0.4998652647338015, 34927000000, 
-0.03995487881431882, -0.15157745508538767, -0.5003134123342495, 34932000000, 
0.04908873570404651, -0.3355019664495785, -0.4996930800628952, 34937000000, 
-0.14406868922593263, 0.044836348833023794, -0.5002696077364361, 34942000000, 
-0.019444735295968393, -0.3350392299783365, -0.5002369037113391, 34947000000, 
-0.11451817334344455, 0.012719721706306968, -0.4998627021544666, 34952000000, 
-0.06040074782193282, -0.15187757133490037, -0.500226718393869, 34957000000, 
0.0516426973553651, -0.3196889598395389, -0.49970209743094085, 34962000000, 
-0.17423249387056727, 0.08168011960966157, -0.5001238789663921, 34967000000, 
-0.04213365215305641, -0.16764767874411185, -0.5003076460539987, 34972000000, 
0.045513924951830986, -0.3456662923322429, -0.49957684315977385, 34977000000, 
-0.13322197390448512, 0.06154286773326087, -0.5000551173133396, 34982000000, 
-0.02366587849248954, -0.1655632364345871, -0.5005163757039189, 34987000000, 
-0.05668684270026331, -0.1196900722654488, -0.4993891187772764, 34992000000, 
-0.07349461026691366, -0.14406962577184235, -0.5000270213273528, 34997000000, 
0.008686987425724596, -0.3256079347025481, -0.5003015079986505, 35002000000, 
-0.10781358543623554, -0.032597253515542324, -0.5001447928317075, 35008000000, 
-0.045250640662222466, -0.17251231862814748, -0.5002125048727226, 35013000000, 
0.010983152610614059, -0.33634787293411106, -0.5001274063467087, 35018000000, 
-0.14781840660899243, 0.06559317494815291, -0.5001977460385408, 35023000000, 
-0.012737731709377226, -0.17672708095305228, -0.5000212545327657, 35028000000, 
0.009655931085648443, -0.3360617742392534, -0.4997721047917656, 35033000000, 
-0.12969157647429588, 0.042694626910274015, -0.499866540464635, 35038000000, 
-0.05497736876098853, -0.20153596233780532, -0.5002020175940747, 35043000000, 
-0.033534938912935505, -0.16824532625909797, -0.49945319946269207, 35048000000, 
-0.07056391349559006, -0.1360496122634568, -0.49995540927045706, 35053000000, 
-0.005769929208295764, -0.2984158253015585, -0.5000892153897095, 35058000000, 
-0.10364823103460426, 0.06057714539475065, -0.49966884936665773, 35063000000, 
-0.08873182330524473, -0.14110255307627176, -0.4997810230976068, 35068000000, 
0.027568652957215768, -0.34672197569024127, -0.49999599773146775, 35073000000, 
-0.13627036446211946, 0.048623234966030826, -0.49980912034433633, 35078000000, 
-0.051734466661446925, -0.14476803968210558, -0.4999766251748455, 35083000000, 
0.020409491037432632, -0.33358445707652973, -0.5000074034021544, 35088000000, 
-0.10646480169321164, 0.018754736073078798, -0.5000838174447982, 35093000000, 
-0.06651858837929131, -0.15086275778640626, -0.500286792550353, 35098000000, 
-0.05057941293230391, -0.16706745073630688, -0.49970517981000706, 35103000000, 
-0.0928173837165921, -0.14574606789654831, -0.5001848864370859, 35108000000, 
0.026887828382844564, -0.3588854853135496, -0.49995653363895987, 35113000000, 
-0.13892481250798144, 0.08039401351625597, -0.5002294114034065, 35118000000, 
-0.09553325574520999, -0.16777476634832136, -0.5006012398736434, 35123000000, 
-0.03399085199872288, -0.19421309093383302, -0.49983275551684675, 35128000000, 
-0.07095290881837328, -0.1311710299373485, -0.5003508508752322, 35133000000, 
-0.07586943106201313, -0.16605831911106125, -0.5003348028199438, 35138000000, 
-0.04597710833861392, -0.1363940518538647, -0.49983975365569583, 35143000000, 
-0.008836342502172953, -0.17484752147061985, -0.5002750373180915, 35148000000, 
0.014738434664926817, -0.3644258597616765, -0.500042784779261, 35153000000, 
-0.1374091736633627, 0.03815009091007085, -0.5003016903126521, 35158000000, 
-0.06677873906800832, -0.17777501985439648, -0.5004967191221757, 35163000000, 
-0.04249789569356317, -0.14405984508397213, -0.4995900209889397, 35168000000, 
-0.07777324292161401, -0.1363910985790779, -0.5001465523680003, 35173000000, 
0.024726150923584836, -0.3570693173010702, -0.5002516793015592, 35178000000, 
-0.12880052020168342, 0.07842015497385779, -0.49991510166596004, 35183000000, 
-0.03140339505123526, -0.1406742937445058, -0.49990828082451394, 35188000000, 
0.027027797296324648, -0.33799677388363225, -0.5002811336863183, 35193000000, 
-0.0985270916233749, 0.023013879518469622, -0.49997859995503463, 35198000000, 
-0.039273838552742635, -0.17072392986363125, -0.5001572199238217, 35203000000, 
-0.058911713603198995, -0.17711999387665006, -0.5000531125729383, 35208000000, 
-0.05190204756269906, -0.17119808555209465, -0.49971925693816716, 35213000000, 
0.03718883924110419, -0.38181368859152776, -0.5001183398594975, 35218000000, 
-0.09687974661429312, 0.03952425744214584, -0.4994654228688821, 35223000000, 
-0.05063236866264434, -0.1481200038426649, -0.5002438646863508, 35228000000, 
0.023494534640976616, -0.3396504528938322, -0.5001098002271623, 35233000000, 
-0.10012243404638305, 0.026838464905523666, -0.49976040459863824, 35238000000, 
-0.09444859157966139, -0.11673344758227575, -0.4998506877978288, 35243000000, 
0.0153359326854291, -0.34379107856595365, -0.500613597325325, 35248000000, 
-0.09621779475130599, -0.0013167567464434943, -0.49985964429333896, 35253000000, 
-0.07937224472641653, -0.12482302681040525, -0.5004268825935522, 35258000000, 
-0.0062139316677052876, -0.3515166584356701, -0.5004457044594219, 35263000000, 
-0.10696500417773003, 0.01434924116774781, -0.49983019980843524, 35268000000, 
-0.07366491979268412, -0.12949551349079613, -0.5000313816584419, 35273000000, 
-0.027347367036330377, -0.308577789855094, -0.500211864585382, 35278000000, 
-0.10069854202416056, 0.06699272088995925, -0.5001579122157647, 35283000000, 
-0.07213940021485597, -0.16293075734069765, -0.5003370188443664, 35289000000, 
0.031137475747093607, -0.40461653011930926, -0.4998327474190426, 35294000000, 
-0.11736321121942199, 0.05861170679826201, -0.5000917579083078, 35299000000, 
0.025070349781641334, -0.3117153064092745, -0.49983585834450744, 35304000000, 
-0.1274044292153358, 0.040491054175184796, -0.5000153244853794, 35309000000, 
-0.029494399238526384, -0.12716567055582353, -0.5000707780953869, 35314000000, 
-0.015275174055212705, -0.3603834786450247, -0.49986599424493483, 35319000000, 
-0.09596369972855079, 0.004122844372851904, -0.5003174210436213, 35325000000, 
0.030780067527174614, -0.3898130218652425, -0.5003401537196513, 35330000000, 
-0.13108703928512652, 0.026258287667874546, -0.4998423697428629, 35335000000, 
-0.059758823076811365, -0.14088839624289243, -0.49991142752048146, 35340000000, 
0.013006461492719144, -0.3718676808646439, -0.49975872693676876, 35345000000, 
-0.1252708221736254, 0.05691547392312618, -0.5001638672950154, 35350000000, 
-0.05257587392308295, -0.20501227833358315, -0.5004501145090063, 35355000000, 
-0.027064514560970827, -0.14802585035101237, -0.5000401409711664, 35360000000, 
-0.05983247685182929, -0.12925104085246597, -0.5004903154635988, 35365000000, 
-0.024119495114825085, -0.31099314379743254, -0.4996303546240164, 35370000000, 
-0.09690653962758293, 0.06338905859004201, -0.5000317516022158, 35375000000, 
-0.05371343475528554, -0.1650903870271664, -0.5001657492742372, 35380000000, 
0.028596447901145225, -0.3093003903289885, -0.4995110784566018, 35385000000, 
-0.12854227722613573, 0.030828009232702812, -0.500265977688932, 35390000000, 
-0.045623280855308354, -0.31191867622540903, -0.5001928296198175, 35395000000, 
-0.1176078808032146, 0.0344785284957686, -0.49983606123002794, 35400000000, 
-0.06957465694428827, -0.19935284719978782, -0.5007257832755155, 35405000000, 
0.001990045531568351, -0.34655443547701287, -0.4999122415887984, 35410000000, 
-0.15043120784303698, 0.0508474419311667, -0.4998170640652332, 35415000000, 
-0.021057348353447636, -0.315969109115176, -0.5001484085456575, 35420000000, 
-0.10393733743698755, 0.05080879288789565, -0.4997690352209244, 35425000000, 
-0.06653560175507375, -0.13524895281793495, -0.4999811903153716, 35430000000, 
0.0016301949062974828, -0.2959080546083249, -0.5003030278729428, 35435000000, 
-0.08265293778633026, 0.05114804038562043, -0.50000883435435, 35440000000, 
-0.038588668598556475, -0.14655554062127524, -0.5000331302219803, 35445000000, 
0.018415209874921703, -0.3626047095591178, -0.4999254850645251, 35450000000, 
-0.14413457214757, 0.06469963045147768, -0.5000096559712913, 35455000000, 
-0.04475357068645273, -0.15427438996827947, -0.49985895125292085, 35460000000, 
0.053381339434250975, -0.33880561140553245, -0.49982155766183156, 35465000000, 
-0.11367313105747068, 0.03762108418665467, -0.4997515446008157, 35470000000, 
-0.0626449609053192, -0.17464956494321748, -0.5001388486661131, 35475000000, 
-0.05695081620617663, -0.13585425178312593, -0.4999183545978635, 35480000000, 
-0.06239975563576414, -0.17424934265567316, -0.4998363576899808, 35485000000, 
0.032321095388907504, -0.32257499369798015, -0.5002026216063096, 35490000000, 
-0.09307426381433331, 0.03528553163141321, -0.4997065253702, 35495000000, 
-0.07567306694552757, -0.14596999188615092, -0.49968693866906255, 35500000000, 
-0.009718530318319863, -0.33272645203244516, -0.4998333621331932, 35505000000, 
-0.11186803694560178, 0.07449782500471613, -0.4997481747199645, 35510000000, 
-0.044518081227657574, -0.17684965261444696, -0.5006077217451829, 35515000000, 
0.022416361168940434, -0.353620929974883, -0.4996886883201845, 35520000000, 
-0.0929339112273901, 0.024831474851081916, -0.5000098253004124, 35525000000, 
-0.08158210672919744, -0.1437740224350224, -0.5001684105855786, 35530000000, 
0.03248613732398911, -0.3125702246449813, -0.4996527645020278, 35535000000, 
-0.15006065352782078, 0.00953600468782037, -0.5000125927663436, 35540000000, 
-0.044104472888627635, -0.1546578157256035, -0.500368502914566, 35545000000, 
-0.03739934967574922, -0.16904534885354094, -0.4995460933778195, 35550000000, 
-0.08038853847839926, -0.15213052969978338, -0.500232931346375, 35555000000, 
0.03548191414655482, -0.3189511976909669, -0.4999482364747825, 35560000000, 
-0.10009901937266702, -0.0010224356225595303, -0.49992765715273724, 35565000000, 
-0.07768279411906358, -0.15567784190682077, -0.4999766778324071, 35570000000, 
0.013322847661723832, -0.3404532336340158, -0.49935701418953626, 35575000000, 
-0.11092248002324943, 0.0483932208466689, -0.4998479256584817, 35580000000, 
-0.0598072268441084, -0.16078976648029902, -0.49994521068438774, 35585000000, 
-0.06754618912990414, -0.13825506101511206, -0.4996455081323004, 35590000000, 
-0.06572975006265609, -0.17172809647785622, -0.5001222049846166, 35595000000, 
0.02325265894179221, -0.32824452554961564, -0.49994340590809466, 35600000000, 
