acc_x, acc_y, angular_z, stamp, 
0.0046007586445753045, 0.0051002327204785185, -6.945072328536141e-05, 28104000000, 
-0.05034324577314694, -0.003135393768755894, -0.00011114559247621698, 28109000000, 
-0.11756389014402975, -0.0354186820242991, 8.20534116664089e-05, 28114000000, 
-0.015180705305268244, -0.010287974553138842, -0.0002803177329686979, 28119000000, 
-0.1279892568880213, -0.037065596918664644, -9.092816478529403e-05, 28124000000, 
-0.017481550514446016, 0.004160168087153984, -3.331621327991654e-05, 28129000000, 
-0.17708300916660072, -0.03056302611463678, 8.353402126081486e-05, 28134000000, 
0.026092243945930564, 0.02007615794219377, -0.00022345565067044546, 28139000000, 
-0.13298969979431227, -0.0015298194406611846, 0.00020442694637484203, 28144000000, 
0.008056021045549363, -0.0008493526013110932, -0.00015353937111933587, 28149000000, 
-0.06244514280520286, 0.002861277101416924, -0.00016721157066585123, 28154000000, 
-0.11043099925040434, -0.031044293765575263, -0.00034709875212748204, 28159000000, 
0.06460639752078279, -0.017881468031266307, 3.871715582988684e-05, 28164000000, 
-0.10426944376574031, 0.003159548379909059, 0.0001652242607986915, 28169000000, 
-0.04952585286593586, -0.0004097562113719688, 9.882285571541591e-05, 28174000000, 
0.03633367150945142, 0.004834042694514193, -0.0003747838669828055, 28179000000, 
-0.11526156604374546, -0.007226833432766827, 0.0001559351088993686, 28184000000, 
0.04596501183452732, -0.020058930593266876, 1.7441281690410145e-05, 28189000000, 
-0.03749055964972085, -0.04804805789974459, -0.0001591441844497496, 28194000000, 
-0.14087702481077613, 0.011602618775481806, 7.1083512751152e-05, 28199000000, 
0.010909076683016493, 0.028867676564579937, 0.0001054499295136269, 28204000000, 
-0.13644471429858673, -0.021941267681158186, 1.5121073142579477e-05, 28209000000, 
-0.04661232471603671, -0.010421968949632916, 0.0002192866088884032, 28214000000, 
-0.0067313445559497205, 0.008443460721354068, 2.492049154196368e-05, 28219000000, 
-0.1415239625918542, -0.002384378100835252, 0.01996456050726878, 28224000000, 
-0.04616488470347056, 0.0548588418074268, 0.07254719602636739, 28229000000, 
-0.15798698575378867, -0.046059372744395574, 0.14306056344522744, 28234000000, 
-0.14499136807368365, -0.01933849627233223, 0.20957313206351738, 28239000000, 
-0.03501042844381657, 0.09996159687893362, 0.3161097478940472, 28244000000, 
-0.17152576083173848, -0.14495660290826712, 0.4051904359684293, 28249000000, 
-0.013836965137522436, 0.1164662476317026, 0.4884435580872366, 28254000000, 
0.3090341461129709, -0.0033504023848057586, 0.5655282762356663, 28259000000, 
-0.12466027408338516, -0.09965982157906168, 0.6333075529447356, 28264000000, 
0.022766749506690245, 0.12378143059426994, 0.685994177459334, 28269000000, 
-0.06282526579131853, -0.007066100555471139, 0.7218620191332293, 28274000000, 
-0.10847505699983477, -0.08819698650856694, 0.7408202421406512, 28279000000, 
0.027876745314026608, 0.13185949060645605, 0.743650872476499, 28284000000, 
-0.10699527957007973, -0.08188766716041854, 0.7289292594485809, 28289000000, 
0.35892664084048154, 0.0914628284339873, 0.701026311163164, 28294000000, 
-0.054014140522189544, -0.0025507479470690004, 0.6628752221994366, 28299000000, 
-0.06421750138735838, -0.08126454250906108, 0.6175788021424743, 28304000000, 
-0.004291423938464989, 0.10919691946815752, 0.5676176305834758, 28309000000, 
-0.11852367644279835, -0.09482988371072762, 0.5175551964816791, 28314000000, 
0.06832851108902757, 0.11158864049087681, 0.4702950404631866, 28319000000, 
0.22916478220912662, 0.0010827698999991212, 0.4289995716449838, 28324000000, 
-0.04885403885766776, -0.13049901557936733, 0.39557707651664276, 28329000000, 
0.02389361212356238, 0.17264637968927132, 0.37196625624576785, 28334000000, 
-0.09156697515724929, -0.17688138877624715, 0.35778257951578385, 28339000000, 
0.006450555399837828, 0.21992707418906596, 0.35477434073688174, 28344000000, 
-0.09944750398198483, -0.01772293474996725, 0.36011668524978435, 28349000000, 
-0.12200189772122245, -0.1372999458615182, 0.37508257566034275, 28354000000, 
-0.007936222792102834, 0.18727009847414952, 0.3962234990423868, 28360000000, 
-0.12118898126417993, -0.11534288757262862, 0.42733035654474366, 28365000000, 
-0.02036998331228632, 0.10640569069573565, 0.4576532331686821, 28370000000, 
-0.07338472813217244, -0.005055062357715965, 0.48635906897911146, 28375000000, 
-0.16259275935689188, -0.1181598827001312, 0.5145683966769788, 28380000000, 
-0.056781247308241446, 0.08159292437014332, 0.5399654336961891, 28385000000, 
-0.051708818275590436, -0.009308264084820005, 0.5599503486752703, 28390000000, 
0.21930377913555496, -0.07493038415673361, 0.5745091524671118, 28395000000, 
0.016409514177755474, 0.0971305495387319, 0.5844694537993431, 28400000000, 
-0.05549024933529388, -0.0050866741245031225, 0.5855319106122602, 28405000000, 
-0.11601743461588997, -0.1302492614845829, 0.5825523708104703, 28410000000, 
-0.007268128711344201, 0.12265716301807403, 0.5744486462763525, 28415000000, 
-0.07789113140876647, -0.00032149004818975493, 0.5618296437773769, 28420000000, 
-0.09341137438260738, -0.11920786214593103, 0.5464434427665764, 28425000000, 
0.37696559084193604, 0.15063157230208685, 0.5296804366275185, 28430000000, 
-0.06819613959049148, 0.004471865291437808, 0.5114604100006247, 28435000000, 
-0.13158164980715792, -0.1324940938726049, 0.4949257259967703, 28440000000, 
0.021663783791809832, 0.16740667364967138, 0.4797116384463474, 28445000000, 
-0.08534049211732331, -0.003930813137130867, 0.46668338235327633, 28450000000, 
-0.11958491165759066, -0.1570745770284591, 0.45558008527975735, 28456000000, 
0.36164480254460873, 0.1986622459201281, 0.45035690146741114, 28461000000, 
-0.008029883547522924, -0.0068275415036754515, 0.4485983090224937, 28466000000, 
-0.0627622971758183, -0.008859803874510033, 0.45019895503095475, 28471000000, 
-0.04081470403432125, 0.010452286706709736, 0.45488442233298887, 28476000000, 
-0.12445856043927771, -0.16509197064557565, 0.461966889684823, 28481000000, 
0.02812821667387102, 0.14044690848605834, 0.47323274807696997, 28487000000, 
-0.06310904520678287, -0.007951378708709784, 0.48305417319688554, 28492000000, 
-0.16709549903721582, -0.1772115708189055, 0.49383955021201104, 28497000000, 
-0.017575454661089736, 0.17184203153603328, 0.503658647216627, 28502000000, 
-0.024159018621256884, -0.0017587885738892615, 0.5118482857612678, 28507000000, 
-0.144244201375198, -0.16478798315294654, 0.5199247332526795, 28512000000, 
0.008449797676133986, 0.15202917156734713, 0.5251157894155115, 28517000000, 
-0.06239321921553187, -0.01661926475940447, 0.5280283181494794, 28522000000, 
-0.09768982865998449, -0.15415319406233383, 0.5300725020779719, 28527000000, 
0.35977430479738626, 0.16036609106185495, 0.5289883658675502, 28532000000, 
-0.14762897688994628, -0.16134628470910017, 0.5256593468248254, 28537000000, 
-0.013647500129699282, 0.11172891446994235, 0.5220248349563914, 28542000000, 
-0.0720482856116157, -0.028698774111424533, 0.5168529353379524, 28547000000, 
-0.13047506386611785, -0.12725205583758303, 0.5110119620779475, 28552000000, 
0.029532977468942744, 0.11353641406415321, 0.5051322746571991, 28557000000, 
0.22263477995573994, -0.031124788728230365, 0.4987243843589279, 28562000000, 
-0.04772997625626882, -0.11284212163784281, 0.49397460918266956, 28567000000, 
0.04333725138057007, 0.12350538668628946, 0.4890697432195802, 28572000000, 
-0.18639121822120225, -0.07589549718204058, 0.4856193959951447, 28577000000, 
0.02285905219423776, 0.06152981046978868, 0.4834086126360859, 28582000000, 
-0.05450416633815302, 0.01002003772757079, 0.48243517388224766, 28587000000, 
-0.1338071498957893, -0.08764503275446536, 0.4824340731389254, 28592000000, 
0.02795320129414326, 0.08637754126565736, 0.48394882041937815, 28597000000, 
-0.042103652698394264, 0.027594572966908874, 0.48596288773548013, 28602000000, 
-0.12415113427641608, -0.052718955416140634, 0.48905741566878164, 28607000000, 
0.04736882243773742, 0.10165338651647422, 0.4921135078520041, 28612000000, 
-0.12083149362940851, -0.10096169720332532, 0.4957091073254112, 28617000000, 
0.04301139141787387, 0.03737171091660207, 0.49937671171009845, 28622000000, 
-0.05307981663104459, -0.022155353098368212, 0.5024632233419044, 28627000000, 
0.20722179428458198, -0.06960161786600877, 0.5051869900078604, 28632000000, 
0.01995801230258011, 0.08550850559282278, 0.5074623058950034, 28637000000, 
-0.06432770478446963, 0.004908684204977084, 0.5088240203308234, 28642000000, 
-0.14027206815831963, -0.05699198624184543, 0.5097536856275819, 28647000000, 
0.051565012436943336, 0.06511590603177587, 0.5100675420274556, 28652000000, 
-0.09849139507218756, -0.0075249699344126725, 0.5090055277144996, 28657000000, 
-0.10706923503726289, -0.06778607219851755, 0.5082821655188069, 28662000000, 
0.3731808915863419, 0.07454508993799565, 0.5065902686787457, 28667000000, 
-0.06806990451670486, -0.013870364750747044, 0.5047467896440242, 28672000000, 
-0.15522934057103205, -0.06705839029485544, 0.5024849951169917, 28677000000, 
0.01516815407400253, 0.03648038360056624, 0.5006050860575388, 28682000000, 
-0.1160591022674042, -0.05346292367772287, 0.49868393458167276, 28687000000, 
-0.027256062096853093, -0.037069254511876516, 0.4970512013522498, 28692000000, 
0.054595804190870026, 0.04480381588675858, 0.4953030742036652, 28697000000, 
-0.1346458986624516, -0.05418780753002872, 0.4944005304836333, 28703000000, 
0.00359307624650969, 0.03908814862311315, 0.49402486115861005, 28708000000, 
-0.07652635215014704, -0.0018963136360419634, 0.4938684300318254, 28713000000, 
-0.1255490909409649, -0.021182223293724635, 0.4942467356222234, 28718000000, 
0.029700085501559323, 0.013596366134910429, 0.49480915652892554, 28723000000, 
-0.15722704226434012, 0.0064673770181829585, 0.4955405531944883, 28728000000, 
0.360502583708358, 0.045851966268529644, 0.4969640022903782, 28733000000, 
-0.0740930041543157, 0.026205552060351196, 0.4979224532813657, 28738000000, 
-0.1481654641318129, -0.030627858486811127, 0.4989809076487624, 28743000000, 
0.038105209552520614, 0.044922879043315, 0.5003460372053747, 28748000000, 
-0.1477651134687911, -0.02184780403238056, 0.5011379082402084, 28753000000, 
0.002165356909911198, 0.026721120605747647, 0.5021077226515167, 28758000000, 
-0.05319447137946525, 0.03858737591365851, 0.5025301736839667, 28763000000, 
0.23150618079162757, -0.02954120155925157, 0.5032078425414691, 28768000000, 
0.033959689246234055, 0.008360552221792324, 0.503346021976861, 28773000000, 
-0.07297951427688842, 0.009697260904383716, 0.5029286941920118, 28778000000, 
-0.1212658847153242, -0.03301232450766205, 0.5032791748631197, 28783000000, 
0.021314124429682137, 0.03193024726748746, 0.50247136937034, 28788000000, 
-0.06294477682706577, -0.0016106815488171453, 0.5018996897325615, 28793000000, 
-0.07717936137509308, 0.010450716706268674, 0.5011818575463789, 28798000000, 
0.024459038264643195, -0.01064643368949815, 0.5005711336998413, 28803000000, 
-0.12765983893827298, 0.0012275709492557216, 0.4999492594435614, 28808000000, 
0.03419479505636895, 0.021353230488873855, 0.49916461078788765, 28813000000, 
-0.0627808961703242, 0.019343915018219922, 0.4987584043067355, 28818000000, 
-0.03293539990253905, -0.019903390837466887, 0.4982980212782782, 28823000000, 
-0.04529905021343206, -0.0038135292913575158, 0.4979561125601033, 28828000000, 
-0.1289372453224904, -0.0009677832643239983, 0.49788589335926214, 28833000000, 
0.35054213383223654, -0.0034148928915281656, 0.49769762804998435, 28838000000, 
-0.10743701516544556, 0.008358441701076314, 0.4979065860789863, 28843000000, 
-0.15478475927923185, -0.002015947508335914, 0.49818773060322047, 28848000000, 
0.013926700977604308, -0.011316599876635254, 0.4984230317461834, 28853000000, 
-0.11144832799478743, 0.027219244231282858, 0.4990090426649878, 28858000000, 
0.02734452019461141, -0.03366187230226071, 0.49928562317895925, 28863000000, 
0.20037589976072623, -0.0033922689235418345, 0.49956548016470703, 28868000000, 
-0.07672400417509631, 0.03564769579978104, 0.49994043545272915, 28873000000, 
-0.008594235000934144, -0.04609825247567735, 0.5006866956797563, 28878000000, 
-0.1408572512967467, 0.006335103341405447, 0.5005266075352662, 28883000000, 
0.024511141159219246, -0.02032943210406473, 0.5013532062716798, 28888000000, 
-0.034425113499501135, 0.035767926757596304, 0.5010446307220321, 28893000000, 
-0.10234565591219912, 0.010170354744435374, 0.5012626213208008, 28898000000, 
0.3914447809487298, -0.06382928615257993, 0.5007768680196183, 28903000000, 
-0.02737292044854562, -0.009724392958675346, 0.5006389190336531, 28908000000, 
-0.13032597976940719, 0.051237782147562624, 0.5004976384692161, 28913000000, 
-0.012664390607845567, -0.0029100481543544755, 0.5004202895831371, 28918000000, 
-0.06943472229771719, 0.025759927325271062, 0.5001792481675666, 28923000000, 
-0.1300444853103298, 0.04754593004110283, 0.5000965811677646, 28928000000, 
0.005254122543614039, 0.004448597976679632, 0.4997968882011929, 28933000000, 
-0.061137874941457906, -0.019738744561463285, 0.4997896047769833, 28938000000, 
-0.044668691952555795, -0.02262354884177582, 0.49942990526777925, 28943000000, 
-0.06329132901329669, -0.0038495245888785605, 0.4992067339335334, 28948000000, 
-0.14229057638751838, 0.056535428241380026, 0.4991957996417756, 28953000000, 
0.037270918131724916, -0.010010160740860967, 0.49906217050385454, 28958000000, 
-0.1318872890143899, 0.02805088799884519, 0.4995305285306887, 28963000000, 
-0.0056833635623043735, 2.5339112129440372e-05, 0.4993464800268937, 28968000000, 
0.23313446371926283, -0.023666391071078083, 0.49934113024747784, 28973000000, 
-0.13375815202103697, 0.04022900972856134, 0.4995551653550436, 28978000000, 
0.027755391373738895, -0.053635042183573844, 0.49975800075384963, 28983000000, 
-0.12817226434257792, 0.050989855804582554, 0.4998877333455442, 28988000000, 
0.001991125384669552, -0.0305389997200802, 0.49990091644387513, 28993000000, 
-0.05575122725734777, -0.0017535094256019676, 0.49983767909820925, 28998000000, 
-0.0989711936941188, -0.006228973942396701, 0.5001509166210751, 29003000000, 
0.3112724211128894, -0.039698812422587715, 0.5000436845876794, 29008000000, 
-0.05058583700964961, -0.02553961605468171, 0.5004989611062876, 29013000000, 
-0.1200162438377441, 0.06484446766723491, 0.5002201788283862, 29018000000, 
-0.0019332792370861088, -0.034176887693344454, 0.500150987436131, 29023000000, 
-0.025183826961528256, -0.0086291282779156, 0.5003174771220896, 29028000000, 
-0.10623881812341068, 0.04454570583855156, 0.5002942524390618, 29033000000, 
-0.0033790851322774863, -0.027100420714679354, 0.4999269005113316, 29038000000, 
-0.06329365303310275, -0.011779898443512963, 0.500097312502048, 29043000000, 
-0.10826680488829855, 0.036221516560041384, 0.5001879087508386, 29048000000, 
-0.01293029513594508, -0.04162818785981178, 0.4998385849142517, 29053000000, 
-0.019339361727744045, 0.029292094435399103, 0.49956141080333605, 29058000000, 
-0.11116373887446235, 0.056653316607312876, 0.4997178178234579, 29063000000, 
-0.0030700534478438645, -0.03793393931414025, 0.499338925606934, 29068000000, 
0.27922476080337927, 0.02294821618417428, 0.49972776947478387, 29073000000, 
-0.09007415879604526, 0.07762761636256105, 0.49994703459305156, 29078000000, 
-0.03790683037743573, -0.05798717275759083, 0.4997921294155728, 29083000000, 
-0.08656625750746447, 0.0009101433823180139, 0.49968277745493406, 29088000000, 
-0.10991327811033873, 0.0516119113156432, 0.49959907737031284, 29093000000, 
0.0023476438551892354, -0.06513321065680328, 0.49933736750739643, 29098000000, 
-0.058070547879728505, 0.00029010408597629207, 0.4998799638523732, 29103000000, 
0.20159005428763332, 0.07377138360084347, 0.5001987591373919, 29108000000, 
0.03314462764318456, -0.05875551908964091, 0.5001461106152861, 29113000000, 
-0.07953231423031124, 0.020061695004711957, 0.5000133698611549, 29118000000, 
-0.11156906781135797, 0.06131677841649338, 0.49993462781597736, 29123000000, 
0.016253016941685336, -0.06446239877034861, 0.49996363204930205, 29128000000, 
-0.0944158485214169, 0.03409450252857285, 0.5001223068680287, 29133000000, 
-0.1220574163391639, 0.06941619207576029, 0.49955298780666535, 29138000000, 
0.3413339682939404, -0.051229086136908755, 0.5000090488125011, 29143000000, 
-0.10590218399072325, 0.08585923464880801, 0.5002102604071125, 29148000000, 
-0.031045844615233447, -0.032688879377171444, 0.5001106334209442, 29153000000, 
-0.06759159716347744, 0.01571922596647956, 0.49998083953425215, 29158000000, 
-0.11481770991717398, 0.059259104956677744, 0.5000589984961911, 29163000000, 
0.03380237599948122, -0.07325571503527531, 0.49993498070886666, 29168000000, 
-0.07940074520334765, -0.028750384335400427, 0.4997066692343342, 29173000000, 
-0.11196585893715019, 0.07718125724467494, 0.5001455035863462, 29178000000, 
-0.016191222486606312, -0.07675434047367082, 0.5000034393121168, 29183000000, 
-0.062452296612442545, 0.02183868810958743, 0.5001781788942838, 29188000000, 
-0.09766725454979067, 0.06182872501081343, 0.49964725423210127, 29193000000, 
-0.005035333970776434, -0.10274088246602264, 0.4997548110206621, 29198000000, 
-0.12259070265809512, 0.09602158399140731, 0.4999275650207703, 29203000000, 
0.2908848960041343, -0.058213472941568506, 0.4996153679130621, 29208000000, 
0.00939584761973261, 0.021445256035543855, 0.49949763872380504, 29213000000, 
-0.1179268582582648, 0.09595120639972349, 0.4998069029684293, 29218000000, 
-0.0006302599302289271, -0.060021464367933895, 0.49968729282991087, 29223000000, 
-0.07244183855163727, 0.024661250294838195, 0.49947342183470195, 29228000000, 
-0.098588924487374, 0.1148043118896298, 0.4995901699064579, 29233000000, 
-0.020546642080079416, -0.06600012531094841, 0.49986629980745195, 29238000000, 
0.22821766074348, 0.08890178904617546, 0.49988595970988975, 29243000000, 
-0.006577436329137884, -0.050040890302708065, 0.4999031426439207, 29248000000, 
-0.05765258833111255, 0.028306737631389578, 0.4997421803218159, 29253000000, 
-0.09296880411982072, 0.08761848530768612, 0.49993526958821544, 29258000000, 
-0.006115803680852246, -0.086252841393263, 0.5001553160947843, 29263000000, 
-0.08444817468412108, 0.0373902138433054, 0.5004075379392807, 29268000000, 
-0.09225406808786835, 0.09381354552070581, 0.49969836802714535, 29273000000, 
-0.007462221224778492, -0.07869416654473448, 0.5001911503234792, 29278000000, 
-0.12362993861322961, 0.08993829128152261, 0.5000848209364752, 29283000000, 
-0.003364729253328237, -0.07252702761586621, 0.49984775426641115, 29288000000, 
-0.08619062222986992, 0.02580153452710468, 0.5000323336577028, 29293000000, 
-0.09161145776538164, 0.07647988348112464, 0.4996032130673927, 29298000000, 
-0.004352601207009232, -0.07444387091203072, 0.49989279938365555, 29303000000, 
-0.09721778005258648, 0.08233850493426231, 0.5002200737393178, 29308000000, 
0.3163431648143928, -0.05368853399059256, 0.4998224115796544, 29313000000, 
-0.06723640753168615, 0.012062839955325512, 0.49967414203404625, 29318000000, 
-0.10335711796007221, 0.11969823932618193, 0.49982797735974516, 29323000000, 
-0.017886688579371958, -0.09642183038195419, 0.49927581328495446, 29328000000, 
-0.07356972374250724, 0.03823866819559073, 0.4998872219414479, 29333000000, 
-0.09161441979505756, 0.07656051154529078, 0.499732152113902, 29338000000, 
-0.023962351889146097, -0.09798147343826218, 0.49976467533789803, 29343000000, 
0.22043032298196957, 0.13331905352946344, 0.4998206348292462, 29348000000, 
0.004270123498515364, -0.09472731592505684, 0.4998273353791003, 29353000000, 
-0.07149269912115362, 0.004805454640869945, 0.5002722547923367, 29358000000, 
-0.09651445168500282, 0.12885352670073144, 0.4999766062078136, 29363000000, 
-0.00231474366116675, -0.06803625965724741, 0.500104816550312, 29368000000, 
-0.0918454562726063, 0.10701620738674592, 0.4999706395310779, 29373000000, 
0.003428949167522408, -0.08057104122670511, 0.4997893126164226, 29378000000, 
-0.06009653851733795, 0.03452383080356407, 0.5003732469336649, 29384000000, 
-0.12092614621207262, 0.11730213781989451, 0.5001918973961046, 29389000000, 
0.01914881057403357, -0.09249461099372017, 0.49987810122151577, 29394000000, 
-0.05507301166689267, 0.020826676807793737, 0.5001796388828714, 29399000000, 
-0.09156862774093434, 0.11745316641055384, 0.4995775648625414, 29404000000, 
0.00040836783363765953, -0.12118366273574084, 0.5001261336683986, 29409000000, 
0.21307373807855626, 0.1268011424615967, 0.4998836776353157, 29415000000, 
-0.025823565169739514, -0.07113575517847899, 0.499919037729741, 29420000000, 
-0.075979773279125, 0.008485124987653091, 0.5002078644192013, 29425000000, 
-0.07920993289789476, 0.12407081255559642, 0.49978240940450036, 29430000000, 
-0.032261179547950145, -0.10763240028525274, 0.5002363522924608, 29435000000, 
-0.07363103699000492, 0.026017213000182837, 0.5002154198157203, 29440000000, 
-0.10741808531022248, 0.12002483556574674, 0.49996806845753383, 29445000000, 
0.3448891868668305, -0.11674445512794461, 0.5000625825263213, 29450000000, 
-0.07264269376361066, 0.05830431286264001, 0.5000562592349753, 29455000000, 
-0.08959922235295759, 0.014241963680512008, 0.49992442734824133, 29460000000, 
-0.05604889758227148, 0.056386246607519945, 0.5003100141831366, 29465000000, 
-0.09604123710527716, 0.16572172686589254, 0.5000236786174458, 29470000000, 
-0.01096532505314187, -0.1129090490265834, 0.4997209733404868, 29475000000, 
0.2825939128841034, 0.01288987528971847, 0.5001045164418456, 29480000000, 
-0.05478366300794142, 0.14778923487267637, 0.4999601410605043, 29485000000, 
0.027984240619073036, -0.10147635747214376, 0.5000717971338372, 29490000000, 
-0.05797514842162871, 0.03884405610676217, 0.5002446618399407, 29495000000, 
-0.13584681645196986, 0.1725576221768625, 0.4999203084398646, 29500000000, 
0.02934451973027092, -0.14435124961510093, 0.4997134833937205, 29505000000, 
-0.07795375639784635, 0.042633871038668315, 0.4999237785840158, 29510000000, 
-0.113660546182517, 0.16817340876807899, 0.5001366952216383, 29515000000, 
0.028186231175472774, -0.13933122886524835, 0.5002227066707375, 29520000000, 
-0.07236151756853747, 0.020691638877605157, 0.5001528463157408, 29525000000, 
-0.11167853163987536, 0.15803454430225555, 0.49960760016484845, 29530000000, 
0.020139758503237515, -0.14411191716443436, 0.5000860149600046, 29535000000, 
-0.0946650689453283, 0.01870161977379959, 0.5001632769196335, 29540000000, 
-0.10801391644410813, 0.16118918226316561, 0.49969682747601957, 29545000000, 
0.38104012533455156, -0.13771570782974898, 0.49973391616044477, 29550000000, 
-0.06339420956093171, 0.031148838269935405, 0.5001657887806491, 29555000000, 
-0.16104791283677736, 0.16652404211756947, 0.4997945033754515, 29560000000, 
0.02395683517194596, -0.17175419155588592, 0.5002773008655949, 29565000000, 
-0.06474288253329145, 0.04462065300200181, 0.5003697129597501, 29570000000, 
-0.1842356921011362, 0.18254072259188914, 0.500372312917975, 29575000000, 
0.07524553371065386, -0.1605577431663127, 0.49981211049792024, 29580000000, 
0.24831818099872083, 0.02685447311373417, 0.5001631340230552, 29585000000, 
-0.1096659972218758, 0.15484408223117718, 0.4998499640353818, 29590000000, 
0.017331702378444638, -0.1035449448894903, 0.4998036948343481, 29595000000, 
-0.051780407582612056, 0.00794217033585794, 0.4999028136934964, 29600000000, 
-0.03892997225179516, 0.025559914381918993, 0.5003109006886461, 29605000000, 
-0.03912894324759512, 0.07443628021398965, 0.49966425895006866, 29610000000, 
-0.05212000778700395, 0.050836949742228923, 0.5000444019710248, 29615000000, 
-0.09836613015738609, 0.15871872806611462, 0.49983638300247796, 29620000000, 
0.010112041333404898, -0.11596584565669045, 0.49996012534868095, 29625000000, 
-0.05463393397056468, 0.04150606255174169, 0.5002803172187026, 29630000000, 
-0.08233291763711964, 0.1690704237183906, 0.49954136511270214, 29635000000, 
-0.001408145661189645, -0.12155394575215006, 0.49966720805788833, 29640000000, 
-0.09103489911433058, 0.06432716840813138, 0.4997383781493508, 29645000000, 
0.20430801010950922, 0.048808007984526315, 0.4993792108377684, 29650000000, 
-0.008785730635219882, 0.028345922479758392, 0.499596350345691, 29655000000, 
-0.0791222267052399, 0.14645914891104694, 0.4996549888877093, 29660000000, 
-0.0341864977143487, -0.07521680821888431, 0.4997569071239688, 29665000000, 
-0.05787937072466457, 0.032784125291551156, 0.4997292822600187, 29670000000, 
-0.04496965514101853, 0.04217923855674455, 0.49970444033168854, 29675000000, 
-0.0539853391570986, 0.05394327152100292, 0.499580129290567, 29680000000, 
0.2438939304443994, 0.024705360875701597, 0.4999011357189249, 29685000000, 
-0.06458486888894693, 0.14773908321595142, 0.5000039826159706, 29690000000, 
-0.10154480208424865, -0.10066312376495494, 0.49939947721352995, 29695000000, 
-0.08776715570287806, 0.027086274019349016, 0.5003717920578538, 29700000000, 
-0.02838317023799787, 0.14658942186137264, 0.499448116273599, 29705000000, 
-0.08284909531410029, -0.09276157217305309, 0.49994320234877854, 29710000000, 
-0.05534382174209504, 0.053387205351403705, 0.5001688912657021, 29715000000, 
0.29739555731963885, 0.15043615367646004, 0.4996094519123805, 29720000000, 
-0.09487320196431379, -0.058625216626820915, 0.49964008003441823, 29725000000, 
-0.06998511074791802, 0.05929081115643561, 0.5000122829769474, 29730000000, 
-0.017332398476768734, 0.1629435339620951, 0.4998047142889638, 29735000000, 
-0.0628255251290335, -0.06698309900120829, 0.49957457044187187, 29740000000, 
-0.07370475322627089, 0.050908455216233856, 0.49963121319596354, 29745000000, 
-0.029971051294236477, 0.03833251996555278, 0.4999207827910679, 29750000000, 
-0.058199835058404016, 0.05142774522320771, 0.5001634187192255, 29755000000, 
-0.032130653470029386, 0.14299379751297894, 0.4999608561486485, 29760000000, 
-0.08852683700495452, -0.0678312775505787, 0.4998270901821956, 29765000000, 
-0.043954519716208645, 0.033798043885937705, 0.4994642129370243, 29770000000, 
-0.003553883239130109, 0.16623728092085138, 0.49970314389300885, 29775000000, 
-0.08777147108969825, -0.057202665718170696, 0.49961270118866236, 29780000000, 
-0.03418889675953456, 0.05292758899939009, 0.4998606008822852, 29785000000, 
0.24827036797534635, 0.044622982793043865, 0.500059851959274, 29790000000, 
-0.07296339253096798, 0.01885429846827539, 0.5000267099855381, 29795000000, 
-0.01895894035528317, 0.10327206867991548, 0.4999476961282932, 29800000000, 
-0.1255556389312097, -0.06939415600832585, 0.49962487341280537, 29805000000, 
-0.0656619166799378, 0.03246376894778856, 0.4997701220562723, 29810000000, 
0.013651637655101198, 0.11601780446546714, 0.49977689176289825, 29815000000, 
0.14019150380407927, -0.0629794283026534, 0.5002173565041954, 29821000000, 
-0.06505857235106331, 0.0564963718106407, 0.49983356637090387, 29826000000, 
-0.032925110791972745, 0.04614384598620273, 0.4995205991125877, 29831000000, 
-0.09757797759442036, 0.06854307576667443, 0.4998714306515007, 29836000000, 
-0.024722260653421015, 0.13079834435819093, 0.4999125547252023, 29841000000, 
-0.09882631185745158, -0.03537037384831083, 0.49951368733214685, 29846000000, 
-0.06046590608962359, 0.03103355554104212, 0.5000242322151408, 29851000000, 
0.021229470414095206, 0.14452657953522716, 0.499853245209095, 29856000000, 
-0.10135335574274401, -0.05285975325862762, 0.4996498837633581, 29861000000, 
-0.0254388938735787, 0.0382544811674855, 0.500159819773789, 29866000000, 
0.01769143413400628, 0.13187185911375357, 0.4995128485382842, 29871000000, 
-0.14258281237777923, -0.013868145239983524, 0.49988067044362217, 29876000000, 
-0.04761994460297178, 0.03438013020839083, 0.5000611762556331, 29881000000, 
-0.006816593487336885, 0.11970688271073845, 0.4999919776765933, 29886000000, 
0.20933058070411303, -0.06796004262488489, 0.4999576079695092, 29891000000, 
-0.07302049999592664, 0.05475822518773443, 0.5001287748584986, 29896000000, 
-0.049448101978192834, 0.05881724300296436, 0.49967157135916906, 29901000000, 
-0.056612575326082194, 0.0608359863969018, 0.4996593563363261, 29906000000, 
-0.0033610242538291892, 0.11463531885254019, 0.5000349907882311, 29911000000, 
-0.11374211155925579, -0.005989401456879826, 0.4997690767570494, 29916000000, 
-0.030300276091072394, 0.05899060005954951, 0.4996207552807514, 29921000000, 
0.3627596418672824, 0.11399040729324322, 0.49982257054561574, 29926000000, 
-0.15611953597495112, -0.03773939016494218, 0.4998991672351699, 29931000000, 
-0.06332965367478857, 0.0645329765287888, 0.5001539497866422, 29936000000, 
0.0414801659716904, 0.13589266215100715, 0.4999926376917212, 29941000000, 
-0.15705363658742885, -0.019160013691823734, 0.49962472804654967, 29946000000, 
-0.03100534462099564, 0.06891169836354313, 0.4999164239914193, 29951000000, 
0.033150825118881656, 0.10460003485355371, 0.49950977015478937, 29956000000, 
-0.11919319412304274, -0.006557279632880848, 0.5002773805134365, 29961000000, 
-0.0431603288396642, 0.047011005582819544, 0.5000035870610042, 29966000000, 
0.031673970606093935, 0.1201663803888833, 0.4999772241474531, 29971000000, 
-0.13994473770150798, 0.0027537757181921134, 0.49990395916544716, 29976000000, 
-0.05667000519367033, 0.0740663369943754, 0.4999044153067988, 29981000000, 
0.018736347775234908, 0.12684452460948561, 0.49989541642550683, 29986000000, 
0.18869172049011207, -0.05670676717711827, 0.49950059074450587, 29991000000, 
-0.03604465869519176, 0.05977956829328854, 0.5001049713118909, 29996000000, 
0.042202099928507764, 0.08570176854184912, 0.499636022278122, 30001000000, 
-0.18813873594496605, -0.05748725469649202, 0.4997706094083805, 30006000000, 
-0.05029904248922864, 0.05468180740033361, 0.49983451483524566, 30011000000, 
0.03120497126533495, 0.13660165659179735, 0.49991744052968096, 30016000000, 
-0.1356525417198607, -0.010060338401388652, 0.4997445516276066, 30021000000, 
0.26597392496060007, 0.01998281752053365, 0.5002080206226472, 30026000000, 
0.05325886818240548, 0.10672934127547226, 0.49975836464390877, 30031000000, 
-0.17371676636137146, -0.002599206038831514, 0.49979495251365197, 30036000000, 
-0.05898645641977822, 0.06067072939428139, 0.4998334306604336, 30041000000, 
-0.003853215487297154, 0.09885326943593088, 0.4994114721795511, 30046000000, 
-0.12670511665039952, -0.00846348068370423, 0.49986167837298273, 30051000000, 
-0.0774984126694456, 0.06442713901074547, 0.5000818767401796, 30056000000, 
0.3793435930961577, 0.11441067835338273, 0.5000759296667828, 30061000000, 
-0.17909324335881577, -0.004002049468138376, 0.4995446682245515, 30066000000, 
-0.08162200657800397, 0.02871406639540802, 0.4996645855915485, 30071000000, 
0.03485180100758923, 0.07879839326698923, 0.49983384200597314, 30076000000, 
-0.15611352888560057, -0.030417276289552146, 0.5000685366697912, 30081000000, 
-0.04870857267093119, 0.06726949705570329, 0.4999702826225831, 30086000000, 
-0.03516037255753159, 0.04958162940221163, 0.4996607155654247, 30091000000, 
-0.07775824335220338, 0.048444050577487026, 0.49968571424765484, 30096000000, 
-0.035858836033760194, 0.05271377645802067, 0.4996720448003404, 30101000000, 
-0.0782430196062192, 0.06819735308701598, 0.4995405431375039, 30106000000, 
0.04999435211594512, 0.1108571966740821, 0.49975741174933086, 30111000000, 
-0.14647213985010224, 0.0007519389924541828, 0.49952009778020157, 30116000000, 
-0.043763818516379824, 0.005668243126901659, 0.499725074051607, 30121000000, 
0.31816447244849977, 0.09769745256281992, 0.4998783963462895, 30126000000, 
-0.11633927972130334, 0.009068047691403245, 0.4998181299735288, 30131000000, 
-0.012386797680599408, 0.06722952282864306, 0.5000296635734522, 30136000000, 
0.023764901386940773, 0.09513401577907443, 0.4999466913386042, 30141000000, 
-0.1494706043438938, 0.005658736092943104, 0.4998957200335449, 30146000000, 
-0.02741864340021711, 0.0548009173741081, 0.4995892729730507, 30151000000, 
0.048981610707972474, 0.1472396013647865, 0.49995736382999484, 30156000000, 
0.15010256902913768, 0.005096213333282126, 0.4996112713157648, 30161000000, 
-0.03848897122092011, 0.07435838313824715, 0.49956990023496245, 30166000000, 
-0.06200013396149702, 0.056155669102415345, 0.4995135427517276, 30171000000, 
-0.020986409017048513, 0.0478072240618493, 0.5003781196239456, 30176000000, 
-0.06284504388541567, 0.03418741005976196, 0.49981899182484113, 30181000000, 
-0.0462085584399133, 0.033419615612213974, 0.4997191660548232, 30186000000, 
0.048056898499367756, 0.09124040361926132, 0.4996687507949752, 30191000000, 
-0.1530592243950645, -0.01757851953505785, 0.4998083646756475, 30196000000, 
-0.020105028616988804, 0.0518373901532445, 0.49959800845625885, 30201000000, 
0.03286547018182709, 0.10721909991228927, 0.4996842495810617, 30206000000, 
-0.16778706339822247, -0.0038359070367952196, 0.49927673931485295, 30211000000, 
-0.0448644208372116, 0.05095630110989845, 0.49997006604330496, 30216000000, 
0.06327366610685324, 0.1305309713747579, 0.49943287576933726, 30221000000, 
-0.17798493400334023, -0.0040154358143526525, 0.4999659373567488, 30226000000, 
0.261417306616002, 0.05790966494751091, 0.4999659349173998, 30231000000, 
0.06341907621065601, 0.11244748615189405, 0.49983759489990753, 30236000000, 
-0.1689663594834217, 0.03514662675050665, 0.4996253758653337, 30241000000, 
-0.040355798095806895, 0.06157575850890551, 0.4997405741717788, 30246000000, 
-0.05415763677318175, 0.06509944891697243, 0.49969753694776003, 30251000000, 
-0.05834868226422375, 0.0696551563035954, 0.500065880319266, 30256000000, 
0.05096353942920449, 0.09394555202960968, 0.49976911029387583, 30261000000, 
0.16060047755482845, 0.003096781064985321, 0.49946108295806296, 30266000000, 
0.01824981054793413, 0.0825454699631473, 0.5000045160427209, 30271000000, 
-0.16647293370588853, 0.026238198062705685, 0.49995545023450655, 30276000000, 
-0.04216366274783229, 0.05885339749227203, 0.4998906039011163, 30281000000, 
0.056179069685419046, 0.1374963648875154, 0.4996091811944986, 30286000000, 
-0.19587203567404426, 0.015338955595952447, 0.4996902393456026, 30291000000, 
-0.06780846152056913, 0.10786028045081539, 0.49969962056102907, 30296000000, 
0.039334252277600026, 0.10763592729793724, 0.5000406651361706, 30301000000, 
-0.1379193602545474, 0.01628032486369492, 0.49961805802959197, 30306000000, 
-0.08198319699624682, 0.06729924706862024, 0.49990444202920503, 30311000000, 
0.04299067505348734, 0.09355207176751057, 0.49979405139923944, 30316000000, 
-0.16775161062933422, -0.0015886380467976698, 0.4999978471153439, 30321000000, 
-0.047708024902166926, 0.08577170938566427, 0.4999291358678839, 30326000000, 
0.37840621815154507, 0.12448444109944021, 0.5001676488982004, 30331000000, 
-0.156429762255828, 0.0002993414981525052, 0.49980889396310063, 30336000000, 
-0.03942574459017807, 0.04819370729551761, 0.49974723823111133, 30341000000, 
-0.05790755129446863, 0.06368411631818231, 0.4994625773439447, 30346000000, 
-0.09310878077650504, 0.04389699973939119, 0.49968814139254447, 30351000000, 
-0.034527397122042155, 0.059275482527570096, 0.4997868913985116, 30356000000, 
-0.026622693023862953, 0.0737567513869945, 0.49953403376493094, 30361000000, 
0.27960586392927567, 0.03600583190455735, 0.4997243132970299, 30366000000, 
0.020925922635636786, 0.07582524881910097, 0.49970341180181477, 30371000000, 
-0.035144262701603715, 0.06688528551186818, 0.49934371898261193, 30376000000, 
-0.1729668113250387, 0.031010160578540565, 0.49957543619488615, 30381000000, 
0.03692594192034985, 0.11439938526684947, 0.49997366779999675, 30386000000, 
-0.18770728015728358, 2.1329355860596794e-05, 0.4998722885614861, 30391000000, 
-0.04344629310145978, 0.0820268785290259, 0.4995752111124869, 30396000000, 
0.040619267398520065, 0.1428182093817088, 0.4994755595037244, 30401000000, 
-0.17837031839795925, 0.009648685398304536, 0.49967695728714057, 30406000000, 
-0.0627741267617242, 0.051033081367100726, 0.49995526450509303, 30411000000, 
0.0824536495817699, 0.13984929000902158, 0.49940925349683896, 30416000000, 
-0.11625738537905117, -0.007736225856784714, 0.4997031320495708, 30421000000, 
-0.023861369404882076, 0.05545115180512297, 0.49985049992526576, 30426000000, 
-0.021279033434482533, 0.06589230887991776, 0.49933130065415476, 30431000000, 
0.2579647675843244, 0.03570277159425808, 0.5000875661425948, 30436000000, 
0.03599558365332986, 0.08439490991671234, 0.49991153295248214, 30441000000, 
-0.17083796199666373, 0.010821891982348987, 0.4999432196552796, 30446000000, 
-0.04300554702925655, 0.06001840303780526, 0.4998582995031895, 30451000000, 
0.03070809901150543, 0.11710682109128792, 0.4998176875973248, 30456000000, 
-0.15128318244981787, 0.03656902366285991, 0.4998642533431904, 30461000000, 
0.18938069371578364, 0.05098122409076201, 0.5001132761598142, 30466000000, 
0.12329532006612656, 0.1255924058330623, 0.5000448681162566, 30471000000, 
-0.16968528988025805, 0.016095799471849116, 0.4998331439107058, 30476000000, 
-0.05257300456376497, 0.07833448851275289, 0.49992542263991246, 30481000000, 
0.05061728873948855, 0.11008063505198705, 0.4998125625903628, 30486000000, 
-0.19485529866653037, 0.025661647660278966, 0.49953228360505586, 30491000000, 
-0.06280034464665511, 0.05787233444391457, 0.4998362630911431, 30496000000, 
-0.02392856213104797, 0.060975476523395966, 0.4997982354069245, 30501000000, 
-0.08386890603048416, 0.06720270478750022, 0.49989929530381905, 30506000000, 
0.031117606084239864, 0.11659989037217505, 0.5001530185031755, 30511000000, 
-0.1251984101379789, 0.02428850439424152, 0.49981229485451495, 30516000000, 
-0.052787240144156526, 0.06597092701829627, 0.4998566923036779, 30521000000, 
0.049761294628506335, 0.10801091161785213, 0.4998314979827615, 30526000000, 
-0.18094367895396843, 0.005034596758609531, 0.5002219526730997, 30531000000, 
0.2709334527490033, 0.06926290352844486, 0.4999833448223045, 30536000000, 
0.06602747255619058, 0.12639254464392013, 0.499995233652488, 30541000000, 
-0.18977516955501395, -0.003736507367732618, 0.4999125419216821, 30546000000, 
-0.040413428717727025, 0.07373965522090804, 0.499759842542803, 30551000000, 
0.04812643916615206, 0.11291034859766362, 0.4992874586442211, 30556000000, 
-0.1785081707378691, 0.004307499629190871, 0.4997743663230045, 30561000000, 
-0.04476171869344333, 0.08570501726673067, 0.4995884524199972, 30566000000, 
0.399776500767334, 0.1375696371046802, 0.49995325875599284, 30571000000, 
-0.20745571818346303, -0.007767190426671478, 0.4996202316625782, 30576000000, 
-0.046525453252671545, 0.0860884234455746, 0.4996024801547728, 30581000000, 
0.058163254065352964, 0.14401503558218354, 0.4998677345548626, 30586000000, 
-0.16349054571301963, -0.004839939335047155, 0.4997942451940474, 30591000000, 
-0.08205674444137886, 0.05776581365623505, 0.5001899918888711, 30596000000, 
0.03536869851052367, 0.13503021469554524, 0.49985245677902373, 30601000000, 
0.14324999213991846, -0.02258739332789587, 0.49997110752304386, 30606000000, 
-0.06492462432817714, 0.08175672349408546, 0.5000245627375424, 30611000000, 
0.049413494845001925, 0.13634143459361625, 0.4994544679310452, 30616000000, 
-0.18061507013951858, 0.020350247751332467, 0.5001228810050993, 30621000000, 
-0.01539363301798951, 0.11590576775091169, 0.4995526549224444, 30626000000, 
0.04271996224255226, 0.13782895670578957, 0.500165011742256, 30631000000, 
-0.18102543072455848, 0.02932893629265157, 0.4998458714192873, 30636000000, 
-0.060512545817712905, 0.08100356076936316, 0.5001927577602914, 30641000000, 
0.08639818647623436, 0.13736380384191996, 0.4997529618450813, 30646000000, 
-0.1562780538175812, 0.017096046106595472, 0.49995772552322365, 30651000000, 
-0.07048381201613406, 0.04164170715120734, 0.4996540673248752, 30656000000, 
0.04191134917784782, 0.1550763920353429, 0.4996502731994028, 30661000000, 
-0.17764161558770755, -0.004462615215429941, 0.5000493463755209, 30666000000, 
0.27951931422045134, 0.041974236593450155, 0.4997009133421375, 30671000000, 
0.040061997840948556, 0.10936368883596523, 0.5000805888291294, 30676000000, 
-0.15489715280607963, 0.034171448983613156, 0.49997043667622537, 30681000000, 
-0.06631185395273446, 0.055698373893777346, 0.5001274881590757, 30686000000, 
-0.05957622223461698, 0.046853111133462536, 0.49969890424856855, 30691000000, 
-0.051086517235613076, 0.07951367179951455, 0.4996515087440485, 30696000000, 
-0.0833568763539977, 0.04325393593628506, 0.5001133756476868, 30701000000, 
0.269920832822699, 0.039958787295415854, 0.5000270340801928, 30706000000, 
0.049290769365300816, 0.1320580333560852, 0.4996158184481924, 30711000000, 
-0.1446645082341482, 0.006007332702660207, 0.4996669643355423, 30716000000, 
-0.05175704196835561, 0.06726415655169493, 0.4999283822736154, 30721000000, 
0.05988334680421565, 0.13456028527604752, 0.49967370022085594, 30726000000, 
-0.15449155680032187, -0.017660797555252284, 0.499481643865504, 30731000000, 
-0.03982463103282263, 0.0432480668325806, 0.4998882573629593, 30736000000, 
0.043800771570503556, 0.14731808069261096, 0.49987255792059004, 30741000000, 
-0.18673799736889282, -0.006822367381918892, 0.49943079485336883, 30746000000, 
-0.033043693999940435, 0.06433519208344012, 0.49968376560418326, 30751000000, 
0.02005694702267665, 0.14972481459788065, 0.4997315641882869, 30756000000, 
-0.1399308918214125, 0.0023382522645853474, 0.4995247144061496, 30761000000, 
-0.03878435497286388, 0.04719689171267319, 0.49976602617339677, 30766000000, 
-0.0272428253718805, 0.07175297849669314, 0.49996245719800425, 30771000000, 
0.30292825045912414, 0.06091018861952088, 0.4998189349999242, 30776000000, 
-0.07099202814708327, 0.05067699508230573, 0.499926172152288, 30781000000, 
-0.02440123603030964, 0.07116180860598413, 0.49966381195133297, 30786000000, 
0.039473647343485886, 0.1379006955988109, 0.49971415198813135, 30791000000, 
-0.17232514155655165, 0.006932426907151611, 0.4998947931544075, 30796000000, 
-0.05059346505031265, 0.07012307455069777, 0.4997117126159459, 30801000000, 
0.3434692901110369, 0.1337546251368846, 0.49967449739676845, 30806000000, 
-0.09665255844309878, 0.023963001404428436, 0.5000350792911472, 30811000000, 
-0.04721848778296862, 0.05253144375217997, 0.49984302540417863, 30816000000, 
0.06264318328023141, 0.13659912479434427, 0.4995830099984083, 30821000000, 
-0.16969391409186743, -0.018195556067456226, 0.49950325285379593, 30826000000, 
-0.040057726993661495, 0.07067670460365784, 0.4998437931087422, 30831000000, 
-0.06869133046770509, 0.08545094646731564, 0.49945322048736474, 30836000000, 
-0.06493901245991238, 0.06621924656196936, 0.4997988405432763, 30841000000, 
-0.06242592361835357, 0.06761408985051619, 0.5000147360451767, 30846000000, 
0.0636548777108615, 0.09823872815036996, 0.5000986530025576, 30851000000, 
-0.1623812691182746, 0.004210184898108951, 0.5001848678383563, 30856000000, 
-0.05005816705175042, 0.09505648490167844, 0.5001344090366574, 30861000000, 
0.031902909569535176, 0.14217190807789548, 0.49932542142554237, 30866000000, 
-0.1708266829071725, -0.02570865470663874, 0.4998576106760315, 30871000000, 
0.2713423470421711, 0.08082308504874117, 0.49975373673991225, 30876000000, 
0.05150774427073995, 0.10338483863241239, 0.49971377661258615, 30881000000, 
-0.15259274687966726, -0.004633067273699809, 0.499696285770725, 30886000000, 
-0.05924288433112894, 0.07958813327386506, 0.5003116219600501, 30891000000, 
0.05507726715835126, 0.11990339969560007, 0.50019316199645, 30896000000, 
-0.15631040955598868, -0.002411110630220016, 0.49942983560887866, 30901000000, 
-0.04008853015303817, 0.08584914449879083, 0.5002051482625872, 30906000000, 
0.3869544567963259, 0.12042884591369223, 0.4997249904004749, 30911000000, 
-0.18048586235041217, 0.038058576423427505, 0.4999531619544231, 30916000000, 
-0.03299194408424331, 0.09045302651512979, 0.4997029714812582, 30921000000, 
0.04381028613691541, 0.12605197455599626, 0.4999546335295347, 30926000000, 
-0.16959931321495555, 0.025979910065510117, 0.4995642793085629, 30931000000, 
-0.0422311197086807, 0.10932665193886554, 0.49971039172033, 30936000000, 
-0.05962310571460741, 0.09206232516852414, 0.4999404210817487, 30941000000, 
0.21957229938775816, 0.06806716805517678, 0.5000548619872528, 30946000000, 
-0.04979458658148766, 0.07352471439686928, 0.49982788178601506, 30951000000, 
0.0539264896030419, 0.13980354035537795, 0.49970625605953917, 30956000000, 
-0.21453662074048468, -0.023561613045761716, 0.4999588205156524, 30961000000, 
-0.036069519790193474, 0.06962508092735896, 0.4998989180206597, 30966000000, 
0.06037899540128255, 0.15400397415371805, 0.499640037539295, 30971000000, 
-0.1407982906903447, 0.026047687358363866, 0.49950567514356736, 30976000000, 
-0.032320181896892314, 0.09844417733217553, 0.49979877856392146, 30981000000, 
0.06683929264260949, 0.15159410321220912, 0.4996311649652695, 30986000000, 
-0.15239716381561702, -0.02130712725544214, 0.4998891644760877, 30991000000, 
-0.07870901746848546, 0.06748307415258008, 0.5000979668246308, 30996000000, 
0.06182905137030183, 0.16751610357844166, 0.49998957741215433, 31001000000, 
-0.149628936091459, 0.004754946836563814, 0.4997750560793639, 31006000000, 
0.29546597309684713, 0.07150523395737636, 0.4995956779623917, 31011000000, 
-0.017491297523137172, 0.07512541740559055, 0.49944381975756014, 31016000000, 
-0.09898905300299059, 0.0745581347087966, 0.4997882264357806, 31021000000, 
0.043384721320877666, 0.1510353316020273, 0.4998122548690467, 31026000000, 
-0.1341545144521259, -0.005618530666562873, 0.49976039524784993, 31031000000, 
-0.031715524186350874, 0.08084296689774768, 0.49992018095867674, 31036000000, 
0.04924123774579983, 0.15617250363015117, 0.4999391622449042, 31041000000, 
0.15451185490476907, -0.007297818624034549, 0.4999541768532344, 31046000000, 
-0.07136887519601567, 0.05318206183994234, 0.5001916826935852, 31051000000, 
0.0807112973898301, 0.18322376656065592, 0.499919267247186, 31056000000, 
-0.20481829068615282, -0.022689344866192136, 0.49995480800025066, 31061000000, 
-0.03157559821492702, 0.0807111889687698, 0.49999102597840056, 31066000000, 
0.05483500131093452, 0.17343881128355915, 0.49966326806523537, 31071000000, 
-0.17003533009691824, -0.007530371617137402, 0.4999719910645774, 31076000000, 
-0.04738443302135267, 0.09092712499768188, 0.4999437764837115, 31081000000, 
0.01959141071456602, 0.17123893903171583, 0.49968627424189094, 31086000000, 
-0.16946034896576612, -0.012653178651099129, 0.4998821846378866, 31091000000, 
-0.05171796292392334, 0.05991037104198816, 0.4996928515392487, 31096000000, 
-0.044928848656224804, 0.06727239533536172, 0.49945170883616746, 31101000000, 
-0.05773238331306233, 0.062421243160304236, 0.49965673777568986, 31106000000, 
-0.05672672238580736, 0.06934432212122164, 0.4998984555722591, 31111000000, 
0.2699498021933016, 0.0755028130993567, 0.49993204775627675, 31116000000, 
-0.11224775955155977, 0.08061106136686211, 0.5000935695944145, 31121000000, 
0.021481025266377463, 0.11748868597541853, 0.49970582319273205, 31126000000, 
-0.1614123270985041, -0.01964025898225233, 0.4995620880943173, 31131000000, 
-0.052674294929047745, 0.10005952935589033, 0.4996619373816285, 31136000000, 
0.06428025888847629, 0.15084512582399462, 0.49963290081737166, 31141000000, 
0.12548954824885755, 0.005720025971690076, 0.4998301877751315, 31146000000, 
0.018612171703392893, 0.1158490732059138, 0.5000936685388037, 31151000000, 
0.07526464986923742, 0.14051638135765793, 0.49965916190000426, 31156000000, 
-0.16754366060658915, 0.009954177439810499, 0.499549563531198, 31161000000, 
-0.03658842568855638, 0.08416839182996524, 0.4995931274455193, 31166000000, 
0.06937519624784755, 0.14923504615945526, 0.49992756257724824, 31171000000, 
-0.18974905647983503, 0.0003203396741840968, 0.499712362206053, 31176000000, 
-0.06855175094465782, 0.09290299232810083, 0.49960638280672454, 31181000000, 
0.06497222355739848, 0.14307623363517893, 0.4996958991602784, 31186000000, 
-0.162315906628618, 0.040914326034964664, 0.49979659007096316, 31191000000, 
-0.05281924297076839, 0.07515446476265815, 0.49963286380353233, 31196000000, 
0.04264974885732885, 0.15092017600857843, 0.4997659106016596, 31201000000, 
-0.18859676718092971, -0.028931295307222524, 0.499837491164236, 31206000000, 
-0.07488723676117164, 0.07360268149935245, 0.4997432961252904, 31211000000, 
0.4664076005785896, 0.1716685458690259, 0.5000607590174845, 31216000000, 
-0.12958560945626468, 0.009977931692652715, 0.49985103210882126, 31221000000, 
-0.041205513209100125, 0.07373187814481959, 0.4998004792228488, 31226000000, 
0.06618638313739912, 0.15885248450328748, 0.5001719378289363, 31231000000, 
-0.19069910479527932, -0.010564341565700554, 0.49980557179279617, 31236000000, 
-0.051511065100134264, 0.07484511246916735, 0.499739239808868, 31241000000, 
0.042211222962855975, 0.16752151331446333, 0.49991349298664467, 31246000000, 
0.15664944844376394, 0.0217762328764804, 0.5001404782396688, 31251000000, 
-0.042282497795812286, 0.07699504038702555, 0.5001674196731067, 31256000000, 
0.09960724426604775, 0.16728685233894203, 0.5001603255260233, 31261000000, 
-0.18463069346097902, -0.010854165009470264, 0.499031547626676, 31266000000, 
-0.039557826140013956, 0.0991402056806081, 0.500083195324612, 31271000000, 
0.07131783635325996, 0.17898354118180992, 0.49970418717806186, 31276000000, 
-0.17147746256864696, -0.002492493335620058, 0.4996618346702732, 31281000000, 
0.28362117330861514, 0.091642303816663, 0.5000171021127372, 31286000000, 
0.03056195593377409, 0.1347827136813227, 0.5000367234331837, 31291000000, 
-0.1615792386028312, -0.02773620401242914, 0.49953649696042146, 31296000000, 
-0.0792098792590349, 0.11591269550653135, 0.49963204246500076, 31301000000, 
0.07741266815895849, 0.16150715539036714, 0.49959670037893383, 31306000000, 
-0.14638716757403916, 0.01524522081163582, 0.49931377783075326, 31311000000, 
-0.04083145506581351, 0.08502324817842999, 0.4998343189342469, 31316000000, 
-0.061463562442870864, 0.07649752253629176, 0.5001822842761534, 31321000000, 
-0.037334631043171106, 0.07189815450356796, 0.49983457932419256, 31326000000, 
-0.07138130049676582, 0.0746297312455916, 0.4997970080389163, 31331000000, 
-0.06307034163510224, 0.07362700452182318, 0.49980435419906233, 31336000000, 
-0.05688205155404288, 0.09450919142638944, 0.5000036511446168, 31341000000, 
-0.04291553655636184, 0.1000187845953985, 0.500217646803217, 31346000000, 
0.38334921382590137, 0.12855330584159072, 0.5001216844494542, 31351000000, 
-0.17984352425168415, -0.0006357349882297088, 0.5001865140347075, 31356000000, 
-0.03881299011955437, 0.09155886910366809, 0.4996910243648423, 31361000000, 
-0.040365831871281385, 0.08740317347624682, 0.49989544197888564, 31366000000, 
-0.07046068395003291, 0.05644160209358022, 0.5000627417697792, 31371000000, 
-0.06122641722065294, 0.07619843148136679, 0.5000245833739982, 31376000000, 
0.045025466635302026, 0.15680925549439517, 0.4996785989633737, 31381000000, 
0.14128255952828658, -0.017158891593676426, 0.49969678643134985, 31386000000, 
-0.03074174891657434, 0.0757583909869541, 0.4997544643529781, 31391000000, 
0.07480527045379104, 0.16450453859437972, 0.4997591363287588, 31396000000, 
-0.18106854929188052, 0.009949908200074227, 0.49971397936857875, 31401000000, 
-0.02891894059386968, 0.08991885103129231, 0.5000037217963101, 31406000000, 
0.03861287171383285, 0.1669098373929822, 0.49973390505262827, 31411000000, 
-0.18676234714428727, -0.008115855486446057, 0.49990605961146034, 31416000000, 
-0.044543077393344004, 0.11395231644807362, 0.49974006128768284, 31421000000, 
0.07003422798196779, 0.1751253630417961, 0.49993728124940146, 31426000000, 
-0.11958241642058753, 0.0033012237108027455, 0.49965944540600143, 31431000000, 
-0.04308792100991251, 0.11560075577739454, 0.4999019195303082, 31436000000, 
0.043796159863113394, 0.16836736722388507, 0.4995269682269862, 31441000000, 
-0.15140928553990912, 0.00432605823934816, 0.49973340999523425, 31446000000, 
-0.05019813348993715, 0.06508656844661805, 0.5001227747416327, 31451000000, 
0.5119746422482258, 0.21339071477893254, 0.4998342863562433, 31456000000, 
-0.18733026354132995, -0.030267216617561463, 0.5001154275455127, 31461000000, 
-0.022086828918527958, 0.08313434019150619, 0.49984392163617386, 31466000000, 
0.04706432845844612, 0.1416908329876493, 0.4998542111936233, 31471000000, 
-0.2086184775318133, -0.0341999135532136, 0.49965479226317455, 31476000000, 
-0.08009609168801406, 0.06694036572396536, 0.4999506738089664, 31481000000, 
0.3110258676257453, 0.1942108474245166, 0.4995829342127497, 31486000000, 
-0.1257002613883288, 0.02140515313570682, 0.5000268686003213, 31491000000, 
-0.06247245985405752, 0.10094962960493595, 0.49991335957924576, 31496000000, 
0.030813070469576827, 0.15745534812033068, 0.4994627306419882, 31501000000, 
-0.15281383269710447, 0.015107833873473153, 0.49986646680801655, 31506000000, 
-0.03769482668083818, 0.10429418245370226, 0.4997929131386172, 31511000000, 
0.05602258827806532, 0.15739609688038503, 0.49946934952852, 31516000000, 
0.16425988862928823, -0.029255244657183706, 0.49967113087838255, 31521000000, 
-0.05146819914179624, 0.09562232172793796, 0.5001253884133307, 31526000000, 
0.05300461541742855, 0.17906583683874183, 0.4995989996022049, 31531000000, 
-0.1432668266636745, 0.026617643607349237, 0.49936561596087436, 31537000000, 
-0.06259373399481664, 0.0719034944181855, 0.5001425326197012, 31542000000, 
0.08834987167843686, 0.15911467853771952, 0.49990671052631563, 31547000000, 
-0.20642538610261588, -0.03611672786435353, 0.4997716080557723, 31552000000, 
-0.06499422730271875, 0.07702355706208625, 0.49978947648478056, 31557000000, 
0.051335677813027177, 0.19222700877224214, 0.49966291851507216, 31562000000, 
-0.18147639653532177, -0.006370433388674917, 0.49999689036447786, 31567000000, 
-0.0525167701747955, 0.0958755509882535, 0.49986418321458564, 31572000000, 
0.09063865559075368, 0.1847849750610073, 0.5000114081639695, 31577000000, 
-0.1672737372234172, -0.010974435230944858, 0.49971977432045656, 31582000000, 
-0.06850745533251777, 0.08384335704508356, 0.4999856495656998, 31587000000, 
0.37123302374192985, 0.1677820251572592, 0.499896651408449, 31592000000, 
-0.1558155922341985, -0.018914118916101938, 0.49974195545681993, 31597000000, 
-0.029549946593133977, 0.0730822108299817, 0.49980493986174085, 31602000000, 
0.04571243669295546, 0.15811845099873784, 0.49983062267602474, 31607000000, 
-0.1106353465519045, 0.03701216327077586, 0.4997730278347187, 31614000000, 
0.004288569698120338, 0.15970301407743048, 0.49962488971637337, 31619000000, 
0.16603872471067083, 0.0015816503747233261, 0.5000281781429098, 31624000000, 
-0.07195333215828065, 0.1102021309226588, 0.5001767972243087, 31629000000, 
0.06187531182103807, 0.17211270397778844, 0.4998045081945914, 31634000000, 
-0.148795285666611, 0.006754376512142587, 0.4992935334850615, 31639000000, 
-0.04176251583011918, 0.08927980113143119, 0.4994109792451595, 31644000000, 
0.03740425406837087, 0.17633809818063328, 0.499696073018835, 31649000000, 
-0.17554623219499985, 0.009854417438089826, 0.49983192535562976, 31654000000, 
-0.057044846537807246, 0.06691114411138481, 0.4999980968952224, 31659000000, 
0.04184897211652393, 0.19953022596177328, 0.5002226495104579, 31664000000, 
-0.14060510016842775, 0.015518218589301101, 0.4994702638169699, 31669000000, 
-0.035929516022769545, 0.094892571805073, 0.4998617332288751, 31674000000, 
0.07332843012451777, 0.16851392733444082, 0.49963924801604365, 31679000000, 
-0.150191425049817, -0.019666354898484617, 0.4996682345009714, 31684000000, 
-0.050872268659245976, 0.061954059001079996, 0.5000611628066344, 31689000000, 
0.385309031455186, 0.18152347174480477, 0.4995453596704885, 31694000000, 
-0.16878185914012386, -0.007338553581306908, 0.49975742875706153, 31699000000, 
-0.057967718576711666, 0.1097678606457861, 0.5001820614421814, 31704000000, 
0.05569862572581601, 0.1593879045509516, 0.49962967319326, 31709000000, 
-0.15577078293075147, -0.017849018429911663, 0.4994741322447479, 31714000000, 
-0.04738383620377988, 0.11495441233971213, 0.49975927266606546, 31719000000, 
0.36327182419265497, 0.17977584126540727, 0.4995910549314626, 31724000000, 
-0.11718751929761519, 0.005918430685542871, 0.5000187020275734, 31729000000, 
-0.02859283246744141, 0.12661170252894377, 0.5003557442808612, 31734000000, 
0.07350979174498262, 0.19357699735430872, 0.5001097172675975, 31739000000, 
-0.19132761412158028, 0.003279543284226385, 0.4996144454066201, 31744000000, 
-0.04675326694387927, 0.08650823485168549, 0.49980545162605194, 31749000000, 
0.06851613867130164, 0.1991484304238018, 0.49969165445403296, 31754000000, 
-0.17820306450402565, -0.00614214897565044, 0.49972129665625614, 31759000000, 
-0.05015881455168297, 0.0963740035687837, 0.4994810963371389, 31764000000, 
0.06526260159574764, 0.19789156621067114, 0.4993520487278922, 31769000000, 
-0.15481594390774533, 0.0005028260321472359, 0.5003468531316234, 31774000000, 
-0.04812197184503613, 0.08510769879268583, 0.4999464555440194, 31779000000, 
0.04911860532567448, 0.18044438122906878, 0.4995195578160304, 31784000000, 
-0.15937457535764882, -0.018185943192542752, 0.5002058816067948, 31789000000, 
0.28558416391193286, 0.09988492406427155, 0.5004572322336232, 31794000000, 
-0.080037962867927, 0.06952038255511399, 0.4995331372939117, 31800000000, 
-0.06314518609672459, 0.09288339870446916, 0.5003874752934179, 31805000000, 
0.052016273464414266, 0.20342219259289535, 0.5001080100295897, 31810000000, 
-0.15929180622245878, -0.02009249322787826, 0.4999946340730341, 31815000000, 
-0.07376237599942825, 0.09799144418544992, 0.5001514810707952, 31820000000, 
0.04670952409586059, 0.15989335026638285, 0.49995930392787385, 31825000000, 
0.15556075698215377, -0.013602604833544073, 0.4996932517230598, 31830000000, 
-0.03504840587910277, 0.0873450378360987, 0.5001569413457486, 31835000000, 
0.062032241729077855, 0.18903585640889403, 0.49995224001567257, 31840000000, 
-0.13845808509743396, 0.017797440497103224, 0.49984927944933694, 31845000000, 
-0.03796514412177521, 0.08302507084435444, 0.4997466054605497, 31850000000, 
0.06399537542367262, 0.19557099597294908, 0.5000209950816121, 31855000000, 
-0.17124828197028183, 0.0033663247662810555, 0.5000771278912883, 31860000000, 
-0.07144038074346187, 0.09076923280129316, 0.5001220009349491, 31865000000, 
0.03637525303027809, 0.1809423085920693, 0.4994866624375303, 31870000000, 
-0.1567262611448592, 0.00014439977889916904, 0.49978710444821267, 31875000000, 
-0.050019703382216035, 0.11323788712682586, 0.49979038782029667, 31880000000, 
0.009095476481134308, 0.1829265931436132, 0.4995779539372961, 31885000000, 
-0.11034815184726682, -0.03148046989211707, 0.4996835377520104, 31890000000, 
0.26535151125911094, 0.0844179973029757, 0.4998868250955903, 31895000000, 
0.03373186274669487, 0.18653555600825444, 0.49981572039200833, 31900000000, 
-0.15434791185786848, -0.023163134806275895, 0.4994035984152638, 31905000000, 
-0.04260987270734412, 0.10941165026019388, 0.5001381962866729, 31910000000, 
0.06020157303486866, 0.1822031509800678, 0.4993576767208564, 31915000000, 
-0.1609656408661284, 0.0032936554195491267, 0.4997575724344452, 31920000000, 
-0.06409233060086912, 0.09089706027746045, 0.49964741485321756, 31925000000, 
0.5040628574001436, 0.20950049658104414, 0.4997804746742734, 31930000000, 
-0.17779996545054455, 0.01691747131474445, 0.49945977935489433, 31935000000, 
-0.032189473640519876, 0.08640047152176755, 0.49957296969771614, 31940000000, 
0.03886345561722858, 0.20538889323259663, 0.500079439530861, 31945000000, 
-0.1594299190379597, -0.007181111592757469, 0.49971274435112395, 31950000000, 
-0.03868433758065771, 0.08898276973668737, 0.49960376809224555, 31955000000, 
0.056578476285351995, 0.20685917316520025, 0.5001924912197141, 31960000000, 
0.1749558009309257, 0.006281012927206316, 0.4996502468910449, 31965000000, 
-0.05508010331874887, 0.10144262891692958, 0.49965566912929626, 31970000000, 
0.07158735816871997, 0.19499617474016662, 0.5001321445146473, 31975000000, 
-0.1456746494280157, 0.004459411145190105, 0.4996344897625823, 31980000000, 
-0.035921768522502236, 0.1283032708756907, 0.5000864044211963, 31985000000, 
-0.08269663507669942, 0.10967339506392587, 0.49982403945456705, 31990000000, 
-0.032744458066389676, 0.09668261819762011, 0.49971238406589014, 31995000000, 
-0.10267386366656032, 0.0649091028635048, 0.5000195836493296, 32000000000, 
-0.03878735937428157, 0.10715205453193469, 0.4999082477443713, 32005000000, 
-0.02603973378442881, 0.08785607535351726, 0.5000021398500851, 32010000000, 
-0.0471014476480173, 0.11089164611859775, 0.4999080726212228, 32015000000, 
-0.04837913767786456, 0.09084695036368043, 0.4997448409042819, 32020000000, 
0.03143698690359667, 0.1924954516689669, 0.49994438269042285, 32025000000, 
0.08692732814019241, 0.0012194099600546376, 0.4998638097579513, 32030000000, 
0.024515559685463865, 0.10182163566323843, 0.4999574663668979, 32035000000, 
0.03862160330811834, 0.16974901541471704, 0.4998781915393417, 32040000000, 
-0.21087680872533024, -0.024096544342699422, 0.49953858556344666, 32045000000, 
-0.045666734813306596, 0.09925371152127152, 0.4995767208201602, 32050000000, 
0.05214742498332918, 0.23169881752819557, 0.4998013519156076, 32055000000, 
-0.1490126669597544, -0.0011500977474801118, 0.4998815429786872, 32060000000, 
0.2541805565955764, 0.15585066728961244, 0.49987656964154353, 32065000000, 
0.09624372172139686, 0.1851306615340245, 0.4995141894290241, 32070000000, 
-0.22121027689540299, -0.03520066596074128, 0.4994195580836139, 32075000000, 
-0.058370127493204076, 0.10562393019869953, 0.49977235805431147, 32080000000, 
0.04736000573814995, 0.19763936600449233, 0.5004465537568556, 32085000000, 
-0.15867382421928866, -0.015309013862785006, 0.4994868935722812, 32090000000, 
-0.03984587465173933, 0.09483033738042142, 0.5001143499777599, 32095000000, 
-0.03798835181797124, 0.08765594994983025, 0.4996668999423688, 32100000000, 
-0.06717862795810821, 0.10426326952930896, 0.5001148262561634, 32105000000, 
-0.09275094494592466, 0.1087047265876828, 0.5001010952174801, 32110000000, 
-0.059150946740204866, 0.09013182889319049, 0.49990039167785705, 32115000000, 
0.02730274228089075, 0.16725559489718572, 0.5000068526035311, 32120000000, 
-0.1375183092750909, -0.02948012313373549, 0.49996071081469595, 32125000000, 
-0.06763633243303434, 0.0735835269382443, 0.49996565605768506, 32130000000, 
0.39755304776171285, 0.1904707471703898, 0.499689916017187, 32135000000, 
-0.17760641411261865, -0.006031460725724748, 0.4998424619841857, 32140000000, 
-0.08461315864843486, 0.10525623364411803, 0.5000702117203617, 32145000000, 
0.06796883398416045, 0.16810452521043262, 0.50009168273143, 32150000000, 
-0.17320104273311535, -0.021047856743285163, 0.4996120029935436, 32155000000, 
-0.03507340574045076, 0.10622757976139374, 0.5001646212246023, 32160000000, 
0.06731227182921778, 0.2142742082734571, 0.4998249525002468, 32165000000, 
0.14715141844832355, -0.0026585247409272057, 0.5001699682196674, 32170000000, 
-0.04868661426689838, 0.08672215432661506, 0.50013395329123, 32175000000, 
0.08468571002039518, 0.20055160491171006, 0.5000457872075496, 32180000000, 
-0.178291704617142, 0.010039420583518185, 0.4998969504995629, 32185000000, 
-0.04722779549626789, 0.09625652559001845, 0.5000185538576767, 32190000000, 
0.03547990464184625, 0.1811156182018939, 0.49969642033054584, 32195000000, 
0.08902124157064424, 0.036671324140836105, 0.49988456145346616, 32202000000, 
-0.07113645158428356, 0.09084778098395178, 0.5000438733396494, 32207000000, 
0.08609353587014498, 0.18054069434495726, 0.5000154667095235, 32212000000, 
-0.17536498520099916, -0.04139834067109792, 0.49983952638524176, 32217000000, 
-0.04526274945845957, 0.09505860573852687, 0.5002521237153592, 32222000000, 
0.06266307259378795, 0.21677986713890998, 0.4996559175254078, 32227000000, 
-0.17135817151997534, -0.029688964374227453, 0.49967901693822236, 32232000000, 
-0.04422828664022395, 0.10368397813229592, 0.4996188764839803, 32237000000, 
0.05815399531600333, 0.22385000132438088, 0.4994520436235789, 32242000000, 
-0.1836730895698888, 0.006993700591460039, 0.49998519261216234, 32247000000, 
-0.06859348598501808, 0.11909473051002688, 0.4999761385978589, 32252000000, 
0.06514479394020721, 0.22179336059555935, 0.49979124662341445, 32257000000, 
-0.18103148032747998, -0.015589766354029526, 0.49959466013905496, 32262000000, 
-0.04369211275659689, 0.12290381049074897, 0.5000465315579279, 32267000000, 
0.3786441715210232, 0.22186956987484172, 0.49969231568770694, 32272000000, 
-0.1892097469910701, -0.032988373427344966, 0.49967173726673253, 32277000000, 
-0.041865691271424886, 0.12593301616233454, 0.49982554507281013, 32282000000, 
0.08112055861084849, 0.20546062441103366, 0.5000752303584679, 32287000000, 
-0.18018884540331448, -0.0012610151663175369, 0.4999667792384411, 32292000000, 
-0.029059795176278234, 0.12706442818131117, 0.5002875858583129, 32297000000, 
0.3178235495094288, 0.19458756670391167, 0.4995563437307062, 32302000000, 
-0.11733309008526983, -0.003940001774539308, 0.4994508800225982, 32307000000, 
-0.061832654802809764, 0.10394944002488118, 0.4997022148169161, 32312000000, 
0.03997187769710354, 0.2297171638564466, 0.499841519548375, 32317000000, 
-0.18031856983826933, -0.03055628372515143, 0.49969542991014215, 32322000000, 
-0.07132550275413435, 0.09790513657497135, 0.5000922331151647, 32327000000, 
0.04137885910737057, 0.24885819393998115, 0.49995030950008995, 32332000000, 
-0.18378852809953206, 0.008590793068098443, 0.49946711363275326, 32337000000, 
-0.029397531845563558, 0.11001796316265595, 0.4999971515183494, 32342000000, 
0.06621812257556856, 0.24659173789285826, 0.49989007844099737, 32347000000, 
-0.16516782990198126, -0.005751533841517942, 0.49975995202793205, 32352000000, 
-0.01774535153258533, 0.08632732648289207, 0.5004149073615951, 32357000000, 
0.05310574728739118, 0.18538895772692293, 0.49956418303701067, 32362000000, 
-0.17633891523630082, -0.03205561898194348, 0.5000202880112002, 32367000000, 
0.27634285485605126, 0.12366362780568851, 0.500218936563022, 32372000000, 
0.08371804076565233, 0.25871553700607913, 0.4996880876263546, 32377000000, 
-0.171456009893649, 0.001955622379388204, 0.5000476928454702, 32382000000, 
-0.021844914950917543, 0.13946668820566724, 0.4998666401521454, 32387000000, 
0.02913525131293778, 0.20167433422522213, 0.4998388084504161, 32392000000, 
-0.16098192316292068, -0.03120953226851022, 0.4995002259609944, 32397000000, 
-0.05917603596919927, 0.11528457054102159, 0.49992345335586424, 32402000000, 
0.40360066503783715, 0.21818446177115797, 0.49969464854711315, 32407000000, 
-0.1940758315381188, -0.017726855251384555, 0.49989017989165074, 32412000000, 
-0.07035546711331025, 0.10789448274091289, 0.5001036053846558, 32417000000, 
0.09841346394548886, 0.24922740452914235, 0.49961386722446716, 32422000000, 
-0.1776197115544064, -0.04010556535717194, 0.4999470930947507, 32427000000, 
-0.03859919507850669, 0.09241826341938988, 0.49972067146347937, 32432000000, 
0.05654776290600521, 0.2183555918242819, 0.49995769810440077, 32437000000, 
0.15431460285116913, -0.03078859043881723, 0.5001231116005168, 32442000000, 
-0.04428579945436416, 0.09540622147134054, 0.4997184434413917, 32447000000, 
0.04488896058000208, 0.2218217680282367, 0.49962240139209413, 32452000000, 
-0.18966353664386124, -0.011681232360454133, 0.500211214313728, 32457000000, 
-0.025190855599923706, 0.11879337699899457, 0.4999749322738656, 32462000000, 
-0.012369600278460423, 0.17914710029400524, 0.5003389610566815, 32467000000, 
-0.17755020911665795, -0.011122112413098746, 0.4999070741100355, 32472000000, 
0.0009101001587613483, 0.10400720286920559, 0.5000017988281091, 32477000000, 
0.06756650831449257, 0.21462238564931369, 0.499981751820132, 32482000000, 
-0.1228055360680221, -0.023554021889204167, 0.4999018588124832, 32487000000, 
-0.0550554252334243, 0.13319674154093802, 0.49972235605490817, 32492000000, 
0.028587519089746414, 0.2154388239678365, 0.4999487926243512, 32497000000, 
-0.13320924679499163, 0.006793534111716033, 0.49979014652492465, 32503000000, 
0.352767696995555, 0.11915081139806857, 0.49997293909185947, 32508000000, 
0.01055601674815572, 0.2044021877726346, 0.499764289647227, 32513000000, 
-0.12199658692274123, 0.001856037034385593, 0.5001419930059683, 32518000000, 
-0.06270407657102689, 0.10094191983330744, 0.5001267958737753, 32523000000, 
0.040881267231152374, 0.23113717883081664, 0.4998767586769114, 32528000000, 
-0.14540766950363843, -0.0027431475799665947, 0.49983483238726323, 32533000000, 
-0.02324454101728177, 0.11222586294392924, 0.49933762622162986, 32538000000, 
0.2563635853626227, 0.08525774728779828, 0.5002072594530403, 32543000000, 
-0.0561899871941383, 0.13300998284765003, 0.499843728877218, 32548000000, 
-0.1035086236899607, 0.13930349153737884, 0.4998797639389324, 32553000000, 
-0.07394240197694048, 0.09504336769852612, 0.4994995262736218, 32558000000, 
0.03702901562830763, 0.1938350401379082, 0.49952140068672335, 32563000000, 
-0.17423150440295843, -0.0017861151928308932, 0.5000222045437375, 32568000000, 
-0.04062114060331874, 0.1180873304692689, 0.4998168941209317, 32573000000, 
0.04322315665488368, 0.179560348307999, 0.49983498079154043, 32578000000, 
-0.16363255671645455, 0.01385176433495413, 0.49958867499288956, 32583000000, 
-0.02180504054791996, 0.13379831602553938, 0.49994242356004925, 32588000000, 
0.052893156784016376, 0.22640206563466794, 0.4994890467699332, 32593000000, 
-0.17580678118080445, -0.02063139089566792, 0.4997809579766498, 32598000000, 
0.03786469848479587, 0.22179079933622753, 0.5000878870319918, 32603000000, 
0.14735782323975002, -0.0004558233338395031, 0.50004051885776, 32608000000, 
-0.003917209488818329, 0.12215228865251412, 0.4995184956512625, 32613000000, 
0.06654251009308927, 0.2104429618473058, 0.4999938160011574, 32618000000, 
-0.18073832001527337, 0.011860830344131542, 0.49957301865856407, 32623000000, 
-0.0855550380302042, 0.12750364089754693, 0.5001304783212782, 32628000000, 
0.06316481482677398, 0.23922340396582062, 0.4995232066399235, 32633000000, 
-0.147635593614578, -0.027946178799565992, 0.499899762207482, 32638000000, 
0.27266315732624685, 0.08104195904885861, 0.49989733137388503, 32643000000, 
0.05859662788486036, 0.20335495246882068, 0.49989356478106023, 32648000000, 
-0.16203824068199163, -0.03904555347080173, 0.49970682346455964, 32653000000, 
-0.0693752149858807, 0.13573873583809948, 0.4998046711615258, 32658000000, 
0.1051385474217016, 0.2339769788951735, 0.4999395440300271, 32663000000, 
-0.1722841842195893, -0.0111622054042375, 0.49989765692249566, 32668000000, 
-0.059251509716949924, 0.11100068429847555, 0.4999440237934615, 32673000000, 
0.06330131951590152, 0.25068584606616595, 0.49983450112645966, 32678000000, 
-0.17483684131867655, 0.016784134257931717, 0.4998897242831224, 32683000000, 
-0.04493620888475461, 0.08971134319407498, 0.5000171436047943, 32688000000, 
0.04042057386807257, 0.21530327737475224, 0.500045755515404, 32693000000, 
-0.16028829218725008, -0.018647807091749867, 0.4998745910008572, 32698000000, 
-0.05240312597954826, 0.09760804834387765, 0.5001380384545487, 32703000000, 
0.039000022826187364, 0.20753579794712645, 0.5004281643015073, 32708000000, 
0.2114363617567826, -0.0061093820896827725, 0.49991294760671084, 32713000000, 
-0.0321459519433521, 0.12047338391245078, 0.4999943234123769, 32718000000, 
0.07488892586228996, 0.22515477796267896, 0.49964159625994664, 32723000000, 
-0.17465189170379522, 0.0034016154683191475, 0.49945630850254596, 32728000000, 
-0.06410814622819089, 0.1633923196935456, 0.5001583915765198, 32733000000, 
0.07188820328836687, 0.25970734756097713, 0.4995929133462335, 32738000000, 
-0.1463246572486335, 0.025966952449160557, 0.49958501504603475, 32743000000, 
0.2637710477472068, 0.08832853569079449, 0.49992670877595446, 32748000000, 
0.0941173487743903, 0.2368161417504679, 0.5001747993090742, 32753000000, 
-0.16502868185275568, -0.018099680639645954, 0.4995748331902586, 32758000000, 
-0.05957822636764388, 0.1099029918729512, 0.4998141699858214, 32763000000, 
0.05378462454681775, 0.19506012435085557, 0.4998051496404579, 32768000000, 
-0.1355916923598106, 0.029277632970768037, 0.49994442961584074, 32774000000, 
0.33142025867761143, 0.1348167964218298, 0.5001595614690413, 32779000000, 
0.09935987015300117, 0.26556155241937174, 0.49997062935142195, 32784000000, 
-0.1824152661447047, -0.006747312065299733, 0.5000058480075082, 32789000000, 
-0.05543596951929573, 0.12223253979253133, 0.4998225829800798, 32794000000, 
0.05286666903792958, 0.24785993039656684, 0.5000884277954822, 32799000000, 
-0.18403357562890169, -0.034314550361748006, 0.49989767727697193, 32804000000, 
-0.03320279650967723, 0.1334895879634692, 0.5005801640317625, 32809000000, 
0.09355012724784371, 0.3066499369214319, 0.4994142746629639, 32814000000, 
-0.17697365983944652, -0.027420939391661566, 0.49993025983894757, 32819000000, 
-0.04401679966853967, 0.13658015447070232, 0.5002127325782583, 32824000000, 
0.058459025307963396, 0.24144838887991, 0.49985251174561957, 32829000000, 
-0.16620007039271378, -0.005524216361001241, 0.49955611116888915, 32834000000, 
-0.056494313032914925, 0.15158824718403624, 0.4999473199034504, 32839000000, 
-0.05404493701095667, 0.09386375935194419, 0.49982659920425027, 32844000000, 
0.23159999212194482, 0.09398462571279415, 0.4996502477399641, 32849000000, 
-0.07487916751535503, 0.1111252876306898, 0.4999125820562126, 32854000000, 
0.032559418283562735, 0.25294704185921196, 0.49954022484276095, 32859000000, 
-0.17354262779781324, 0.0002453790626488518, 0.5000375732419181, 32864000000, 
-0.05103044014410124, 0.12955164700109792, 0.5004770104758207, 32869000000, 
0.06774176301932516, 0.2579569011321184, 0.49954963265524016, 32874000000, 
-0.18060035895333848, -0.01865846635325496, 0.4998148617285937, 32879000000, 
0.2633879876091369, 0.1402312111965504, 0.5001101000013012, 32884000000, 
0.08968311304330118, 0.2647119438876717, 0.5000049411330472, 32889000000, 
-0.18876122722767383, -0.033175341836471126, 0.49997632021504557, 32894000000, 
-0.06576993648062855, 0.1398033862478348, 0.49994225009766996, 32899000000, 
0.05341187636747863, 0.2257505311261041, 0.49981788588405013, 32904000000, 
-0.15450277219082081, -0.03361926918363212, 0.4994518349602818, 32909000000, 
-0.05295657482521891, 0.134183296616072, 0.5001828025609264, 32915000000, 
0.04705992384784258, 0.2772502813974674, 0.4996619712347784, 32920000000, 
-0.18446874794006196, -0.001518087283894451, 0.4998026902047215, 32925000000, 
-0.04631028405511188, 0.12524317003052515, 0.4999651935757958, 32930000000, 
0.023444611381494427, 0.22438933143751003, 0.5001169775010801, 32935000000, 
-0.15038926337883682, 0.01856508352848679, 0.5002450356867749, 32940000000, 
-0.044668650822929645, 0.1069870269637139, 0.49965897917461927, 32945000000, 
0.3746102720179681, 0.22414533378183632, 0.5001600403937431, 32950000000, 
-0.16466283307934873, -0.036487249928116416, 0.4996577489601858, 32955000000, 
-0.05415950268409768, 0.1541522044393373, 0.5002301604375086, 32960000000, 
-0.06666689131162452, 0.15602065714265223, 0.49993042801673454, 32965000000, 
-0.08677454873511334, 0.13955986774023368, 0.4998494765565374, 32970000000, 
-0.05866879721731513, 0.09746583966781672, 0.5003573911323511, 32975000000, 
-0.029856952936550357, 0.1241789543293253, 0.4997260801666841, 32980000000, 
0.39599783259618465, 0.23343958500784545, 0.49942042953995563, 32985000000, 
-0.17923943783345014, -0.030082755994276768, 0.5000929749875924, 32990000000, 
-0.03490141807505305, 0.16191671812096717, 0.49994142059704383, 32995000000, 
0.05565698042111672, 0.2534024171218283, 0.4996790797883066, 33000000000, 
-0.1686743550386707, -0.021789075708014978, 0.5000027067341815, 33005000000, 
-0.04532786696522042, 0.13279481602204635, 0.5002632597445675, 33010000000, 
-0.06401444990619672, 0.12074663549057377, 0.49958687947010344, 33019000000, 
-0.10013160823499259, 0.11690445452541623, 0.49975791378225176, 33024000000, 
-0.03049365568721944, 0.11098523766052258, 0.49969090223956825, 33029000000, 
-0.06433825384001798, 0.12340053702428941, 0.499527237962806, 33034000000, 
-0.07799587595838257, 0.09054443304719612, 0.49999553682264164, 33039000000, 
-0.06904936821482882, 0.14489314695437855, 0.5000103084772591, 33044000000, 
0.030447288864449487, 0.2523166903248975, 0.49984769882022956, 33049000000, 
0.12317622353904589, -0.006101724265697871, 0.49994030124320143, 33054000000, 
-0.03813461424515384, 0.13182208192270561, 0.5004653052377335, 33059000000, 
0.09023156607904234, 0.25578283956249304, 0.49945259137425957, 33064000000, 
-0.18689054309670608, -0.027745622563863998, 0.4995340736463208, 33069000000, 
-0.050655560380751016, 0.11468914482326698, 0.5003561476471843, 33074000000, 
0.0446673584271321, 0.24785751385012594, 0.4998852255037115, 33079000000, 
0.13432483247423121, -0.028774307484472045, 0.5003156924978509, 33084000000, 
-0.0023855983817640623, 0.14778184725951293, 0.49989049080039655, 33089000000, 
0.06759367532393558, 0.2557079136012852, 0.4996240775518985, 33094000000, 
-0.15783260939259477, -0.015209292504538391, 0.4998363697362451, 33099000000, 
-0.07723480647356751, 0.12286091385229342, 0.49998297920156537, 33104000000, 
-0.07866812492174748, 0.09459728846064827, 0.49969797522918585, 33109000000, 
-0.04749632568245797, 0.14147017913016802, 0.5002229982113121, 33114000000, 
0.08583330924910056, 0.2310815054398678, 0.4999184844271735, 33119000000, 
-0.1889001949200494, -0.0127318458974363, 0.500009403040959, 33124000000, 
-0.029450008196045065, 0.15206039762791831, 0.49997152296085734, 33129000000, 
0.05182331662142371, 0.2560750724038857, 0.49971711744092284, 33134000000, 
-0.16804143359794552, -0.044478852863207664, 0.49994724480042346, 33139000000, 
-0.05777042368936221, 0.15850368072384616, 0.4999901627489071, 33144000000, 
0.025300174780552596, 0.2192634235334766, 0.5000198380869129, 33149000000, 
0.21315529704734187, -0.03652101040238146, 0.4998811489086494, 33154000000, 
-0.061249679977235905, 0.1507264844704375, 0.4999344404437866, 33159000000, 
0.07591925977149164, 0.26610739967334573, 0.49998378426257956, 33164000000, 
-0.1892129587723845, -0.026541212168750966, 0.49991301134066646, 33169000000, 
-0.05188551071086848, 0.1474732863549259, 0.4999637158937768, 33174000000, 
0.069080378090205, 0.27891540633949735, 0.50012258500214, 33179000000, 
-0.1411440199368919, -0.0055760654895358405, 0.5003022501077024, 33184000000, 
0.28397086980350883, 0.16048186798779693, 0.49978253097466974, 33189000000, 
0.05850833875252634, 0.262590399673877, 0.4999955429896303, 33194000000, 
-0.17495676761059628, -0.056168691484710806, 0.49947538189607993, 33199000000, 
-0.06392912732441935, 0.1390809338324668, 0.49980310952665286, 33204000000, 
0.036472266088786565, 0.25047541742303125, 0.49962264014091756, 33209000000, 
-0.2010581616374299, -0.0601897385406553, 0.49999560876767546, 33214000000, 
-0.04996039925301124, 0.11601641758261269, 0.500187727636649, 33219000000, 
0.03817393990947824, 0.25864231899699464, 0.5000052941826888, 33224000000, 
-0.1841769318106004, -0.01672007250741556, 0.4997509937975068, 33229000000, 
-0.06014205362228643, 0.15018526473589247, 0.4997033085623063, 33234000000, 
0.10507922600515233, 0.2671797111518012, 0.4998675935477516, 33239000000, 
-0.18194696412482145, -0.002687110647259957, 0.49947598693887285, 33244000000, 
-0.037150459058378396, 0.11521078827620278, 0.5003133222965404, 33249000000, 
0.3461730956084649, 0.2545412044374568, 0.5000191637883495, 33254000000, 
-0.12146419253197263, -0.0025076455290771113, 0.499467547450944, 33259000000, 
-0.06492697333245097, 0.1256611931697506, 0.4999369117533007, 33264000000, 
0.08582449819385976, 0.2911848161265383, 0.5002425769106938, 33269000000, 
-0.1424192729584854, 0.02769951956921412, 0.4998898118956085, 33274000000, 
-0.03198673222897318, 0.10577709976448266, 0.5000430335146454, 33279000000, 
0.05793525226160856, 0.28741844937750144, 0.499887276714525, 33284000000, 
0.12691290099346905, -0.0265223534433403, 0.5000638283926143, 33289000000, 
-0.027759752871554726, 0.1466765283245759, 0.499924431706088, 33294000000, 
0.045657186605687405, 0.2688535484734167, 0.49970206120682964, 33299000000, 
-0.2076580988727702, -0.03320326410112242, 0.5000154371027836, 33304000000, 
-0.03746198750637154, 0.1432570467711952, 0.500192676877324, 33309000000, 
0.05342813452698375, 0.2610408988645612, 0.49984787674067266, 33314000000, 
-0.19379440735194964, -0.03863404549410466, 0.4996173237692039, 33319000000, 
-0.03806431768998822, 0.15604260111713975, 0.4998688461325441, 33325000000, 
0.06881749730809442, 0.2784873851128638, 0.4992582933399357, 33330000000, 
-0.17554879883364835, -0.010368326684876483, 0.49971123961511826, 33335000000, 
-0.04307663832667734, 0.1307993179897619, 0.5001125098232406, 33340000000, 
0.06910040699631421, 0.30144795585430056, 0.4995855757802363, 33345000000, 
-0.18580916776265094, -0.05063718745383515, 0.4996955340024993, 33350000000, 
-0.03825644143485627, 0.13969937273907898, 0.5004176567546177, 33355000000, 
0.4005478706352852, 0.301248254385682, 0.4999389830926529, 33360000000, 
-0.16872462592867532, -0.017910463603010945, 0.49998922048421557, 33365000000, 
-0.052857172732678696, 0.17183353362084355, 0.49994488588063096, 33370000000, 
0.034575369329103794, 0.2744105661789618, 0.4998296866102263, 33375000000, 
-0.1414091301242447, -0.028769271901854705, 0.4999902309309097, 33380000000, 
-0.040415267745479024, 0.11454489686647067, 0.49965813132586573, 33385000000, 
0.33724920368702294, 0.27652563437361705, 0.4999264778093122, 33390000000, 
-0.1363479660342269, -0.03730562514947033, 0.4995144210789545, 33395000000, 
-0.026615002043029048, 0.17058725310876888, 0.5003105173409994, 33400000000, 
-0.04758094764522839, 0.13135029060007442, 0.5000784719518634, 33405000000, 
-0.05896047660152715, 0.11615197547522324, 0.49950638302630085, 33410000000, 
-0.046955122843192296, 0.16414638181222727, 0.49996052597293866, 33415000000, 
0.022729680477364518, 0.23081290904641807, 0.5000701987389548, 33420000000, 
0.1698973738335627, 0.014294743754534897, 0.4996111714150469, 33425000000, 
-0.0389703741481373, 0.12976602483748761, 0.49983643815257084, 33430000000, 
-0.05029240122770317, 0.13608836336731903, 0.4997007773487992, 33435000000, 
-0.04446239399862235, 0.13310370257856535, 0.5000323364616328, 33440000000, 
-0.05921300139908133, 0.10467719472142963, 0.4994065866274126, 33445000000, 
-0.019267597237623783, 0.15494945409576938, 0.49984373840259394, 33450000000, 
0.037896145735389804, 0.2807988460538556, 0.5000053840171084, 33455000000, 
-0.1541964088863479, -0.011628167942689878, 0.5001015129144081, 33460000000, 
-0.03062002981272477, 0.12351324323116633, 0.5000100643849416, 33465000000, 
0.07121174119941126, 0.2563703913775845, 0.5000795552977658, 33470000000, 
-0.19493488368102635, -0.015546107511854194, 0.49994879288742305, 33476000000, 
-0.028576454161003944, 0.1348419908095747, 0.5000777692403986, 33481000000, 
0.06608954987219934, 0.28062764587630523, 0.4997622403820974, 33486000000, 
-0.19147503204146815, -0.046966821426330366, 0.5001845481764637, 33491000000, 
0.2874222694053568, 0.1548445887041644, 0.500119149013149, 33496000000, 
0.05151803176086325, 0.25863775034609837, 0.5002901487086534, 33501000000, 
-0.2014052171331829, -0.06880636183934807, 0.4999759838221484, 33506000000, 
-0.06547372832616158, 0.1502324047861479, 0.49993469045272765, 33511000000, 
0.028299334869868235, 0.28960966176065217, 0.5002784068057275, 33516000000, 
-0.18761502816592507, -0.01712816563836009, 0.5001756638495359, 33521000000, 
0.22514573243678107, 0.14218734149173012, 0.5001377645057762, 33526000000, 
0.05844990342449961, 0.14163130937745555, 0.4999193003403123, 33531000000, 
-0.0625072082140728, 0.13416316162897776, 0.4995937358881364, 33536000000, 
-0.0299984046040861, 0.13550733211439503, 0.49986349733599394, 33541000000, 
-0.046957814226812035, 0.12987754330185108, 0.4999298692256119, 33546000000, 
0.08671015877980705, 0.2932753149235074, 0.4999247386614346, 33552000000, 
-0.14446412210924103, 0.017085202595770017, 0.4998894376554645, 33557000000, 
0.30159674600093767, 0.17830786588099012, 0.4998315105639823, 33562000000, 
0.06269726807445233, 0.28297460199175467, 0.4993163934193525, 33567000000, 
-0.18493735507171058, -0.0057577893441126266, 0.49971051111480796, 33572000000, 
-0.02540471099819964, 0.10938970004651354, 0.499695597038502, 33577000000, 
0.08564520384017184, 0.34174300334603047, 0.49999396870312957, 33582000000, 
-0.1750655417032306, -0.016141831522203855, 0.4993865782729007, 33587000000, 
-0.0468344384488951, 0.15464059302017003, 0.4997962681139231, 33592000000, 
0.058952501010442054, 0.2859902315273872, 0.49996528251693007, 33597000000, 
-0.16908112133652828, 6.342296152391652e-05, 0.5004633379039214, 33603000000, 
-0.046397640775860526, 0.12072679374220896, 0.4995598552538358, 33608000000, 
0.08666785283281883, 0.28401730933690256, 0.4999027346885465, 33613000000, 
-0.19463767279544583, -0.01340828308628831, 0.4998314715533225, 33618000000, 
-0.029479463094828413, 0.1591380905124388, 0.4999429172697725, 33623000000, 
-0.05656785578676046, 0.1717106727938151, 0.5001034589332715, 33628000000, 
0.2363694169986453, 0.10311842965222325, 0.4995530383896332, 33633000000, 
-0.07422219080752539, 0.1699124553705404, 0.4996411336612259, 33638000000, 
-0.035124810035009515, 0.17829094142693963, 0.50002707051407, 33643000000, 
-0.04851890500532752, 0.16780685553913408, 0.4997895124358923, 33648000000, 
-0.05115145922986117, 0.09910872700894016, 0.5001900319567663, 33653000000, 
-0.052412108401716104, 0.1657220465508837, 0.49988645507682955, 33658000000, 
0.40318919878892356, 0.275914903159712, 0.49963401128292684, 33663000000, 
-0.15730918735046845, -0.02563674239280056, 0.49964326532963216, 33668000000, 
-0.03959248423043048, 0.15915974485436027, 0.5004920413106227, 33673000000, 
0.10056650067144429, 0.3286416460376909, 0.49965011042485247, 33678000000, 
-0.19793490114678486, -0.029409912981015876, 0.4998900760084191, 33683000000, 
-0.03936136881798872, 0.14862546370862084, 0.5000037596668004, 33688000000, 
0.05184835771265705, 0.3053322721038813, 0.5000426215344138, 33693000000, 
-0.19332313397366846, -0.028965892724214272, 0.49981391253342955, 33698000000, 
-0.047723693284587705, 0.14378993845893354, 0.5003631472376875, 33703000000, 
0.053381167906259186, 0.25642362273545716, 0.5002040962745179, 33708000000, 
-0.16469724078794104, 0.003906806268646, 0.4998855354643863, 33713000000, 
-0.04475080576476592, 0.16392207671043035, 0.4999918108047485, 33718000000, 
0.005114680504067545, 0.2653691328979203, 0.5000301629928589, 33723000000, 
-0.18135817354948128, -0.03754551681058875, 0.5000486931881246, 33728000000, 
0.26298359644075026, 0.10819609942903173, 0.5003504194849161, 33733000000, 
-0.06885102478327523, 0.13848089493587767, 0.4999568329920632, 33738000000, 
-0.04211007287522474, 0.13660923424998836, 0.5001694894898829, 33743000000, 
-0.05419203765445921, 0.14886517817839792, 0.4999543711576503, 33748000000, 
-0.06090623461340105, 0.12455019726624404, 0.5002991947077275, 33753000000, 
0.11105819334084122, 0.32295979351580917, 0.4997658169878407, 33758000000, 
-0.20001821153710472, -0.035944498751059824, 0.5002292924054249, 33763000000, 
0.23712148581436776, 0.15562040628763504, 0.5002598193935983, 33768000000, 
0.11675559738932938, 0.3488316047989394, 0.4998098697577403, 33773000000, 
-0.20692296205874922, -0.0046698825242515035, 0.5001245987459828, 33778000000, 
-0.05249144004989979, 0.16241710579107682, 0.5000134038029125, 33783000000, 
0.043167108855235156, 0.28109477599564797, 0.5000673640653077, 33788000000, 
-0.1393480335489625, 0.02978210661985014, 0.49970178600976367, 33794000000, 
-0.05007596274816781, 0.16218419445399437, 0.4996141997895118, 33799000000, 
0.04167331762902131, 0.2919421640142805, 0.4993417073245818, 33804000000, 
-0.15482440142595277, -0.008610376084483467, 0.5000700476052852, 33809000000, 
-0.059797944103000614, 0.16328000181003105, 0.5001223989688792, 33814000000, 
0.06831108494215664, 0.24961952599611295, 0.5000178318173916, 33819000000, 
-0.17107361476233876, -0.03261269233387136, 0.4998179132325871, 33824000000, 
-0.05395942352842906, 0.17039251754861712, 0.5001524354405754, 33829000000, 
0.392106070126109, 0.3100785941977966, 0.4998935324709752, 33834000000, 
-0.21108657071506742, -0.013301682092181898, 0.4995886915492708, 33839000000, 
-0.03921246647131821, 0.1557909787536011, 0.5003043220062091, 33844000000, 
0.08848373458547915, 0.2852451284365282, 0.5002448784350242, 33849000000, 
-0.15575463755951546, -0.02017660485474651, 0.49997309415731994, 33854000000, 
-0.045324993968615744, 0.1535927958289468, 0.5004008044285213, 33859000000, 
0.06885587473036583, 0.301674901773243, 0.49989086903391095, 33864000000, 
0.15929184947639216, 0.0011400171185329058, 0.49997693108126207, 33869000000, 
-0.06692575065035714, 0.1814128130126877, 0.5001829528097389, 33874000000, 
-0.02676465352772862, 0.14431693079505825, 0.4998807904544588, 33879000000, 
-0.057307068405136476, 0.19469514597745707, 0.4998514957895386, 33884000000, 
-0.05583411995868548, 0.10897121528016776, 0.49964059045280834, 33889000000, 
-0.036359080557542, 0.1617701653625741, 0.4998320750327814, 33894000000, 
-0.03356453425623204, 0.14921911312797537, 0.49954537449577036, 33899000000, 
-0.06239919095273746, 0.1183397264484037, 0.4999284284211539, 33904000000, 
-0.0609968581175367, 0.16353381354654783, 0.5000320985698773, 33909000000, 
-0.03871418974304364, 0.11701975987727072, 0.5000820268529138, 33914000000, 
-0.09390462707741526, 0.12681250375438777, 0.5001826396584313, 33919000000, 
-0.07124970610814786, 0.12930338676763295, 0.5000692632773278, 33924000000, 
-0.08033871876242171, 0.13435368656458083, 0.4996756039279357, 33929000000, 
0.20831130492093036, 0.12989889368384253, 0.5000647120986157, 33934000000, 
0.1161333547950534, 0.30873888462819676, 0.500003981599471, 33939000000, 
-0.19419320903144704, -0.02073919664295734, 0.49965866110449403, 33944000000, 
-0.05660627636565599, 0.15194906605675468, 0.5000854943911438, 33949000000, 
-0.04141879342876917, 0.1359950199661461, 0.4995211776506977, 33954000000, 
-0.05061800656258058, 0.12823790747734096, 0.49992859570126025, 33959000000, 
0.037344359432144494, 0.28327879483301394, 0.49979442277395814, 33964000000, 
0.1247951869644086, -0.04811329209722991, 0.4999582778839, 33969000000, 
-0.05366826542459043, 0.1521169517033454, 0.499817321888665, 33974000000, 
0.07180817798480792, 0.32811999806448827, 0.4998444191880241, 33979000000, 
-0.17919319724022312, -0.030749999457085318, 0.4996532383265944, 33984000000, 
-0.04041676669473018, 0.1477907512660047, 0.5000900158127972, 33989000000, 
0.09980636582120181, 0.2843407535084922, 0.49966691011000747, 33994000000, 
-0.1694308066546486, 0.007185258435827499, 0.4997694971155409, 33999000000, 
0.25218790996035484, 0.1770708380966167, 0.4998240024357258, 34004000000, 
0.06456412146546611, 0.34676573050452325, 0.4996038611886257, 34009000000, 
-0.20152500394900438, -0.013847602122359779, 0.4997061640606095, 34014000000, 
-0.035856710627642695, 0.16623606734460825, 0.4998411142547506, 34019000000, 
-0.04556960569650892, 0.13726454429319196, 0.49978719762256557, 34024000000, 
-0.07794980874083944, 0.12073829485548218, 0.5005108237036928, 34029000000, 
0.07721411842010949, 0.2966493775171011, 0.4997673062040991, 34034000000, 
-0.19958347596595197, -0.04799994784902081, 0.4995501461041771, 34039000000, 
-0.04351303864879336, 0.1562118077533512, 0.5003663290954073, 34044000000, 
0.0519938467168033, 0.30083396388838257, 0.49958486142217895, 34049000000, 
-0.17464601682325503, -0.022836598128263524, 0.5002841691794838, 34054000000, 
0.043451891122733635, 0.3297404982167191, 0.49986419784350916, 34059000000, 
-0.15751251326665405, 0.008463388818915524, 0.49993715771981045, 34064000000, 
-0.04902622915148651, 0.16180065392793241, 0.5000542715271847, 34069000000, 
0.40473905115531317, 0.30121544385983584, 0.49976260527012306, 34074000000, 
-0.19897098740010302, -0.050891035586579106, 0.5002395682001075, 34079000000, 
-0.06123633820055538, 0.11886195857034881, 0.5000535570713677, 34084000000, 
0.03214295000431304, 0.26008615921787465, 0.4999018231441664, 34090000000, 
-0.19052260521452996, -0.00485919156852526, 0.49990763775395525, 34095000000, 
0.04313331678151831, 0.33626682514514766, 0.4999470186497456, 34100000000, 
0.1283008099583267, -0.034312944334941725, 0.4997320695785909, 34105000000, 
-0.06465270390402175, 0.17584931521530817, 0.5000862360112479, 34110000000, 
0.07881118461940337, 0.3383171111276717, 0.4999910766254767, 34115000000, 
-0.19048589316704587, -0.001497340581884183, 0.49999242002559624, 34120000000, 
0.06751477391646454, 0.33717216406067796, 0.4996678605355253, 34125000000, 
-0.1504392670837258, -0.03540654905921224, 0.49992408530284016, 34130000000, 
-0.07562937411802854, 0.15862691031374976, 0.499561579458063, 34135000000, 
0.07359267662005643, 0.32700529013696467, 0.5001021698716664, 34140000000, 
-0.17481219423871688, -0.06798686823368416, 0.4998005112201, 34145000000, 
-0.05843042222760196, 0.146152789529445, 0.5002104261790329, 34150000000, 
-0.033406895556114875, 0.157302801428661, 0.49969906112349555, 34155000000, 
-0.06327510091858997, 0.1400668869598097, 0.5001379561152334, 34160000000, 
0.05853947871254506, 0.3087254319587759, 0.49996974297774444, 34165000000, 
-0.14771562775649855, -0.04867300062115757, 0.49969446158165354, 34170000000, 
0.2846724945067467, 0.12658186345756542, 0.5000030980067505, 34175000000, 
0.04486239294596102, 0.3385502547025146, 0.4997802435976453, 34180000000, 
-0.1668003191020707, -0.04548989674167246, 0.4999171217348936, 34185000000, 
-0.029774966366915165, 0.1466063274991423, 0.4999079744073309, 34190000000, 
0.0869243053098235, 0.3327538312372554, 0.4999628668471541, 34195000000, 
-0.19151987404063653, -0.06315687325924957, 0.49969631494252414, 34200000000, 
-0.0743684951481858, 0.1879325857135648, 0.500531832964119, 34205000000, 
0.40477018590268243, 0.36569030877510245, 0.5003484151040206, 34210000000, 
-0.20999206725635364, -0.02899663340474915, 0.5000837903935315, 34215000000, 
-0.06767805365839055, 0.14779174477891965, 0.5002655746030598, 34220000000, 
0.09115043243209654, 0.3185621695703493, 0.5001025300827201, 34225000000, 
-0.2040245906488111, -0.05640609922388112, 0.49965446444647543, 34230000000, 
-0.06712916149246739, 0.1592982600619672, 0.5003209447401168, 34235000000, 
0.05287268548669531, 0.3318723629820626, 0.49978601510970655, 34240000000, 
-0.17695695502623066, -0.0389433160099596, 0.4998552556823089, 34245000000, 
-0.06739571421317811, 0.13260858296796266, 0.5002824599480167, 34250000000, 
-0.03486194319880837, 0.1505515499531853, 0.4996561311007419, 34255000000, 
-0.07342768070134661, 0.11597382028943147, 0.499867214135338, 34260000000, 
-0.0485231814511565, 0.1648458704897083, 0.5001941686550904, 34265000000, 
0.04428013961896246, 0.2999203012661927, 0.499483356237284, 34270000000, 
0.12035150788375008, -0.0552945140172509, 0.499762519687335, 34275000000, 
-0.044028538097931474, 0.16667878200456923, 0.5004138596815176, 34280000000, 
0.0919434679846057, 0.3094827847811691, 0.4998353829995981, 34285000000, 
-0.1736237243477628, -0.04111623619959487, 0.4997274449415191, 34290000000, 
-0.08172811016058958, 0.1658591060046214, 0.4998710081083297, 34295000000, 
0.0813019730740938, 0.3396491640335838, 0.4998939356670463, 34300000000, 
-0.20552453593948725, -0.05455871715167135, 0.5004039038985435, 34305000000, 
0.26986848458298296, 0.16584140034619715, 0.5001104474154778, 34310000000, 
-0.059153959764899816, 0.1828027807080107, 0.4998843290564046, 34315000000, 
-0.07301578816442128, 0.13878771401360485, 0.4997376109272074, 34320000000, 
-0.05786019844114206, 0.16196581250996134, 0.5002933449002797, 34325000000, 
-0.04991911523480489, 0.15999642453810536, 0.4995148313634682, 34330000000, 
-0.06519325505424048, 0.14357294087704467, 0.5000279761770655, 34335000000, 
-0.044171303541259505, 0.14732334824953383, 0.49984742874071886, 34340000000, 
0.4213369537871021, 0.3181801816052397, 0.5001329518286646, 34345000000, 
-0.16121732164475874, -0.03350172622259046, 0.49983829492574644, 34350000000, 
-0.03925723924822929, 0.1599950852821347, 0.4999040775261579, 34355000000, 
0.04614003461821556, 0.3123581049653457, 0.49998061948946715, 34360000000, 
-0.18138209068479116, -0.016306538827491952, 0.5000036617804892, 34365000000, 
-0.007481125636576692, 0.164578598045609, 0.4999919138143651, 34370000000, 
-0.07890447820333059, 0.13763863383827268, 0.49989528164499003, 34375000000, 
0.0725114140849317, 0.2805191032578302, 0.49989532791116825, 34380000000, 
-0.2114895900634788, -0.07271263194006757, 0.4997816394615639, 34385000000, 
-0.05781372625377368, 0.11970978098379081, 0.49985423061274104, 34390000000, 
0.040296726371681066, 0.31190147664029655, 0.49955433275801897, 34395000000, 
-0.1666744539416287, -0.03628594779214608, 0.49954754800358625, 34400000000, 
-0.05502510056944967, 0.16112753268743857, 0.5003712448349177, 34405000000, 
0.3410629331541311, 0.3511722387307885, 0.5000007045494004, 34410000000, 
-0.12721227296942364, -0.06525667222165146, 0.49987158018138744, 34415000000, 
-0.05069031799162641, 0.17315686036796643, 0.49987456150857157, 34420000000, 
0.06285835554619336, 0.2955927067826872, 0.5002612265662081, 34425000000, 
-0.15890863552188134, 0.016457460818483278, 0.49972768803947304, 34430000000, 
-0.08056319299809794, 0.1517482283339202, 0.4998920378797671, 34435000000, 
-0.06264709009752988, 0.20390481085997392, 0.5000736758948379, 34440000000, 
0.2342974806739992, 0.19421224799848189, 0.4998319052725217, 34445000000, 
-0.05642547803715525, 0.14241848727889386, 0.4997095603131104, 34450000000, 
-0.04990850912982603, 0.15346755326523756, 0.500073103192231, 34455000000, 
-0.07374519742556705, 0.14148578666404277, 0.5004512003024368, 34460000000, 
-0.05760458525988846, 0.15199084976006855, 0.4997596481572853, 34465000000, 
-0.04270250726838192, 0.16425986510283344, 0.5003195376324212, 34470000000, 
0.06142627379740264, 0.3253751702760244, 0.4999296332221192, 34475000000, 
-0.19912728794194537, -0.018999225929578933, 0.4998359935003695, 34480000000, 
-0.043148139862150665, 0.1861521899751199, 0.5001030377463038, 34485000000, 
0.09244324196518429, 0.35073692681949015, 0.5000986388125109, 34490000000, 
-0.20413491815242024, -0.060333773072498445, 0.5000573645022967, 34495000000, 
-0.06587569830244965, 0.1812126766495657, 0.5003041342177661, 34500000000, 
0.07418786025696547, 0.32857556039524105, 0.49989221937167083, 34505000000, 
-0.18678356119159487, -0.06315761236624934, 0.49974463842336264, 34511000000, 
0.21534667606206978, 0.1759975054125127, 0.5000990301477297, 34516000000, 
0.0546166984792129, 0.2964525262276916, 0.5000407855708829, 34521000000, 
-0.19027474029969998, -0.056135764681971026, 0.5000783081579553, 34526000000, 
-0.04177746470111377, 0.16380921048588043, 0.5000300902337196, 34531000000, 
0.055931232839941364, 0.3678467947105533, 0.49977334344353874, 34536000000, 
-0.22553770145785504, -0.044222006394924976, 0.4995326947420916, 34541000000, 
0.21659635358312018, 0.1758194775966009, 0.49994736455344846, 34546000000, 
0.13291045224086187, 0.34058875734974403, 0.5001520735032245, 34551000000, 
-0.17161642278618688, -0.06992892550464189, 0.4997580638044059, 34556000000, 
-0.06180037427021784, 0.1824151243880427, 0.5005636521679957, 34561000000, 
0.061940291439389554, 0.36693972673773567, 0.49974709412812274, 34566000000, 
-0.14825383331370479, -0.00526555432795164, 0.4996705652442357, 34573000000, 
-0.04256087384494943, 0.1692243894724519, 0.5001343661079402, 34578000000, 
0.39845859036640624, 0.3407814946183972, 0.49980888155371395, 34583000000, 
-0.20406633111472658, -0.012047235656390431, 0.5000948302532665, 34588000000, 
-0.031769846794892614, 0.15609824461136132, 0.5001773870992242, 34593000000, 
0.06487571238195339, 0.32768602670453334, 0.499806024437903, 34598000000, 
-0.23312347762795083, -0.0841155551717187, 0.4998547412839918, 34603000000, 
-0.005585382791271951, 0.16763507990136123, 0.500024827103114, 34608000000, 
0.05372651327627952, 0.34209992711441445, 0.4993492061554991, 34613000000, 
-0.23354748315038262, -0.086065261653371, 0.5000372128091828, 34618000000, 
-0.054047800439721266, 0.19838367678426247, 0.5003538357128569, 34623000000, 
0.04506964521395947, 0.3301997458818157, 0.4999799122042322, 34628000000, 
-0.16766266809897554, -0.001669921789802282, 0.5002135987198951, 34633000000, 
-0.037105353195513835, 0.20343241265527245, 0.5001171219526299, 34638000000, 
0.02794414052542471, 0.30510431534450766, 0.4997483203199527, 34643000000, 
0.10541758571270807, -0.03901691088469524, 0.4998547717051898, 34648000000, 
0.025567518114525112, 0.1918669182960434, 0.5003736205884578, 34653000000, 
0.014099496707884643, 0.3189567488732602, 0.500112305980711, 34658000000, 
-0.1622807081591364, -0.042025361570058185, 0.49996785858840476, 34663000000, 
-0.051019266014410626, 0.21669748133064592, 0.5000428086038914, 34668000000, 
-0.03377784648771074, 0.1638848623056453, 0.49984469530255377, 34674000000, 
-0.07164254406321048, 0.14671315184203765, 0.4995965432544999, 34679000000, 
0.2825540739741223, 0.1563822848690868, 0.4999262682804715, 34684000000, 
-0.028249370271239863, 0.16895470448762323, 0.5002810312328637, 34689000000, 
-0.013522300501607576, 0.12120125802813975, 0.4994611861518161, 34694000000, 
-0.08254907010805472, 0.18716684421039784, 0.4998413847610553, 34699000000, 
-0.04580656209781342, 0.17326529114768824, 0.5004054670757246, 34704000000, 
0.07829308304699023, 0.30824227458843123, 0.4996308716389621, 34709000000, 
-0.15687530984798062, -0.013653234396705499, 0.49981479101064247, 34714000000, 
-0.05865433781057012, 0.19078149424134067, 0.5003946556624426, 34719000000, 
0.07601056312276022, 0.3106324932469498, 0.49969634930133844, 34724000000, 
-0.1724434537302717, -0.028399465614846485, 0.4998040158669045, 34729000000, 
-0.09394029845979593, 0.15439655368419627, 0.5000875500072332, 34734000000, 
0.06634635711384823, 0.31401835564194935, 0.49981572246753875, 34739000000, 
-0.19110668241553821, -0.04603605861352275, 0.4997016976526854, 34744000000, 
0.16046972721112213, 0.1377702852615425, 0.499929808507472, 34750000000, 
0.10926657294480463, 0.29132306228168253, 0.4998658249616871, 34755000000, 
-0.19695257565874322, -0.02507781318735646, 0.4999221250262296, 34760000000, 
-0.06677648963308233, 0.21996147944480834, 0.49995559991132194, 34765000000, 
0.04219064184852628, 0.28407450354489056, 0.5002472999999881, 34770000000, 
-0.1516122022567475, 0.004627283529874443, 0.49958836419830704, 34775000000, 
-0.05167989670525904, 0.18736526467020792, 0.5001157511641144, 34780000000, 
0.28971386775031327, 0.17668540534257537, 0.500037841371593, 34785000000, 
0.030751805349221287, 0.1834612897316247, 0.4999626991527585, 34790000000, 
-0.06185998386439359, 0.1618511942580896, 0.4998489526761967, 34795000000, 
-0.0359282207330024, 0.20759481449576983, 0.5002822611783422, 34800000000, 
-0.005477972526538401, 0.14736643104644986, 0.4996913818280211, 34805000000, 
-0.08419754279787134, 0.18058465372635638, 0.49990485032741044, 34810000000, 
-0.07291639198301958, 0.1808695665408483, 0.4999920296576677, 34815000000, 
-0.044238567522180354, 0.13437564179406541, 0.499735699238892, 34820000000, 
-0.08411495599885813, 0.14225705777314887, 0.500002649358861, 34825000000, 
-0.03216522029753015, 0.15262377884232683, 0.49990637494149, 34830000000, 
-0.048907689185248376, 0.155749094256581, 0.4995703867047622, 34835000000, 
-0.05761204538187029, 0.18266983243715165, 0.49985371675042245, 34840000000, 
-0.039943527783420904, 0.16026230151869686, 0.5000893749398218, 34845000000, 
-0.04088787614415256, 0.119801538465357, 0.4993445347128252, 34850000000, 
0.2597339495957803, 0.13997053757711614, 0.5000591326248984, 34855000000, 
0.061762922122054295, 0.2916694701987817, 0.4998754312546768, 34860000000, 
-0.14638816098959967, 0.030237001097264838, 0.5001494089084892, 34865000000, 
-0.04910067300152606, 0.19712053151087008, 0.4998669693694538, 34870000000, 
0.07671480201809493, 0.3144749608554942, 0.49989334286263726, 34875000000, 
-0.19888215081507726, 0.04712151547846323, 0.4995898350536028, 34880000000, 
-0.03530594642033683, 0.18327597673420803, 0.5000408051273476, 34885000000, 
0.22981872121273794, 0.23525294669892058, 0.49958197229851836, 34890000000, 
-0.18314686544530964, 0.012076058851542476, 0.49997811868888975, 34895000000, 
-0.039412118058080224, 0.162450984239382, 0.5002935786789228, 34900000000, 
0.06875863088517119, 0.29649297022409926, 0.49937340875653224, 34905000000, 
-0.1870216696991124, 0.05225901061626948, 0.49996540392199224, 34910000000, 
-0.03458646829138669, 0.17564253392075646, 0.5003552885369377, 34915000000, 
0.23798058030765462, 0.14500338453200554, 0.5000342757842179, 34920000000, 
-0.016057197250915593, 0.1618130789980752, 0.5003866237629755, 34925000000, 
0.05244126196309325, 0.2679577544230246, 0.5003188360084467, 34930000000, 
-0.1550232434954852, 0.04681632741094854, 0.49932544407736834, 34935000000, 
-0.04403631791966406, 0.18560495716934436, 0.4997786198533845, 34940000000, 
0.05852141261759889, 0.2938825325177892, 0.4999976774655297, 34945000000, 
-0.17717464924035903, 0.04211572422365739, 0.500065035476579, 34950000000, 
-0.03177667913067721, 0.19153075578330145, 0.5001166664642285, 34955000000, 
0.06341131229712972, 0.2739534135771845, 0.49970341337399016, 34960000000, 
-0.17181848334672797, 0.0447760513336763, 0.4997843348322344, 34965000000, 
-0.03224408274460269, 0.14668592445389939, 0.4995871621166771, 34970000000, 
0.03735378910740576, 0.28117000228802985, 0.4997760144177396, 34975000000, 
-0.15577675507750477, 0.038625540129609136, 0.49996866157132686, 34980000000, 
0.030162641995319206, 0.2871988119871217, 0.499819542630906, 34985000000, 
0.18247558222197263, 0.032995177027415015, 0.499924025504373, 34990000000, 
-0.04691228886129626, 0.16740093206844545, 0.5000009759192844, 34995000000, 
0.040511844608237486, 0.23143974820620863, 0.5001543826907235, 35000000000, 
-0.18678745906873845, 0.056868346820607624, 0.49954605165087823, 35005000000, 
-0.03808220664679142, 0.19209778356729404, 0.5003600462281094, 35010000000, 
0.03702787673098819, 0.2924030255416729, 0.4995636331085412, 35015000000, 
-0.16287747728720584, 0.025020615274220143, 0.5000496322021308, 35020000000, 
0.3120541806817712, 0.18787532656525258, 0.5001125607792885, 35025000000, 
0.03807108392688572, 0.22683173245064436, 0.49965419631236896, 35030000000, 
-0.19352450713099836, 0.036768682839900146, 0.49982063868118987, 35035000000, 
-0.04576125944753606, 0.19482374703094185, 0.5000544432973245, 35040000000, 
-0.05704723787044786, 0.14503359748884237, 0.4998795495892368, 35045000000, 
-0.06436241108356369, 0.15162130915347707, 0.499961545456818, 35050000000, 
0.052455875540494835, 0.26159047575021316, 0.5001983171849635, 35055000000, 
-0.15042954175884568, 0.06987537283562234, 0.4997349891007329, 35060000000, 
-0.04117917074559065, 0.1938039422943705, 0.4999419892026412, 35065000000, 
0.05324437316329938, 0.24963071344449214, 0.4995836865119184, 35070000000, 
-0.15470222870315944, 0.056505189447647895, 0.4999415755845652, 35075000000, 
-0.04179330838251027, 0.20106874637227615, 0.5003522929075253, 35080000000, 
0.02238347755613269, 0.24617544934300986, 0.49970530277372077, 35085000000, 
0.12092214082872212, 0.02799242443979062, 0.4997264172202744, 35090000000, 
0.018297696792257786, 0.17993680091597922, 0.5001235916811765, 35095000000, 
0.009975567768138995, 0.23739231646792097, 0.4998015134309218, 35100000000, 
-0.16979933215797788, 0.03941258920204853, 0.4997376728045888, 35105000000, 
-0.0433859572890048, 0.15582067426503007, 0.49959600425700523, 35110000000, 
0.045736766281959475, 0.26467725721813473, 0.49987410091711587, 35115000000, 
-0.15613181409568944, 0.06739736927483252, 0.5000260963718403, 35120000000, 
0.2734801098520139, 0.19791473181113992, 0.5001419719209446, 35125000000, 
0.058511196465522844, 0.2614769828649129, 0.5000426900747118, 35130000000, 
-0.17328366677204823, 0.0937144714694583, 0.4999471905864494, 35135000000, 
-0.04094165230720922, 0.17247917476997693, 0.500425271939283, 35140000000, 
0.02317361281409434, 0.2274199746048444, 0.49959323797503624, 35145000000, 
-0.1479715250644228, 0.06206706177872413, 0.4999623723789639, 35150000000, 
-0.0367401125957725, 0.1884018027222568, 0.5005105803879656, 35155000000, 
0.2609423984663114, 0.16748774746867476, 0.5004598195425335, 35160000000, 
-0.05779562110480775, 0.16873830504864065, 0.49963708621132413, 35165000000, 
-0.0944287372694276, 0.16302091727411328, 0.49980773978528226, 35170000000, 
-0.028606157605592375, 0.18939420146847608, 0.5000150430074073, 35175000000, 
0.042068164455909884, 0.2614843109823924, 0.4997931408592243, 35180000000, 
-0.1489425942348164, 0.09488054423848302, 0.4996280473945404, 35185000000, 
-0.039284554730082515, 0.19970486799567674, 0.5001405900122752, 35190000000, 
0.05152995854001548, 0.2755183488395874, 0.49990753050961556, 35195000000, 
-0.13726055340346843, 0.10710317183289367, 0.499857601960284, 35200000000, 
-0.05845651121727066, 0.1533956680379277, 0.4999946345936419, 35205000000, 
-0.06882032725233232, 0.1708492249475564, 0.4996557009629544, 35210000000, 
-0.031402988507514544, 0.18924104500667957, 0.4999123365016086, 35215000000, 
0.019507705167469615, 0.2403079275325035, 0.49991042588471596, 35220000000, 
-0.1291840766147428, 0.09864858908695738, 0.4996386179492308, 35225000000, 
0.31378682080987125, 0.1565072570752893, 0.5003442122051155, 35230000000, 
0.04139518617936784, 0.24816048308389277, 0.49999308600615044, 35235000000, 
-0.14609424428950218, 0.06814079647361199, 0.4997960112526084, 35240000000, 
-0.06212359943553699, 0.20141944487306265, 0.4998547629875757, 35245000000, 
-0.03404577442375102, 0.15221456260780125, 0.5004152294488597, 35250000000, 
-0.046596762027543044, 0.13817735979659262, 0.4996691795309764, 35255000000, 
0.20058729616818918, 0.16929807131056046, 0.49977947696577846, 35260000000, 
0.028133023927218653, 0.22069645603131746, 0.49972639725895224, 35265000000, 
-0.051104202515715, 0.1615975030426114, 0.49972150665228054, 35270000000, 
-0.04414674179297576, 0.1742042337101418, 0.4997379273126337, 35275000000, 
0.0179764474603291, 0.2998497755794692, 0.49992567445807956, 35280000000, 
-0.09506919774974125, 0.1070658973652173, 0.49958539657471673, 35285000000, 
-0.04996643287106623, 0.17296417780427395, 0.5002192478564328, 35290000000, 
0.02426531230388596, 0.24815761807949338, 0.4998335743576214, 35295000000, 
-0.1565525359364936, 0.08171117083234183, 0.5000641094222686, 35300000000, 
-0.08015690490575383, 0.1905013731061029, 0.49997137708356687, 35305000000, 
-0.030809258429645197, 0.16171214715973867, 0.49916303920107297, 35310000000, 
-0.06925480285549347, 0.18473103479050382, 0.49995621295311077, 35315000000, 
-0.06105856461541721, 0.2157987166678576, 0.4999543285284227, 35320000000, 
0.04513551537151324, 0.2590189993460081, 0.49966835806263427, 35325000000, 
0.18101424995849405, 0.10891686509352078, 0.4998897758612466, 35330000000, 
-0.07893103489948552, 0.19010088978250078, 0.49988124346052687, 35335000000, 
0.04595680972184041, 0.22945338904612023, 0.4999815642123157, 35340000000, 
-0.15243455676031897, 0.03157668794398725, 0.49985010637356175, 35345000000, 
-0.0523518191623538, 0.1891760928416896, 0.5000503877525891, 35350000000, 
0.027081298837379374, 0.25903594565727134, 0.4992445459257876, 35355000000, 
-0.14306691762372636, 0.0782206431969572, 0.4998921406913105, 35360000000, 
0.275398666442387, 0.20889718587609424, 0.500213853247617, 35365000000, 
-0.04382308523981606, 0.17494405100629537, 0.499599373907971, 35370000000, 
-0.04872371887644879, 0.16554088465399566, 0.4996507391852335, 35375000000, 
-0.03199498856971794, 0.20171192521811968, 0.5002027938105872, 35380000000, 
-0.09494724179829506, 0.16078147882221958, 0.49982025080897063, 35385000000, 
-0.02363567566319728, 0.16408916725215308, 0.49997431168646894, 35390000000, 
0.011708533665705912, 0.264682842034862, 0.5001513236589186, 35395000000, 
-0.14348218991694447, 0.08081001312604472, 0.49999454072140204, 35400000000, 
-0.04713062013647622, 0.18146381181187218, 0.5001593507323301, 35405000000, 
0.03210363673116047, 0.26237800065699535, 0.5001233298425787, 35410000000, 
-0.12350461111044858, 0.0860918204940194, 0.5003431203308202, 35415000000, 
-0.06728444048561147, 0.15661582380315803, 0.5000799317025222, 35420000000, 
0.037629807227865596, 0.27304453323060146, 0.49969142660726545, 35425000000, 
0.0937846804264249, 0.11029985061718948, 0.5000952869802656, 35430000000, 
0.07604295088255456, 0.23867601955771978, 0.49988880785203516, 35435000000, 
-0.1380928445467476, 0.06468787479335107, 0.4998549649892976, 35440000000, 
-0.09235385227215973, 0.17974214814754222, 0.49968314689007737, 35445000000, 
-0.009594641027430986, 0.24030624044521887, 0.500075466186691, 35450000000, 
-0.09802993489457867, 0.0804441275410709, 0.49955175934466123, 35455000000, 
-0.04696426431410262, 0.1908240875816958, 0.5001355180496854, 35460000000, 
0.3493729144102996, 0.23780760750955232, 0.4997059309204834, 35465000000, 
-0.13095310338798644, 0.09527002091371689, 0.5000745229117087, 35470000000, 
-0.06051207461675127, 0.20131806838594105, 0.500159538928878, 35475000000, 
-0.03884927869258664, 0.18673453810780133, 0.4998496023453219, 35480000000, 
-0.07553252151853988, 0.1735848181910817, 0.4999942917513112, 35485000000, 
0.025376205286109448, 0.2513266366145621, 0.49981224765660104, 35490000000, 
-0.11923977349083237, 0.0942738855569494, 0.4999901552649287, 35495000000, 
0.26804707719653914, 0.16403366431059208, 0.4996246383492304, 35500000000, 
0.014768085520941727, 0.23824527562425193, 0.4997438004425233, 35505000000, 
-0.12347929635702681, 0.1114160049117973, 0.500141102612182, 35510000000, 
-0.05283278856160619, 0.1908822867506481, 0.5003257581353248, 35515000000, 
0.018755458019363184, 0.25894798995398804, 0.49971881049263744, 35520000000, 
-0.09348090192424462, 0.08940875346922308, 0.5001038935984693, 35525000000, 
-0.03459555112704377, 0.1587506059691782, 0.4998296586721254, 35530000000, 
-0.03191679345963964, 0.1849125253624887, 0.49993683733897853, 35535000000, 
-0.07060543342656476, 0.1513382153713793, 0.4998080320377088, 35540000000, 
0.008788170607933068, 0.2688033120470105, 0.49984728550430935, 35545000000, 
-0.0994864386795862, 0.08912454400572944, 0.5000341295453709, 35550000000, 
-0.021955263398557433, 0.18611251523543604, 0.5000756588659779, 35555000000, 
-0.01682634563104394, 0.24462400161006387, 0.5000062326465847, 35560000000, 
-0.09079439683183083, 0.0684545972608181, 0.49989936419070935, 35565000000, 
0.2776226108721299, 0.1775946055303324, 0.5002987477188968, 35570000000, 
-0.010219722781525102, 0.2057827980987869, 0.4997530673912407, 35575000000, 
-0.1635761646763833, 0.05379260354692342, 0.4995421313020809, 35580000000, 
-0.07470897981192257, 0.172035929081199, 0.5002734724634721, 35585000000, 
0.006559887648398398, 0.2769916898003763, 0.4993578738780267, 35590000000, 
-0.08714673477668008, 0.08275606410097681, 0.49949441690853646, 35595000000, 
0.24137473701509587, 0.19037925995818702, 0.4999508733785226, 35600000000, 
0.05979278893576562, 0.24906963793597445, 0.49950825436022644, 35605000000, 
-0.1551893270031196, 0.11617527479941171, 0.49967122786777207, 35610000000, 
-0.04577267268411172, 0.18742709666600357, 0.49976677432426464, 35615000000, 
0.016163619669679753, 0.23607657529344897, 0.49989500812508497, 35620000000, 
-0.1214040079635155, 0.1562769509283926, 0.4999438132482429, 35625000000, 
-0.03522311732970727, 0.20415961300435356, 0.49978021181599486, 35630000000, 
-0.06797646026086343, 0.16380917497517225, 0.4998883083890842, 35635000000, 
-0.03668166824654838, 0.1783442054579856, 0.4997802398646223, 35640000000, 
-0.05340415156948179, 0.20617410655444823, 0.4999470890276055, 35645000000, 
-0.06306485941796768, 0.20416859605157314, 0.5001407532148053, 35650000000, 
-0.04651888729403993, 0.17541037455154446, 0.49987107956603305, 35655000000, 
-0.05964406865590144, 0.19286033416602283, 0.500019879027136, 35660000000, 
-0.03237541935307199, 0.1858255378080404, 0.5001763068346582, 35665000000, 
0.2909031082848097, 0.1697081770870588, 0.5000666678492202, 35670000000, 
-0.056807927909760574, 0.1828103666258237, 0.5000292392079916, 35675000000, 
-0.021523779524854056, 0.2509676233632068, 0.49991486878926655, 35680000000, 
-0.10073576734719161, 0.12615658101012428, 0.49949302016536473, 35685000000, 
-0.05976846593977833, 0.20651581342165914, 0.5000960861064506, 35690000000, 
-0.01639118805193498, 0.26532074744190837, 0.499979327921488, 35695000000, 
-0.12151973094614306, 0.09337914649847341, 0.4998582311815277, 35700000000, 
0.29660425887603203, 0.18256889241974172, 0.4998939740860315, 35705000000, 
-0.013736555696858894, 0.22116480829851928, 0.49999702629525683, 35710000000, 
-0.09977506047182673, 0.09269924696129783, 0.4996054690261235, 35715000000, 
-0.05975534980990588, 0.1915058845647063, 0.49925977373690705, 35720000000, 
-0.023570315890461345, 0.2573125806393594, 0.4994527077184601, 35725000000, 
-0.10926132460409964, 0.12043987458727844, 0.49956168522272376, 35730000000, 
-0.05196116444428753, 0.14004996206747428, 0.49969150214418784, 35735000000, 
0.3360510568906845, 0.2532734691024754, 0.500013333308431, 35740000000, 
-0.10569297590793869, 0.13762716623094232, 0.4998029120724094, 35745000000, 
-0.04590411203998457, 0.18481359670978778, 0.49978741405978816, 35750000000, 
-0.017160731350252804, 0.25034199763743614, 0.499729841137789, 35755000000, 
-0.09025340689733621, 0.11449237120676545, 0.5000891590226608, 35760000000, 
-0.046825520223242406, 0.18587384498311552, 0.5001809146089254, 35765000000, 
-0.015965345540298603, 0.21861802370531183, 0.4997418055829553, 35770000000, 
-0.07407727885073681, 0.07933197267182082, 0.49998879808596824, 35775000000, 
-0.02076327257598586, 0.16609387573777823, 0.5002212379260252, 35780000000, 
-0.03518785840292482, 0.2252656732815808, 0.4998795614142672, 35785000000, 
-0.10499273854737656, 0.10416130216292048, 0.49989783662102716, 35790000000, 
-0.027234698229401565, 0.24681907112455864, 0.5003219340750547, 35795000000, 
-0.0936595852823063, 0.10167377691548699, 0.5002535091286222, 35800000000, 
0.25818950162649423, 0.18918146812085465, 0.5000071385303059, 35805000000, 
0.0049583181562549965, 0.24420636673320886, 0.49978211845960124, 35810000000, 
-0.10291157859096224, 0.09937944432111495, 0.49991009210304566, 35815000000, 
-0.04338204579251293, 0.21644063497978874, 0.5002686070630414, 35820000000, 
-0.06152791439149599, 0.19983427993154645, 0.49965217482997304, 35825000000, 
-0.026469495100829972, 0.18412291105235074, 0.5000239192811221, 35830000000, 
-0.03193218468483366, 0.2562039341283566, 0.49951160036363207, 35835000000, 
0.22369214842017324, 0.09402450834587543, 0.4997711600403503, 35840000000, 
-0.017011314529634808, 0.22236323254815185, 0.4998599804432306, 35845000000, 
-0.04415733199756472, 0.23855663377200836, 0.49955532074594405, 35850000000, 
-0.09149660110928438, 0.1216168679956299, 0.4999177650293894, 35855000000, 
-0.041537608804687556, 0.236972205845007, 0.4996574731829059, 35860000000, 
-0.08904071634668032, 0.11456424483451619, 0.4998466365875775, 35865000000, 
-0.06637541984845372, 0.21104163075477209, 0.5000217441004046, 35870000000, 
-0.04692201817447006, 0.27224739615721305, 0.4995556112324979, 35875000000, 
-0.10079736555773507, 0.11674472179593358, 0.5001929654972966, 35880000000, 
-0.01593634484272853, 0.18042803821605632, 0.4999123758275667, 35885000000, 
-0.0158578846013969, 0.2633468333259081, 0.5000002362299221, 35890000000, 
-0.09902204175088963, 0.08159772992690349, 0.49972636914026225, 35895000000, 
-0.06674271992314844, 0.18884040653982778, 0.500336204110551, 35900000000, 
-0.015693093296685577, 0.25117822373236703, 0.5003183149455462, 35905000000, 
0.24106001603487226, 0.09932941016257286, 0.5002424934092238, 35910000000, 
-0.06696536873753904, 0.20587153348463907, 0.4998136234151713, 35915000000, 
-0.06197780087220993, 0.25852888056053425, 0.49987282237076414, 35920000000, 
-0.08523503366743472, 0.06716122030781173, 0.5000206004684672, 35925000000, 
-0.03136413578660253, 0.23629554097606942, 0.5002338552353701, 35930000000, 
-0.08743819612484972, 0.07972019781822196, 0.4999187394545105, 35935000000, 
0.2260627865727735, 0.20596629534140076, 0.5000577867286929, 35940000000, 
0.03180505707171613, 0.25201634599870454, 0.49979167191793133, 35945000000, 
-0.08305989942609926, 0.08960308075247592, 0.49969661568410134, 35950000000, 
-0.03065083171774878, 0.18513523176541152, 0.49989526088186187, 35955000000, 
-0.010404576783805648, 0.2527746881562556, 0.49995917898511794, 35960000000, 
-0.09659281603500691, 0.0938695652778122, 0.49963736226549754, 35965000000, 
-0.05269612162661679, 0.2072413406799802, 0.49972066223792255, 35970000000, 
0.2598566443986876, 0.15909459307002427, 0.4998383450121485, 35975000000, 
-0.058922847821929594, 0.16352576315979683, 0.4996780554874505, 35980000000, 
-0.05029020303095501, 0.16303233005799916, 0.5001057606912441, 35985000000, 
-0.02263415879186469, 0.2960819377067231, 0.49948349167413886, 35990000000, 
-0.08817053841215712, 0.13041458688619675, 0.4998411679044076, 35995000000, 
-0.07030358961835029, 0.19863485798550964, 0.5002787371796809, 36000000000, 
-0.049721297289537086, 0.16387908185226815, 0.4998111731578594, 36005000000, 
-0.06822690177130958, 0.17534717717745713, 0.49995788135044766, 36010000000, 
-0.035541241292561865, 0.21061541168524797, 0.5005128726420031, 36015000000, 
-0.05416396929415185, 0.30121889173075805, 0.49986248902590497, 36020000000, 
-0.08514697752923282, 0.08136175454216839, 0.5000254586529022, 36025000000, 
-0.03808537813581659, 0.1804852464271844, 0.5001588674281937, 36030000000, 
-0.01998389983972419, 0.27190829417308165, 0.5000724705583285, 36035000000, 
-0.08312769671443995, 0.07778175292458572, 0.49991499960454905, 36040000000, 
0.27351089130645373, 0.22805632386062705, 0.49997587686082534, 36045000000, 
-0.04774852846572895, 0.2666173447955736, 0.4998998606367817, 36050000000, 
-0.07738498599591433, 0.10656897231160653, 0.49994053605505084, 36055000000, 
-0.031214918195222565, 0.18452491733682433, 0.5000615471221198, 36060000000, 
-0.07050863836400115, 0.2233526404114414, 0.4996569078930509, 36065000000, 
-0.042624317459429885, 0.09659758202514508, 0.49998021176913343, 36070000000, 
-0.01559580243754604, 0.2013406122223559, 0.5002859017687081, 36075000000, 
0.2652865156522282, 0.20262205482946366, 0.499782632729092, 36080000000, 
-0.062073085614269385, 0.180581760142887, 0.5002563491882122, 36085000000, 
-0.06224492100716723, 0.15123940095500954, 0.5006144063230661, 36090000000, 
-0.08246045855392577, 0.16807728123863933, 0.5001981877920681, 36095000000, 
-0.0594286677980103, 0.18255256028855615, 0.5001392279806529, 36100000000, 
-0.04215854081646888, 0.296624608401827, 0.4999843855760628, 36105000000, 
-0.05437523708285728, 0.06764444721111908, 0.4998433421139109, 36110000000, 
-0.04501355807131858, 0.16974728599026923, 0.4999331270390246, 36115000000, 
-0.05207008881265497, 0.28847274502854486, 0.4992747624214966, 36120000000, 
-0.07069471880442786, 0.06843937608629719, 0.49981166626381474, 36125000000, 
-0.08507284494264211, 0.18876826752464468, 0.5001975480514995, 36130000000, 
-0.033374127890232086, 0.3050640653417729, 0.4994101397364305, 36135000000, 
-0.08795273724955187, 0.08040706707921563, 0.4994334254619723, 36140000000, 
0.2699632774368236, 0.2042963561776231, 0.4997865781784692, 36145000000, 
-0.06262460992142083, 0.17705401247986183, 0.4991656470111467, 36150000000, 
-0.06089125372499047, 0.1473870945308307, 0.4997097213110302, 36155000000, 
-0.06156514818855303, 0.3015285271921114, 0.4997857036396506, 36160000000, 
-0.09620042274530771, 0.07907519367972364, 0.49951484233664994, 36165000000, 
-0.06711721808163468, 0.18705683659169578, 0.5002555903793312, 36170000000, 
-0.0182421105423134, 0.29909537085395094, 0.4999868170925748, 36175000000, 
0.28317471139806333, 0.10124772455831585, 0.4998533124049468, 36180000000, 
-0.07039168457460665, 0.21243048233767453, 0.4998173256370091, 36185000000, 
-0.03605978926100982, 0.18770008642018127, 0.49953165750797307, 36190000000, 
-0.06106116584095878, 0.19259253093450926, 0.49994572007271293, 36195000000, 
-0.09300710705120935, 0.2845600066496735, 0.5001897021562982, 36200000000, 
-0.024486718381399535, 0.08544953561035976, 0.5000813126279072, 36205000000, 
-0.067486680917488, 0.15207283855700757, 0.50063298180275, 36210000000, 
-0.05639372688064766, 0.3007174771417823, 0.49973250111423934, 36215000000, 
-0.028835396279110283, 0.07121574426337099, 0.4997274986882099, 36220000000, 
-0.04711668754105951, 0.2022278652723163, 0.4999723301772832, 36225000000, 
-0.0851633113448841, 0.30273207493598986, 0.499865658330738, 36230000000, 
-0.038224169661956166, 0.07594562568813, 0.4995416445488294, 36235000000, 
-0.027589153714915687, 0.3038580853267901, 0.5002246347677114, 36240000000, 
-0.054993666104111875, 0.09232111310698121, 0.5000897547056047, 36245000000, 
0.2741634686803636, 0.18881117431542271, 0.5000517563218638, 36250000000, 
-0.0684864509596265, 0.2968286188126466, 0.5002654315501422, 36255000000, 
-0.051083080869911146, 0.08316828917323542, 0.5001954306213724, 36260000000, 
-0.05147098738155119, 0.1917283738704711, 0.49995598614639275, 36265000000, 
-0.03788611085173294, 0.2781612405737061, 0.49931350507674066, 36270000000, 
-0.07464416459121084, 0.06488776336757984, 0.5003072172615781, 36275000000, 
0.2341884595446083, 0.3141491910784541, 0.5000131242582646, 36280000000, 
-0.033868240413619306, 0.04682940420020355, 0.49982367771373926, 36285000000, 
-0.06732266404490056, 0.1631464657132004, 0.49984716925735734, 36290000000, 
-0.04186023856602056, 0.2507390299017278, 0.49960022319729563, 36295000000, 
-0.034899222124027074, 0.08225377716439157, 0.5002256846835876, 36300000000, 
-0.05350018378449565, 0.2908597212679598, 0.5000514971643496, 36305000000, 
-0.022912066483093046, 0.09686407601335034, 0.49982364307658395, 36310000000, 
-0.051190852478685524, 0.19177977546761416, 0.5003169718272813, 36315000000, 
-0.04663202199912708, 0.35699541059390466, 0.5000425004552495, 36320000000, 
-0.03421037335910855, 0.06345838688031244, 0.5000262526518768, 36325000000, 
-0.03433687624730737, 0.16470330647105202, 0.500387488746633, 36330000000, 
-0.05027186403709627, 0.3045045546307942, 0.49974611479189235, 36335000000, 
-0.05932864331566778, 0.05204960129495328, 0.5004667179370587, 36340000000, 
-0.04472883012520343, 0.21679458389840997, 0.5001354087867133, 36345000000, 
0.3050498239539818, 0.17153916028347715, 0.49989671465051744, 36350000000, 
-0.0667433015391376, 0.2033331175887424, 0.5003653809116975, 36355000000, 
-0.03914303124102936, 0.20028287792579125, 0.5002628744706186, 36362000000, 
-0.05399731013142607, 0.16105913923892473, 0.5005715918963074, 36367000000, 
-0.02295255999724703, 0.2165488947146011, 0.5004444968433162, 36372000000, 
-0.08169634777513282, 0.27569725687518, 0.5011797268374396, 36377000000, 
0.21266185168529445, 0.042256375491763955, 0.5012050301470061, 36382000000, 
0.0062700694520999665, 0.23088247456480587, 0.5014982473607056, 36387000000, 
-0.08698517618931746, 0.29750223758653965, 0.5022695248518079, 36392000000, 
-0.060085453083736674, 0.0722030668442453, 0.5022731518361547, 36397000000, 
-0.05148091780467992, 0.1795501974971211, 0.502857192564326, 36402000000, 
-0.04154730872989379, 0.15565888796207183, 0.502173410649231, 36407000000, 
-0.01817186429822631, 0.19838530012589464, 0.5026631105704239, 36412000000, 
0.2856468572629674, 0.21470710479256344, 0.5026144618628806, 36417000000, 
-0.06694970941200186, 0.1740462436896613, 0.5028184903471452, 36422000000, 
-0.043968914176370374, 0.21245316998504754, 0.5034765708674184, 36427000000, 
-0.03208678331540711, 0.19011329045245057, 0.5032469460934272, 36432000000, 
-0.05877307675353123, 0.28556620828134455, 0.5024908124893929, 36437000000, 
-0.013402984754392128, 0.08130677137303334, 0.5033376270301475, 36442000000, 
-0.051762098754260494, 0.18475827533758782, 0.5033327097831022, 36447000000, 
-0.10381403194300481, 0.2935808781667088, 0.5024859529270204, 36452000000, 
-0.030934226165048456, 0.09335380802397197, 0.5021016420961859, 36457000000, 
-0.037153204276248006, 0.178439188377349, 0.5021454409530851, 36462000000, 
-0.12825101521459864, 0.3082001898894644, 0.5008862977990353, 36467000000, 
-0.034531395783869864, 0.048596384486074985, 0.501419202717434, 36472000000, 
-0.04216709389999834, 0.20824858736788524, 0.5010419983729721, 36477000000, 
-0.1021007860728712, 0.3208656717166522, 0.4999901317950481, 36482000000, 
0.31276554073265783, 0.051924196295760464, 0.5000486504268408, 36487000000, 
-0.07341996138510806, 0.22098267615791284, 0.5003000581999697, 36492000000, 
-0.060068215352153766, 0.203066569071791, 0.4992633726693451, 36497000000, 
-0.06632102272108902, 0.21860708883526755, 0.49958133786970593, 36502000000, 
-0.0484256437136212, 0.3265595850297717, 0.4995249380208634, 36507000000, 
-0.05327126383806848, 0.07110319289127023, 0.4991491843703838, 36512000000, 
-0.07365874374297579, 0.18859731804713695, 0.4995667805356953, 36517000000, 
0.28037891330313697, 0.3176878753227692, 0.49895614914615444, 36522000000, 
-0.05055746640795207, 0.05338287835787031, 0.49902646309342497, 36527000000, 
-0.07184614132590098, 0.2047932592746926, 0.49980855983509126, 36532000000, 
-0.028794389244967775, 0.2119260644093645, 0.49913664965461185, 36537000000, 
-0.07020072040112853, 0.18801418746255366, 0.4998204762200199, 36542000000, 
-0.05175943295433686, 0.3033482795978708, 0.49947386565621377, 36548000000, 
-0.04439689193964412, -0.019411177554867563, 0.5002175827183265, 36553000000, 
-0.045642001369847536, 0.2125336386152368, 0.5002405666894606, 36558000000, 
-0.04388599011553882, 0.20456778042273688, 0.5003337835118276, 36563000000, 
-0.04794955032400251, 0.18761339892095805, 0.5002872944762742, 36568000000, 
-0.0692955087593921, 0.3277235781804333, 0.5007141382666211, 36573000000, 
-0.049959608494224206, 0.04263253690295567, 0.500424089977213, 36578000000, 
-0.05050679573663941, 0.2135241660841374, 0.5008203086225473, 36583000000, 
0.28448801223895903, 0.34779573800846897, 0.5000746602829766, 36588000000, 
-0.070086589097823, 0.014765799150013338, 0.500276117210436, 36593000000, 
-0.089366152017234, 0.33623307745410447, 0.5006293828093481, 36598000000, 
-0.011487081973297047, 0.0554629754996196, 0.49999566834594444, 36603000000, 
-0.08252892742727685, 0.19023496328680942, 0.5001503868756862, 36608000000, 
-0.060484584691690275, 0.33879582097986827, 0.49968022011286467, 36613000000, 
0.14547838606862915, 0.0560726558491199, 0.5000069000167311, 36620000000, 
-0.0006480640736373413, 0.33185723321417543, 0.49976532852469346, 36625000000, 
-0.03112970458933488, 0.030057891281417552, 0.5001377958726194, 36630000000, 
-0.05107507074989035, 0.20618314557296213, 0.4999265786168963, 36635000000, 
-0.04839196017956089, 0.3434990673888782, 0.49955956350038616, 36640000000, 
-0.03326213078266478, 0.027717511626105303, 0.4999070298172813, 36645000000, 
-0.06347811758969635, 0.21236921269709763, 0.5004368867697114, 36650000000, 
-0.1223717728678457, 0.17911657856975896, 0.500553090816944, 36655000000, 
-0.021435414082674395, 0.1842540489775063, 0.5008621125274272, 36660000000, 
-0.06807174886338452, 0.3244700430928684, 0.501348933331785, 36665000000, 
-0.07883314758268106, 0.020977743033672128, 0.5014814817042403, 36670000000, 
-0.06394785753721152, 0.22279285116489245, 0.5023087909645036, 36675000000, 
-0.1097375297599006, 0.3467175753538084, 0.5019859803344708, 36680000000, 
-0.005961135652558559, 0.017749209758229984, 0.5032693701787198, 36685000000, 
0.2908332618129723, 0.22414338705095768, 0.5036692921986964, 36690000000, 
-0.1356243381678218, 0.31150697109436437, 0.5035379355743633, 36695000000, 
-0.007344771789991433, 0.05562583807201161, 0.5032945788616101, 36700000000, 
-0.047083647989082794, 0.17644935900683717, 0.503819053910384, 36705000000, 
-0.11146955942190716, 0.36245289446835166, 0.5032280939765388, 36710000000, 
-0.036337490872853984, 0.11010644283764678, 0.5033137469509236, 36715000000, 
-0.03757080715571967, 0.19911351207618522, 0.5037324045457733, 36720000000, 
0.1942782182453722, 0.33123085869513025, 0.5030169971064721, 36725000000, 
-0.02632138089214666, 0.03652372483158337, 0.5037999924105219, 36730000000, 
0.001723343162587071, 0.19978235867726038, 0.5041427045340764, 36735000000, 
-0.137337670894641, 0.3368434428387794, 0.5037530822956666, 36740000000, 
0.031226257348570253, 0.01908155640031025, 0.5042163504124174, 36745000000, 
0.004752424713950008, 0.18993746066537592, 0.5047334874435037, 36750000000, 
-0.14732124862782522, 0.3566221899200339, 0.5044477114728747, 36755000000, 
0.3466876353183866, 0.023829379230862625, 0.5050184042329333, 36760000000, 
-0.02368158306491959, 0.22227974270872686, 0.5052080888565883, 36765000000, 
-0.1423340751764256, 0.3567653708430529, 0.5046746164788699, 36770000000, 
0.025623097849194074, 0.033411182829233194, 0.5050408944951112, 36775000000, 
-0.04905927974846913, 0.2159105224927173, 0.5054061315565729, 36780000000, 
-0.14201290431188063, 0.35925535450976914, 0.5047261178480013, 36785000000, 
0.0056975876788156205, 0.026466127937981525, 0.505511444748588, 36790000000, 
-0.01640503298175014, 0.21817948445348898, 0.5050527183012652, 36796000000, 
-0.10512053843342765, 0.16501428282127736, 0.5042545793961516, 36801000000, 
-0.028847180642708657, 0.1992512063115685, 0.50411571343068, 36806000000, 
-0.07856693599888175, 0.38079317278691005, 0.5034827060157073, 36811000000, 
-0.02370314441172988, -0.005423433110757323, 0.5029300064015922, 36816000000, 
-0.047482409162487214, 0.24470363416439248, 0.5029049363761195, 36821000000, 
0.22420051632764904, 0.3555254189019142, 0.5016152092755549, 36826000000, 
-0.03007412651252609, 0.0514596437992528, 0.5021480516759779, 36831000000, 
-0.0283595403497508, 0.2150935676170993, 0.5017341567053828, 36836000000, 
-0.055127517315354826, 0.21050580785563974, 0.5007197655158881, 36841000000, 
-0.060467258186686454, 0.16899384335127787, 0.5006850668600412, 36846000000, 
-0.04531890056760818, 0.3908454879235093, 0.5003598134615471, 36851000000, 
-0.04363400064753441, -0.008719078933310661, 0.49967001105575265, 36856000000, 
0.28417842220701467, 0.22996108660035022, 0.4994735341214461, 36861000000, 
-0.05198941239545327, 0.3899751241080679, 0.4991356089022908, 36866000000, 
-0.05537156831133938, -0.0189409947960877, 0.4990327420026746, 36871000000, 
-0.06613758766546522, 0.37984432626566733, 0.4991748555397881, 36876000000, 
-0.045571332245744674, 0.00681184013651274, 0.4986430508801919, 36881000000, 
-0.06587016344167186, 0.19084489071851374, 0.49938224098010103, 36886000000, 
-0.06924921773060282, 0.3744879058958984, 0.4989857508027247, 36891000000, 
-0.05242635463927201, -0.00857796482198254, 0.4992155359217514, 36896000000, 
-0.0678396486022269, 0.2020528789705554, 0.4997658670830339, 36901000000, 
-0.05997516067662135, 0.4396977670731247, 0.4998105781883113, 36906000000, 
-0.023850313163764965, -0.002414423616338285, 0.4997989443020509, 36911000000, 
-0.07789684162975148, 0.2486141100413691, 0.5004184465259468, 36916000000, 
-0.03603607790496779, 0.4140068029945436, 0.50012534786325, 36921000000, 
0.26583867003154277, 0.029543198398120037, 0.5005089568243952, 36926000000, 
-0.00637362262253828, 0.2102573471083136, 0.5010542098800963, 36931000000, 
-0.06457505581238526, 0.37081806015672214, 0.5007995833718965, 36936000000, 
-0.07505650586499331, 0.002704383731114403, 0.5013319233757028, 36941000000, 
-0.05544540740390427, 0.2154098278489423, 0.5014723227228266, 36946000000, 
-0.026130201015458834, 0.1791004828343624, 0.500813248698535, 36951000000, 
-0.08244376148846308, 0.19634851872869225, 0.5008661794545177, 36956000000, 
0.2285296648396593, 0.3573473310075193, 0.5006847657156634, 36961000000, 
-0.06288508932132461, 0.00947107604522301, 0.5010555733163713, 36966000000, 
-0.014980213224352947, 0.22753392831883584, 0.5016406463310251, 36971000000, 
-0.08120042564860153, 0.38691549525764857, 0.5021746652467053, 36976000000, 
-0.06020158554193783, -0.002813906603081561, 0.5029406477827555, 36981000000, 
-0.03290036673020227, 0.23678703586512237, 0.5035059507241363, 36986000000, 
-0.11611090076107156, 0.3634960717252688, 0.5038884567089843, 36991000000, 
0.36152961868911293, 0.007920656668240626, 0.5046793281193585, 36996000000, 
-0.04060354437971472, 0.2513153765247038, 0.505670946901758, 37001000000, 
-0.17984371016536585, 0.3650087131590792, 0.5055223096999922, 37006000000, 
0.03642161885175975, 0.031091099690482453, 0.5063082408413098, 37011000000, 
-0.007214113323222152, 0.21361200745697584, 0.5068258119103477, 37016000000, 
-0.15200132463870725, 0.35187891218581835, 0.5069690150988967, 37021000000, 
-0.005912110414302518, 0.019521445782241534, 0.5078377347640127, 37026000000, 
-0.03593934759057793, 0.22904996760934704, 0.5079469029714612, 37031000000, 
-0.10406257851696218, 0.16703040287755572, 0.5080832393839566, 37036000000, 
-0.014186966271127654, 0.21942988215129747, 0.50811299333619, 37041000000, 
-0.12663644500470336, 0.3114008243683266, 0.507970828011737, 37046000000, 
-0.053566562936990705, 0.023077445504044152, 0.5081876031416455, 37051000000, 
-0.003463395898276456, 0.25351111923060443, 0.5084377564529002, 37056000000, 
-0.09676625880254629, 0.2026513043788209, 0.5078717259762718, 37061000000, 
0.20806732959310476, 0.18059710312580413, 0.5075490186749031, 37066000000, 
-0.004213088358194721, 0.2165042352994353, 0.5077171188818436, 37071000000, 
-0.07492029655481829, 0.2280891827375299, 0.5070187581384005, 37076000000, 
-0.04670697813292537, 0.1727579842481928, 0.5067335068495555, 37081000000, 
-0.022395113767310147, 0.21200634704690086, 0.5068477798831074, 37086000000, 
-0.07547169845889266, 0.21715585933012294, 0.5060233982764116, 37091000000, 
0.2237625089830948, 0.195013292319358, 0.5054685529280465, 37096000000, 
0.07372530477180834, 0.2147784428993179, 0.5053730915200036, 37101000000, 
-0.10559192920413916, 0.3379817287372624, 0.5046021718783821, 37106000000, 
-0.06016945887241884, -0.026178890740176278, 0.5043681445925898, 37111000000, 
-0.016700617735054643, 0.22656636320858525, 0.5048800007890992, 37116000000, 
-0.057605317208875545, 0.3347190613179848, 0.5038169227575375, 37121000000, 
-0.07370695039736552, 0.028973408139427864, 0.5036055220910456, 37126000000, 
-0.03866185669067847, 0.20539228524679007, 0.5038512208916498, 37131000000, 
-0.09694841982876212, 0.364676724612727, 0.5030807400330812, 37136000000, 
-0.043382375537989404, 0.014078878022800667, 0.503310915031591, 37141000000, 
-0.006191045707998215, 0.19116346330404477, 0.5032733437028526, 37146000000, 
-0.026321724029734435, 0.2020679713900227, 0.5021044799037588, 37151000000, 
-0.09341559557162374, 0.18818511543459307, 0.502121872507294, 37156000000, 
-0.04145087487412942, 0.3142308852338785, 0.5016463087848618, 37161000000, 
0.22279544666930945, 0.03450001297564783, 0.5003026195318527, 37166000000, 
-0.07922244835316908, 0.19588164370787195, 0.5006453939415036, 37171000000, 
0.00561767963956546, 0.3369626691231401, 0.49942908650569606, 37176000000, 
-0.08573023599828551, 0.06046369914538176, 0.4989418754239458, 37181000000, 
-0.047671128244696256, 0.20959955263405994, 0.4986723891200201, 37186000000, 
-0.02517695770213135, 0.3458273832965704, 0.49779195767625933, 37191000000, 
-0.10444243843228962, 0.07332661340448837, 0.4983116881027354, 37196000000, 
0.2886646273877838, 0.23345205247361128, 0.49832722451053063, 37201000000, 
-0.04542410724449205, 0.199284984970513, 0.4982529573049001, 37206000000, 
-0.0689271853966124, 0.21155616812607844, 0.498607454543816, 37211000000, 
-0.028314258127588705, 0.34643568776112715, 0.4991729261350834, 37216000000, 
-0.09693124028472223, 0.011803411263957578, 0.4994021548127472, 37221000000, 
-0.0529491611415081, 0.23985134886638773, 0.500026932811399, 37226000000, 
-0.05354633541194902, 0.1950164091084108, 0.5001085902324217, 37231000000, 
0.25088470487825654, 0.2014361926725412, 0.5008399795279961, 37236000000, 
-0.019680861382681786, 0.3617221816309888, 0.5011350558885891, 37241000000, 
-0.12415798067497832, 0.028701100605749923, 0.5012358274249289, 37246000000, 
-0.03803783501881926, 0.20057691438058528, 0.5016416360922394, 37251000000, 
-0.028746760851447686, 0.3376403357945721, 0.5012150305661658, 37256000000, 
-0.09765516029607534, 0.04947049656074983, 0.5016037578246881, 37261000000, 
-0.09140783331698035, 0.23131615020784307, 0.501648674307984, 37266000000, 
-0.11600611946785169, 0.1999038212256415, 0.5015042220716971, 37271000000, 
-0.018635860756867767, 0.23393751173849217, 0.5018260719235489, 37276000000, 
-0.028761947296338592, 0.31736310756683433, 0.5023888861172953, 37281000000, 
-0.1548527516409578, 0.04843163457388975, 0.5022707912856157, 37286000000, 
-0.03429270757190894, 0.21921449970168969, 0.5032762051880699, 37291000000, 
-0.061629095909316436, 0.33865820164441873, 0.5037005100275829, 37296000000, 
0.2543634765220783, 0.06589642390731185, 0.5038878812795765, 37301000000, 
-0.00607190789580584, 0.2432535561749656, 0.5045546117432542, 37306000000, 
-0.04566149909418408, 0.28835346577925336, 0.5048022039609107, 37311000000, 
-0.09011011877296585, 0.018214297429232015, 0.5055444600040983, 37316000000, 
-0.013094801683487018, 0.22876225173313383, 0.505931317422434, 37321000000, 
-0.05108839093433555, 0.21036489430066674, 0.5062485556341146, 37326000000, 
-0.07708374069392299, 0.1687208785446636, 0.5058443007032514, 37331000000, 
0.3173263126701694, 0.2255302778796715, 0.5063860939168332, 37336000000, 
-0.03585507106382304, 0.19921261761902176, 0.5067545550228508, 37341000000, 
-0.1360647920749587, 0.1918365955743328, 0.5066351044900214, 37346000000, 
0.015950175241010122, 0.20627364124012063, 0.507325804014695, 37351000000, 
-0.10808175870789605, 0.20610568253624253, 0.5069972624163956, 37356000000, 
-0.09181779868061404, 0.1994753942175408, 0.5073449738308305, 37361000000, 
0.022569669790445897, 0.2165642378862586, 0.5082849230552342, 37366000000, 
0.2804576529234972, 0.23736256533366884, 0.5081007396193018, 37371000000, 
-0.12126565291221489, 0.20877248086512057, 0.508197599700429, 37376000000, 
0.0147289004715348, 0.2676589478349169, 0.5087393250698362, 37381000000, 
-0.07281507250436824, 0.22910859841683112, 0.5086958447111234, 37386000000, 
-0.08489039215914995, 0.23043798107930075, 0.5081327678286328, 37391000000, 
0.019049768076157634, 0.23080156390903978, 0.5085440014095646, 37396000000, 
-0.0749237045791612, 0.18611393808025384, 0.5083747693178319, 37401000000, 
-0.07973092616930148, 0.1631427314251188, 0.5083880111375806, 37406000000, 
-0.02345251440367698, 0.2318704834019641, 0.5078297907735848, 37411000000, 
-0.06391642607044885, 0.3073340057393246, 0.5068316955533497, 37416000000, 
-0.08610771152866901, 0.11053547742126539, 0.5067007235193286, 37421000000, 
-0.0028492183743777447, 0.2847469243713767, 0.5062239576045106, 37426000000, 
-0.036462407082162626, 0.29072399017022943, 0.5050941951448885, 37431000000, 
0.19545486822571104, 0.0763770900915989, 0.5042637061293608, 37436000000, 
0.06380785927028892, 0.2368968707236231, 0.5043337957207811, 37441000000, 
-0.059193864710398475, 0.31699675337682165, 0.5035142753460892, 37446000000, 
-0.07055405965024392, 0.08404522175241569, 0.5027584072022434, 37451000000, 
-0.03060752040066339, 0.24948259602291553, 0.5022553462065564, 37456000000, 
-0.04492567418511455, 0.30250941750250376, 0.5012695574619518, 37461000000, 
-0.07305227243999063, 0.12584814924070603, 0.5005759757256805, 37466000000, 
0.3643350029409159, 0.20604172249663041, 0.5002551249533911, 37471000000, 
-0.007593775601703257, 0.22239331301789617, 0.499392555818214, 37476000000, 
-0.08639852028469694, 0.2107981538622603, 0.49866532198895863, 37481000000, 
-0.020366631579594785, 0.3397350546388458, 0.49856108324543713, 37486000000, 
-0.12636813374614886, 0.1042665671059701, 0.4982670903360378, 37491000000, 
-0.05092350972010778, 0.22754662488200306, 0.4985088019810044, 37496000000, 
0.024578436119499614, 0.34049387622099225, 0.49774577676867776, 37501000000, 
-0.11934188193052894, 0.11459600220544769, 0.4989363316396159, 37506000000, 
0.014344462825409656, 0.28963166241653115, 0.4989296571652671, 37511000000, 
-0.09658138686145393, 0.11736939169642335, 0.499003808748146, 37516000000, 
-0.04709876949080867, 0.20322331360257673, 0.4996059127720168, 37521000000, 
-0.004850531287550561, 0.31519989298671575, 0.49965498556090815, 37526000000, 
-0.13218082513759868, 0.10650350087807077, 0.5002850006666978, 37531000000, 
-0.054390367435003244, 0.23348951452362368, 0.5009038045750108, 37536000000, 
0.27319346447493686, 0.20415970488735186, 0.5002747301256261, 37541000000, 
-0.07748922108814817, 0.19468698283127694, 0.5009976175278427, 37546000000, 
0.04940653399570931, 0.33175286175555585, 0.501074891556279, 37551000000, 
-0.150133022920514, 0.07892150387387822, 0.5012029064370467, 37556000000, 
-0.04339840324892466, 0.21056035200701023, 0.5014916712087141, 37561000000, 
-0.07901021937344144, 0.28846543723185086, 0.5010822270409002, 37566000000, 
-0.0703247926717193, 0.12263584889467, 0.5017505167043896, 37571000000, 
0.25649121625955745, 0.21353565250220546, 0.5025020022798388, 37576000000, 
-0.07558170618569145, 0.31713061360142225, 0.502446386776611, 37581000000, 
-0.04112584869499538, 0.12094333684391656, 0.5029752239312077, 37586000000, 
-0.026454574734643656, 0.23274650149043824, 0.5035529558584269, 37591000000, 
-0.07830256532281331, 0.3012435904730332, 0.5035581616433569, 37596000000, 
-0.06792700228039168, 0.13971926981961208, 0.5046316009715418, 37601000000, 
0.26061896581281535, 0.23141125357625314, 0.5051052400352488, 37606000000, 
-0.16969880736431975, 0.22037986827096978, 0.505471851340551, 37611000000, 
-0.01306617967499002, 0.22028558666238374, 0.5059765311158849, 37616000000, 
-0.06986508676223475, 0.2421908212587044, 0.5063816415142562, 37621000000, 
-0.09790739379866227, 0.16572424170078526, 0.5064501264388727, 37626000000, 
-0.005921043925255413, 0.25352994063307976, 0.5068727912970828, 37631000000, 
-0.0964260219610258, 0.20216117506725295, 0.5073414515150886, 37636000000, 
-0.07000282199442995, 0.22282963532859795, 0.5076802202619991, 37641000000, 
-0.000450201658054563, 0.26046413164520926, 0.5080690292652064, 37646000000, 
-0.1211479089353404, 0.1931394340380654, 0.50827957408845, 37651000000, 
-0.0486672744973245, 0.20095632184017984, 0.5084098560798511, 37656000000, 
0.018551682097108686, 0.2604963295727678, 0.5087928803569497, 37661000000, 
-0.07509934129416794, 0.22919654504179265, 0.5086344768264709, 37666000000, 
-0.07020081320532828, 0.20784762675064855, 0.50827754618841, 37671000000, 
0.36181581325322687, 0.2480212251527099, 0.5085370086017316, 37676000000, 
-0.03380280180286611, 0.309004695662441, 0.5082529688342594, 37681000000, 
-0.12873400310871527, 0.1374443862491872, 0.5082562647783583, 37686000000, 
-0.03140841466836177, 0.24561696196875227, 0.5074222879416631, 37691000000, 
-0.0343259804043103, 0.2890145754161071, 0.5066902975944065, 37696000000, 
-0.10081054764653385, 0.13985958458519623, 0.5063166949002745, 37701000000, 
-0.004047710113877254, 0.23015777691893338, 0.5062855229535275, 37706000000, 
0.2864712057839945, 0.2320441085765747, 0.50533468991044, 37711000000, 
-0.08820341624819177, 0.16249800982214443, 0.5056888926545978, 37716000000, 
-0.0485971174403006, 0.2661588374780139, 0.5053562379863588, 37721000000, 
-0.07552172575764848, 0.2970423174093974, 0.5046031411080276, 37726000000, 
-0.06396372101772378, 0.1390431402728262, 0.5043635404022645, 37731000000, 
-0.01896915264616294, 0.20188963957072215, 0.5042351892063087, 37736000000, 
-0.11041672164744781, 0.31110242611452804, 0.503663430727582, 37741000000, 
-0.08849065672232898, 0.12030733395257377, 0.5036249135579324, 37746000000, 
-0.009018940816442042, 0.21656320140767096, 0.5034906051795563, 37751000000, 
0.026503242318114427, 0.29522231985297637, 0.5026764852714573, 37756000000, 
-0.13031086520804636, 0.0975206974856638, 0.5028068552391463, 37761000000, 
-0.030884834299015323, 0.2214774054022366, 0.5022468089804042, 37766000000, 
-0.05172691463250702, 0.22220538404996457, 0.5016099444380746, 37771000000, 
0.25670139787259016, 0.2089341031463653, 0.5010609468068196, 37776000000, 
0.08496900866590018, 0.29552751434154956, 0.5009528198327909, 37781000000, 
-0.13492224791463683, 0.1023081034211428, 0.49987674613254485, 37786000000, 
-0.03649948985817562, 0.23291672746178269, 0.5007187768316969, 37791000000, 
-0.0415364032262154, 0.31254281911743553, 0.5002875457963795, 37796000000, 
-0.09578595094984398, 0.11974792261828605, 0.499865845560351, 37801000000, 
-0.02139542044452588, 0.20168143757343945, 0.5005179417786855, 37806000000, 
0.24056406883811235, 0.2604824490778049, 0.5004047708152947, 37811000000, 
-0.08308898983162258, 0.11853598174700253, 0.5013080722344785, 37816000000, 
-0.008814700586078465, 0.2273928062735974, 0.5020354680361054, 37821000000, 
0.007348853942888207, 0.274426274650659, 0.5018020268985547, 37826000000, 
-0.1277010410541064, 0.12492477739652165, 0.5026754664786595, 37831000000, 
-0.021074880396811168, 0.22302920207733395, 0.5031294610867549, 37836000000, 
-0.10696942698171757, 0.188258411108381, 0.5030833857669844, 37841000000, 
0.3227527048264743, 0.19737814191872807, 0.5040148437784175, 37846000000, 
0.014334109488496437, 0.29338096019020826, 0.5038205019374269, 37851000000, 
-0.17286255065829834, 0.15571728053091194, 0.5041038391643187, 37856000000, 
-0.037544928710206205, 0.21797475453952309, 0.5044557248966018, 37861000000, 
-0.021850487643038007, 0.2840358912264762, 0.5048923696251222, 37866000000, 
-0.1419298592559067, 0.11276688827454279, 0.5042330947568958, 37871000000, 
-0.018958536694060064, 0.26434952742169104, 0.5050207958855051, 37876000000, 
-0.01247266530891208, 0.3178253131071516, 0.5049059572529372, 37881000000, 
-0.17730149698628306, 0.10600942491845726, 0.505792692685151, 37886000000, 
0.015061410939117583, 0.2617662507391133, 0.5057482166980307, 37891000000, 
-0.035589103910968256, 0.28755759159844285, 0.5055220302460357, 37896000000, 
-0.1145040887130978, 0.15575716784447535, 0.5066362019178211, 37901000000, 
-0.04374844448821781, 0.23253121789999384, 0.5069910460500289, 37906000000, 
-0.0649673413217941, 0.2552355844458438, 0.5070387996930398, 37911000000, 
0.2665057354711133, 0.16877774774479762, 0.5076396135798519, 37916000000, 
-0.050230964838478345, 0.2397297295609486, 0.5076181645302114, 37922000000, 
-0.11651452433957885, 0.19115693552756438, 0.5072171311708213, 37927000000, 
0.025683082682694296, 0.23533414574943654, 0.5078109540584522, 37932000000, 
-0.06459624259989072, 0.2756136464863138, 0.5072364211319886, 37937000000, 
-0.10334925837262646, 0.14516655026881595, 0.5073334492310401, 37942000000, 
0.2975324968351035, 0.23332618018577939, 0.5073106116349885, 37947000000, 
-0.027848534842448265, 0.31492655376270196, 0.506648362361405, 37952000000, 
-0.0706174994550258, 0.15786301769170996, 0.5071416755885704, 37957000000, 
-0.048026560564987185, 0.20756428334027868, 0.5066074665198896, 37962000000, 
-0.0592724159243162, 0.2831612914157629, 0.5066566689050133, 37967000000, 
-0.10351831971942589, 0.1559236298404756, 0.5065343628107396, 37972000000, 
-0.031117836692738505, 0.24705915864311076, 0.5059786061045451, 37977000000, 
-0.022104545415775143, 0.2945774848932684, 0.504711468146156, 37982000000, 
-0.12886647031555423, 0.12857040119407823, 0.5043652796168181, 37987000000, 
-0.07009200726812428, 0.21797246199003315, 0.5040144680807924, 37992000000, 
-0.06588534846588168, 0.29016203060680423, 0.5033783496147128, 37997000000, 
-0.08284131471255775, 0.1306139127501261, 0.5031668605973411, 38002000000, 
-0.02424798362474404, 0.2408144841572022, 0.5030621907460895, 38007000000, 
-0.03206481839809676, 0.2848038956249357, 0.5021338200207515, 38012000000, 
0.1889038380891215, 0.1403330647559839, 0.5019549080608845, 38017000000, 
-0.017907060151851523, 0.21966930475222635, 0.502469242450881, 38022000000, 
0.03433983415815287, 0.2972764755545175, 0.5016253270061816, 38027000000, 
-0.13970547299979208, 0.13000234641731456, 0.50106644923913, 38032000000, 
-0.0677242407633607, 0.23242776954045619, 0.5012627875439283, 38037000000, 
-0.040683402775242856, 0.19464832989693615, 0.500162549744958, 38042000000, 
-0.07656330355615283, 0.2212616979118052, 0.49984083781241984, 38047000000, 
0.37059119707630317, 0.2739509085936658, 0.49970184659196226, 38052000000, 
-0.14982669708910715, 0.11576761894336553, 0.49899574441026134, 38057000000, 
-0.061190128166547966, 0.2432836788955887, 0.4989546261874755, 38062000000, 
0.02146792084601058, 0.26594270881875287, 0.49918007723261965, 38067000000, 
-0.1836916422828001, 0.14917110723276467, 0.4990728240600654, 38072000000, 
0.0005431876726878712, 0.20683427884885147, 0.4998472914212816, 38077000000, 
0.2868288100837352, 0.25778260570670947, 0.5001324275812633, 38082000000, 
-0.15493815877818357, 0.17435787112656556, 0.5011767589283354, 38087000000, 
-0.018949422882786483, 0.21899803328773457, 0.5021873416178234, 38092000000, 
0.02138318839881411, 0.26579344272407984, 0.50293201741093, 38097000000, 
-0.19986900309829742, 0.208791804820929, 0.5033556514528041, 38102000000, 
0.006002192941455806, 0.22941513259649624, 0.5045047233156883, 38107000000, 
-0.040962816975070954, 0.29259188990034884, 0.5048520687185075, 38112000000, 
-0.12374508524117153, 0.14832209964070428, 0.5058113749307479, 38117000000, 
-0.01527146392840176, 0.23172528927589264, 0.5063431689605554, 38122000000, 
-0.048083642118184874, 0.2894361954950897, 0.5066134119842604, 38127000000, 
-0.10037309949614222, 0.16265898282715843, 0.5071824054501004, 38132000000, 
-0.004191534650327802, 0.22307722929538587, 0.5074568445181792, 38137000000, 
-0.04050883029818657, 0.28507527717929654, 0.5075407261116721, 38142000000, 
-0.12092831287879749, 0.15344209873889403, 0.5073081681566841, 38147000000, 
0.4057062477768971, 0.21169320363538263, 0.5076210151662294, 38152000000, 
-0.039979330411692014, 0.28949085543824904, 0.5070098386089313, 38157000000, 
-0.13280320290880457, 0.13781767948091525, 0.5071850242941592, 38162000000, 
-0.008843979416785651, 0.18499057369605493, 0.5068864962894023, 38167000000, 
-0.016756933448468448, 0.3110106653129508, 0.5061570196218953, 38172000000, 
-0.11935429759431815, 0.14855090608537683, 0.5061088157793446, 38177000000, 
-0.015760381557601025, 0.2220910337347914, 0.5059429839569202, 38182000000, 
0.413241914161944, 0.3017476611968948, 0.5052045138458019, 38187000000, 
-0.08133090826510062, 0.16085558578798534, 0.5054868763639526, 38192000000, 
0.0017376365504585892, 0.21969176079686087, 0.5050562555107893, 38197000000, 
0.012928268640860826, 0.27426873078810615, 0.5044679380103471, 38202000000, 
-0.13538838345232446, 0.1650520460222963, 0.5048754817662767, 38207000000, 
-0.021181620035372755, 0.17625187742150197, 0.5038504703390321, 38212000000, 
0.013435243984873144, 0.3180529946718559, 0.5036839534099845, 38217000000, 
-0.12884687459089056, 0.15635368157771276, 0.503075615459806, 38222000000, 
-0.025832056731979195, 0.21616258709650496, 0.5029367794518649, 38227000000, 
0.008261539819624813, 0.296244905204452, 0.5021308905314592, 38232000000, 
-0.14520573465604988, 0.18930559117961765, 0.5016743752859827, 38237000000, 
-0.03375694183230137, 0.2388396076997917, 0.5012466503239165, 38242000000, 
0.07521040852450296, 0.26370259353209685, 0.5002421042090888, 38247000000, 
0.10628074515228547, 0.17085100646386378, 0.5000066386666067, 38252000000, 
-0.007553982533337489, 0.22577983859246994, 0.49976063896661754, 38257000000, 
0.09662662031575589, 0.29386463363511384, 0.49903490281552504, 38262000000, 
-0.15963341837878972, 0.1641366374645888, 0.49851033693265484, 38267000000, 
-0.026526815890403673, 0.2423204757692839, 0.4986445955375287, 38272000000, 
0.05422447897382577, 0.21190907834293707, 0.49796202841225723, 38277000000, 
-0.1935338178716048, 0.15697837840621734, 0.49822061429432435, 38282000000, 
0.26017353034899154, 0.22352184884332124, 0.4989931613541472, 38287000000, 
-0.04602748112981685, 0.22085995709199976, 0.49857864531142937, 38292000000, 
-0.11339497927868708, 0.2078046995745093, 0.499031669293872, 38297000000, 
0.01786653561185935, 0.2525641138914282, 0.4993702320507011, 38302000000, 
-0.1847454253278324, 0.14845911458308977, 0.4997411395951211, 38307000000, 
-0.06251944987034413, 0.2662074528656927, 0.5003474205906226, 38312000000, 
0.04911177828863221, 0.2792579450682616, 0.5003037905256412, 38317000000, 
-0.16585802575213174, 0.1816700300743347, 0.5002659706079734, 38322000000, 
-0.05754415332344321, 0.23299371825925555, 0.5011536403786516, 38327000000, 
0.06446742879835533, 0.27774188367745717, 0.5011567308608147, 38332000000, 
-0.15985686945701894, 0.12824404897570787, 0.5008853367953267, 38337000000, 
-0.014255001382801849, 0.21714609248784186, 0.5011577289611698, 38342000000, 
0.04715666682571749, 0.2677700349968491, 0.5010080784694345, 38348000000, 
-0.17657882213091458, 0.19384266853786297, 0.5009282229089536, 38353000000, 
0.28096925070641476, 0.21593697131800146, 0.5010946250690135, 38358000000, 
0.03689857524721855, 0.23664913447076763, 0.5007611159782768, 38363000000, 
-0.19242393889225995, 0.16003368040678026, 0.5001775899667236, 38368000000, 
-0.03276417432512107, 0.2395342950479422, 0.5001306472039356, 38373000000, 
0.021929356168754036, 0.2531561466234658, 0.49981839189156735, 38378000000, 
-0.16875704387664703, 0.1849352106661872, 0.49979620205087755, 38383000000, 
0.2173866181020085, 0.22856362377874465, 0.49972560372344516, 38388000000, 
0.1190561841073772, 0.2465664748146113, 0.4995524090490471, 38393000000, 
-0.19274466003465449, 0.17382941343952013, 0.4997657990998695, 38398000000, 
-0.04255030053872311, 0.2533828999440725, 0.5002466160435859, 38403000000, 
-0.052236518852987426, 0.2309116812719936, 0.5001482022466176, 38408000000, 
-0.14331674679011663, 0.2531164261590354, 0.5007959140007928, 38413000000, 
0.008232858549022625, 0.22251458428332968, 0.5018849471794825, 38418000000, 
0.2962015670883079, 0.20195916124478835, 0.5023845159766815, 38423000000, 
-0.06772242732365745, 0.2667896402901654, 0.5032424191735686, 38428000000, 
-0.1148461923723058, 0.13935116729224994, 0.5044905655059136, 38433000000, 
-0.029942692563134476, 0.22076643995815737, 0.5056113367458669, 38438000000, 
-0.13592634767280595, 0.242049852297446, 0.5064993985419457, 38443000000, 
-0.09704192155662983, 0.22938180261988775, 0.5067957712829401, 38448000000, 
0.02158672371834869, 0.22414282262771398, 0.508208675975532, 38453000000, 
-0.02164844109035167, 0.2314751269571122, 0.5080083270606953, 38458000000, 
-0.052458436282628355, 0.2896322799063589, 0.5081739641775808, 38463000000, 
-0.14514907660784968, 0.1701533764436712, 0.5088272403697663, 38468000000, 
-0.005697680211224788, 0.20062964286409155, 0.5087062150983186, 38473000000, 
-0.06777319527885256, 0.2623472648834414, 0.508369289934766, 38478000000, 
-0.10445269668147593, 0.25205524826677156, 0.5073333387832065, 38483000000, 
0.0193125131358399, 0.2067220994010789, 0.5077128559693347, 38488000000, 
0.3134263600278474, 0.22176858106504935, 0.5066891818997817, 38493000000, 
-0.01603916677121138, 0.30755518262157866, 0.5055663891831721, 38498000000, 
-0.1443679173921614, 0.19994080406305414, 0.504963547591097, 38503000000, 
-0.034393585613920925, 0.2437852726618366, 0.5050226282751104, 38508000000, 
0.07020589855634712, 0.26963995250506434, 0.5037465847560734, 38513000000, 
-0.183978403148873, 0.18357699150435142, 0.502897042904697, 38518000000, 
-0.0655634170053003, 0.22526731868184094, 0.5015488906513834, 38523000000, 
0.3714930061950144, 0.24419587864985506, 0.500676006407384, 38528000000, 
-0.1616643646777914, 0.21454375323041683, 0.4997740476298822, 38533000000, 
-0.025842967387022117, 0.21760322833849766, 0.49852932226862046, 38538000000, 
0.07252326991693564, 0.2591661166190179, 0.4983933106015508, 38543000000, 
-0.15022767885475136, 0.21746274181203973, 0.4975042332862906, 38548000000, 
-0.049310515736311664, 0.23194304347732853, 0.497235093117619, 38553000000, 
-0.05086230488288607, 0.21696377742468656, 0.4969585985763271, 38558000000, 
-0.08547623037600324, 0.22133440101854734, 0.4971408746043557, 38563000000, 
0.07656961367949727, 0.2310169119787902, 0.49724455415800256, 38568000000, 
-0.20568598113640435, 0.19865977890938272, 0.4975978145220583, 38573000000, 
-0.03366005229922468, 0.23938343402142703, 0.49791354534589377, 38578000000, 
0.036734154467327806, 0.21308080810152535, 0.49885914537923787, 38583000000, 
-0.18167030503472145, 0.20565835946741864, 0.49935192536642153, 38588000000, 
0.2821906547783827, 0.21293148404384168, 0.49996560018174796, 38593000000, 
0.07943101699449859, 0.24390988115608986, 0.5001490338535032, 38598000000, 
-0.2688473373555891, 0.21643855656577432, 0.5008183423828424, 38603000000, 
-0.06390131294752269, 0.22058637386258284, 0.5013168694666946, 38608000000, 
0.09417023232515896, 0.23350111536073503, 0.5013677569334257, 38613000000, 
-0.3601872328130035, 0.18754580851295413, 0.5015050388458956, 38618000000, 
-0.030233019454177897, 0.2406022039603883, 0.5020155964529824, 38623000000, 
0.4559542432713077, 0.2353147142404647, 0.5013487818726597, 38628000000, 
-0.2574062801962745, 0.19959293328523095, 0.5012011333820892, 38633000000, 
-0.04801763340141227, 0.25005884107992365, 0.5012897652481101, 38638000000, 
-0.08319448914164743, 0.2325844454203509, 0.5009564931491703, 38643000000, 
-0.08839358112983405, 0.21368981355627276, 0.500296410069264, 38648000000, 
-0.06270839687021182, 0.2220027126351999, 0.5001732004281355, 38653000000, 
-0.033288346250947315, 0.23352810903967253, 0.49971422378933256, 38658000000, 
-0.06821179233925954, 0.26339952686163526, 0.4995729378363134, 38663000000, 
-0.052809729691486014, 0.23814419437237833, 0.499425894119734, 38668000000, 
-0.02477309566432407, 0.21447106816660677, 0.49909227657300126, 38673000000, 
-0.057122858987462485, 0.24942477894471207, 0.4985922885579582, 38678000000, 
-0.0778033176129827, 0.24271493947072734, 0.4991808820573935, 38683000000, 
-0.03515256542841828, 0.23258510601763308, 0.4986579209037303, 38688000000, 
-0.03412020269772384, 0.22915597761125994, 0.49920546082299094, 38693000000, 
0.4339597060333326, 0.20710875967381845, 0.49931082485540507, 38698000000, 
-0.24341288139123984, 0.21620539810449377, 0.49951974056411497, 38703000000, 
-0.03624646322761446, 0.2237603684794802, 0.5003416066513819, 38708000000, 
0.09583768677861024, 0.23765408528645668, 0.49998950265705455, 38713000000, 
-0.21666166221611616, 0.21247168833517144, 0.5008151929955236, 38718000000, 
-0.09156160760450884, 0.21564938222341648, 0.5005723379825548, 38723000000, 
0.39665749414283, 0.2538683907250393, 0.5003121014430998, 38728000000, 
-0.13460796669988598, 0.23565633612008058, 0.5004565768830728, 38733000000, 
-0.046986796310076545, 0.24501105839330722, 0.5006550310150285, 38738000000, 
0.039668756189327525, 0.2553606980191408, 0.5010450421843861, 38743000000, 
-0.16669074778416984, 0.16701857115446075, 0.5011995744391157, 38748000000, 
-0.018681060244194733, 0.21806538602398073, 0.5006660530874302, 38753000000, 
0.07643729046562994, 0.25523951662318867, 0.500962568532346, 38758000000, 
0.13611774779213165, 0.22548533847174482, 0.5012245433756876, 38763000000, 
-0.042997214382983664, 0.2596415254279501, 0.5012297220507831, 38768000000, 
-0.04028937649429648, 0.20721441067514357, 0.5013404059461337, 38773000000, 
-0.08890146980010151, 0.25846265764166, 0.5016376102882469, 38778000000, 
-0.060770660846142424, 0.1966264678953307, 0.5014456210078175, 38783000000, 
-0.05067626145833792, 0.23304609413717106, 0.5018430076717834, 38788000000, 
0.00428155013524463, 0.28166454646681055, 0.5022290776403221, 38793000000, 
-0.08999842921522085, 0.1662578983536892, 0.5028983594834193, 38798000000, 
-0.025103826448841633, 0.2441217239954709, 0.50270515393896, 38803000000, 
-0.06693745767982098, 0.23702489982283179, 0.5029144191345459, 38808000000, 
-0.06652945476210746, 0.2561402730931769, 0.5031483796441798, 38813000000, 
-0.027526562454696094, 0.2286326303188418, 0.5026693630765081, 38818000000, 
-0.028858418048868125, 0.24332591338043455, 0.5030354120189549, 38823000000, 
-0.0840697890877784, 0.2611352850791992, 0.5026197810104095, 38828000000, 
0.3003689046650301, 0.24506635768584484, 0.5025585697848091, 38833000000, 
-0.07166512878004826, 0.22913600844040832, 0.5022541892700491, 38838000000, 
-0.034332422105983404, 0.21112691009093626, 0.501508165823222, 38843000000, 
-0.027996543725042032, 0.24919990757247837, 0.5011436647453019, 38848000000, 
-0.03634530650185445, 0.22485308952815147, 0.5006461291408526, 38853000000, 
-0.04192228233182148, 0.22263850723016376, 0.49969521004483974, 38858000000, 
-0.02918249325235102, 0.2534913309013222, 0.4995429330837688, 38863000000, 
-0.004397453310570464, 0.27895492756972695, 0.49903173222146274, 38868000000, 
-0.12144212653262111, 0.22339553269753515, 0.49847442523320346, 38873000000, 
-0.02398236984244511, 0.22972100605816465, 0.4986690266977616, 38878000000, 
-0.0316268675985408, 0.2391437118828964, 0.49788992312110114, 38883000000, 
-0.049347412848254654, 0.2498497814927805, 0.4985857961627697, 38888000000, 
-0.02351659168404556, 0.29209755383621544, 0.4985196103668167, 38893000000, 
0.17608934685565159, 0.1838085368801707, 0.4987568753862976, 38898000000, 
0.006877650591575436, 0.25857515523654795, 0.4992427010220868, 38903000000, 
-0.004935259971862499, 0.300382633338655, 0.4993162217969659, 38908000000, 
-0.09150354656961886, 0.16348931927229682, 0.49955480041031447, 38913000000, 
-0.06368643447348635, 0.22489819903291694, 0.4998454538576872, 38918000000, 
-0.043164610190617264, 0.22135223753854097, 0.5000422747821094, 38923000000, 
-0.05663555294239168, 0.21071401895921116, 0.5007429952021671, 38928000000, 
0.28988046555557057, 0.28930735997813234, 0.500811965285512, 38933000000, 
-0.10556404449967223, 0.17264979511831577, 0.5009363068327869, 38938000000, 
-0.04710802214880794, 0.2564897628158761, 0.5010820136701415, 38943000000, 
-0.07366984686227143, 0.1486874667352659, 0.5006714286695607, 38948000000, 
-0.06063834415511788, 0.24000358400418545, 0.500931811799109, 38953000000, 
-0.04084246337130148, 0.2928483732995891, 0.5007128335972933, 38958000000, 
-0.04890303228354692, 0.14289650520899758, 0.5003737657930831, 38963000000, 
0.3076716502510489, 0.23971826369619956, 0.5008141860398454, 38968000000, 
-0.027221404838514734, 0.24654226170451463, 0.5003344000439038, 38974000000, 
-0.034343502343452625, 0.2437251225000233, 0.5005941495657361, 38979000000, 
-0.06612534221010594, 0.3030274243650352, 0.49989826972594714, 38984000000, 
-0.07114883148267187, 0.1530536057276771, 0.4995086330547379, 38989000000, 
-0.06459837895934344, 0.24487766088408253, 0.49991272396660297, 38994000000, 
-0.023537049878892005, 0.31014114240782775, 0.4993796988238474, 38999000000, 
-0.10551691707592326, 0.1505758634520537, 0.4996325809119621, 39004000000, 
-0.08006778120693427, 0.2531438733639925, 0.4993383067927503, 39009000000, 
-0.08132101595711108, 0.2907129846361051, 0.4995336973881105, 39014000000, 
-0.045346046173102054, 0.12760181798813225, 0.4998602219689296, 39019000000, 
-0.05946995592232609, 0.23583816086031953, 0.4999719308879092, 39024000000, 
-0.0377153264772954, 0.3292488805777506, 0.4996029399628371, 39029000000, 
0.20599122322712832, 0.13699861045625678, 0.49985801310564637, 39034000000, 
0.02843818221887659, 0.2352378263500693, 0.5004305156858104, 39040000000, 
-0.0710834178220335, 0.21240537511241125, 0.49995442395335843, 39045000000, 
-0.06940994644709411, 0.2599282457822083, 0.5002783666388348, 39050000000, 
-0.05680997866889975, 0.29069012495551594, 0.5003875175521275, 39055000000, 
-0.09156744863921877, 0.16037989632221175, 0.5009143691544294, 39060000000, 
-0.022835371653153087, 0.2341709048478929, 0.5016354576737686, 39065000000, 
0.2830900690263806, 0.3394596572802099, 0.5018924836579147, 39070000000, 
-0.044530811343276536, 0.10226013257317201, 0.5023310826978723, 39075000000, 
-0.06421872887980341, 0.23483562330720154, 0.5033955770033349, 39080000000, 
-0.12919623490346488, 0.371770365723718, 0.5034368752943569, 39085000000, 
0.008656009748910311, 0.15184306473792514, 0.5042917675595713, 39090000000, 
-0.021661324437658287, 0.2053648291358786, 0.5052867596858964, 39095000000, 
-0.15829217597755496, 0.3842835772180915, 0.5055487705180718, 39100000000, 
0.005732166376708267, 0.08404288004433046, 0.5064189544390514, 39105000000, 
-0.02778079165276815, 0.19284805373460134, 0.5074336001371913, 39110000000, 
-0.13898838748875944, 0.2796796447724459, 0.5077004509688448, 39115000000, 
0.003836731744431412, 0.2156402741690218, 0.5083467183603336, 39120000000, 
-0.07341479969981297, 0.27363496716497865, 0.508796370270316, 39125000000, 
-0.0859430909493595, 0.20937863511502208, 0.5088158295003274, 39130000000, 
0.013497174296705584, 0.18267932612495644, 0.5093099600565861, 39135000000, 
0.2828286623140459, 0.2648649542489134, 0.5092070070866385, 39140000000, 
-0.11179674097637718, 0.2591827181561164, 0.5086654951329767, 39145000000, 
-0.01390312319831298, 0.21946071679816387, 0.5084684704112217, 39150000000, 
-0.06495714657985048, 0.2571167738780261, 0.5078439986800697, 39155000000, 
-0.0736050177096121, 0.24544736605373949, 0.5070309447184438, 39160000000, 
-0.0305257597305287, 0.20701308545467223, 0.5068245013006621, 39165000000, 
0.2037316180607261, 0.24829140121146995, 0.5061119511350824, 39170000000, 
-0.01669271468786363, 0.26267432614661107, 0.5048810105325681, 39175000000, 
-0.017261264431455765, 0.20092727123471305, 0.5052251832162551, 39180000000, 
-0.10477263178511241, 0.3653553696915647, 0.5045503219091813, 39185000000, 
-0.025242796654842654, 0.13771389624410094, 0.5040357731980827, 39190000000, 
-0.030418757139870495, 0.22502905789693622, 0.5038276461713084, 39195000000, 
-0.08494692908749213, 0.40145345142255484, 0.503185733408794, 39200000000, 
0.020279619420852314, 0.11799888423503288, 0.50307102572926, 39205000000, 
-0.08565963789296524, 0.24947869766607536, 0.5033989859021258, 39210000000, 
-0.08945473650689686, 0.3534108825240921, 0.5035264152611792, 39215000000, 
0.0017873799789705509, 0.11692102899224177, 0.5026589967010261, 39220000000, 
-0.05385371100359061, 0.23169512001919318, 0.5030248380724867, 39225000000, 
-0.0810773288950907, 0.3646778873003301, 0.5025305994605301, 39230000000, 
0.00398320548487951, 0.08002116171345947, 0.5018953182170764, 39235000000, 
0.23119889797435583, 0.25387728830379325, 0.5018488164546945, 39240000000, 
-0.10492921704831015, 0.3280665101369491, 0.5007985028378416, 39245000000, 
-0.031560069837823584, 0.08368079661068559, 0.5009858892784191, 39250000000, 
-0.10105018113700152, 0.3475158281378897, 0.49983396896563426, 39255000000, 
-0.033841962082229025, 0.1288961156395691, 0.4986638502643812, 39260000000, 
-0.0737857147487104, 0.23663921810502794, 0.49906883788907036, 39265000000, 
-0.07816352045013834, 0.39699082493993615, 0.49818735393444435, 39270000000, 
0.3312873741554317, 0.08388976909804001, 0.49833293457192374, 39275000000, 
-0.05267313943239815, 0.24312219142547806, 0.49856707395678573, 39280000000, 
-0.10251803632623596, 0.3634250512708537, 0.49774704070293463, 39285000000, 
-0.046444016827459036, 0.09531190567724686, 0.4983762846375153, 39290000000, 
-0.08866473807490115, 0.3666773809456255, 0.49883665349082046, 39295000000, 
0.014384718711987422, 0.07619633725419694, 0.49858606429321894, 39300000000, 
-0.04652652390527193, 0.2614807510658171, 0.4996508137980645, 39305000000, 
0.42536557918619244, 0.4872142237553564, 0.4994415028601132, 39310000000, 
-0.025604266612916798, 0.11153552867774374, 0.5005771074976697, 39315000000, 
-0.10667967688942728, 0.357374512815055, 0.5005363972964203, 39320000000, 
-0.03430009246583011, 0.11745734365232378, 0.5001273334216441, 39325000000, 
-0.09295693439532045, 0.21553420821106534, 0.5010070003447695, 39330000000, 
-0.11349107870421013, 0.42128342291942406, 0.50067812649888, 39335000000, 
-0.028254528929367324, 0.040589788810955055, 0.5013185119768931, 39340000000, 
-0.05696930113372581, 0.25984294346004144, 0.5013893457141317, 39345000000, 
-0.08278545314528371, 0.41002295251557475, 0.5011067636329076, 39350000000, 
-0.0013452914201202795, 0.10618121871220879, 0.5010697075047105, 39355000000, 
-0.06562572946540138, 0.2737020190722431, 0.5006826563850493, 39360000000, 
-0.066448358740346, 0.27532809233051936, 0.500607836904593, 39365000000, 
-0.04977328275842998, 0.25254120001878905, 0.500589373566577, 39370000000, 
0.22610485874200664, 0.43470375388097804, 0.5003146091372894, 39375000000, 
-0.016156630918527988, 0.040836997960151916, 0.5005103460797339, 39380000000, 
-0.04564727811102838, 0.25354382729309766, 0.5013148039218498, 39385000000, 
-0.1933004032254283, 0.42895502874811736, 0.5011807859376084, 39390000000, 
0.034449257593488686, 0.04946535826966754, 0.5025227207840257, 39395000000, 
-0.06718560746221325, 0.24964828117449153, 0.503334201286798, 39400000000, 
-0.19437708708456408, 0.4482012324015067, 0.5044686590818177, 39405000000, 
0.4352746980766588, 0.0399032373862691, 0.5050623800357876, 39410000000, 
-0.03761266443990747, 0.26176372523167724, 0.5057278277849302, 39415000000, 
-0.1911565037033573, 0.44192540828671195, 0.5062283118129637, 39420000000, 
0.062167596018426204, 0.05538223374511979, 0.5072786764625348, 39425000000, 
-0.01682328172048407, 0.22220049843367268, 0.5078054254715598, 39430000000, 
-0.2009748978589698, 0.45065297860643, 0.5080830023640525, 39435000000, 
0.10046248915838202, 0.03176272653160271, 0.5087232878193048, 39440000000, 
-0.006889242772318397, 0.25128886470466194, 0.5087801806842367, 39445000000, 
-0.17947223837189843, 0.4766422199197898, 0.5087813466112232, 39450000000, 
0.054219641386445167, 0.02196073796522791, 0.5092223751265746, 39455000000, 
-0.04896004333908773, 0.2721233690365997, 0.5090775937805738, 39460000000, 
-0.12490460130837601, 0.44116310306752676, 0.5086547840612092, 39465000000, 
0.02442827207941744, 0.07729092633416208, 0.5087908188548268, 39470000000, 
-0.004881150339812916, 0.23026000666513963, 0.5084938505332852, 39475000000, 
0.10100997577099052, 0.47182146945393727, 0.5078277586914293, 39480000000, 
0.038938015691562786, 0.027274681861333916, 0.5082523909109012, 39485000000, 
-0.03476467511151052, 0.25355899965600615, 0.5079702620088585, 39490000000, 
-0.21485068842170907, 0.5154684999333551, 0.5081165284160208, 39495000000, 
0.06805398290316807, 0.026228919616958758, 0.508106715321865, 39500000000, 
-0.03178124871924916, 0.20984474546606383, 0.5078888188874415, 39505000000, 
0.09295005216979053, 0.40680318323379705, 0.5070711169485764, 39510000000, 
0.10362691604843632, 0.018372024277851264, 0.5071947204223377, 39515000000, 
-0.031004811369201968, 0.2417970895835443, 0.5065682295388274, 39520000000, 
-0.14320128537029098, 0.42731378230634764, 0.5051084060726319, 39525000000, 
-0.013395736356691702, 0.04646567291634239, 0.504930958401158, 39530000000, 
-0.061606830831448745, 0.25739833978503845, 0.5040444102986359, 39535000000, 
-0.08232521936793175, 0.28944267624227565, 0.5025889293084557, 39540000000, 
0.2860314028341867, 0.21129192102586977, 0.502035092223126, 39545000000, 
-0.08301806758399444, 0.4246979153358715, 0.5011689985913927, 39550000000, 
-0.0205013940650214, 0.053897856108785606, 0.50050897733841, 39555000000, 
-0.04423781738831449, 0.27626809360770493, 0.5000069076794763, 39560000000, 
-0.0472447099328375, 0.25534320003210703, 0.4988750277761741, 39565000000, 
-0.05687498522797763, 0.24437051997653153, 0.4986680910226695, 39570000000, 
-0.10579279695012501, 0.4135252842859719, 0.4978950506733798, 39575000000, 
-0.018449019310236684, 0.03160139024019928, 0.49765755652643195, 39580000000, 
-0.06823206235096915, 0.2735373091724309, 0.4976593070143155, 39585000000, 
-0.11856096259144541, 0.42476582758678444, 0.4971764341652359, 39590000000, 
0.020549019857385754, 0.057543216535454335, 0.49792281442833347, 39595000000, 
-0.086846906706364, 0.37995745105243434, 0.4981486514343481, 39601000000, 
0.009837592688165621, 0.05974001208470035, 0.4980963542633101, 39606000000, 
-0.05364133612516996, 0.27949743873442345, 0.49945939182571, 39611000000, 
0.2888980813340743, 0.41318969953729057, 0.4994654337870813, 39616000000, 
0.004513799210186572, 0.05280857769457868, 0.5002544861542175, 39621000000, 
-0.0738486121723197, 0.40115610677290137, 0.5008705312541775, 39626000000, 
-0.00953271709710031, 0.10216523661213775, 0.5007809094484093, 39631000000, 
-0.08538884299482095, 0.22118521509927713, 0.5013896291280268, 39636000000, 
-0.0773960577550859, 0.47428954403761164, 0.5010920925943502, 39641000000, 
0.2580864604767902, 0.06487332741924202, 0.5016010059396986, 39646000000, 
-0.02679820049283743, 0.2824337088832057, 0.5017287339598285, 39651000000, 
-0.0714810865374436, 0.3978425876013264, 0.500751480548334, 39656000000, 
-0.03282330709244365, 0.07958584264243143, 0.5013958110712333, 39661000000, 
-0.10828605937580033, 0.4059359651824145, 0.5012993830133764, 39666000000, 
-0.024578156095511998, 0.07860719065784369, 0.5005998064964077, 39671000000, 
-0.03501114270763007, 0.23129572795662695, 0.5007416530851047, 39676000000, 
-0.07184466086161352, 0.4419396052120204, 0.5000034909880545, 39681000000, 
-0.00018880781177767203, 0.0719214530284388, 0.5002652667203917, 39686000000, 
-0.06259660853223475, 0.26746521597260453, 0.500472695037657, 39691000000, 
-0.1362818161608843, 0.40129117943947884, 0.4998057944627753, 39696000000, 
-0.0072203511211164, 0.07854762180888221, 0.5004544339135946, 39701000000, 
-0.053105289010568914, 0.2685387001517445, 0.5009723677392597, 39706000000, 
-0.09395252610392396, 0.26377486752316176, 0.5015885154666611, 39711000000, 
0.3230931829046086, 0.21711427856193502, 0.5027987667837924, 39716000000, 
-0.06340265214215936, 0.2459605559535386, 0.5037710867604045, 39721000000, 
-0.0983166356595421, 0.2410212977728084, 0.5049485081352183, 39726000000, 
0.015837589803804942, 0.20544861971881775, 0.5064637094123231, 39731000000, 
-0.11161936342969095, 0.22831826875246025, 0.5067535640246367, 39736000000, 
-0.08158668099925048, 0.2909116485111374, 0.5082582534192159, 39741000000, 
0.015055059226913818, 0.23119501972810624, 0.5091207084220263, 39746000000, 
0.25712359420132963, 0.26000443108505983, 0.5100314651187605, 39751000000, 
-0.11363951924434981, 0.43067296900451923, 0.5098206442333628, 39756000000, 
0.04675464332293733, 0.08454273938204997, 0.5106508951407024, 39761000000, 
-0.06952996987587756, 0.2872223171948316, 0.510677690622591, 39766000000, 
-0.1449824699159768, 0.45294391468631356, 0.5105399552668672, 39771000000, 
0.04674014205985812, 0.025050605276522888, 0.5106136118078866, 39776000000, 
-0.034931676244885135, 0.28172270636519947, 0.510501488862511, 39781000000, 
0.2020349890290024, 0.4697196611960841, 0.5101666757922162, 39786000000, 
0.0061884606666431224, 0.04207589694488671, 0.5098850869478458, 39791000000, 
-0.03258013840044138, 0.27255531803570365, 0.5093823418929152, 39796000000, 
-0.1477584664028985, 0.4140964830399678, 0.5087680386208323, 39801000000, 
-0.07652359471722583, 0.08397092566890595, 0.5082528299340693, 39806000000, 
-0.016163095076121545, 0.23371218518234677, 0.5078790544385927, 39811000000, 
-0.10630004987817697, 0.297854883288603, 0.5075725062227219, 39816000000, 
-0.0461225729160081, 0.28167138180223633, 0.5066890945270948, 39821000000, 
-0.02544112803629059, 0.21170886831148597, 0.5071791385873742, 39826000000, 
-0.10697896020502962, 0.24741894550945745, 0.5070213252797556, 39831000000, 
-0.1422734252681636, 0.4470619413972896, 0.5067628305198063, 39836000000, 
0.016003283176464097, 0.07772604248038881, 0.5071669348990997, 39841000000, 
-0.05305168620748262, 0.23699466909218211, 0.5069173633089484, 39846000000, 
0.23131762515880996, 0.4213715422986057, 0.5067621398769863, 39851000000, 
0.012870220315338072, 0.0510405483948584, 0.5072760389035472, 39856000000, 
-0.060306112864499245, 0.2653321630559713, 0.5072022164676608, 39861000000, 
-0.13430099183868963, 0.2643371499997876, 0.5061179377322464, 39866000000, 
-0.00891611262266677, 0.20120415662808075, 0.5065897664671568, 39871000000, 
-0.048901694902471614, 0.38882596886764054, 0.5059022574169239, 39876000000, 
-0.07033375617888106, 0.12311955435734413, 0.505186073954887, 39881000000, 
0.2924588183049218, 0.2724611629016135, 0.5052093133099838, 39886000000, 
-0.10338260023451189, 0.36978332505404427, 0.5040205748484193, 39891000000, 
-0.02854284604484603, 0.06884879200349207, 0.5042401051099517, 39896000000, 
-0.03896381035199058, 0.3535296750740025, 0.5036550141368455, 39901000000, 
-0.03271089143225288, 0.11331558469640617, 0.5020127246597876, 39906000000, 
-0.06040480042064363, 0.282201589721822, 0.5015707197177406, 39911000000, 
-0.06557028162907477, 0.3830484957392254, 0.5003671061089197, 39916000000, 
-0.07123284635087994, 0.12507625220977897, 0.4995562092989882, 39921000000, 
-0.04246590785297073, 0.28874720962082856, 0.49913940489533154, 39926000000, 
-0.05105986797120564, 0.3457482741414697, 0.49766807623863657, 39931000000, 
-0.08512477206340625, 0.12905700615868265, 0.4978298097252309, 39936000000, 
-0.03723291592070425, 0.3732958090017297, 0.49744097616035865, 39941000000, 
-0.0715917963378526, 0.11423284105493058, 0.4972793121733348, 39946000000, 
-0.06338229705691133, 0.24474906923796322, 0.4976092134659887, 39951000000, 
0.31050705683182966, 0.40043618640491235, 0.49757987811314486, 39956000000, 
-0.09589525706023852, 0.13445293669333758, 0.49800169355891294, 39961000000, 
-0.028617496125454524, 0.3959231808407712, 0.4988950557058239, 39966000000, 
-0.0333449954115637, 0.2647596598917638, 0.49866162960108346, 39971000000, 
-0.10285205240548649, 0.13593767150880703, 0.49985971369956017, 39976000000, 
-0.0554631550068921, 0.39262471434572266, 0.5002262986863388, 39981000000, 
0.22527269423145202, 0.11049527880904232, 0.5007450524077827, 39986000000, 
-0.03013611438633236, 0.24188047098782006, 0.5014765674232957, 39991000000, 
-0.029267765359887114, 0.359047043609434, 0.5010706607029874, 39996000000, 
-0.1144942779836568, 0.15903886836956918, 0.5018748209917387, 40001000000, 
-0.033081900155106016, 0.3776246744835431, 0.5021042166980785, 40006000000, 
-0.11790002689652794, 0.10815517112618558, 0.5018435378508749, 40011000000, 
-0.035418868036545904, 0.27314408348656455, 0.502429556072437, 40016000000, 
0.26699862448896633, 0.3539553966277342, 0.5027055748731779, 40022000000, 
-0.048570956431644455, 0.17110805663855613, 0.5031743206074016, 40027000000, 
-0.028770200927719335, 0.2580607290689826, 0.5036349345772902, 40032000000, 
-0.06703387127706442, 0.26449332035368295, 0.5037750713219993, 40037000000, 
0.002733633193350668, 0.24695049875631153, 0.5040991649934712, 40042000000, 
-0.032917917184097575, 0.3544814155957472, 0.5045169395601307, 40047000000, 
-0.10083417610171556, 0.15316083574684383, 0.5044675693764352, 40052000000, 
-0.05963680672312542, 0.2661024205124393, 0.5051884654515577, 40057000000, 
-0.13324180432521615, 0.3311085113858093, 0.505190918133304, 40062000000, 
-0.06436005716198762, 0.16591503086167933, 0.5055473194276596, 40068000000, 
-0.01896543909869045, 0.25178493704109534, 0.506754922964383, 40073000000, 
-0.13069106989974644, 0.3868637754022004, 0.50695130695379, 40078000000, 
-0.010233412954923572, 0.1336773564880155, 0.5078480676355293, 40083000000, 
0.25694365613540454, 0.2552792301731442, 0.5079752286314322, 40088000000, 
-0.07532152616133785, 0.3585118703135317, 0.5082584212921534, 40093000000, 
-0.07426442229156703, 0.16681756105503354, 0.509133045089689, 40099000000, 
-0.04841588589419859, 0.23859734648560632, 0.5097051496773547, 40104000000, 
-0.10285797789789014, 0.2799463022230453, 0.5101273060442807, 40109000000, 
-0.03563277321059913, 0.2532805245582646, 0.50977698136476, 40114000000, 
0.01723696398923545, 0.23743267178355626, 0.5107617510013365, 40119000000, 
0.27134827947071083, 0.28068110329047025, 0.5104471875231259, 40124000000, 
-0.06368616267263943, 0.3732337324544821, 0.5099835902822374, 40129000000, 
0.005123017873377699, 0.1330780363024766, 0.5106752131919087, 40134000000, 
-0.025764230213843112, 0.2951364951291946, 0.5101292983719646, 40139000000, 
-0.13178623528036446, 0.3903564368310538, 0.5098205053551584, 40144000000, 
-0.036942142132499696, 0.13000461779186462, 0.5098079706567284, 40149000000, 
-0.027348518793010913, 0.2619390636087109, 0.5095408745004386, 40154000000, 
-0.10792808972769807, 0.2588260720313019, 0.5090755311294133, 40159000000, 
-0.03524989087029058, 0.39641680703399407, 0.5084959530458999, 40164000000, 
-0.04698957311762, 0.1368685050371251, 0.5088025029025839, 40169000000, 
-0.02010846558056307, 0.2620721931120003, 0.5085085162853464, 40174000000, 
-0.08909151839870914, 0.3659802712173307, 0.5080632380872686, 40179000000, 
-0.06934769516232073, 0.11379566746550493, 0.5079691950918538, 40184000000, 
-0.007384524265923342, 0.27422569738607183, 0.5077830441626859, 40189000000, 
0.2789207013408947, 0.37697192671625984, 0.5069491166605731, 40194000000, 
-0.07257954598583272, 0.14571344251058452, 0.5073069088409985, 40199000000, 
-0.03278766654468865, 0.2505661456825661, 0.5069198068023822, 40204000000, 
-0.05876283806708843, 0.34453014530669684, 0.5064533865003139, 40209000000, 
-0.08081835523801388, 0.1694631679655352, 0.5060002505478695, 40214000000, 
-0.025749521381539575, 0.25576517028460083, 0.505899071001573, 40219000000, 
0.2285837225058996, 0.3406250077097972, 0.5050495160224622, 40224000000, 
-0.0341595606187378, 0.12993878381466048, 0.5044798196839207, 40229000000, 
-0.04079078048682506, 0.2710797321548438, 0.5045641171967076, 40234000000, 
-0.03927517657975624, 0.34437786319246033, 0.5035890792221063, 40240000000, 
-0.11210235245362254, 0.1299480954089932, 0.5036885153041913, 40245000000, 
-0.019048524808564213, 0.2522606442105407, 0.5027863413373069, 40250000000, 
-0.036781673488945, 0.2771281047398793, 0.5019924011740278, 40255000000, 
-0.04125118668082356, 0.28197372404156634, 0.5017074942050421, 40260000000, 
-0.04356912598279406, 0.31704055596124675, 0.5001579881920648, 40267000000, 
-0.08640351181592659, 0.16997392064749434, 0.49941375947708544, 40272000000, 
-0.01657183741921247, 0.37671601711016417, 0.499023945992622, 40277000000, 
-0.07246224541924733, 0.12917340413951842, 0.4983719573497684, 40282000000, 
-0.07207628367525729, 0.26656753947231127, 0.49829773861383864, 40287000000, 
0.24267700535292286, 0.24497873348361793, 0.49753865722918844, 40292000000, 
-0.02438002970099523, 0.25519822483902127, 0.49786840636635693, 40297000000, 
-0.01759507392953544, 0.37915385378778266, 0.4978939175416573, 40302000000, 
-0.12779555766681017, 0.1468880407779035, 0.4975975782338664, 40307000000, 
-0.05722642193848669, 0.2712867975577215, 0.498806607039876, 40312000000, 
-0.01726193688215659, 0.3362290057154682, 0.4986039611296756, 40317000000, 
-0.10486877203032124, 0.1740668809580712, 0.49914925502262236, 40322000000, 
0.27900170421796466, 0.2486531170898803, 0.5001641516965676, 40327000000, 
0.023878706395110454, 0.3353378647623185, 0.4996807243551119, 40332000000, 
-0.1418397335854712, 0.1554742743170232, 0.5007063453857364, 40337000000, 
0.0009168110263237383, 0.38736520411730596, 0.5011282172944015, 40342000000, 
-0.08106214875375879, 0.1354976870288449, 0.5014498591477713, 40347000000, 
-0.04057642328165245, 0.26653158141322736, 0.5019019221988024, 40352000000, 
-0.1028814635041001, 0.3339904339046264, 0.5016516956039285, 40357000000, 
0.290087093197281, 0.1302094212911606, 0.5023114479783435, 40362000000, 
-0.04492325073239426, 0.27013783678529274, 0.5030790691332803, 40367000000, 
-0.09065968943902633, 0.3533971822732991, 0.5027280636680517, 40372000000, 
-0.03970230613167751, 0.20006059859210829, 0.504325629869369, 40377000000, 
-0.025999332789618128, 0.23866804567339545, 0.5046569692572958, 40382000000, 
-0.09740123333645706, 0.24335077296806407, 0.5053301024636645, 40387000000, 
-0.0020561623320330766, 0.285855033602353, 0.505604703747488, 40392000000, 
-0.0569177668400191, 0.30533457698388494, 0.506198873269495, 40397000000, 
-0.06329515117012881, 0.25329871846133856, 0.5062625370272846, 40402000000, 
0.013939835149501447, 0.25788863797444267, 0.5069267036847591, 40407000000, 
-0.058192694414063585, 0.28591828928221047, 0.5074289344108421, 40412000000, 
-0.10235408281632008, 0.2290695464352226, 0.5073761103052479, 40417000000, 
-0.005840404923517062, 0.2924186031143061, 0.508167030868829, 40422000000, 
-0.09191836003363296, 0.34248567345998127, 0.5077636425954473, 40427000000, 
0.23947324423988076, 0.18788698866772457, 0.507981690489333, 40432000000, 
-0.018665529732532687, 0.26471846653521236, 0.5080688857988936, 40437000000, 
-0.0895485398936114, 0.25446607806149935, 0.5081969572231834, 40442000000, 
-0.059450935680007456, 0.2583153917977764, 0.5078041610322207, 40447000000, 
0.007267129687576958, 0.25575997541634693, 0.5084349481793664, 40452000000, 
-0.09244514433621225, 0.2678737282681273, 0.5079904901133299, 40457000000, 
0.2586185762993568, 0.2565619697968262, 0.5074471932554552, 40462000000, 
0.06127114423795878, 0.2649951824493051, 0.5076848005872407, 40467000000, 
-0.13923616277906656, 0.2777348601571523, 0.5076982175028285, 40472000000, 
-0.02561947818105055, 0.35563552081926153, 0.5075701691680794, 40477000000, 
-0.03665356251491219, 0.16629456534912634, 0.5078671253677132, 40482000000, 
-0.037142088753562154, 0.2506177077662626, 0.5083166451229558, 40487000000, 
-0.10887640786796793, 0.31091434947620633, 0.5080096754031268, 40492000000, 
-0.04210528253679592, 0.13660926479039204, 0.5081942079561003, 40497000000, 
-0.0064268356906419175, 0.2527399233797202, 0.5086352362600964, 40502000000, 
-0.0623685800392645, 0.3587022729020199, 0.5079779435250507, 40507000000, 
-0.052125363163384814, 0.17033179470385515, 0.5084393486804354, 40512000000, 
0.012788504846403627, 0.25420964967806337, 0.5081188115970316, 40517000000, 
-0.07916053221705019, 0.3674180797625019, 0.5077204584179683, 40522000000, 
-0.07050901797501274, 0.17645019258042235, 0.5076883951500873, 40527000000, 
0.34031995939941134, 0.2582692166291542, 0.5078845309121071, 40532000000, 
-0.1138980485501065, 0.34572438301027225, 0.5068563511632854, 40537000000, 
-0.034997363469323806, 0.17829859385812907, 0.5074390669763289, 40542000000, 
0.007497004549876278, 0.26727286064952277, 0.5072229195331929, 40547000000, 
-0.06189610647537039, 0.3468923529030675, 0.5063686665535297, 40552000000, 
-0.056763763975028504, 0.15086672712645502, 0.5061573791278293, 40557000000, 
-0.03712379133850737, 0.2650077710153111, 0.5053616698679314, 40562000000, 
0.23800820354708618, 0.3425488743829995, 0.5049144532069513, 40567000000, 
-0.08284697493384896, 0.16182879233482078, 0.5041869636009643, 40572000000, 
-0.03195261153323976, 0.2915391557956184, 0.5043279992757562, 40577000000, 
-0.01602122930424551, 0.358719504409697, 0.5037343683581478, 40582000000, 
-0.08752491456907391, 0.17107115497973574, 0.503637451225186, 40587000000, 
-0.037559004072711046, 0.26456252722828455, 0.5035226234788798, 40592000000, 
-0.10675729890521057, 0.2657065704874372, 0.5024959853138546, 40597000000, 
-0.059369319311581695, 0.29009849012028094, 0.5023501154157458, 40602000000, 
0.020106779900268337, 0.3266076241746094, 0.5022840510811869, 40607000000, 
-0.1467490222941907, 0.15995006384799282, 0.5016150459188602, 40612000000, 
-0.017596602265357367, 0.26567902485707573, 0.5020046300628918, 40617000000, 
0.025703796399480533, 0.3728681135181099, 0.5019844499545174, 40622000000, 
-0.11602329940983008, 0.2308904145823694, 0.5015898019731306, 40627000000, 
0.22633556234035196, 0.2741475958418126, 0.50146390219295, 40632000000, 
0.02943989242810409, 0.2898183549371888, 0.50084918737975, 40637000000, 
-0.09748857022113483, 0.24554991760044956, 0.5004703243285992, 40642000000, 
0.004514980169466675, 0.3521106620652037, 0.5002354317173162, 40647000000, 
-0.11774117931484562, 0.14573719563014187, 0.4996909383498334, 40653000000, 
-0.06812727903789471, 0.2950834017661485, 0.49963711739204936, 40657000000, 
0.020053119099120643, 0.3201244822986733, 0.4987480686200024, 40662000000, 
0.21206282562451026, 0.1737997381279885, 0.49926334770701575, 40667000000, 
-9.290430456885016e-05, 0.35921341180587707, 0.49925980295439853, 40672000000, 
-0.019426347433228172, 0.2605745081768663, 0.4988149531413262, 40677000000, 
-0.1503002523939974, 0.2031388143960748, 0.49886150840687304, 40682000000, 
-0.009161776409355244, 0.34892773144851447, 0.4998480491320075, 40687000000, 
-0.15014328380915581, 0.1739046229975249, 0.49974009391263524, 40692000000, 
-0.035810416617796534, 0.2663128816027875, 0.5009914674511282, 40698000000, 
0.29991698972239517, 0.35237196638094664, 0.5014050306842632, 40703000000, 
-0.12032013120436287, 0.16542509071547198, 0.5018527752484703, 40708000000, 
-0.038196074822058876, 0.28936299744672883, 0.503279169421716, 40713000000, 
-0.04462012532778557, 0.3413637863803476, 0.5039819135782604, 40718000000, 
-0.10409930444489046, 0.19133555742224156, 0.5042602485682744, 40723000000, 
-0.02888107130055207, 0.2802708866518737, 0.5055065788746633, 40728000000, 
-0.088144856672067, 0.2949193346662718, 0.5057046410610978, 40733000000, 
-0.06087722860183684, 0.16634823177402228, 0.5060332505722018, 40738000000, 
-0.0403577156612476, 0.2904558503127022, 0.5066224744107428, 40743000000, 
-0.05382294095874238, 0.3141267157057189, 0.5060891064674349, 40748000000, 
-0.0729136441533904, 0.21146794241934158, 0.5064611683529553, 40753000000, 
-0.06343919329202037, 0.3002908348495675, 0.5068138638187878, 40758000000, 
-0.09296406636726953, 0.3392502194539552, 0.5060960202551296, 40763000000, 
0.22066732758594346, 0.19300830791658644, 0.5066544576359444, 40768000000, 
0.01514789730829526, 0.26371163583401636, 0.5065012110499395, 40773000000, 
-0.1111678106408529, 0.3426316410373432, 0.5061292818064613, 40778000000, 
-0.06739800017857164, 0.18359391952009885, 0.5062808033474949, 40783000000, 
-0.045065848324634825, 0.27783835643198584, 0.5067447313155647, 40788000000, 
-0.07583792963765221, 0.3135593089200799, 0.5067286827794084, 40793000000, 
-0.08359945248867891, 0.1886723067248465, 0.5072157599447389, 40798000000, 
0.31093836328644847, 0.2704133846396271, 0.5071817500413266, 40803000000, 
-0.07601043262663329, 0.26449386729399793, 0.5074353449301038, 40808000000, 
-0.1080561405879901, 0.28462259820611013, 0.5076210046684657, 40813000000, 
0.010091106127927137, 0.2860796189387536, 0.5086082700921076, 40818000000, 
-0.1598682836361843, 0.2546052219477426, 0.508745948384134, 40823000000, 
-0.09575428893877665, 0.27762260074093975, 0.5100022958186601, 40828000000, 
0.06721704463688322, 0.3006176431966042, 0.51129788211352, 40833000000, 
0.24877379006411804, 0.27695676313078216, 0.5116282021532984, 40838000000, 
-0.09314916374062925, 0.34406092495749163, 0.5122651807034949, 40843000000, 
-0.0697935849574335, 0.20111241434258254, 0.5133194312130286, 40848000000, 
-0.024771239783698232, 0.3039998251274516, 0.5138071711176949, 40853000000, 
-0.1313577751802897, 0.26180263563222844, 0.5138158814833068, 40858000000, 
-0.083731249067486, 0.25357244632504694, 0.5146379877387028, 40863000000, 
0.03679662893672759, 0.3094085775520694, 0.5142452864874509, 40868000000, 
-0.09112943911612445, 0.2597941687908517, 0.5137611606044703, 40873000000, 
-0.06790316945632342, 0.2547989670065827, 0.5137765960327064, 40878000000, 
0.04275653157211587, 0.25021538797865606, 0.512902942129151, 40883000000, 
-0.054855825761645285, 0.24450197575896532, 0.5122714294056487, 40888000000, 
-0.0745513340097974, 0.2580465888907485, 0.5110991820505094, 40893000000, 
-0.0030155796581480122, 0.2714731282666113, 0.5105770804694063, 40898000000, 
-0.09182394814002608, 0.2796223089542042, 0.5095692755071607, 40903000000, 
0.2711597361655283, 0.2743356542024368, 0.5082469961637667, 40908000000, 
-0.017403497109703202, 0.3015715990028571, 0.5073351396983322, 40913000000, 
-0.005241852422849044, 0.33509581464885363, 0.5057630019604565, 40918000000, 
-0.12905314648121982, 0.22555895607117266, 0.5050898297714199, 40923000000, 
-0.01050689481961323, 0.26053449605139284, 0.5042272941789516, 40928000000, 
-0.04770756346399846, 0.27516147277328645, 0.5026873823871152, 40933000000, 
0.2573791819002955, 0.3005221799505397, 0.5023033047624924, 40938000000, 
0.04164071163512721, 0.2909446270384435, 0.5009851109758278, 40943000000, 
-0.04661649441053292, 0.23489186024753966, 0.4994237869717485, 40948000000, 
-0.056405977561453984, 0.2659117828661026, 0.4982579034966099, 40953000000, 
0.03927931918543209, 0.330296239171286, 0.4978795095731439, 40958000000, 
-0.11974692870246476, 0.17997918406698085, 0.4968684536535678, 40963000000, 
0.059875546562004583, 0.3398329107937686, 0.49712518195496297, 40968000000, 
-0.13598943875525418, 0.19039175053198903, 0.49643261826354596, 40973000000, 
-0.06995563651025415, 0.2939612576841651, 0.496813729511486, 40978000000, 
0.03935220477550074, 0.3432541164495847, 0.4964761329129257, 40983000000, 
-0.11856634860612489, 0.19990961512023248, 0.497336855491097, 40988000000, 
-0.04636366874422046, 0.2729887659851606, 0.4983621801665061, 40993000000, 
0.038064303310856695, 0.36935529139780177, 0.4984160571515795, 40998000000, 
-0.14294091497009387, 0.17733369368277982, 0.49938925200822115, 41003000000, 
0.2207686880096476, 0.2895115104881185, 0.5006226700970328, 41010000000, 
-0.15513137212315536, 0.19550776952497878, 0.5010903301712207, 41015000000, 
-0.039888299900262617, 0.3002153914481942, 0.5016634716584369, 41020000000, 
0.023372239693193946, 0.3410393308292196, 0.5013865684743861, 41025000000, 
-0.1326027660650792, 0.19116547645000023, 0.5026606962267125, 41030000000, 
-0.0016628539068711812, 0.33927712797801723, 0.5021136335217129, 41035000000, 
0.13138122260406038, 0.18917106535216033, 0.5016748762804593, 41040000000, 
0.02968234687134261, 0.28819849227115435, 0.5020722089514374, 41045000000, 
0.007600785748736421, 0.344019494615363, 0.5015924096296918, 41050000000, 
-0.13498988849306054, 0.18762332703058238, 0.5010263309146628, 41055000000, 
-0.05504463864586142, 0.24440138303711242, 0.5011910913361131, 41060000000, 
-0.018623978579941726, 0.3649846986046191, 0.5009790313534749, 41065000000, 
-0.07778771696298381, 0.17715854093893468, 0.5009060329242553, 41070000000, 
0.2858940300036534, 0.2725070697852321, 0.5015691760622243, 41075000000, 
-0.1014944926884304, 0.2572435709680695, 0.5014456859713105, 41080000000, 
0.010822809154470973, 0.28407237702281585, 0.5023841607381125, 41085000000, 
-0.019317774868256928, 0.2891141388241116, 0.502822692606711, 41090000000, 
-0.1430308794084301, 0.29629506386917387, 0.5036573938159423, 41095000000, 
0.03568082799574902, 0.2714885408075731, 0.5051631300715886, 41100000000, 
-0.12785062001005038, 0.2812376322178509, 0.5061959549365759, 41105000000, 
-0.03652187953170018, 0.35611222224136185, 0.5073924741876783, 41110000000, 
-0.05605380679251906, 0.22302885760022886, 0.508521622239883, 41115000000, 
-0.08260852274170404, 0.2758725388084998, 0.5095557417429345, 41120000000, 
-0.11029754872827627, 0.3023770457624473, 0.5105703674690977, 41125000000, 
-0.03971596755147497, 0.21577645153619668, 0.5118431401707619, 41130000000, 
0.006793503768843856, 0.31107796745175875, 0.5122371120960593, 41135000000, 
-0.18810715691849916, 0.27657344939011175, 0.5120489546713243, 41140000000, 
0.3034529119130496, 0.3302025608816091, 0.5128306861103877, 41145000000, 
-0.03693643660238014, 0.2280668085346284, 0.5131001672622726, 41150000000, 
-0.01955738303001337, 0.29360550070088576, 0.5131428821943119, 41155000000, 
-0.13277457570618623, 0.2821590305465793, 0.5130108788163978, 41160000000, 
-0.09376017714690603, 0.2980146009250063, 0.5130664625069074, 41165000000, 
0.042261254901496015, 0.26579677800380475, 0.5133746311941308, 41170000000, 
-0.060242333549912666, 0.27616971737420015, 0.5126073901793632, 41175000000, 
0.23181047329217572, 0.27312544749784234, 0.5126551424936454, 41180000000, 
-0.10149042784971746, 0.2733668610587456, 0.5122441782246652, 41185000000, 
0.03994325905917477, 0.2779577925841636, 0.5121573329066124, 41190000000, 
-0.11118227689536375, 0.2790434924411725, 0.5111722352187876, 41195000000, 
-0.014222108900942998, 0.32165785184065315, 0.5110034350929588, 41200000000, 
-0.05955416067859111, 0.22721225567656367, 0.5110375884723567, 41205000000, 
-0.006434884249340767, 0.26341908436124756, 0.5102217843509654, 41210000000, 
-0.11531443674862231, 0.26669613830908473, 0.5097284473489213, 41215000000, 
-0.05123152020168763, 0.2553259614158069, 0.5092750482019133, 41220000000, 
0.03315566884391802, 0.27054125737133256, 0.5090569152314051, 41225000000, 
-0.046885469075007104, 0.27330885007048467, 0.5086772179837609, 41230000000, 
-0.0934366354695354, 0.27847377582155075, 0.5076625303947768, 41235000000, 
0.011827177983051839, 0.2901201986664422, 0.5068853836003967, 41240000000, 
0.2865446250022354, 0.3089799182080541, 0.5053844508252431, 41245000000, 
-0.18148792344794643, 0.18583729027672036, 0.504775063810922, 41250000000, 
-0.009603400246206588, 0.3029656611831665, 0.5041959867014506, 41255000000, 
-0.012029798794614452, 0.3211521002764359, 0.5028662280625089, 41260000000, 
-0.16824309254181735, 0.2234290076857756, 0.5019156979433779, 41265000000, 
-0.004277409128135273, 0.2750747479576808, 0.5014683794457958, 41270000000, 
0.04670264764465768, 0.3574662062716231, 0.5006774207458712, 41275000000, 
0.19613649499700136, 0.19894300153598077, 0.49983971222038276, 41280000000, 
-0.045146576412859504, 0.28354937232510125, 0.49940760837886494, 41285000000, 
0.04528553038572463, 0.3344165461637927, 0.49829655982763404, 41290000000, 
-0.14345891322218532, 0.2620227208256539, 0.4980797890470644, 41295000000, 
0.01616309021855592, 0.3173168860504035, 0.49789425556992084, 41300000000, 
-0.02376321208168762, 0.3213250407496855, 0.4973199736610884, 41305000000, 
-0.12808825593785145, 0.2478526971649985, 0.4981618339284395, 41310000000, 
0.3588277648510034, 0.34131475994525723, 0.49794477090226974, 41315000000, 
-0.1500229122733904, 0.24189775596645272, 0.49777579129253574, 41320000000, 
-0.05143066291986863, 0.2861314459269444, 0.498329929925761, 41325000000, 
0.025799880788855156, 0.307475390932436, 0.49927359166390745, 41330000000, 
-0.1399888209300032, 0.23611585396330634, 0.4997268213515534, 41335000000, 
-0.04097979040370893, 0.3142417375675175, 0.500016710010172, 41340000000, 
-0.039741669100473526, 0.24210247518731767, 0.5001326625704583, 41345000000, 
-0.028473542328259306, 0.2888451083894257, 0.500877502964262, 41350000000, 
0.02239093443389037, 0.33183836605179695, 0.5013225005001375, 41355000000, 
-0.16001450761747174, 0.21832261370155207, 0.5013839759709312, 41360000000, 
-0.03519000346817746, 0.254754939485017, 0.5018317902389832, 41365000000, 
0.04109939124161284, 0.3501444984668991, 0.5017564619316345, 41370000000, 
-0.16940451623166042, 0.22150169858881355, 0.5015422844158874, 41375000000, 
0.22800291138357276, 0.2694155821783604, 0.5016713657431746, 41380000000, 
0.05183776444033456, 0.3543997151030518, 0.5008879713460638, 41385000000, 
-0.14923840451105302, 0.23010801258916216, 0.5003198880854415, 41390000000, 
-0.04136295364896622, 0.3357849559098302, 0.5007906132120764, 41395000000, 
-0.029016831208897087, 0.2869086494417864, 0.5001223366939124, 41400000000, 
-0.04903936503349468, 0.2912537164825232, 0.49993159605650705, 41405000000, 
0.02001827103442254, 0.35135142100611805, 0.4996129296400856, 41410000000, 
0.14847999316264088, 0.23653389298668479, 0.5001795879546447, 41415000000, 
-0.03492437388053244, 0.23411705904496988, 0.5003835971033163, 41420000000, 
-0.02381826396792085, 0.34357723655829314, 0.5010866716646252, 41425000000, 
-0.12104282162222811, 0.2255410017376159, 0.5025545960723106, 41430000000, 
-0.030349126248955128, 0.2901699026350685, 0.5034406525339631, 41435000000, 
-0.09342202466703342, 0.31592011129999953, 0.5045166192172901, 41440000000, 
-0.082547653660046, 0.2240451634616394, 0.5057592492555478, 41445000000, 
0.00896982255201427, 0.31006692034311967, 0.5069187864463919, 41450000000, 
-0.0786633221868474, 0.2855228216055254, 0.5068717642005451, 41455000000, 
-0.04984638406286106, 0.3273116007135822, 0.5086837085313687, 41460000000, 
-0.07655479821159492, 0.2025818081767478, 0.5092055902219779, 41465000000, 
0.009393851664373593, 0.27823451680825995, 0.5098640731636458, 41470000000, 
-0.1696932930838339, 0.3094352512717612, 0.5105939581968684, 41475000000, 
-0.007005340672496524, 0.2538171324812294, 0.5108489494340692, 41480000000, 
0.358503249222407, 0.2550687146753069, 0.5110979381997622, 41485000000, 
-0.03380476106463665, 0.2792349135527679, 0.5104805018752975, 41490000000, 
-0.07266597326783639, 0.33330266439435347, 0.5109119931979504, 41495000000, 
-0.0768039376357917, 0.22781701003342716, 0.510627376946346, 41500000000, 
-0.03740305761462569, 0.29566611718507824, 0.5096651722199145, 41505000000, 
-0.09530910611375085, 0.2948603648443525, 0.5090314993566981, 41510000000, 
0.03232633224743828, 0.33297421741880223, 0.5086167188365519, 41515000000, 
0.21600207558783838, 0.19760744012743742, 0.5078881844651353, 41520000000, 
-0.0569484200165727, 0.2594804982250149, 0.506787701305685, 41525000000, 
-0.14487781069228498, 0.25917986727138553, 0.5064470433538301, 41530000000, 
-0.022897792775162563, 0.27121262277977853, 0.5056772728489211, 41535000000, 
0.0064058107640601915, 0.2573653026439581, 0.5055480239391488, 41540000000, 
-0.023982658159501596, 0.28265257571922753, 0.5051280367954569, 41545000000, 
-0.12678370997178767, 0.31523022113361143, 0.5047063452832263, 41550000000, 
0.0025106767238066386, 0.2173926891116884, 0.504368675160889, 41555000000, 
-0.011760104866609427, 0.2608863605024421, 0.5045430553161887, 41560000000, 
-0.12438177869705071, 0.28716824960322623, 0.5035501035172913, 41565000000, 
0.011037731502046542, 0.2793679159790313, 0.5040602034115849, 41570000000, 
0.0805094268820474, 0.3294597893760347, 0.503424534059739, 41575000000, 
-0.12386050007237531, 0.24644900925455854, 0.5023153014973125, 41580000000, 
0.23918992162252378, 0.2974552157866237, 0.5021229908301263, 41585000000, 
0.06110784914559314, 0.3579579819392925, 0.501702770460102, 41590000000, 
-0.15268216400783463, 0.2101979704030147, 0.5004152021030367, 41595000000, 
-0.025718286634623673, 0.3084228374458527, 0.4999225395366, 41600000000, 
0.018573289213155392, 0.32069204858655603, 0.49922538369485814, 41605000000, 
-0.1340922681714088, 0.23690949654518648, 0.4983739106082519, 41610000000, 
-0.05422666353850382, 0.26538767702355914, 0.4981778831217486, 41615000000, 
0.28334652027458357, 0.30577576334299633, 0.4976782254232547, 41620000000, 
-0.15704643172668734, 0.24291073818869902, 0.4973485316222927, 41625000000, 
-0.023397615005336495, 0.28181675025840924, 0.4978688916702054, 41630000000, 
-0.03330166007376847, 0.2816263424342355, 0.49768856023202995, 41635000000, 
-0.08308407886660825, 0.27441621509632486, 0.49794094529119964, 41640000000, 
0.061820502649486034, 0.31347716899283556, 0.4986411895035162, 41645000000, 
-0.1691635077423351, 0.238119385789692, 0.4993185815724993, 41650000000, 
-0.04099060388744919, 0.327306247628457, 0.4997543018436952, 41655000000, 
0.12498302222088253, 0.35367173245557315, 0.49977961524942943, 41660000000, 
-0.11389922605700531, 0.2730067084217934, 0.5003496439238936, 41665000000, 
0.013817807122941263, 0.28438559147921877, 0.500748646830761, 41670000000, 
-0.1548573433643038, 0.2169572656082184, 0.501341633580661, 41675000000, 
-0.07353327331907489, 0.2657202095817801, 0.5011311654172743, 41680000000, 
0.058900361387477396, 0.34250701902130937, 0.5014148841702166, 41685000000, 
0.18057284185984604, 0.24655545814819055, 0.5013803778688501, 41690000000, 
-0.05965581862920411, 0.29043248126226934, 0.5014186752339445, 41695000000, 
0.019909722996961005, 0.31043240464093874, 0.5012775764798332, 41701000000, 
-0.19573570797566675, 0.2828402286600015, 0.5010920843849357, 41706000000, 
-0.04987954330318419, 0.2618084727158088, 0.5010452453932326, 41711000000, 
-0.07493268493201916, 0.29040672243655075, 0.5004684117281586, 41716000000, 
0.2520484337826035, 0.26190082168990836, 0.5003614846476018, 41721000000, 
-0.04868278669284432, 0.26019706896461503, 0.5000479569031986, 41726000000, 
-0.030228436351090363, 0.29197878568306107, 0.4990797312411552, 41731000000, 
-0.09466171761882874, 0.28997136353086517, 0.49945865534099665, 41736000000, 
-0.04591789324346394, 0.25828285588197636, 0.4995928705820361, 41741000000, 
-0.0786367418094408, 0.28665561615377855, 0.4994237292156292, 41746000000, 
-0.03625219631928554, 0.2811262976490771, 0.499981737840843, 41751000000, 
-0.06743242911511971, 0.25694563596026393, 0.5006777581919764, 41756000000, 
-0.016527890170293623, 0.3393547478320604, 0.5005887946260147, 41761000000, 
-0.11269352501587179, 0.24797700151707627, 0.5020468971851533, 41766000000, 
-0.036771788930642306, 0.3216153895828342, 0.5029340481103279, 41771000000, 
-0.10810962989672714, 0.3338406752391858, 0.5033759894610449, 41776000000, 
-0.06527006736302715, 0.24010901633602447, 0.5046829371789285, 41781000000, 
-0.028509147247836236, 0.26698147526831356, 0.5057602661406182, 41786000000, 
0.23304403375610178, 0.2922521146728404, 0.5063841562259367, 41791000000, 
-0.05969878722711977, 0.2748877876420531, 0.5074947703476678, 41796000000, 
0.001969353244482588, 0.30042430967439715, 0.5079908403143761, 41801000000, 
-0.02120921223001019, 0.2928927717018055, 0.5079314236362001, 41806000000, 
-0.14412612310414763, 0.31396489270351474, 0.5085926263157041, 41811000000, 
-0.02178660838677104, 0.2862455849535694, 0.5089821110160261, 41816000000, 
-0.021277081851132588, 0.283444472883989, 0.5089659317608392, 41821000000, 
0.3153774772498769, 0.2737697589372332, 0.5085037506200925, 41826000000, 
-0.060602479783885874, 0.3200999293034715, 0.5084810532593779, 41831000000, 
-0.0907632565969332, 0.2518409691298992, 0.5087297214990074, 41837000000, 
0.007777671197294597, 0.29609313047418195, 0.5077243135169082, 41842000000, 
-0.15449235822054996, 0.32271651164192916, 0.507941069066218, 41847000000, 
-0.04173574038262522, 0.276965618521371, 0.5081058752906522, 41852000000, 
0.3310095702475357, 0.2822857785190669, 0.5083881624468424, 41857000000, 
-0.012545181504932208, 0.2745902953819733, 0.5079330918915065, 41862000000, 
-0.12399137219762503, 0.2554263397615863, 0.507376969504679, 41868000000, 
-0.052641499716835786, 0.26940679608309587, 0.5075413507797505, 41873000000, 
-0.032788595222735854, 0.2602556096245014, 0.5066082527732684, 41878000000, 
-0.07632895780376939, 0.2782315315853968, 0.5059526963642104, 41883000000, 
-0.08481128884416578, 0.2745510214188672, 0.5052988772144835, 41888000000, 
-0.010593492661036437, 0.2927405443391677, 0.504356419913954, 41893000000, 
-0.036568307879710694, 0.2726973311749541, 0.5033974526376599, 41898000000, 
-0.10901233407814022, 0.25333606439109774, 0.5031069143384166, 41903000000, 
-0.0011449694409775453, 0.2699066940450431, 0.5023405113845936, 41908000000, 
-0.02581802672057433, 0.2948798555490792, 0.5019481514782441, 41913000000, 
-0.05282739407024936, 0.28972582405146086, 0.50096328430089, 41918000000, 
-0.04878518430735334, 0.31446585654898496, 0.5007108141277511, 41923000000, 
0.4084308618675891, 0.3229474965609702, 0.4998983696252402, 41928000000, 
-0.1853830061084165, 0.27973464227482664, 0.49932834994046227, 41933000000, 
-0.05701503795981097, 0.2956657254185146, 0.498665005603524, 41938000000, 
-0.04894358201044923, 0.29165473833841976, 0.4980663140531429, 41943000000, 
-0.040267134161962884, 0.2666124858050433, 0.49820728630134875, 41948000000, 
0.024393513112485797, 0.28530167071861817, 0.4980338134614679, 41953000000, 
0.13312384678988964, 0.2585969261540572, 0.49818661239119805, 41958000000, 
-0.007126749696512762, 0.2926719219260161, 0.4981048157178597, 41963000000, 
0.03041720953454915, 0.32811209621509146, 0.4986007520513262, 41968000000, 
-0.1676796820628889, 0.2681854360221411, 0.4989429497529959, 41973000000, 
-0.03475554270169742, 0.28921327321436247, 0.49931155788757486, 41978000000, 
0.008840250887155586, 0.3085475669470794, 0.4992164692935102, 41983000000, 
-0.15115203465571042, 0.27321154291830785, 0.4994826717248514, 41988000000, 
0.03489544302028886, 0.2633224543812161, 0.5006143060644954, 41993000000, 
-0.15420009299960727, 0.27350630873554915, 0.5003286291099035, 41998000000, 
-0.0847086092650712, 0.29686932882953804, 0.5010114985496598, 42003000000, 
0.04357641045245568, 0.32864445993484526, 0.5006648792675507, 42008000000, 
-0.16646508584324585, 0.27855191805096646, 0.5009532772603736, 42013000000, 
-0.04090484067396688, 0.3006462293745092, 0.5008837066761085, 42018000000, 
0.07791946666466974, 0.3142973099293634, 0.5009946013345837, 42023000000, 
0.2092081270251722, 0.27344270087506845, 0.5004191281538408, 42028000000, 
-0.0328032703163526, 0.2807862801729396, 0.5006407307226978, 42033000000, 
-0.034366581403713126, 0.286553482122861, 0.49974507587162803, 42038000000, 
-0.10511943848207733, 0.2889709848432674, 0.5004013110460742, 42043000000, 
-0.045626001221685836, 0.3055281091811194, 0.5002323160034844, 42048000000, 
-0.06886407434440571, 0.295160202334641, 0.4999709572228775, 42053000000, 
-0.08579815208194831, 0.28270735789821333, 0.49955168245267606, 42058000000, 
0.28535830564185166, 0.24241534930700265, 0.4993473857326699, 42063000000, 
0.006232427317047987, 0.2991606776909047, 0.49879757579750544, 42068000000, 
-0.19309576182277913, 0.2980707317850003, 0.49932413853518964, 42073000000, 
-0.06393789954995677, 0.291163564953384, 0.49946966630552425, 42078000000, 
-0.026087428562805513, 0.30587636383457684, 0.49956511152201855, 42083000000, 
-0.12296541658762049, 0.23576436933059186, 0.5004731889581225, 42088000000, 
-0.003896358791561416, 0.28119214433499873, 0.5008647335473383, 42093000000, 
0.2055707355911726, 0.29756507359368795, 0.5017263140798164, 42098000000, 
-0.06568883333773881, 0.31693820835956765, 0.50298073071547, 42103000000, 
-0.024718527661697905, 0.32612148065238156, 0.5041790126030242, 42108000000, 
-0.03137581945674666, 0.2894489355969142, 0.505086170483797, 42113000000, 
-0.13162929518675884, 0.3108963642352977, 0.5062467657722164, 42118000000, 
-0.0860365912271438, 0.2847172215110453, 0.5080225034448609, 42123000000, 
0.04445859953127358, 0.27743530657959725, 0.508788938799406, 42128000000, 
-0.18996040957682697, 0.2936003356874799, 0.509460173850491, 42133000000, 
-0.05695690895725594, 0.3230273556878249, 0.5113692244459207, 42138000000, 
-0.02635672078800359, 0.29540399033171894, 0.5126290087201764, 42143000000, 
0.018273004674773444, 0.3004549480446899, 0.5134789126752493, 42148000000, 
-0.11362756409535725, 0.25872812689211994, 0.5137377496707949, 42153000000, 
-0.0067214642763073, 0.3021915745247049, 0.5141925268020453, 42158000000, 
0.35948627136082395, 0.2838471355295675, 0.5145848200405009, 42163000000, 
0.018559730145814586, 0.3115065772268325, 0.5138221226812393, 42168000000, 
-0.11053175097473811, 0.3405462749991084, 0.5130179112168466, 42173000000, 
-0.052781628691697405, 0.30240773429768086, 0.5127310004250556, 42178000000, 
0.010473883045251955, 0.3055603823747257, 0.5113184970206878, 42183000000, 
-0.015180314170848037, 0.25546635772225557, 0.5097296023026376, 42188000000, 
-0.03213484405163604, 0.32218092321054415, 0.5085177677072705, 42193000000, 
0.225354993369542, 0.27003852181022037, 0.5071190042380722, 42198000000, 
-0.0296545343872876, 0.3142285377697962, 0.5055127096865848, 42203000000, 
0.047854234291821146, 0.31047555879391653, 0.5035259556198756, 42208000000, 
-0.20031671653720148, 0.28432946610226906, 0.501770780405598, 42213000000, 
-0.047600059638729764, 0.3166941091200747, 0.5004645517602636, 42218000000, 
0.06144751869067162, 0.30446479715208413, 0.49859659530543543, 42223000000, 
-0.16264325631362317, 0.288247418172455, 0.49748651937235777, 42228000000, 
-0.060753086237096236, 0.27931100511030493, 0.4966991249697662, 42233000000, 
0.06013193844868406, 0.3166692398139708, 0.49612895286863656, 42238000000, 
-0.19106935082584509, 0.28535155312474014, 0.4953508768230738, 42243000000, 
-0.05041995299378457, 0.27099311065548554, 0.49557857146780193, 42248000000, 
0.04940996526534581, 0.30298008599147996, 0.49559093645336155, 42253000000, 
-0.1812042648658667, 0.2878553749943588, 0.4957828450331391, 42258000000, 
-0.05431949423557192, 0.2524408899895427, 0.49660977649548504, 42263000000, 
0.2684990232337841, 0.2898974588201787, 0.4976927582224113, 42268000000, 
-0.06868105665335934, 0.28412177882896694, 0.49858848673750733, 42273000000, 
0.04408382051416413, 0.292807208707684, 0.4988831606793098, 42278000000, 
-0.1671761160590308, 0.2861765194661781, 0.5000702006354646, 42283000000, 
-0.06981223808269639, 0.3150334155476645, 0.5011029008132365, 42288000000, 
0.07561466516861755, 0.28209025259875165, 0.5015424447309755, 42293000000, 
0.1000278214912962, 0.2920833050670018, 0.502423649988336, 42298000000, 
0.10018525155068005, 0.30772117455129416, 0.5032643094436302, 42303000000, 
-0.18674522707418037, 0.291043386290579, 0.5025593645036751, 42308000000, 
-0.06832952172549518, 0.266615453663935, 0.5024186024001743, 42313000000, 
0.0508240768209646, 0.28615708334816004, 0.5021318568846908, 42318000000, 
-0.1754223557562126, 0.3076320260191583, 0.5022960209532659, 42323000000, 
-0.05612871876146103, 0.3035623389704727, 0.5014756546548557, 42328000000, 
0.06761575219715678, 0.2856819347831739, 0.5013995141731739, 42333000000, 
-0.15462196205051099, 0.3037523579366127, 0.5003500250908381, 42338000000, 
-0.06304069097077884, 0.31252815726158684, 0.500070770735554, 42343000000, 
-0.04125107766212552, 0.300158601097734, 0.49948049071712114, 42348000000, 
-0.07433340949365208, 0.29239753009834313, 0.49888672582221916, 42353000000, 
-0.09415290357697431, 0.30501922710687174, 0.4984777615675744, 42358000000, 
-0.01760188388028285, 0.3006422238548643, 0.4985040129286001, 42363000000, 
0.28529794242890905, 0.26986281391108335, 0.49862947756784765, 42368000000, 
-0.06063865148704575, 0.2891357335081515, 0.49849538070283206, 42373000000, 
0.05472129874545192, 0.2699354103793863, 0.4981343429091988, 42378000000, 
-0.15023199787574837, 0.30959702090787566, 0.4983885847337776, 42383000000, 
-0.02545830231559855, 0.3176648074817342, 0.49890334780142764, 42388000000, 
0.04968531305579118, 0.23886196398916115, 0.4995960464677028, 42393000000, 
-0.17794923142599567, 0.3170774780418792, 0.5002318465186482, 42398000000, 
0.3049830252488334, 0.30990265953216484, 0.5009748302610684, 42403000000, 
-0.06249193324779405, 0.2780510700108295, 0.5014941809516607, 42408000000, 
-0.07942359745267222, 0.3231034192833319, 0.5025910765822874, 42413000000, 
-0.01415578381828999, 0.30280578292778243, 0.5034056049740879, 42418000000, 
-0.039522727963181105, 0.2698300632614252, 0.5043643909093488, 42423000000, 
-0.04456232272556358, 0.2496572602726922, 0.5052651535159864, 42428000000, 
-0.13121224565032727, 0.34493133256173025, 0.5065806200498886, 42433000000, 
0.34127367475239667, 0.2733621557639276, 0.5071374264478167, 42438000000, 
-0.04196337330326344, 0.25655391538213257, 0.5077629880893295, 42443000000, 
-0.16815767361712683, 0.29006600214344147, 0.5084878541888932, 42448000000, 
-0.032548789915181904, 0.3147152878829105, 0.5090902040131089, 42453000000, 
0.01489276268037328, 0.2874511221191689, 0.5091957678082213, 42458000000, 
-0.1348869534926112, 0.29892531854989235, 0.5095182866107738, 42463000000, 
-0.16421673820376004, 0.2696393504855767, 0.5099837164398467, 42468000000, 
-0.02802202768553544, 0.32704248008210124, 0.5110529617854024, 42473000000, 
0.03292552059666759, 0.2901556302888899, 0.5116277675898446, 42478000000, 
-0.02997985527865689, 0.3078224100883432, 0.5111085244153833, 42483000000, 
-0.14116585217253308, 0.27687028202163044, 0.511091473384808, 42488000000, 
-0.010814354468397291, 0.30717996083488947, 0.5116073183738745, 42493000000, 
0.018922267666138266, 0.3043624480907761, 0.5112997366690477, 42498000000, 
0.28649451913417057, 0.2615659200655805, 0.5109536216359125, 42503000000, 
0.016011978709284544, 0.20652974992660234, 0.5097080191868857, 42508000000, 
-0.11469176055819547, 0.36613445953429996, 0.5091491406693245, 42513000000, 
-0.02656076118257753, 0.2711315703243382, 0.5080651922431004, 42518000000, 
-0.010157478113781666, 0.2663487061100612, 0.5061929966103194, 42523000000, 
-0.09911694356691304, 0.32028024665555693, 0.5050290840309878, 42528000000, 
-0.017447870504409733, 0.3032459682625605, 0.5034640180114219, 42533000000, 
0.47097368411350626, 0.3129610957621606, 0.5018134630167889, 42538000000, 
-0.11684626967555169, 0.28256225362592546, 0.5003802654731714, 42543000000, 
-0.03160175003494206, 0.30324747310247296, 0.4987685720834924, 42548000000, 
0.009267587234369257, 0.3128048630930679, 0.4974851717203518, 42553000000, 
-0.13048503498426423, 0.29330669470893944, 0.49599488053635127, 42558000000, 
-0.05674442370842116, 0.28556437941116947, 0.4958284743276016, 42563000000, 
0.009381260766432094, 0.34219881048858103, 0.495292825775785, 42568000000, 
-0.11706932240375145, 0.26966812348884717, 0.4957996714323947, 42573000000, 
-0.04074575436115772, 0.2990522199786826, 0.4962375058130414, 42578000000, 
-0.04602821379523788, 0.3602834702572283, 0.4962231668963031, 42583000000, 
-0.11249480068031908, 0.2795360171353558, 0.4972881926627681, 42588000000, 
-0.03916738200944453, 0.29533392422788646, 0.4982680579191092, 42593000000, 
-0.035082962438573534, 0.36574573228160756, 0.49843161072780773, 42598000000, 
-0.0535819645380582, 0.22435061077995283, 0.4999591236463932, 42603000000, 
0.2554845191329809, 0.32198652227521485, 0.5006795100351515, 42608000000, 
-0.017629856311791404, 0.3505576573019394, 0.501708363233946, 42613000000, 
-0.1118657831741492, 0.1873233531772279, 0.5018786866246859, 42618000000, 
-0.07640727036170657, 0.333160030552577, 0.5027812572206342, 42623000000, 
-0.04188190376662327, 0.40743363396895266, 0.5027175395634536, 42628000000, 
-0.06923999552464095, 0.18023847748657476, 0.5029598263836228, 42633000000, 
-0.04519067628069098, 0.33310187007142794, 0.5031568595081013, 42638000000, 
0.22827502057015217, 0.3848078073208755, 0.5027515876636723, 42643000000, 
-0.04230222455085045, 0.2136280840097724, 0.5021942114822467, 42648000000, 
-0.08019822273497157, 0.29721634821468096, 0.5021871198553471, 42653000000, 
-0.04232846485375345, 0.38424172371551046, 0.5010970532306049, 42658000000, 
-0.0621079380358625, 0.17714858477810372, 0.5007012375097556, 42663000000, 
-0.045908703327067285, 0.2842982993098687, 0.5004755242750087, 42668000000, 
0.30247509311918963, 0.41127043516978723, 0.49933454971631747, 42673000000, 
-0.014776533803712646, 0.14565457848540236, 0.4994029124723027, 42678000000, 
-0.04055499945962802, 0.4160838491535844, 0.4991025372806682, 42683000000, 
-0.00603630345637798, 0.16244767883400368, 0.49870796672118684, 42688000000, 
-0.0669469247425319, 0.3134502596697519, 0.4990414316895701, 42693000000, 
-0.109978836678474, 0.45282152395627934, 0.49899361877386006, 42698000000, 
0.0035229270596977627, 0.12555804721447264, 0.4995548928910198, 42703000000, 
-0.025256078546702178, 0.3117790241641773, 0.5007698187496266, 42708000000, 
-0.1417665303198585, 0.4531475486344125, 0.5009024649360294, 42713000000, 
0.05872659161501913, 0.14311250331395942, 0.502733463088633, 42718000000, 
-0.03493205460321937, 0.33861624771074883, 0.5037812437774102, 42723000000, 
-0.18919751340501315, 0.44650001259917454, 0.5049251791095939, 42728000000, 
0.04566531810548854, 0.13442804884846024, 0.5059637036443009, 42733000000, 
-0.007490183525694957, 0.313242880117337, 0.5079996691924384, 42738000000, 
0.182883739873497, 0.2713161146177954, 0.5091793917494509, 42743000000, 
-0.04118816622201099, 0.27466267175021974, 0.5101716652552024, 42748000000, 
-0.13717162994413895, 0.2862590085013149, 0.5120687784202045, 42753000000, 
-0.09490513080075602, 0.338759253605142, 0.5134540938635664, 42758000000, 
-0.013708996729749451, 0.3418123192222392, 0.515131176121129, 42763000000, 
0.050010643128520604, 0.2871921439957035, 0.51695692533189, 42768000000, 
-0.12661385521652593, 0.3022279398212362, 0.5170166339552723, 42773000000, 
0.20592387421598757, 0.5134613154527906, 0.5176538764859684, 42778000000, 
0.06512476425071499, 0.10797412847042566, 0.5181196546026543, 42783000000, 
-0.09345241209320035, 0.3033896801810964, 0.518499566089724, 42789000000, 
-0.12561570344416806, 0.4386800906601395, 0.5183874948146471, 42794000000, 
0.11657517035527214, 0.16538998715958173, 0.5182055141675259, 42799000000, 
-0.10335311145517703, 0.31606997336180676, 0.518180023316919, 42804000000, 
-0.08376743066059199, 0.48654367069977594, 0.5184271896852123, 42809000000, 
0.038551618083853975, 0.15145029128761625, 0.517433853369645, 42814000000, 
-0.0881529393305923, 0.32984555348552635, 0.5172244365119733, 42819000000, 
-0.11293104209355247, 0.4668336267309357, 0.5167709528476394, 42824000000, 
0.059636667480682796, 0.06092605509541708, 0.5162285533155014, 42829000000, 
-0.09202284491319015, 0.31927356732912077, 0.5163912568600633, 42834000000, 
-0.08930765381438316, 0.45593415519298236, 0.5156492251626298, 42839000000, 
0.3681974749176311, 0.16363526442880047, 0.5152131814501064, 42844000000, 
-0.12042541414182849, 0.329181419837046, 0.515373156096602, 42849000000, 
-0.06723842352219282, 0.45454567615067026, 0.515308519567675, 42854000000, 
0.058171350844318154, 0.11775719940406543, 0.5146885914953526, 42859000000, 
-0.11081936859535796, 0.33016913365564876, 0.51478091167079, 42864000000, 
-0.11582707563498407, 0.4359108800247892, 0.514860163442602, 42869000000, 
0.01519637440181636, 0.17367208424887864, 0.514880795164517, 42874000000, 
0.28550409899020185, 0.2901460018449241, 0.5150403277607164, 42879000000, 
-0.11048477510812325, 0.42942282120451136, 0.5149919259437195, 42884000000, 
0.035955176291533636, 0.15730730700292847, 0.5149599477271102, 42889000000, 
-0.0938510030999633, 0.3159091680709405, 0.5154041821836024, 42894000000, 
-0.07846388866959794, 0.44554522784119605, 0.5154148125628958, 42899000000, 
-0.008332965063624381, 0.2024040432709335, 0.5154404741168093, 42904000000, 
-0.11827815567519562, 0.2961209504946056, 0.5162422066446997, 42909000000, 
0.2380949371123548, 0.43682360728712033, 0.5163000500638166, 42914000000, 
0.02655106923878133, 0.22690312733084403, 0.5162088386760757, 42919000000, 
-0.07093413904325441, 0.2995910042555866, 0.5168406151843338, 42924000000, 
-0.08712142735381272, 0.4544376297347753, 0.5166085907769523, 42929000000, 
-0.005392020529287304, 0.1916705190953663, 0.5168227622533039, 42934000000, 
-0.08595100599317748, 0.43719078262480066, 0.5167672724474709, 42939000000, 
-0.010327172957319743, 0.20750574429975502, 0.5168458164534193, 42944000000, 
-0.11413896989034956, 0.2860313578421969, 0.516275059200012, 42949000000, 
-0.10074568326191376, 0.4342607749793713, 0.516249018864953, 42954000000, 
0.031202301530431346, 0.21604584842137284, 0.516065668163756, 42959000000, 
-0.09271429313063678, 0.29418327492981045, 0.5157268034128457, 42964000000, 
-0.07225046863379811, 0.44265706791978066, 0.5155617009576847, 42969000000, 
0.009709009016900031, 0.13737859508319294, 0.5154578862190774, 42974000000, 
0.1880672044618153, 0.28925315534053464, 0.5154411328301597, 42979000000, 
-0.07606131354839751, 0.45887564651220863, 0.5146315010810828, 42984000000, 
-0.027847202473417227, 0.2440009887768133, 0.5145443308237417, 42989000000, 
-0.08764347410623098, 0.24941039960009836, 0.514861488991413, 42994000000, 
-0.06787050361398159, 0.41469974937474124, 0.5144021471114482, 42999000000, 
-0.048552407813840445, 0.23471481909142894, 0.5144116659988903, 43004000000, 
-0.0892056260359431, 0.40951112774721243, 0.5146750157382171, 43009000000, 
0.3441058205420665, 0.2142611199347213, 0.5144085981023776, 43014000000, 
-0.07153991633335707, 0.3266112676852729, 0.5146326071787612, 43019000000, 
-0.07974109408365464, 0.42327784964628834, 0.5146434342830406, 43024000000, 
-0.007982822264503132, 0.2046668329373337, 0.5151256466158983, 43029000000, 
-0.06857492778111922, 0.3046724951148291, 0.5154326310363109, 43034000000, 
-0.0417638501080185, 0.45737283149697816, 0.5154473887223925, 43039000000, 
0.024152705232698933, 0.21034976694461277, 0.5155305277572504, 43044000000, 
-0.11715119671107227, 0.2814366491759783, 0.5160466769842007, 43049000000, 
-0.08211656817418976, 0.4016251470320684, 0.515690525443085, 43054000000, 
0.01993677181762868, 0.21610120976514122, 0.5159717122253296, 43059000000, 
-0.09143335099533845, 0.30833401690384743, 0.5161157670405384, 43064000000, 
-0.07813967734049199, 0.417477077245113, 0.5158370014695378, 43069000000, 
-0.03725704792219097, 0.2415390798341818, 0.515748961354268, 43074000000, 
-0.10406222257747526, 0.3048121631214847, 0.515598124611191, 43079000000, 
0.2906603854375318, 0.43259212125957924, 0.5155604360614447, 43084000000, 
-0.0412560792422886, 0.21257648981845287, 0.5157613579426787, 43089000000, 
-0.036916939213887806, 0.35349738733225805, 0.5159125179046116, 43094000000, 
-0.0512336585308157, 0.25828344353700455, 0.5157189138244783, 43099000000, 
-0.05169179193374483, 0.3293470993759366, 0.5155818557015627, 43104000000, 
-0.02777541390071305, 0.3821413210271644, 0.5159939162533751, 43109000000, 
0.23472199313113337, 0.20682509213246728, 0.5158492895468069, 43114000000, 
-0.036668763914254665, 0.3534327752923175, 0.5160191557027719, 43119000000, 
-0.05405514148338525, 0.3920992411339583, 0.5160934020549223, 43124000000, 
-0.037368102059906746, 0.21856619123380133, 0.5158664622772573, 43129000000, 
-0.1293301246884707, 0.30453631239871926, 0.5158844667624466, 43135000000, 
-0.06740048875060475, 0.41830359580005994, 0.5157627078634925, 43140000000, 
-0.044811204204805104, 0.262720075702311, 0.5158232850669427, 43145000000, 
-0.08729491008215914, 0.27979211010480404, 0.5160702963164885, 43150000000, 
-0.06109759874792106, 0.3864005304409749, 0.5154371192342472, 43155000000, 
-0.05031759232829097, 0.24012718160365468, 0.5163023224794215, 43160000000, 
-0.05672670997726993, 0.37538394183766444, 0.5163803408391726, 43165000000, 
-0.05312570970005727, 0.2225137006206792, 0.5164590962609378, 43170000000, 
-0.11464248613896279, 0.29491160681319667, 0.5168267538246349, 43175000000, 
-0.042493558956656866, 0.38338974180746566, 0.5167282180978139, 43180000000, 
0.3186619273832179, 0.2373766085750587, 0.5165599548626507, 43185000000, 
-0.07857487373496694, 0.31771620687902696, 0.5164292430877704, 43190000000, 
-0.0769286631569387, 0.2608424398602404, 0.51650084126936, 43195000000, 
-0.05590396324496259, 0.3023414225466907, 0.5166149119158253, 43200000000, 
-0.02868286652746402, 0.3412005628803498, 0.5165684379608145, 43205000000, 
-0.06163760093750665, 0.39312260880723443, 0.5168631628364772, 43210000000, 
0.014940586706628955, 0.24096805095987817, 0.5167316677551548, 43215000000, 
0.4669065560551238, 0.28416843478793286, 0.5166306527429069, 43220000000, 
-0.078836199408715, 0.3572186490875934, 0.5164255289624609, 43225000000, 
-0.018949106091977492, 0.23912446157966136, 0.5164503653532919, 43230000000, 
-0.10792574720500464, 0.30949743553083686, 0.5163641894054853, 43235000000, 
-0.08150141415473824, 0.28204180953808106, 0.5165576053616026, 43240000000, 
-0.0038413107101788434, 0.36388422856774644, 0.5166050772451217, 43245000000, 
-0.07500262681319628, 0.32153189217014966, 0.5167707876316424, 43250000000, 
-0.0478975740804684, 0.3790903523205046, 0.5165892474192364, 43257000000, 
0.017130674365077408, 0.2231450013527432, 0.5164721402221252, 43262000000, 
-0.10679214687943081, 0.3133614655227081, 0.5165512338029488, 43267000000, 
-0.06978858158498089, 0.30839918402940025, 0.516912928414043, 43272000000, 
0.0003744747087347884, 0.424108047722998, 0.5171837195826517, 43277000000, 
-0.07304388345784295, 0.25782137996272536, 0.5168392933881261, 43282000000, 
0.2848494766289092, 0.2672428272921639, 0.5174957532521797, 43287000000, 
-0.06566609686774845, 0.4153348839375555, 0.5174974750417556, 43292000000, 
-0.005198720586354686, 0.2816141844801507, 0.5173611443494956, 43297000000, 
-0.13209998927038272, 0.2996737457863737, 0.5173649243123122, 43302000000, 
-0.07682979787424853, 0.2913511495863779, 0.5179120584675059, 43307000000, 
0.008443451041028758, 0.3659310607616361, 0.5173022835811837, 43312000000, 
-0.08724585798169934, 0.3257012202171977, 0.5172989356631403, 43317000000, 
0.26044507240681725, 0.280353025785785, 0.5179080736128324, 43322000000, 
-0.03783945773607176, 0.4025201589139885, 0.5178329055118237, 43327000000, 
-0.048448904640136445, 0.267886318520794, 0.5179243976297777, 43332000000, 
-0.1800854396093515, 0.3382728989351434, 0.5172562443026677, 43337000000, 
-0.0493423926410497, 0.27076909488064255, 0.5172699951761639, 43342000000, 
-0.00553555499578157, 0.42384689841495704, 0.5170497191816905, 43347000000, 
-0.01391770629557782, 0.28469611125517885, 0.5170515738027852, 43352000000, 
-0.1097369009611061, 0.2837266539734176, 0.5158139221181471, 43357000000, 
-0.006181130281033155, 0.34923141034691657, 0.5150848489248807, 43362000000, 
-0.040966144477471475, 0.2579244904843957, 0.5141000673459667, 43367000000, 
-0.021516841611640976, 0.3681956173790321, 0.5125312155506337, 43372000000, 
-0.10131489697119465, 0.303998867199532, 0.5108150863129494, 43377000000, 
-0.09500264161649317, 0.22982141212156695, 0.5099145691720011, 43382000000, 
0.3437315398811337, 0.39255203093392216, 0.5089447227124564, 43387000000, 
-0.021562819176962057, 0.3477616869593149, 0.5077827871269415, 43392000000, 
-0.07809237030737014, 0.1884315146048267, 0.5067935781782128, 43397000000, 
-0.01245169595828468, 0.38172983636193625, 0.5063317442103619, 43402000000, 
-0.07249521319269955, 0.38483095929377203, 0.5046901752360206, 43407000000, 
-0.03828014602041722, 0.24749544866882842, 0.5044948971169612, 43412000000, 
0.01099536808671854, 0.3784861869690172, 0.5042355138071705, 43417000000, 
0.3301787655322942, 0.3793681676011239, 0.5035040250140437, 43422000000, 
-0.07161944787047345, 0.25254925245275345, 0.5030247012334083, 43427000000, 
-0.02267971456057257, 0.43964172957718745, 0.5026049054317926, 43432000000, 
-0.15209551564464824, 0.18546390974867535, 0.5019285538491606, 43437000000, 
-0.04463836734388053, 0.3884143668153644, 0.5026725617082983, 43442000000, 
0.0022848903346269667, 0.3799010230210729, 0.5015929632687677, 43447000000, 
-0.106648250815067, 0.22994716012899968, 0.5014400020801932, 43452000000, 
-0.0007542000102021811, 0.408756174017126, 0.5006760903380334, 43457000000, 
-0.11672665213670771, 0.24364811964414967, 0.5005415950368836, 43462000000, 
-0.06747063037973786, 0.3143997880504923, 0.5005125739927648, 43467000000, 
-0.020821407493471628, 0.40214852542491486, 0.4993681516852207, 43472000000, 
-0.08246264644923351, 0.2756850469898205, 0.4995899714060655, 43477000000, 
0.010953668790155118, 0.3798366587383348, 0.49943019765398805, 43482000000, 
0.09005746987043287, 0.1994913837370748, 0.4997965462987756, 43488000000, 
0.03940308612403599, 0.3164946911617016, 0.5008006303267599, 43493000000, 
-0.05888806837682892, 0.3536098921568664, 0.5011798960569064, 43498000000, 
-0.04227399677675639, 0.26106129469480766, 0.5019883650157044, 43503000000, 
-0.0373527174893743, 0.3781838427453033, 0.5028607505923004, 43508000000, 
-0.06197043752903399, 0.3381137015917866, 0.502695111926656, 43513000000, 
-0.06159246648376337, 0.23341243297401174, 0.5038897224664872, 43518000000, 
0.31123499373044483, 0.3635065906427084, 0.5047702615220665, 43523000000, 
-0.13859342137162017, 0.26282002007075006, 0.5051353471258436, 43528000000, 
-0.007784414835292605, 0.33885272181529824, 0.5066602807255671, 43533000000, 
-0.027098071356695376, 0.37540982904635695, 0.5063621401539794, 43538000000, 
-0.08239761823462323, 0.2821737909825818, 0.5073251154114292, 43543000000, 
-0.06530823179604288, 0.36479202675024597, 0.507645762330292, 43548000000, 
-0.15157404846862338, 0.3013206030198094, 0.5076443471109262, 43553000000, 
0.3295703267537703, 0.2898056930067837, 0.5082295150921701, 43558000000, 
-0.06810642151006636, 0.3177916513826814, 0.5091137670071292, 43563000000, 
-0.12418173580078277, 0.3080798890271095, 0.5088760936117247, 43568000000, 
-0.019316068200987867, 0.3201715713312467, 0.5095645191384671, 43573000000, 
-0.07521456028407729, 0.2922811701650544, 0.5099892472114684, 43578000000, 
-0.09369670312166498, 0.3546444452771059, 0.5103581082725079, 43583000000, 
-0.0198117574690791, 0.2989489204547043, 0.5111510561689061, 43588000000, 
-0.1438361672107317, 0.24690234118421403, 0.5120272857643015, 43593000000, 
-0.018774841096567584, 0.3475781781269828, 0.5136367166619102, 43598000000, 
-0.030273778090953583, 0.33032864209309526, 0.5151612738274879, 43603000000, 
-0.1357343530675286, 0.2826103067778948, 0.5166354672580747, 43608000000, 
-0.07496971240320052, 0.30503992217522163, 0.5182403461811778, 43613000000, 
0.03896142433255469, 0.36294378968595553, 0.5186802635669922, 43618000000, 
-0.06568150919006019, 0.3192605950735496, 0.5197362962700288, 43623000000, 
0.2769491683598863, 0.28056670023234087, 0.5207080144272795, 43628000000, 
0.03824200885479778, 0.3842626442059034, 0.5209645395609073, 43633000000, 
-0.07498011531089671, 0.3039185752106251, 0.5210208559883738, 43638000000, 
-0.08749263041730107, 0.2329880221120819, 0.5210139559866758, 43643000000, 
0.02064317046637695, 0.37363697296304316, 0.5205811447365413, 43648000000, 
-0.1207446454529787, 0.3165493510676035, 0.5200540016368042, 43653000000, 
0.23473253829495883, 0.27047100983365624, 0.5199423285995498, 43658000000, 
0.0783468399290251, 0.39801901605161555, 0.5190738389886027, 43663000000, 
-0.14007185644434936, 0.3067976541932649, 0.5188600033851323, 43668000000, 
-0.07516856109909568, 0.2913723198366284, 0.5184199282292168, 43673000000, 
0.003404797544333262, 0.36506793105055435, 0.5184556098223012, 43678000000, 
-0.10291414719220486, 0.2897457677160648, 0.5177669095474996, 43683000000, 
-0.06536121991886028, 0.30824699885163953, 0.5172675679863238, 43688000000, 
-0.06758944610247707, 0.27732472737238895, 0.5178137685058449, 43693000000, 
-0.08597888000846844, 0.3644321576168277, 0.5176293474860533, 43698000000, 
-0.031190348066712968, 0.37669714450990016, 0.5177792958361155, 43703000000, 
-0.06973941402511438, 0.28664661301082245, 0.5180029367779955, 43708000000, 
-0.07109982799708736, 0.3558444305529893, 0.5177247686537835, 43713000000, 
-0.048357226811654455, 0.3419046685903585, 0.5176864510746101, 43718000000, 
-0.06850073761874632, 0.2746530040379567, 0.5173847053005944, 43723000000, 
0.2989680461749265, 0.4006223812140283, 0.5174414217820993, 43728000000, 
-0.08569269533188166, 0.32869656891780447, 0.5178740988783352, 43733000000, 
-0.06191036421286062, 0.24872899919375988, 0.5182484195964331, 43738000000, 
-0.02592138698470232, 0.4172891595835518, 0.5178219667001283, 43743000000, 
-0.046501231547651664, 0.26533874117606066, 0.5180680743507778, 43748000000, 
-0.03800566364777914, 0.24688920608610904, 0.5184897695840343, 43753000000, 
-0.016851437341990107, 0.443097017818043, 0.5183905533961846, 43758000000, 
0.24463454691080966, 0.28779433848642727, 0.5186283563681997, 43763000000, 
-0.05776143939752959, 0.2808199873888208, 0.519189065042458, 43768000000, 
-0.06494115538444031, 0.38666259472421005, 0.5188281742894428, 43773000000, 
-0.04871670708593624, 0.3409774997557782, 0.5193060815112168, 43778000000, 
-0.030394682258259538, 0.2661524552886473, 0.5191454301965007, 43783000000, 
-0.02875105882383298, 0.3970770812207824, 0.5193439462228904, 43788000000, 
0.1445353972967593, 0.32056667027675284, 0.5189009737837976, 43793000000, 
-0.012170595453639743, 0.24618718927164157, 0.5192815738222152, 43798000000, 
-0.07116488951910531, 0.37292109413809643, 0.5184655634671643, 43803000000, 
-0.08865026981480317, 0.3600164898915928, 0.5188880402194206, 43808000000, 
-0.04338884393129167, 0.3660916905589767, 0.5187177205095818, 43813000000, 
-0.03768343361559422, 0.39558962671950165, 0.5185438488043252, 43818000000, 
-0.04346908600711561, 0.31418449907821555, 0.5185335826358981, 43823000000, 
-0.0483758579949367, 0.2593728632254475, 0.5181938686200616, 43828000000, 
0.0030383427425637495, 0.38276532936132474, 0.517543111522208, 43833000000, 
-0.1390219717453502, 0.3696717200769134, 0.5180329895057064, 43838000000, 
-0.04898236780140552, 0.2442111307188, 0.5182232469406046, 43843000000, 
0.00024859627750927274, 0.39708885552120016, 0.518233973586893, 43848000000, 
-0.12202495435942029, 0.35073878768791206, 0.5183281350385819, 43853000000, 
-0.05050534410080039, 0.2860897502735641, 0.5186715747296721, 43858000000, 
0.2934382032495874, 0.37927846969102824, 0.5184324050802379, 43863000000, 
-0.07968635362401898, 0.3425197869550216, 0.5188967120859607, 43868000000, 
-0.009018191619656552, 0.3232046003514833, 0.5193213281328348, 43873000000, 
-0.09990197187556381, 0.3172608576491524, 0.5193751478302118, 43878000000, 
-0.10103059240641106, 0.33015143702261995, 0.51960838559489, 43883000000, 
0.019627486801440684, 0.32427331666047027, 0.5201655093355169, 43888000000, 
-0.09911444769927867, 0.2928609042536231, 0.5200863000172827, 43893000000, 
0.2858369912250159, 0.27558382807516113, 0.5199205238957659, 43898000000, 
-0.001704239836954351, 0.38090291445157404, 0.5199781244379463, 43903000000, 
-0.1265361298819651, 0.3443605411300557, 0.5199891623244532, 43908000000, 
-0.036766334069299945, 0.25172012098363883, 0.520400017275104, 43913000000, 
-0.0008894863367415727, 0.4016242527692335, 0.5197771285385548, 43918000000, 
-0.14731196663089607, 0.3240902086654637, 0.51979957006208, 43923000000, 
0.0034421251323640614, 0.29517721380026707, 0.519917736634044, 43928000000, 
-0.06145289986882319, 0.35643529639455307, 0.5191477487032455, 43933000000, 
-0.07702846436067773, 0.36925398352459626, 0.5194574730138659, 43938000000, 
0.02189393689522738, 0.3417088941842631, 0.5192084663090686, 43945000000, 
-0.08955408162386629, 0.3661563010305335, 0.5189295365250558, 43950000000, 
-0.03562194720754162, 0.29129352167275874, 0.5192263236904899, 43955000000, 
0.014619924523011672, 0.39541413358124927, 0.5191168477317613, 43960000000, 
0.22289320980459926, 0.3364200066102864, 0.5188722350577578, 43965000000, 
-0.03205664276493221, 0.25486478555460146, 0.5194285936170461, 43970000000, 
-0.045702375094642304, 0.3820191254847208, 0.5193804130033477, 43975000000, 
-0.09455625006557095, 0.3382624511299115, 0.518680552043064, 43980000000, 
0.0039355436914789935, 0.3186012407145844, 0.5193477617050751, 43985000000, 
-0.09613064362494503, 0.348849984695102, 0.5194330155734953, 43990000000, 
-0.09526840428064334, 0.34718323106880067, 0.5190945771734881, 43995000000, 
0.3742992163067555, 0.3792766570546137, 0.5194630236165494, 44000000000, 
-0.1458467383087931, 0.350669388435415, 0.5192919185161738, 44005000000, 
-0.06482476959758071, 0.27874327017668554, 0.5201183007201146, 44010000000, 
0.03702013772085175, 0.39326206578591877, 0.5193331785750842, 44015000000, 
-0.1636974428618787, 0.3745967151166446, 0.5199574430672688, 44020000000, 
-0.057905298052158105, 0.26448174769387844, 0.5193584212195476, 44025000000, 
0.0149361686594684, 0.3802228256361901, 0.519263108693162, 44030000000, 
0.2413607682374265, 0.33481374180463336, 0.5192658993199126, 44035000000, 
-0.07589660822784901, 0.28783391688807425, 0.5198802406285237, 44040000000, 
-0.017523874338405666, 0.40176246783802694, 0.5194604434914465, 44045000000, 
-0.11959630873984203, 0.34189924220916507, 0.5196633460755232, 44050000000, 
-0.06260869329061255, 0.27249445143568346, 0.5194047326160214, 44055000000, 
-0.04072986512322634, 0.3670797547098244, 0.519600743760214, 44060000000, 
-0.10001668170597826, 0.34597006090550314, 0.5193720565983031, 44065000000, 
-0.0654228855591895, 0.2732316009965794, 0.5192694734720217, 44070000000, 
-0.04553285037977101, 0.39840853336297793, 0.5191979061410728, 44075000000, 
-0.06395202375514418, 0.3250356225888712, 0.5191424114995585, 44080000000, 
-0.045851526264523476, 0.263379802519348, 0.5196561870946839, 44085000000, 
-0.05346359038946895, 0.3873357039169915, 0.5196639055382374, 44090000000, 
-0.09378263220290853, 0.3794619923984942, 0.5196835788879485, 44096000000, 
0.24419962515035298, 0.31144577900942905, 0.5194564929416939, 44101000000, 
-0.08246163824887774, 0.3343578839557437, 0.5197098261734832, 44106000000, 
-0.07746190713541538, 0.35019976104048217, 0.5195107491138513, 44111000000, 
0.0203150396780143, 0.3545705805945141, 0.5195410797003244, 44116000000, 
-0.11074381101043079, 0.31678410642055466, 0.5194772326313003, 44121000000, 
-0.1343515858129168, 0.34655177933575393, 0.5197477241628968, 44126000000, 
-0.0400943518177034, 0.2638671319676673, 0.5199782007342285, 44131000000, 
0.3065146150442874, 0.3581187561785737, 0.5197286219854975, 44136000000, 
-0.10060493807946418, 0.3515499882171424, 0.5195867640691717, 44141000000, 
-0.023864936350827384, 0.27076583163582696, 0.5196545715615019, 44146000000, 
-0.01863020206721331, 0.4336097631404225, 0.5199879620407335, 44151000000, 
-0.12117533052249635, 0.34614371344495215, 0.5199421817394739, 44156000000, 
-0.018098630260815162, 0.284147425992724, 0.5197410878446538, 44161000000, 
0.03972416985120388, 0.3852100675503749, 0.5197227125366601, 44166000000, 
-0.18065770822213628, 0.37966721478148774, 0.5197587341400238, 44171000000, 
-0.043470441409125676, 0.2989653112506454, 0.519503515028483, 44177000000, 
0.04049617903821081, 0.3566305396219851, 0.5193312402813297, 44181000000, 
-0.14241202101306252, 0.34275990549012947, 0.5195898107553522, 44186000000, 
-0.06938077922302611, 0.3424326416648199, 0.5193695056517601, 44191000000, 
0.03904324889762463, 0.33940029085438184, 0.5194752026359791, 44196000000, 
-0.10915603117400301, 0.3178155126441022, 0.5192244381275323, 44201000000, 
0.22975491106797055, 0.36737450099526253, 0.519466787353706, 44206000000, 
-0.06581882231658354, 0.2782780436061119, 0.5197055076687531, 44211000000, 
-0.010734063811024699, 0.41717301630019743, 0.5189161600210864, 44216000000, 
-0.08937009142001658, 0.3484996829202964, 0.5194655478597687, 44221000000, 
-0.06974914613399384, 0.309743806442664, 0.5187542416707019, 44226000000, 
0.0056848071507691784, 0.38242067483051556, 0.518565646258882, 44231000000, 
0.2417060192699509, 0.30228702452485623, 0.518258778037742, 44236000000, 
-0.005749275336487157, 0.37708287183166433, 0.516942234967092, 44241000000, 
-0.020884023594883998, 0.33604460419211124, 0.5159035275625588, 44246000000, 
-0.10653897404604912, 0.29906565596781554, 0.5147304730871439, 44251000000, 
-0.07813317209193521, 0.37324923193667947, 0.5133369148498507, 44256000000, 
0.018178955897957916, 0.3509063671154141, 0.5117406956439102, 44261000000, 
-0.1330763695271734, 0.26911512701431417, 0.5106209821956676, 44266000000, 
0.30933558869298544, 0.325775893428953, 0.5091868212875728, 44271000000, 
-0.03950603860903518, 0.3647261234878911, 0.5084365025219434, 44276000000, 
-0.111221719495878, 0.3151493952784868, 0.507718307049799, 44281000000, 
-0.005106899076355221, 0.35522794269568064, 0.5067852740510873, 44286000000, 
-0.01488031663567917, 0.3769367100445824, 0.5060075952108889, 44291000000, 
-0.10701168129822669, 0.27694214900558384, 0.5059927475646135, 44296000000, 
0.007692461550319926, 0.3179260691764725, 0.5056328050796314, 44301000000, 
-0.13271027054077272, 0.40432096025309233, 0.5048392926362241, 44306000000, 
-0.024422872087236494, 0.2780704011676352, 0.50562117064881, 44311000000, 
0.015918654140963384, 0.3480371198824647, 0.5059785995992396, 44316000000, 
-0.14348833193289118, 0.33358747837908104, 0.5052515595629143, 44321000000, 
0.0033204298397046944, 0.28170164056444763, 0.5055546696352506, 44326000000, 
0.023419333766287374, 0.33489446858690824, 0.5063083628717348, 44331000000, 
-0.19218597552886257, 0.24362604554053172, 0.5062696661782179, 44336000000, 
0.3546979347564363, 0.3127959124975371, 0.5064236939727905, 44341000000, 
-0.042010398680255315, 0.3835584825854163, 0.5065148092303167, 44346000000, 
-0.07839457603038047, 0.24089133568705834, 0.5060920342401842, 44351000000, 
-0.03535064539324181, 0.329512105122784, 0.5058238914377099, 44356000000, 
-0.10272063695859064, 0.3237732266657803, 0.5053187241183634, 44361000000, 
-0.01786339939945578, 0.3092573618308415, 0.5049339789451819, 44366000000, 
0.01766296664771979, 0.403557114565615, 0.5042893961048557, 44371000000, 
0.21782943776240687, 0.25530763421027475, 0.5037882251489321, 44376000000, 
-0.014867528975178377, 0.357696003034607, 0.5030588700757269, 44381000000, 
-0.04192321994489767, 0.4140143872649467, 0.5025803897431879, 44386000000, 
-0.08690224976354573, 0.2712597400965474, 0.5028442334180276, 44391000000, 
-0.01985666174692454, 0.30510178099996615, 0.5028099608308698, 44396000000, 
0.018055603837497557, 0.3881435963304961, 0.5023769107213918, 44401000000, 
-0.1277670018381757, 0.25589392805468725, 0.5028604689338949, 44406000000, 
-0.04537440744787115, 0.35347181426217317, 0.5029433837923525, 44411000000, 
-0.021166122643981315, 0.3938862627791562, 0.5032494574669254, 44416000000, 
-0.11477706110800823, 0.2797605537765675, 0.5036035713706755, 44421000000, 
-0.05366091808924549, 0.33335148148700455, 0.5036843943582535, 44426000000, 
-0.11397110852240958, 0.3478637994363963, 0.5039712069407922, 44431000000, 
-0.0010944397851661535, 0.3216952545574948, 0.5044707159248888, 44436000000, 
0.21464197385698497, 0.3579022914648054, 0.5051010901518284, 44442000000, 
-0.11497865893572332, 0.29011392527234997, 0.5057878111634208, 44447000000, 
0.008082566762049251, 0.35219880851146235, 0.5060992329389904, 44452000000, 
-0.09088769110175633, 0.398254498455936, 0.5067412674178378, 44457000000, 
-0.08386417064873146, 0.2757928059534108, 0.508232746825716, 44462000000, 
0.015015626223851032, 0.3203644497901015, 0.5088253342725899, 44467000000, 
-0.15567655390142288, 0.3493724950578978, 0.5098381253828475, 44472000000, 
0.23527468016740424, 0.3132201906564313, 0.511039100395641, 44478000000, 
-0.020551406971048007, 0.32258082134909616, 0.5113993079028313, 44483000000, 
-0.15263902299795234, 0.3255227122218298, 0.5117784405336973, 44488000000, 
-0.08295243871496283, 0.3326756211903101, 0.5119151454730175, 44493000000, 
0.010274137596839164, 0.31438963346234, 0.5120838397358412, 44498000000, 
-0.07900583408410522, 0.35606953633252997, 0.5121819649134227, 44503000000, 
-0.012696349666065004, 0.3947516442226702, 0.5120711721091094, 44508000000, 
-0.09083746436787413, 0.24069178240340192, 0.5120772143460375, 44513000000, 
0.015640808518639804, 0.33631347264449196, 0.5116072753510229, 44518000000, 
-0.1967562451878338, 0.3447396624008417, 0.51144148405941, 44523000000, 
-0.0695764761636149, 0.39829408260610455, 0.5112354727832975, 44528000000, 
0.0014123900111197366, 0.2981734965682848, 0.5114876192145842, 44533000000, 
-0.08285774902465647, 0.3539731091447269, 0.5105883009367237, 44538000000, 
0.30936800645853246, 0.432164884947987, 0.5104318879156091, 44543000000, 
-0.08720313768856464, 0.24244216701662027, 0.5102570060417647, 44548000000, 
-0.005280442409518614, 0.3195953154635201, 0.5101768467563335, 44553000000, 
-0.04713072778528585, 0.4057639147935277, 0.5090707819296478, 44558000000, 
-0.09691111033802663, 0.28171589718102474, 0.5090850672738565, 44563000000, 
0.01480190910267035, 0.3149636159792587, 0.5084527213303938, 44568000000, 
-0.10621290187135352, 0.34378584099703474, 0.5079128320057503, 44573000000, 
0.22380513893147735, 0.31820853720739806, 0.5075331605553699, 44579000000, 
-0.015240513753295527, 0.3482010613629541, 0.507528622664192, 44584000000, 
-0.07387068345426649, 0.3905857713112385, 0.5067749835927703, 44589000000, 
-0.11228236235505547, 0.27931666035994174, 0.5065646220226627, 44594000000, 
0.006207460732247417, 0.32425504498063756, 0.5062870250634098, 44599000000, 
0.0013838499541308058, 0.415356539288864, 0.5056179822844505, 44604000000, 
-0.14086617694059878, 0.27281327013874207, 0.5050664622246924, 44609000000, 
-0.032263962463079415, 0.316519883023642, 0.5052059187098428, 44614000000, 
-0.08204205545111122, 0.3426224050309707, 0.5038278592833804, 44619000000, 
-0.015037876478725485, 0.295714318465146, 0.5034989777674425, 44624000000, 
-0.06157243984946788, 0.3013201832671043, 0.5030488814103097, 44629000000, 
-0.005377288319515025, 0.3618819577612683, 0.502021208655209, 44634000000, 
-0.1019835027993759, 0.2809419998873638, 0.5020222478710707, 44639000000, 
0.22474476344022912, 0.3257024670519516, 0.5008732751165595, 44644000000, 
-0.0051857783317422294, 0.33009286512038366, 0.5006743320439975, 44649000000, 
-0.048064110068390384, 0.3454471151931196, 0.4999061808065061, 44654000000, 
0.04226624969078802, 0.3555879373230711, 0.49994437519176876, 44659000000, 
-0.16145338982360224, 0.3295559893979029, 0.49907764121008796, 44664000000, 
-0.025884322515841093, 0.34661551956469766, 0.49907148611161395, 44669000000, 
0.05614975377607043, 0.3624382951837763, 0.4990344318099137, 44674000000, 
0.1904980899115932, 0.27765595115904523, 0.4990278106823732, 44679000000, 
0.027875248473057113, 0.34242475800987743, 0.49917672562781074, 44685000000, 
-0.12243618419004682, 0.29255921576518756, 0.4988937228738436, 44690000000, 
-0.04015437854037495, 0.32555162628529605, 0.4994808549810097, 44695000000, 
0.009310842785748077, 0.3997727529005654, 0.49949388944046363, 44700000000, 
-0.15345199001046522, 0.29924502819153137, 0.5003018084531354, 44705000000, 
-0.029435028082730085, 0.3490564744479268, 0.5007324483756804, 44710000000, 
0.33350119701479075, 0.4019173239028197, 0.5011582700941383, 44715000000, 
-0.11536951198031713, 0.3008846432447744, 0.5017463362304926, 44720000000, 
-0.05621742486076208, 0.319706637748564, 0.5026552900212198, 44725000000, 
-0.03472829850487425, 0.4212624845356962, 0.502644684382622, 44730000000, 
-0.09801628672691334, 0.27508314468969375, 0.5032799402722369, 44735000000, 
-0.01631351904248248, 0.32066967030707727, 0.5040568052369337, 44741000000, 
-0.10332768088175776, 0.3666495385619674, 0.5043824232405703, 44746000000, 
-0.009501448472089027, 0.3297667026897504, 0.5046868784690994, 44751000000, 
-0.04995850259308805, 0.3514112409643466, 0.5047176589644682, 44756000000, 
-0.08412269816257231, 0.45959208530312895, 0.5053965703875007, 44761000000, 
-0.07682494201997414, 0.26516570653978017, 0.5059638327969236, 44766000000, 
-0.026981671124314738, 0.29892415132151523, 0.5056617939794754, 44771000000, 
-0.04607487214282356, 0.4288052471171717, 0.5058881170090213, 44776000000, 
0.2547849231237225, 0.24523152100776524, 0.5069544648316233, 44781000000, 
-0.004546664634310625, 0.3135770764324086, 0.5071974948752359, 44786000000, 
-0.10091858377012047, 0.36826431136667115, 0.5068964133364485, 44791000000, 
-0.07913327859696648, 0.36967943863031366, 0.5072142079141634, 44796000000, 
0.015330354636569765, 0.3055732111052145, 0.5081444369074442, 44801000000, 
-0.0802678808960592, 0.34479110395701884, 0.5078203846454694, 44806000000, 
-0.017459981723992293, 0.4072841440269836, 0.5085930096360207, 44811000000, 
0.26389090636147344, 0.2145151103592619, 0.509235436768745, 44816000000, 
-0.0006826979096941863, 0.3026396893027385, 0.5097464686368725, 44821000000, 
-0.15761833987405505, 0.3995089453436722, 0.5098379526746418, 44826000000, 
-0.024223306186591846, 0.3314764952917316, 0.5113162836410041, 44831000000, 
0.03049160445229845, 0.3211824291394484, 0.5113324479638972, 44836000000, 
-0.10076469262794636, 0.3763896129725326, 0.5116301700727407, 44841000000, 
-0.044091933109792994, 0.39232832469928414, 0.5116381154247182, 44846000000, 
-0.09654890384315107, 0.25627100622737886, 0.511874316288463, 44851000000, 
0.03919317500247012, 0.32873354965879736, 0.5120349495509228, 44856000000, 
-0.14276564085956603, 0.4142017310741254, 0.5117704391171817, 44861000000, 
0.00853046031429211, 0.40404379823847186, 0.5118807411537222, 44866000000, 
-0.050162730325650204, 0.2617604973848143, 0.5118216983222957, 44871000000, 
-0.06739221774085094, 0.339916419488027, 0.5114598420597573, 44876000000, 
-0.028743544441519685, 0.40558703688656966, 0.511155412293693, 44881000000, 
0.21535341146166703, 0.25631652419875045, 0.5111335351724436, 44886000000, 
-0.024647673171500288, 0.32251121883026557, 0.5105566978967733, 44891000000, 
-0.10668069379361428, 0.38562691326454984, 0.5097273042065287, 44896000000, 
-0.06503543064783554, 0.35636710762874774, 0.509728974284765, 44901000000, 
0.00046752794438472724, 0.32457244480789715, 0.5090404822014976, 44906000000, 
-0.09221391969055749, 0.3850021708604947, 0.5077546454969615, 44911000000, 
0.22483855465959707, 0.34743498942777495, 0.5074832662231783, 44916000000, 
0.07454598527429515, 0.31342056961297055, 0.5067361139995455, 44921000000, 
-0.024452869752433166, 0.39368547033308365, 0.5055214817744467, 44926000000, 
-0.13007576698362433, 0.3368821789283399, 0.5044416681307456, 44931000000, 
-0.03046735004732609, 0.32514250767545255, 0.5041868006067095, 44936000000, 
0.04633947596907229, 0.3595868726940963, 0.5031128429669054, 44941000000, 
-0.12681687408801795, 0.3080349372853806, 0.5025098442785649, 44946000000, 
0.3415222483799111, 0.35657038608353214, 0.501390837244645, 44951000000, 
-0.16684582713877727, 0.30062117116608056, 0.5002585780474677, 44956000000, 
-0.019690535014168998, 0.36024614897343554, 0.49915187451320414, 44962000000, 
-0.17402542281641326, 0.3048233291330338, 0.49835135069237124, 44967000000, 
-0.07689402805589021, 0.3481042273296567, 0.4978434913591481, 44972000000, 
0.05676569811994813, 0.3749691407991273, 0.497336635267693, 44977000000, 
-0.131160138740245, 0.29853370261322293, 0.4970881227444011, 44982000000, 
-0.07027586185673929, 0.34933495737758335, 0.4965341231947561, 44987000000, 
0.03389860592232393, 0.35196070182142075, 0.49689923064009806, 44992000000, 
-0.1783275412823908, 0.3171776546059298, 0.4970374261121154, 44997000000, 
-0.023287037692606954, 0.33698869144291793, 0.4977153400854066, 45002000000, 
-0.057294701414254405, 0.3528089216605826, 0.49829658893511186, 45007000000, 
-0.07260067914175956, 0.31906397604296305, 0.4990034712940705, 45012000000, 
0.05404155338613029, 0.3647677063423117, 0.49953175216450896, 45017000000, 
0.18128604244326227, 0.3168283480096521, 0.5002545284737837, 45022000000, 
-0.06807149692415862, 0.3211738220170631, 0.5006231981853014, 45027000000, 
0.04692535251330592, 0.37252161170333026, 0.5010368775950166, 45032000000, 
-0.16309596706134893, 0.2709267962900545, 0.5015470502642742, 45037000000, 
0.0016069252379854355, 0.35419633076857104, 0.5019511199545682, 45042000000, 
-0.15569209361764735, 0.3440400452456329, 0.501968709295164, 45047000000, 
0.22519815033398677, 0.36851553389243097, 0.5015782991530541, 45052000000, 
0.11170294687478027, 0.36438146666073656, 0.5012215902398075, 45057000000, 
-0.17406212377952596, 0.2884891502426248, 0.5011758818878675, 45062000000, 
-0.06640171931347169, 0.32901331035814857, 0.5012650477365912, 45067000000, 
0.007837635467792817, 0.37361729037135166, 0.50105727234763, 45072000000, 
-0.17142823827483905, 0.3265801955042416, 0.5005940222204246, 45077000000, 
-0.011417914858253974, 0.32643919034764657, 0.5012504586931321, 45082000000, 
0.3539685792859346, 0.37991066047540734, 0.5008823862004453, 45087000000, 
-0.14112281299634172, 0.28448248117180863, 0.5016255048006376, 45092000000, 
-0.00956421531532791, 0.3351351184864867, 0.5026247072777663, 45097000000, 
-0.06427095045701603, 0.3510110467819168, 0.5023539468842128, 45102000000, 
-0.12700192292368082, 0.37545929664195854, 0.5035887375974587, 45107000000, 
-0.005298584564468852, 0.31024048453260084, 0.5041456658176527, 45112000000, 
-0.0018616997008564229, 0.3270311490554265, 0.5048157392218686, 45117000000, 
-0.11920343791813576, 0.42422557265559624, 0.5058065977444943, 45122000000, 
-0.10467557314111933, 0.25842950739602427, 0.5068898261443817, 45127000000, 
-0.009656933780851671, 0.3602263711148803, 0.5068623445127786, 45132000000, 
-0.12124399787033728, 0.41645385220550196, 0.507376116068381, 45137000000, 
0.0452370999626928, 0.42899290405897594, 0.5079131647321486, 45142000000, 
-0.06582348344141854, 0.32012027412034283, 0.5091203528724982, 45147000000, 
-0.04763150004010121, 0.3436626578883553, 0.5087707483860259, 45152000000, 
0.18184460623010185, 0.4023659602101034, 0.5089007692210402, 45157000000, 
-0.028805778544432094, 0.3346106641118904, 0.5099204406668919, 45162000000, 
-0.01226430687611833, 0.3027044538383485, 0.5101219036928398, 45167000000, 
0.0025178629288958726, 0.3360498088729495, 0.509265058300791, 45172000000, 
-0.21068569683974284, 0.4191900524287565, 0.5094640292371355, 45177000000, 
0.04493248639652658, 0.3841487038058324, 0.5099235723639745, 45182000000, 
-0.07366808187229142, 0.2731082285576698, 0.5099432890739968, 45187000000, 
0.31626287252847884, 0.3411376366692153, 0.5097982295802541, 45192000000, 
-0.1605334582454285, 0.39948966753986076, 0.5092937823463752, 45197000000, 
-0.005138015727833082, 0.41577589251091307, 0.5093423150346622, 45202000000, 
-0.04917261092784598, 0.2877053260583612, 0.5100564209262214, 45207000000, 
-0.024504083578221036, 0.3203831666481275, 0.5094176820362233, 45212000000, 
-0.09153200231385987, 0.36059163342688505, 0.509108870142532, 45217000000, 
-0.02467070203127784, 0.4301515373260706, 0.5085800711800673, 45222000000, 
-0.0552824614352621, 0.27942983600961036, 0.5081357647754928, 45227000000, 
-0.0043944918924854436, 0.35564963872175454, 0.5076979108835317, 45232000000, 
-0.11385328825767581, 0.36666192344375526, 0.5070722867864164, 45237000000, 
-0.051836704156058164, 0.3933808724203179, 0.5063902727368482, 45242000000, 
-0.02593612850106507, 0.30979929432823744, 0.5059970119168222, 45247000000, 
-0.057136366093738705, 0.3370195966317573, 0.5050843076461712, 45252000000, 
0.2917959025505047, 0.4109180917507289, 0.5045699181992148, 45257000000, 
-0.08539121259803822, 0.3068113529915297, 0.5039082940636009, 45262000000, 
-0.0547177679804776, 0.33392642232216335, 0.5032523427452146, 45267000000, 
0.051308932901368856, 0.33695043932884516, 0.5025814397417149, 45272000000, 
-0.15265229997521665, 0.3251699252182176, 0.5015337150661286, 45277000000, 
-0.0694522354337136, 0.3325300904977416, 0.5008383080145781, 45282000000, 
-0.01349929032914634, 0.3703755504923533, 0.49981806975470255, 45287000000, 
0.2559037530582864, 0.3508661640799438, 0.4991250184149789, 45292000000, 
0.033359594638596404, 0.38128396396884123, 0.4981276157511557, 45298000000, 
-0.18121620462829996, 0.3369131192742732, 0.4976891519240588, 45303000000, 
-0.033885393060049555, 0.3486155517365519, 0.49769542373370584, 45308000000, 
0.05763423173497144, 0.35793720194905754, 0.49719140941825657, 45313000000, 
-0.187380224152308, 0.3085794456417534, 0.4970743439230195, 45318000000, 
-0.03893473293028289, 0.3384643811389255, 0.49749074294289486, 45323000000, 
0.047930264456321356, 0.3375437501225627, 0.4977361162755431, 45328000000, 
-0.1840332146910456, 0.3229723779128772, 0.4985087073984239, 45333000000, 
-0.04737598618003131, 0.3473543079408924, 0.49882582452100754, 45338000000, 
0.05742075513537649, 0.3510598504601578, 0.49923833520640915, 45343000000, 
-0.16149117518283726, 0.32269891921112454, 0.4997840903358286, 45348000000, 
0.021424357714775175, 0.31240679381598735, 0.49998278206881175, 45353000000, 
0.14000884247514148, 0.31869327962932376, 0.5008679733349111, 45358000000, 
0.02407574202150052, 0.3400190972499215, 0.5010447982361915, 45363000000, 
0.03617290120853047, 0.3190489767729132, 0.5014987226909606, 45368000000, 
-0.1554965147692428, 0.3320158515373688, 0.5012533828194823, 45373000000, 
-0.053370206135028964, 0.3690441561308286, 0.501114861015786, 45379000000, 
-0.060207647974357625, 0.336602417799532, 0.5010263690515327, 45384000000, 
-0.0487288668533367, 0.3473966523827537, 0.5009979520593679, 45389000000, 
0.34436515783965377, 0.3862180962826688, 0.5008542237603288, 45394000000, 
-0.15697825642774324, 0.32509230207891293, 0.5001441397142884, 45399000000, 
-0.02355871949342136, 0.3513545705051515, 0.5003248484453721, 45404000000, 
0.02522278755925527, 0.36383827701015486, 0.49984627136494997, 45409000000, 
-0.16798445468403558, 0.33260433279524465, 0.4995860546470383, 45414000000, 
-0.04374843307298703, 0.3568901227210737, 0.4991920477722666, 45419000000, 
-0.055132934420541686, 0.38436247045572147, 0.4991700176874933, 45424000000, 
-0.12211536864241149, 0.3273609921993581, 0.49905384441375183, 45429000000, 
-0.035620833117618336, 0.3088816745697556, 0.49919660565403784, 45434000000, 
-0.02061154947528588, 0.37082489181879824, 0.49976896623728245, 45439000000, 
-0.017291253765631464, 0.35654594592241273, 0.5001603665849662, 45444000000, 
-0.1068275219318878, 0.33644160499410397, 0.500961297205352, 45449000000, 
-0.06336683935536704, 0.34910287595077455, 0.5018316877006579, 45454000000, 
-0.0509559972882279, 0.4057005450948313, 0.5024425188399302, 45459000000, 
0.24120524252097336, 0.29230306877841084, 0.5042008180580193, 45464000000, 
-0.03544444421698552, 0.32587315028603664, 0.504758617955003, 45469000000, 
-0.07675449385552037, 0.371523984804278, 0.5056550846822422, 45474000000, 
-0.09585928793864326, 0.4000112954876108, 0.5069549989129526, 45479000000, 
-0.025906634821194974, 0.25755178574287285, 0.5080214433255212, 45484000000, 
0.009951377560684822, 0.3402408273319442, 0.5088010716004432, 45489000000, 
0.1483311945523165, 0.369164998427305, 0.5089920645395399, 45494000000, 
0.032115462449249406, 0.43291462377141615, 0.5099408784627266, 45499000000, 
-0.04435117351183108, 0.277117402154646, 0.5107055139161076, 45504000000, 
-0.06590883955892829, 0.35702002591229304, 0.5111083747554174, 45509000000, 
-0.1617140731503636, 0.42000267621768267, 0.5115355341289178, 45514000000, 
-0.010512337218795124, 0.3722903258379689, 0.5124155267691507, 45519000000, 
-0.02254444059694214, 0.3103726398752604, 0.5135619893596637, 45524000000, 
-0.026984469435169172, 0.31924325660740904, 0.5129036183178601, 45529000000, 
-0.1051456792773039, 0.3753226305805485, 0.5123823591081766, 45534000000, 
0.019465426507304852, 0.39061856780432136, 0.5122306428609196, 45539000000, 
-0.03584510687225311, 0.298392180916049, 0.512074892005708, 45544000000, 
-0.0068637404652405615, 0.3289368128237559, 0.5107821599298934, 45549000000, 
-0.14682121428946843, 0.3971065063733846, 0.5097045833953697, 45554000000, 
-0.025384131864955684, 0.33458014515756496, 0.5090113663997932, 45559000000, 
0.3245594030623618, 0.3369565516975408, 0.5082444334803744, 45564000000, 
-0.12460197363829795, 0.369314771630077, 0.5063330628842508, 45569000000, 
-0.06628593630529306, 0.3675448934886983, 0.5059350310356023, 45574000000, 
-0.02843899848968901, 0.31091440250966584, 0.5051698783525037, 45579000000, 
-0.02687423551445911, 0.3358775722732531, 0.504229833017169, 45584000000, 
-0.06920068035275817, 0.3483823961390775, 0.5027256669829506, 45589000000, 
-0.04912179529149606, 0.32043864454772564, 0.5015565672922516, 45594000000, 
0.38546178733178754, 0.33835287268582587, 0.5000244636539641, 45599000000, 
-0.13958948731296822, 0.3335465479846082, 0.49891900478807094, 45604000000, 
-0.04158752699618261, 0.35490653343760803, 0.4976936327724608, 45609000000, 
0.015716022723055518, 0.3434394832404422, 0.4972323611742501, 45614000000, 
-0.14733785003624142, 0.3408238445224764, 0.4964888897587157, 45619000000, 
-0.0808071885079374, 0.35524498923557746, 0.49594254255895504, 45625000000, 
0.3207299245268341, 0.3527614374602307, 0.49612916647840094, 45630000000, 
-0.10860291575845667, 0.34367574700813064, 0.49651519689274576, 45635000000, 
-0.04436398016750169, 0.3465737978283334, 0.4968400307371162, 45640000000, 
0.01898983263877563, 0.3408613687806704, 0.49714082320923203, 45645000000, 
-0.16951295170612746, 0.3628010118754685, 0.49785722056861437, 45650000000, 
-0.05919022691617783, 0.3863280816647833, 0.4988396909474223, 45655000000, 
-0.043322329383464774, 0.3463743024074334, 0.49964676310739214, 45660000000, 
-0.07462361500014915, 0.341245990836642, 0.5003044387350772, 45665000000, 
0.06164236686884072, 0.35999725158684287, 0.5011076602638611, 45670000000, 
-0.18101861164351132, 0.3433888061352838, 0.5010729524770123, 45675000000, 
-0.05771099225547249, 0.3644814642133941, 0.5020469417454467, 45680000000, 
0.0513644211939017, 0.3669430240649003, 0.501974959002408, 45685000000, 
-0.1544402339718348, 0.37155185173102845, 0.5021229070060012, 45690000000, 
-0.0506183577640499, 0.36015724877290034, 0.502032658002944, 45695000000, 
0.42013799039000876, 0.3786764466476467, 0.5023777303710657, 45700000000, 
-0.20712689251040461, 0.34279567673672945, 0.5013807471584093, 45705000000, 
-0.08670137713877052, 0.34101924054831806, 0.5010528834458424, 45710000000, 
-0.05211651024730053, 0.3568265827629429, 0.500917877422849, 45715000000, 
-0.048048886498181495, 0.346049419065251, 0.5004092026551112, 45720000000, 
0.05854774546201595, 0.36720242319284707, 0.5000084550615875, 45725000000, 
-0.1520405208970004, 0.34399898925937505, 0.4993373930630011, 45730000000, 
0.2736181358632966, 0.3293636787797377, 0.4990882664704411, 45735000000, 
0.04741297736466038, 0.33498268321730024, 0.49846117840157805, 45740000000, 
-0.12764994604896115, 0.37257171811202033, 0.4982091092114803, 45745000000, 
-0.05893046991132134, 0.37303435903494303, 0.4982588177618478, 45750000000, 
-0.04985525860937919, 0.35024203618584215, 0.4981678340905427, 45755000000, 
-0.11702600106987514, 0.33443477354613516, 0.49852783044897253, 45760000000, 
-0.03255027037061925, 0.3315133706775768, 0.49933489311016893, 45765000000, 
0.3149786344201244, 0.35749867381870637, 0.499645519297742, 45770000000, 
-0.10400236470076055, 0.3623027428935299, 0.5007784891892231, 45775000000, 
-0.019839889744621468, 0.3798550941396172, 0.5018051132288334, 45780000000, 
-0.06245751756488196, 0.36806357153390273, 0.5026682479201784, 45786000000, 
-0.11568855774461112, 0.36570826365767595, 0.5039502025718872, 45791000000, 
-0.098757468056339, 0.34099081269100884, 0.5052800758988387, 45796000000, 
-0.026039400963588817, 0.3391555484194855, 0.5062904535656151, 45801000000, 
-0.11988905749271903, 0.3894793216294984, 0.5070384419442869, 45806000000, 
-0.053531943674227554, 0.37743908169426155, 0.5080259382634719, 45811000000, 
-0.02458864054759847, 0.3279387542582971, 0.5094231090760318, 45816000000, 
0.0008568059953856901, 0.34752868798194253, 0.510224693454394, 45821000000, 
-0.07969459084431202, 0.3800881893844331, 0.5099379092540547, 45826000000, 
-0.06547168446198166, 0.36633158167091073, 0.5103968402727443, 45831000000, 
0.28426186142572485, 0.38213609582256763, 0.5110939905076283, 45836000000, 
0.024970413944185716, 0.37087278152172576, 0.5110475099700055, 45841000000, 
-0.23579601042390735, 0.351754767036008, 0.5112861286815165, 45846000000, 
-0.04777253694463376, 0.4032905662222533, 0.5116758128317862, 45851000000, 
-0.03640080852657301, 0.373752142293431, 0.512511879433143, 45856000000, 
-0.011072173099296478, 0.3377265047909718, 0.5122468689463512, 45861000000, 
-0.13588988228968948, 0.40007302154507296, 0.511508075617493, 45866000000, 
0.2730532305682734, 0.33863775249231326, 0.5112122367925925, 45871000000, 
0.009417567119085955, 0.3542656407940544, 0.5107748157508221, 45876000000, 
-0.037008327973772945, 0.3552672617835029, 0.5098429142282773, 45881000000, 
-0.022787763347300177, 0.346632082963617, 0.5092333828879214, 45886000000, 
-0.11168725905863595, 0.3695091174718935, 0.5075597276919261, 45891000000, 
-0.039399688188368594, 0.36561568476469514, 0.506645851140613, 45896000000, 
0.05433454744049689, 0.3147933071146551, 0.5045200140994868, 45901000000, 
-0.15434553805477566, 0.3583176029924955, 0.5027641917924395, 45906000000, 
-0.03835655609401554, 0.36337953297613074, 0.5008155896671452, 45911000000, 
0.07811364976464183, 0.29822224523350455, 0.4996513071069706, 45916000000, 
-0.17234662097987546, 0.3696324212578488, 0.49763256786620474, 45921000000, 
-0.06485555586041908, 0.3139454444588438, 0.4964793014957943, 45926000000, 
0.04480093668600991, 0.361104564951048, 0.4955805297779746, 45931000000, 
0.09442055005286726, 0.38572141637107166, 0.4950679216649129, 45936000000, 
0.012266805649474865, 0.3441008583488358, 0.49440931762924156, 45941000000, 
0.03804410408961714, 0.3099706295081157, 0.4947128727984618, 45946000000, 
-0.14207745846973205, 0.4083454968138998, 0.49489827004342163, 45951000000, 
-0.06666644489396895, 0.33908523815419245, 0.4955517581482328, 45956000000, 
-0.014363132187666001, 0.35619682405616443, 0.4967781533785989, 45961000000, 
-0.08384610936911477, 0.3858870566139443, 0.4976282040656691, 45966000000, 
0.3884183870865378, 0.31246129018921587, 0.49897245688637565, 45971000000, 
-0.15770257671741747, 0.3904837459808537, 0.49943770488998873, 45976000000, 
-0.0534820235129852, 0.32971603576234915, 0.5003754286193633, 45981000000, 
0.05402580574323699, 0.3060502936470337, 0.5014758250200659, 45986000000, 
-0.14460843071195698, 0.42254592206747077, 0.5020266363295659, 45991000000, 
0.037783089158086675, 0.3037701381379142, 0.5026493723209844, 45996000000, 
-0.17378734443772703, 0.4167633652660633, 0.503065793456796, 46001000000, 
-0.047628128896250066, 0.3613396568885258, 0.5028114862377725, 46006000000, 
0.10113955380942158, 0.2894555325141203, 0.5025864178866046, 46011000000, 
-0.20500915893300198, 0.4230635024838636, 0.502252303968842, 46016000000, 
-0.0806139465861042, 0.3139727616912224, 0.501962877130927, 46021000000, 
0.08840771982985882, 0.25794767217242043, 0.5015820678202653, 46026000000, 
-0.2317225616033321, 0.4290963550332692, 0.5005822021190989, 46031000000, 
-0.0319135444570907, 0.3417042632804299, 0.5002534412689222, 46036000000, 
0.3447975763028708, 0.33796714831995744, 0.4998843879345007, 46041000000, 
-0.06513813795263387, 0.3891015512813922, 0.499079463522803, 46046000000, 
-0.04347661888019645, 0.36917574454717433, 0.4989423191912009, 46051000000, 
-0.0476733541602314, 0.33444247499272384, 0.4990696347503332, 46056000000, 
-0.06346452600452648, 0.36898000313122375, 0.49849067816186643, 46061000000, 
-0.034690732216060144, 0.34173722458713335, 0.4986175042677563, 46066000000, 
0.04121665925826601, 0.3386647748486241, 0.498718091876176, 46071000000, 
0.20956895289010335, 0.3786291316596083, 0.4994576055567166, 46076000000, 
-0.08730912534149092, 0.3752058415685092, 0.49903909316695466, 46081000000, 
-0.050188926770816635, 0.34303964711603935, 0.4998099067375956, 46086000000, 
-0.09860793952864327, 0.3404178016015362, 0.5005232344982347, 46091000000, 
-0.02438807068161078, 0.3480350960267173, 0.5022922911953654, 46096000000, 
-0.112869919684718, 0.36968177690231585, 0.5027293595446032, 46101000000, 
0.21563539171290994, 0.3340319749183571, 0.5037272233144924, 46106000000, 
0.05376748353293258, 0.3427854396790258, 0.505620471499226, 46111000000, 
-0.05602010440601847, 0.38373142454856235, 0.5060638927269874, 46116000000, 
-0.18399082935794514, 0.4036631657811399, 0.5077918104970195, 46121000000, 
-0.010165940031531989, 0.3253359049193246, 0.5089820997923211, 46126000000, 
0.010469980690501608, 0.3502709159354498, 0.5101958427016972, 46131000000, 
-0.06256078872732672, 0.33474669159072473, 0.5105938575803243, 46136000000, 
-0.17131652523492563, 0.38918990048775987, 0.5114759761475206, 46141000000, 
-0.053451623495901684, 0.3326298541632367, 0.512674494763761, 46146000000, 
-0.07935752696230333, 0.3362591614350299, 0.5130406127565017, 46151000000, 
-0.0922874707488901, 0.39160030943308144, 0.5148555842422333, 46156000000, 
-0.08002013815343981, 0.3488689131602408, 0.5165265091052765, 46161000000, 
0.0898392465768113, 0.3590033842755134, 0.5180058746468715, 46166000000, 
-0.08355801119150928, 0.36088888904721395, 0.518654151728505, 46171000000, 
0.2746061014811593, 0.4251191491512942, 0.5202061223728256, 46176000000, 
-0.028461462527434082, 0.5371748457424519, 0.5208035711250698, 46181000000, 
0.020856114700487767, 0.18224895084333192, 0.5209256117839555, 46186000000, 
-0.03706242540951916, 0.3805295515441577, 0.519533409514187, 46191000000, 
-0.07812699143047745, 0.3870241692690435, 0.5186171473601466, 46196000000, 
-0.07145831656249263, 0.4146004351197553, 0.5173692767539576, 46201000000, 
0.021825985204896238, 0.3074199218381225, 0.5161225686274069, 46206000000, 
0.24161116095481824, 0.418658038875928, 0.5140583202473097, 46211000000, 
-0.06727942812381654, 0.5564535540089695, 0.5126848489419277, 46216000000, 
-0.03991194991611463, 0.16134277132402644, 0.5115565688468453, 46221000000, 
-0.10978137894148055, 0.36783691080406566, 0.5100495905290617, 46226000000, 
-0.08213534127461773, 0.5699026291552192, 0.5088472275523139, 46231000000, 
-0.05140231308165094, 0.20784149614783187, 0.5080566693170269, 46236000000, 
-0.08520479773926808, 0.3660819967514058, 0.5073427984217558, 46241000000, 
-0.08410072419014096, 0.3867027290199977, 0.5069253912814597, 46246000000, 
0.02251396449771592, 0.3648847143534395, 0.507038499176607, 46251000000, 
-0.10449004727289211, 0.5378151137963103, 0.5067207703028075, 46256000000, 
-0.04734874834546205, 0.1899570312695354, 0.5064163217094884, 46261000000, 
-0.053011048180845094, 0.38665322553621745, 0.5065529268942212, 46266000000, 
-0.10599167666275229, 0.5057652826995049, 0.5054365297179674, 46271000000, 
0.20989973326032582, 0.2316553468686917, 0.5056519458662714, 46276000000, 
-0.010738822592995679, 0.4955525927302969, 0.5047486124894331, 46281000000, 
-0.09971498709012933, 0.25517435288903034, 0.5045023837889386, 46286000000, 
-0.03373955030452612, 0.38398760209180216, 0.5044616107065252, 46291000000, 
-0.08679621677313423, 0.49102296831177716, 0.5033720034575864, 46296000000, 
-0.05226048031611355, 0.20711196273337237, 0.503298647336822, 46301000000, 
-0.0408890701763323, 0.4966770161932818, 0.5030160942356959, 46306000000, 
0.227314348066858, 0.21318954415908895, 0.5032879840428286, 46311000000, 
-0.01911629736939458, 0.361488878251345, 0.5035439054117914, 46316000000, 
-0.03680618630834362, 0.4872914718209238, 0.5028428030491406, 46321000000, 
-0.05818752496649076, 0.2602274804257732, 0.503309406327506, 46326000000, 
-0.09151898892580043, 0.47740783184876207, 0.5025558137687854, 46331000000, 
-0.06067336316307894, 0.21585273589811205, 0.5032222613148883, 46336000000, 
-0.023978902850027777, 0.4710320056781467, 0.5032689453852718, 46341000000, 
-0.12452729656131546, 0.2688939971250633, 0.504083286233243, 46346000000, 
-0.0025610525582754253, 0.3814956966234557, 0.5048128847460395, 46351000000, 
-0.09858464805721137, 0.4812007771119363, 0.5046382102261223, 46356000000, 
-0.01861859061963226, 0.24765465224079597, 0.5053928226081406, 46361000000, 
-0.03936914035070148, 0.5189099058694309, 0.5057584024989575, 46366000000, 
-0.08452205590456509, 0.2234326442004299, 0.5069123701337562, 46371000000, 
0.010761042838895164, 0.398432374011529, 0.5077607657093874, 46376000000, 
0.23857763373334248, 0.48056565588385575, 0.5075440515642627, 46381000000, 
-0.001506712603690577, 0.2633398304985537, 0.5086229758818768, 46386000000, 
-0.09899981682223465, 0.4657534584915889, 0.5089766072814492, 46391000000, 
-0.057882892934973486, 0.22685999304113985, 0.5096500208572661, 46396000000, 
-0.06951901622050592, 0.38670161354326676, 0.5102264593653438, 46401000000, 
-0.07102160463547803, 0.456460714528151, 0.5104335707750394, 46406000000, 
0.007414204775167658, 0.24155759233564544, 0.5110761193579019, 46411000000, 
0.21370253502701078, 0.37083959622664037, 0.5117684027723715, 46416000000, 
-0.05740806766190928, 0.49320852163787804, 0.5119699084504757, 46421000000, 
-0.03354410051929803, 0.24949791500113297, 0.5116156556526643, 46426000000, 
-0.12930566583120381, 0.3984704275980349, 0.5133344776020514, 46431000000, 
-0.007023843887785829, 0.42880081669648984, 0.5138155164730455, 46436000000, 
-0.0342969266398909, 0.22957931499455406, 0.5145615298063009, 46441000000, 
0.140498815063778, 0.4341449931617871, 0.515501744673462, 46446000000, 
0.02223171282178551, 0.4733292544949488, 0.5155430382963921, 46451000000, 
-0.04596672505560338, 0.2718479339199052, 0.5156785691872219, 46456000000, 
-0.12905295707651188, 0.4083016131521974, 0.5165299684166074, 46461000000, 
-0.01697619653757423, 0.4612985713194723, 0.5169368813387077, 46466000000, 
-0.06434897682527979, 0.28844325095560525, 0.517406777506621, 46471000000, 
-0.059345396497273294, 0.5161232028534603, 0.5172523587745635, 46476000000, 
-0.07286280976599149, 0.2516775127349473, 0.5175093033721274, 46481000000, 
-0.07234064855810465, 0.3953222239371053, 0.5173704436885984, 46486000000, 
-0.047016478278171736, 0.48280850682183585, 0.5168328577176982, 46491000000, 
-0.012554990895679356, 0.2397341782311654, 0.516875148463595, 46496000000, 
-0.10448341876361877, 0.3739690130698211, 0.5161059456083281, 46501000000, 
-0.04780157720110259, 0.49470732943078116, 0.5161723519799898, 46506000000, 
-0.05533068670819874, 0.26491531313792616, 0.5155897778247263, 46511000000, 
0.24403142745204992, 0.39377979405424757, 0.515344891452035, 46516000000, 
-0.06149184896103324, 0.48429595180971474, 0.5150032254065974, 46521000000, 
-0.053788011685863654, 0.27503865499957597, 0.514994203350468, 46526000000, 
-0.1204614407456304, 0.4139705616812947, 0.5155756542482395, 46531000000, 
-0.06638488543340415, 0.46342998062778895, 0.5152623119307104, 46536000000, 
-0.0346605607864792, 0.30886648748394313, 0.514962326121866, 46542000000, 
-0.06361731303326129, 0.43321949620533623, 0.5159914394934615, 46547000000, 
0.30376512849766146, 0.3057123297254187, 0.5156494447215831, 46552000000, 
-0.12898537917349776, 0.36470139501342896, 0.5160730010008504, 46557000000, 
0.01730063037599978, 0.4714885364618635, 0.5156114893600127, 46562000000, 
-0.07929538602655253, 0.22503123589389115, 0.5162301757664195, 46567000000, 
-0.09811083097212624, 0.4026512664065935, 0.5158867230726182, 46572000000, 
-0.06230296505182101, 0.440357232054862, 0.5157428320971519, 46577000000, 
0.2253316143967541, 0.28920673698032145, 0.5161432573908029, 46582000000, 
-0.014351108786284964, 0.3762690349613972, 0.5167844356093341, 46587000000, 
0.023138706456246813, 0.4210050557158205, 0.5161189468768187, 46592000000, 
-0.09599387485896164, 0.28093100992405007, 0.5163170885094045, 46597000000, 
-0.11052818721036607, 0.43278455391518267, 0.5164587579426103, 46602000000, 
-0.030221189379148, 0.43445114211261004, 0.5167590748368531, 46607000000, 
-0.040761415377641365, 0.25439104952992286, 0.5162568793129595, 46612000000, 
-0.07869718566156202, 0.41318682119264694, 0.5163641916964756, 46617000000, 
-0.12568945927523942, 0.38029614294941644, 0.5157144776644512, 46622000000, 
-0.013045883601020495, 0.46586437816824966, 0.5154569489195773, 46627000000, 
-0.09975447696230103, 0.28756594007744374, 0.5154764648396732, 46632000000, 
-0.10076304191557277, 0.38267110506589397, 0.5158729006002962, 46637000000, 
-0.009116977335726832, 0.4661942193735178, 0.5154825604924433, 46642000000, 
0.0033658039964982326, 0.31294311625459065, 0.5158650855181568, 46647000000, 
0.20256600207011197, 0.40565846365292424, 0.515587375185708, 46652000000, 
-0.04674493415219494, 0.4999744151291464, 0.5160470876811586, 46657000000, 
-0.01964953431478196, 0.3111149682225861, 0.5158007474206782, 46662000000, 
-0.06218885529278753, 0.3829938828307019, 0.5158707541665749, 46667000000, 
-0.12595297319943255, 0.40419023633261236, 0.5161128361885855, 46672000000, 
-0.019722244851417388, 0.46913577813756635, 0.5164348248366281, 46677000000, 
0.017511954866589043, 0.28398258302361995, 0.5159886271380962, 46682000000, 
0.25114170796280577, 0.3716413163987253, 0.5159866441605369, 46688000000, 
-0.08229135694635233, 0.3880875185202884, 0.5163145471257474, 46693000000, 
-0.025379973432363388, 0.3718935433300148, 0.5166839673808667, 46698000000, 
-0.04727010527416683, 0.37949763030460554, 0.5168051624548319, 46703000000, 
-0.11984763103784143, 0.40030117560297135, 0.5166252076221973, 46708000000, 
-0.0783182646609227, 0.39152642786818304, 0.5169546948833288, 46713000000, 
0.017298578194943008, 0.3974631620003441, 0.5169738304554551, 46718000000, 
-0.01724507141926417, 0.34868703052291034, 0.5168301272446, 46723000000, 
-0.09470072972436014, 0.3845769034034105, 0.5168565509924684, 46728000000, 
-0.0860116882504675, 0.4117663712700679, 0.517167721721619, 46733000000, 
-0.032034013464007687, 0.37938320004630394, 0.5173704550737017, 46738000000, 
-0.07425614618491193, 0.3911659210220846, 0.5173738746017027, 46743000000, 
-0.09142698010895538, 0.3988753773950768, 0.5175112175738248, 46748000000, 
0.3033652854119287, 0.482220965796262, 0.5173014462410627, 46753000000, 
-0.028896466964374496, 0.3018326088541374, 0.5172224678367748, 46758000000, 
-0.09426496090584958, 0.38197594032230103, 0.5181999344936187, 46763000000, 
-0.03321879325357189, 0.4595827748917819, 0.5176640413159977, 46768000000, 
-0.03384343077968764, 0.3115277051683114, 0.5179059721903033, 46773000000, 
-0.10456372457312879, 0.387432962855467, 0.5178545211667763, 46778000000, 
-0.06978366173032767, 0.3782938764494164, 0.5178075816243388, 46783000000, 
0.31206328868168876, 0.38822190817667035, 0.5172374837433762, 46788000000, 
-0.044697548861296364, 0.3815676534244208, 0.5170680111348052, 46793000000, 
-0.11706098072475887, 0.3825665372883229, 0.5171736134459514, 46798000000, 
0.0390036830707469, 0.46288435155042834, 0.5170105414581528, 46803000000, 
-0.04646726378647885, 0.3232318302392146, 0.5170579090854469, 46808000000, 
-0.08802013013648748, 0.39060414945019717, 0.5165999410478461, 46813000000, 
-0.0303765953808338, 0.4540256223723895, 0.5173105888344209, 46818000000, 
-0.047377321232050316, 0.3199546200583145, 0.5172453742366842, 46823000000, 
-0.07319789253048285, 0.39555014118041754, 0.5163112789171941, 46828000000, 
-0.08389926405814431, 0.3781819183608277, 0.5166335024271363, 46833000000, 
-0.03498219066218226, 0.40198593552623285, 0.5162964644529563, 46838000000, 
-0.030973656783229105, 0.41105144306832914, 0.5159241133674402, 46843000000, 
-0.07249183531338202, 0.36214501914237185, 0.5159536864073534, 46848000000, 
-0.012948339694595232, 0.4518545687957436, 0.5164498021796149, 46853000000, 
0.2727155463795728, 0.34237543043109925, 0.5161599395365923, 46858000000, 
-0.0634576850730058, 0.3689177732627916, 0.5156169450763031, 46863000000, 
-0.06357899492338544, 0.3965766288729435, 0.515887459225901, 46868000000, 
-0.061473868297296286, 0.40030853261919996, 0.5156860454272002, 46873000000, 
-0.07346168560197487, 0.4474812790204526, 0.5163162160913117, 46878000000, 
-0.004510495767686074, 0.44760823006522527, 0.5162346246459966, 46883000000, 
0.240018825451996, 0.300567125480951, 0.516548005483535, 46888000000, 
-0.061981956962624284, 0.38691399241817176, 0.5166736653140003, 46893000000, 
0.01266959148683192, 0.4727472792440954, 0.5172556216436052, 46898000000, 
0.003250004009849915, 0.31138240444467025, 0.5169047874599663, 46903000000, 
-0.09713242276779857, 0.3935282283862255, 0.5167524035003658, 46908000000, 
-0.021776644695979903, 0.4595410026207529, 0.5168663384508825, 46913000000, 
-0.0260827899643943, 0.2919635807696422, 0.516869207272504, 46918000000, 
-0.06558844053530684, 0.40383336475305776, 0.5163743289469226, 46923000000, 
-0.010675573520139502, 0.4685200538486457, 0.5159447640722028, 46928000000, 
-0.032931998087153525, 0.29256657167809536, 0.51575102605311, 46933000000, 
-0.14355795011841208, 0.37404996401591956, 0.515912935963699, 46938000000, 
0.002138205407539048, 0.4497067549635044, 0.5155175901057857, 46943000000, 
-0.07380442413453969, 0.3141869158517199, 0.5153455639583963, 46948000000, 
-0.07451088739679246, 0.39180991668482223, 0.5154086737116141, 46953000000, 
0.3614564213683767, 0.4496059190729207, 0.5145646941159169, 46958000000, 
-0.13870518153863082, 0.3174869887339756, 0.5150554031780845, 46963000000, 
-0.09137381358121105, 0.4141618104141075, 0.5153658300935023, 46968000000, 
0.041106466416186274, 0.4559618199033997, 0.5150334196181867, 46973000000, 
-0.06905813988431485, 0.33523881591299165, 0.515156569349427, 46978000000, 
-0.13316798410129063, 0.3761382651085301, 0.5149686438183376, 46983000000, 
0.03112417246190252, 0.46070474548097745, 0.5144343079171558, 46988000000, 
0.22541733210467224, 0.30417273410801543, 0.5144077438317587, 46993000000, 
-0.10920643649584079, 0.3969442339261068, 0.5143236059638054, 46998000000, 
-0.03747426522928466, 0.464346777908581, 0.51442949462029, 47003000000, 
-0.025473566222325855, 0.34137253465372813, 0.5143533621655539, 47008000000, 
-0.13116350578840213, 0.38870237712040073, 0.5146746304186264, 47013000000, 
0.014853624204011151, 0.4638637392554083, 0.514212839912608, 47018000000, 
-0.04624773048245538, 0.3431059540957774, 0.5142208927564517, 47023000000, 
0.22586827468093396, 0.38385279527121413, 0.5150216846361902, 47028000000, 
-0.00023579683981500565, 0.4688185438694271, 0.5147262534198949, 47033000000, 
-0.0019916340497489887, 0.31525945626749086, 0.5149014314751317, 47038000000, 
-0.14360613652385934, 0.3989344640727899, 0.5148468399746405, 47043000000, 
-0.019882284609055376, 0.4655317057989235, 0.5146751895305406, 47048000000, 
-0.02818273554655457, 0.28446589515986365, 0.5147055578190853, 47053000000, 
-0.1320237158456306, 0.3727069334993513, 0.5148004768712834, 47058000000, 
-0.014036104229982516, 0.47093157915014305, 0.5153831311497203, 47063000000, 
-0.02270996396220727, 0.3245059490345798, 0.5151393335170233, 47068000000, 
-0.14345786677492905, 0.3986115302425001, 0.5155052359355277, 47073000000, 
-0.0039024349764707955, 0.42658299484053797, 0.5151467447773439, 47078000000, 
-0.049597333434104954, 0.3291221361710485, 0.5153635735620984, 47083000000, 
-0.11252731343043682, 0.3993816585104028, 0.5153555508293631, 47088000000, 
0.31503514894281714, 0.46777954266445476, 0.5150768899364322, 47093000000, 
-0.06295108296270686, 0.34221597505472945, 0.5154248457514237, 47098000000, 
-0.06506759991246254, 0.38779073099079603, 0.515711252777143, 47103000000, 
0.03873140147347473, 0.45356217239000685, 0.5160115469857807, 47108000000, 
-0.10196110858345146, 0.3173597353282152, 0.5157866220412526, 47113000000, 
-0.10703459963602523, 0.39328899072252144, 0.5157963973895856, 47118000000, 
0.03514322044751743, 0.4355647976267954, 0.515836252862281, 47123000000, 
0.2525835488917207, 0.31856219347953446, 0.5155308951383754, 47128000000, 
-0.10725509228460367, 0.38123457601734057, 0.5161402125873883, 47133000000, 
0.005774501840263378, 0.42938263820692035, 0.5157283635021898, 47138000000, 
-0.10668290592444121, 0.34154325815578473, 0.5152052189828025, 47143000000, 
-0.12009064026208699, 0.3848758995163732, 0.5150548544798401, 47148000000, 
0.022412722747408277, 0.4462153504041921, 0.5152534217748904, 47153000000, 
-0.11894637976093629, 0.30468776341210174, 0.5146919281201754, 47158000000, 
0.30919110779027176, 0.46710643537700325, 0.5146655852324918, 47163000000, 
-0.05471945195338627, 0.33354136117186034, 0.5145947444667267, 47168000000, 
-0.09611840733246017, 0.39113541486011805, 0.5143792392204299, 47173000000, 
-0.06038455209863386, 0.38988196049084506, 0.5143897464161182, 47179000000, 
-0.0007763889145469402, 0.38323969771532346, 0.5144231517449492, 47184000000, 
-0.09276921188445501, 0.4231546929789783, 0.5148425606780024, 47189000000, 
-0.023042366954360807, 0.47433754803152417, 0.5149757006858257, 47194000000, 
-0.04945924171721751, 0.3247796696676664, 0.5151631822484897, 47199000000, 
-0.12767847239039185, 0.3923871977609352, 0.515211125889807, 47204000000, 
0.020902403541518046, 0.4581613002051895, 0.5157347380146509, 47209000000, 
-0.10141457684675903, 0.3157817335766691, 0.5157510271664776, 47214000000, 
-0.045448299346085665, 0.40364785544111265, 0.5160053277407027, 47219000000, 
-0.011426308012882545, 0.38805735435382077, 0.5163160719029352, 47224000000, 
0.2369257623530647, 0.41165972194735306, 0.5165171867252627, 47229000000, 
-0.06797764169567137, 0.40039217250326237, 0.517253306439015, 47234000000, 
-0.026855157408327453, 0.4025642479276585, 0.5168796572446067, 47239000000, 
-0.09640268433785242, 0.427801672400172, 0.5169374635460782, 47244000000, 
-0.08855404156555366, 0.4101983039972578, 0.5170793787557129, 47249000000, 
0.030629001230737092, 0.4178221067884649, 0.517128128135154, 47254000000, 
-0.03108095320061345, 0.37371038137293067, 0.5166396361231669, 47259000000, 
0.29322833568469076, 0.4231748564347345, 0.5170225178568101, 47264000000, 
0.04767972428591411, 0.461236724430464, 0.5163913842732962, 47269000000, 
-0.08662636384696001, 0.33172033212941754, 0.5160778494628745, 47274000000, 
-0.08200223783624731, 0.42102932649651925, 0.5155026615288476, 47279000000, 
-0.009214276022061124, 0.4747598121078745, 0.51580199541132, 47284000000, 
-0.07171696997377558, 0.33014520973156075, 0.515054114841416, 47289000000, 
-0.10088798872550218, 0.44563496518209783, 0.5148787788451726, 47294000000, 
-0.056045212009135065, 0.46017690027444946, 0.5149206776302087, 47299000000, 
-0.08409883920613377, 0.33449198731195706, 0.514773121606632, 47304000000, 
-0.055386847803447437, 0.3813104734533903, 0.5140375887830813, 47309000000, 
-0.09574275811236566, 0.39161000550228264, 0.5142983705151847, 47314000000, 
-0.007582348994966565, 0.4467012902882807, 0.5147342930893292, 47319000000, 
-0.001427349619475965, 0.30488388634273156, 0.5150229412221136, 47324000000, 
-0.12503818125772315, 0.39791218579562204, 0.5149058306751648, 47329000000, 
0.23265872094894402, 0.37787220306058833, 0.5163168161961598, 47334000000, 
-0.034759859341861515, 0.36061278393207663, 0.5159766383448036, 47340000000, 
-0.06250856946676944, 0.3695202402092306, 0.5165716015593175, 47345000000, 
-0.014778364207571119, 0.46678774147176144, 0.5166194005021886, 47350000000, 
-0.07658649560225769, 0.32281891029406906, 0.5170396484910009, 47355000000, 
-0.0842150546315058, 0.3857772838819151, 0.5168893364894951, 47360000000, 
0.32986316042364555, 0.44015665447049623, 0.5176402482967548, 47365000000, 
-0.06554138443510295, 0.32605076234672425, 0.5172904472876187, 47370000000, 
-0.09484050599673345, 0.40430777431834414, 0.5173854393993226, 47375000000, 
-0.08629762589141886, 0.41112816658866425, 0.5177973217860227, 47380000000, 
-0.05089071818710951, 0.3939913884082789, 0.5173821127939845, 47385000000, 
-0.07830755176952985, 0.41685113978879407, 0.5176742436910129, 47390000000, 
-0.06945018338978319, 0.4231185256521892, 0.517362366904901, 47395000000, 
0.30107369243585086, 0.37404974081197695, 0.517140673940365, 47400000000, 
-0.04173699696815607, 0.38504766575837995, 0.5166467736221781, 47405000000, 
-0.08424484812883387, 0.3980028016342489, 0.5166015082152706, 47410000000, 
-0.012649297253125738, 0.45641139256981583, 0.5169022929982813, 47415000000, 
-0.03450966721362726, 0.31379552387501436, 0.5165138371910128, 47420000000, 
-0.12034162506305376, 0.41323703183282495, 0.516675955671237, 47425000000, 
0.011507035814598846, 0.46553882180455175, 0.5166921125910818, 47430000000, 
-0.10366347644522467, 0.31795323074620285, 0.5162798791774287, 47435000000, 
-0.11332649776751048, 0.3938951867911138, 0.5162286756759593, 47440000000, 
-0.003654079972628701, 0.45362460659743353, 0.5163333190817854, 47445000000, 
-0.05675502835277146, 0.371286750062188, 0.5164369843617572, 47451000000, 
-0.09647738511163845, 0.4264920004489997, 0.5164608865698994, 47456000000, 
-0.07942723033286439, 0.4265277087716345, 0.5167276321691598, 47462000000, 
0.20944920992332658, 0.39011251576029116, 0.5164739625082787, 47468000000, 
-0.053721444126321294, 0.4272193535457135, 0.5163428961958162, 47473000000, 
0.016431971921249552, 0.4814463092923849, 0.516624775438816, 47478000000, 
-0.06469277979422924, 0.3271906563607461, 0.5165223236033684, 47483000000, 
-0.10284663039129027, 0.41739619737343026, 0.5163886124653775, 47488000000, 
0.006008450346654403, 0.47689500228744, 0.5165870998814303, 47493000000, 
-0.06769447679787231, 0.31396153632307094, 0.5165138041551652, 47498000000, 
0.23068540783670308, 0.41574744057888824, 0.5167273560360811, 47503000000, 
-0.006961451814294393, 0.4552526160520994, 0.5163793248721263, 47508000000, 
-0.04517067714029315, 0.330297055487932, 0.5163046853777333, 47513000000, 
-0.11868714936386085, 0.45056841576028256, 0.5162938952800739, 47518000000, 
0.028638682353086583, 0.43487437071350343, 0.5164855024167393, 47523000000, 
-0.0575555253465798, 0.2986495868748943, 0.5158042828368169, 47528000000, 
-0.1084349229584217, 0.420975963314581, 0.5156693959685776, 47533000000, 
-0.08981824208489297, 0.45288392684101364, 0.5157156695444289, 47538000000, 
0.01244274426918728, 0.4393642382667222, 0.51579050778992, 47543000000, 
-0.05808612498088988, 0.3176849094428317, 0.5157337701797051, 47548000000, 
-0.0766686852481758, 0.43105487599906694, 0.5157553293335271, 47553000000, 
0.006903621574705108, 0.4519265247930875, 0.5158091561545789, 47558000000, 
-0.059651130252058676, 0.3149525189241222, 0.5156336535157664, 47563000000, 
0.15840994345000348, 0.40271503298926464, 0.5154970700471317, 47568000000, 
-0.026797961188997653, 0.41057051751694273, 0.5156174809702587, 47573000000, 
-0.003547458066920724, 0.37943828957003933, 0.5153865635888997, 47578000000, 
-0.043918515115193305, 0.35167644147247873, 0.5154823613369489, 47583000000, 
-0.1126475097860498, 0.4363866655702659, 0.5155835552914197, 47588000000, 
0.034702384665205754, 0.42792754962982005, 0.5157953772614193, 47593000000, 
-0.1271770093104629, 0.3382273591785595, 0.5159198728224321, 47598000000, 
0.2365056985916449, 0.43908053412107273, 0.5151897935411494, 47603000000, 
0.0009637243206355312, 0.47043246486211165, 0.5152492441537571, 47608000000, 
-0.078081274924933, 0.3391273801116886, 0.5159252267620781, 47613000000, 
-0.09489515126640227, 0.39944004052590415, 0.5153658876612485, 47618000000, 
-0.004433681615702305, 0.4389189913498018, 0.5150050419631247, 47623000000, 
-0.05148227118690745, 0.33240270299758823, 0.5146564456781336, 47628000000, 
-0.10363731201781413, 0.43691039828985717, 0.5146802915607805, 47633000000, 
-0.01664804026916008, 0.4710618964808599, 0.514614807538035, 47638000000, 
-0.024482616060942035, 0.29824679635990337, 0.5147642205950931, 47643000000, 
-0.11914567662562792, 0.4222881267119974, 0.5142440183468139, 47648000000, 
-0.0497416342404712, 0.4414685290191603, 0.5144334438716169, 47653000000, 
-0.0513611059607207, 0.3445863085478772, 0.5142095863909927, 47658000000, 
-0.12358155435340111, 0.43314805487681785, 0.5141595271201475, 47663000000, 
0.04083976960217797, 0.43016031067307037, 0.5141528112682068, 47668000000, 
0.23673229225599907, 0.33468935697992463, 0.5143452145401356, 47673000000, 
-0.1042486464334958, 0.4108195730751552, 0.5141475348029309, 47678000000, 
-0.008580305381631417, 0.38791818996374816, 0.5141455692459937, 47683000000, 
-0.044682644990618976, 0.3997109049697403, 0.5139460485799973, 47688000000, 
-0.033249820132910037, 0.46998923239427126, 0.5139302702031633, 47693000000, 
-0.08626648399179557, 0.3581571244347942, 0.5140387219245415, 47698000000, 
-0.07808996121998704, 0.40121966367926754, 0.5140194295264128, 47703000000, 
0.3359457617661668, 0.4418847398164236, 0.5141701383834464, 47708000000, 
-0.06879894590708348, 0.3437624613626222, 0.5142152054960968, 47713000000, 
-0.09331065125294033, 0.4270566527879184, 0.5143336084082936, 47718000000, 
0.01668107472024804, 0.45469764730035156, 0.5141797162285424, 47723000000, 
-0.04259821555167036, 0.34113031723041765, 0.51425293935619, 47728000000, 
-0.11517647748458376, 0.4298840173730169, 0.5140152052771071, 47733000000, 
0.0222725520862577, 0.4472556615325906, 0.5141799203251748, 47738000000, 
-0.059259367552477, 0.3187839390139437, 0.5140458649673901, 47743000000, 
-0.11348894944119357, 0.44284778237439487, 0.5140917482221847, 47748000000, 
0.009031260245696383, 0.49477931862487173, 0.5142192071998231, 47753000000, 
-0.06629846428217838, 0.3281438030821859, 0.5140804578558616, 47758000000, 
-0.055139851169467055, 0.37493021471539967, 0.5139869226562582, 47763000000, 
-0.04648634161033342, 0.44260528720740305, 0.5140077727810048, 47768000000, 
0.25908610966647977, 0.33186454648361347, 0.51419635488587, 47773000000, 
-0.065752058878935, 0.392134771368236, 0.5138830140268211, 47778000000, 
-0.008359224349264628, 0.4660551124070581, 0.5139869078576524, 47783000000, 
-0.06861874741330169, 0.3140070810290794, 0.5139358348285518, 47788000000, 
-0.07626044912456009, 0.3961485780920518, 0.5140849740663878, 47793000000, 
-0.03332823926056881, 0.4591296089732144, 0.5143917682091592, 47799000000, 
-0.0563084364644448, 0.33755441093543415, 0.5140626050783078, 47804000000, 
0.28399915477223536, 0.35519774748431543, 0.5141738879900601, 47809000000, 
-0.11176408788534885, 0.4483196575905655, 0.5144576414741512, 47814000000, 
0.04771003425008594, 0.42883330885329285, 0.5144942824676185, 47819000000, 
-0.04895364870641757, 0.3663566283868596, 0.5142313890867468, 47824000000, 
-0.13912976166135085, 0.42912505000272294, 0.513984171490371, 47829000000, 
0.015919762973198165, 0.43184060122150586, 0.5144190820565633, 47834000000, 
-0.06571076903196174, 0.34240852339831224, 0.5144710879510201, 47839000000, 
0.23165974492061767, 0.413073427544775, 0.51414374963339, 47844000000, 
-0.03475520672058868, 0.46841200186918297, 0.5151098817118768, 47849000000, 
-0.04819159194575222, 0.3247343213943797, 0.5147822495727609, 47854000000, 
-0.12060042098592742, 0.4458018303523319, 0.5143884546640684, 47859000000, 
-0.008178539480202647, 0.46674830527954997, 0.5150529507347023, 47864000000, 
-0.030577150714769963, 0.3420357406586254, 0.5147108712359049, 47869000000, 
-0.1014385291742251, 0.4213151642785705, 0.5143438020303513, 47874000000, 
-0.004361012927801954, 0.4598886678990566, 0.5134546263153315, 47879000000, 
-0.07721460279074897, 0.31360935978638665, 0.5127921984493762, 47884000000, 
-0.0793406150515333, 0.42866245810151493, 0.5115308529784641, 47889000000, 
-0.0049643146846964446, 0.4530939685390163, 0.5102936549107907, 47894000000, 
-0.0697978450513185, 0.366359687800285, 0.5092886447406777, 47899000000, 
0.0010748957838077368, 0.3918643535262547, 0.5079547683289831, 47904000000, 
0.33228816207333506, 0.4648297694297136, 0.506830778031134, 47909000000, 
-0.10158552704384002, 0.37630818305079416, 0.5058942429361687, 47914000000, 
0.05497499521533861, 0.4327926189262034, 0.5041830227404608, 47919000000, 
-0.17574204534804969, 0.39464221360719814, 0.5030206184335789, 47924000000, 
-0.0061040330800872684, 0.3742565061311803, 0.5021207198362285, 47929000000, 
0.008809093750745102, 0.3769717407693323, 0.5008729112813215, 47934000000, 
-0.1641258546235487, 0.34313009994798643, 0.49967453891857544, 47939000000, 
0.3237574687396557, 0.42265737562357963, 0.4994156786644341, 47944000000, 
-0.15355405079177986, 0.3181962954147817, 0.4985683848817167, 47949000000, 
-0.07098402541413393, 0.3939112329123386, 0.4982266097876684, 47954000000, 
0.0362973317974412, 0.4026913360729592, 0.4977924357443502, 47959000000, 
-0.162768583825108, 0.38628371379881915, 0.4976679445725178, 47964000000, 
0.029732733966237497, 0.4467407082948801, 0.4973789188378293, 47969000000, 
-0.16852745659895857, 0.3749727453618782, 0.49756978883424013, 47974000000, 
-0.03464664831616422, 0.40873741672878955, 0.49799302735601886, 47979000000, 
-0.05592244885679042, 0.39550670215821426, 0.49821863004149486, 47984000000, 
-0.08295144533839743, 0.41713146658820455, 0.4986120164554004, 47989000000, 
0.03967678740073948, 0.4108216967406724, 0.4993259980539405, 47994000000, 
-0.159842372227346, 0.3548505745771344, 0.4997659698844625, 47999000000, 
-0.0542363153401375, 0.36785451083373105, 0.5002974961160096, 48004000000, 
0.07328162731838049, 0.42354420450250563, 0.5006329559087832, 48009000000, 
0.24665243753694968, 0.3497158736464836, 0.5009642559345107, 48014000000, 
-0.04311614641845943, 0.4220569081397671, 0.5011707604899747, 48019000000, 
-0.06747102082125239, 0.3713153643813152, 0.5012258813702133, 48024000000, 
-0.06156045678248752, 0.376082582821302, 0.501469930231679, 48029000000, 
-0.05375608064937247, 0.40938902030774793, 0.5017746601170777, 48034000000, 
-0.07243969460910744, 0.4539813138462146, 0.5013670087641159, 48039000000, 
0.18355325215692883, 0.2985676461911761, 0.5023167500775383, 48044000000, 
0.01893468579750431, 0.3964215764539423, 0.502202548127131, 48049000000, 
-0.08095190949242115, 0.4447923415880278, 0.5030016922172005, 48054000000, 
-0.10702432400423077, 0.3266373406411455, 0.5038252105599638, 48059000000, 
0.01978067589037185, 0.4202311282351027, 0.5047943677019312, 48064000000, 
-0.1297624296569229, 0.4179819879601265, 0.5048815038209836, 48069000000, 
-0.022808198400813752, 0.43705385742273184, 0.5069820421610995, 48074000000, 
-0.04723750679890723, 0.3509210005800832, 0.5080617073665045, 48079000000, 
-0.14689456034916645, 0.3875931547663943, 0.5096109221530638, 48084000000, 
-0.13707535480382982, 0.4071994610161285, 0.5114361315406211, 48089000000, 
-0.02753449965277472, 0.4222119213076957, 0.5139393866437824, 48094000000, 
0.0095559693401986, 0.3609382974421202, 0.5162561107972506, 48099000000, 
-0.12729046954384277, 0.407908544733735, 0.5176418433318164, 48104000000, 
-0.08347405669243041, 0.40165682318060814, 0.5194362966838191, 48109000000, 
0.2616602355993004, 0.4249445141341181, 0.5209247685405105, 48114000000, 
0.01044069044809735, 0.4227277310017963, 0.5223313320749191, 48119000000, 
0.009225698812698835, 0.3164592695707912, 0.5238036081608988, 48124000000, 
-0.13436729154056976, 0.40168217258044553, 0.523859602903683, 48129000000, 
-0.0664299351569323, 0.43059903000443145, 0.5235500635138614, 48134000000, 
-0.050299599299010275, 0.41224211142455375, 0.5235027132394233, 48139000000, 
-0.027958227110993772, 0.4141949870303886, 0.523490563029351, 48144000000, 
0.28644877211956593, 0.3762638938857391, 0.5223676210438022, 48149000000, 
-0.09135719368721104, 0.4068944887146517, 0.5209246649493326, 48154000000, 
-0.07439499426049623, 0.41460391058531804, 0.5196447733556769, 48159000000, 
-0.09962487639376033, 0.40675952090277945, 0.5192591276004358, 48164000000, 
-0.030581757356336642, 0.3520539234672422, 0.5186089252265189, 48169000000, 
-0.10698359243020515, 0.4001835189562111, 0.517225667452199, 48174000000, 
-0.0638730189603529, 0.40650245138238605, 0.5162825739558069, 48179000000, 
0.2672637392710135, 0.37741199996686103, 0.5156417364033238, 48184000000, 
-0.046464163103872226, 0.3781816869311134, 0.5157112963056936, 48189000000, 
-0.003975030210474377, 0.36696348870625756, 0.5150271813690457, 48194000000, 
-0.09712765655226197, 0.41224865516573655, 0.5137929311585534, 48199000000, 
-0.060410196761848826, 0.4179822823548872, 0.5130634807610512, 48204000000, 
-0.009035075005008084, 0.3693613967513549, 0.5125940364164737, 48209000000, 
0.0066977939964773855, 0.40883927672490905, 0.5113617017706208, 48214000000, 
-0.11253194156923696, 0.3580852489611337, 0.5102148788815809, 48219000000, 
-0.053314580598211286, 0.4050182907745801, 0.508777632358969, 48224000000, 
-0.001747051170850068, 0.44729641011154536, 0.5079556090395678, 48230000000, 
0.008668843723566024, 0.4062829792114522, 0.5056395246045662, 48235000000, 
-0.1307260296142457, 0.36478077499571937, 0.5047240465740563, 48240000000, 
-0.014072684076174718, 0.3838975890463312, 0.5030093377150887, 48245000000, 
0.39252326286320144, 0.40665791339706503, 0.501797881383793, 48250000000, 
-0.16846488468475027, 0.37579303894756144, 0.5003220488230837, 48255000000, 
0.032831008473306035, 0.4158450969070797, 0.4989497807801609, 48260000000, 
-0.15284683735776022, 0.3699478988284749, 0.4980301022217609, 48265000000, 
-0.03967003551594586, 0.3664505134633781, 0.49702705584845086, 48270000000, 
0.0468075988089709, 0.3903357897977514, 0.49635243951456715, 48275000000, 
-0.15121758825546505, 0.40032256488305795, 0.4959231845058831, 48280000000, 
0.03653686031739184, 0.39563849784661914, 0.4959404046994997, 48285000000, 
-0.15499920347840102, 0.3589194990798881, 0.4962589353182606, 48290000000, 
-0.04276238298374366, 0.4109958140386837, 0.4964001399171607, 48295000000, 
0.039288177642413026, 0.369963293201589, 0.49670663536936255, 48300000000, 
-0.17406502419726674, 0.3686234273340749, 0.49788639042121086, 48305000000, 
0.0585280243200484, 0.40364357397785594, 0.49865867198547564, 48310000000, 
-0.1811943486681675, 0.3768127033536864, 0.4991266046356004, 48315000000, 
0.25530250068725124, 0.3886970297193252, 0.5003069271882405, 48320000000, 
0.0660559337855671, 0.4208830654407673, 0.5010955417686113, 48325000000, 
-0.17209839226708853, 0.3750539453529179, 0.5016168193471788, 48330000000, 
-0.05689524309100801, 0.39487146969460485, 0.5014076492162165, 48335000000, 
0.04502684230574712, 0.37920221635484463, 0.5023345859981034, 48340000000, 
-0.17085334529825982, 0.37805405279009, 0.5020070697363871, 48345000000, 
0.22808559120843597, 0.40946964181727186, 0.5022345769966021, 48350000000, 
0.06530423976187723, 0.40824547923385746, 0.5021062981702268, 48355000000, 
-0.1420694812736006, 0.3994164639355899, 0.5023045795990864, 48360000000, 
-0.08460994371349453, 0.38763968552735933, 0.5023928642714802, 48366000000, 
-0.12345136389039044, 0.3901921752557966, 0.5034144849126251, 48372000000, 
-0.023894786952965, 0.4187237344559711, 0.5040218992664517, 48377000000, 
-0.11451974332931049, 0.41153588891085957, 0.5044365669524015, 48382000000, 
0.2184688613966556, 0.40142524008089037, 0.5055191494636481, 48387000000, 
-0.006233096821851544, 0.43637569122402364, 0.5062627008633117, 48392000000, 
-0.11738181009342559, 0.39044899498325325, 0.507368229004507, 48397000000, 
-0.035758728189043236, 0.4085471405002452, 0.5093249944591873, 48402000000, 
-0.054394700756916686, 0.3653902294467832, 0.5102614085642282, 48407000000, 
-0.08898662036589806, 0.3909413089531168, 0.5109358146933086, 48412000000, 
-0.1539306903307972, 0.4362001648038302, 0.5127811555586397, 48417000000, 
-0.0026732631709503627, 0.40209214343425187, 0.5143008694651154, 48422000000, 
-0.049041576414996145, 0.4303023986298246, 0.5154950406398843, 48427000000, 
-0.11278864532377259, 0.4034608833485808, 0.5163942090630687, 48432000000, 
0.018773671547054064, 0.42664867783785226, 0.5176674628763065, 48437000000, 
-0.05016980988502642, 0.3990707754422238, 0.5185747466354407, 48442000000, 
-0.10242663072034798, 0.4162117902629775, 0.518884160122294, 48447000000, 
0.1842232798743593, 0.4113562898852866, 0.519272220121487, 48452000000, 
0.02943276498172337, 0.4157006747014361, 0.519364652933594, 48458000000, 
-0.09700449626256552, 0.3737684355236904, 0.5193618304953094, 48463000000, 
-0.056601080576929405, 0.41785247522910823, 0.5193245705928841, 48468000000, 
-0.02833136406895661, 0.4013790032982564, 0.5193895475613335, 48473000000, 
-0.04181702496128881, 0.3699055020589963, 0.5188448377910645, 48478000000, 
-0.07352881681222272, 0.3894164218823963, 0.5176895225631442, 48483000000, 
0.29267535984596804, 0.4309457994803569, 0.5174755542494088, 48488000000, 
-0.08524825625891799, 0.3582195546846292, 0.5164337335278876, 48493000000, 
-0.05156647622454382, 0.40531206812944554, 0.5160743486966024, 48498000000, 
-0.054421048624680765, 0.43678141715810914, 0.5159830091926604, 48503000000, 
-0.07890367624121912, 0.39227763683374284, 0.514893829953732, 48508000000, 
-0.08232775416319482, 0.39862247262860784, 0.5151806761270816, 48513000000, 
-0.022598241701076487, 0.428846311630531, 0.5154317849565068, 48518000000, 
0.27788739504601345, 0.38431436463506025, 0.5151385135068907, 48523000000, 
-0.12645591831850372, 0.4307529423129419, 0.5151377557642292, 48529000000, 
-0.003915056326789664, 0.4269001590185683, 0.5150827392896222, 48534000000, 
-0.07713837283470656, 0.4257167544555533, 0.5150785307572076, 48539000000, 
-0.0014310867950173773, 0.43223163369183576, 0.5154297045194707, 48544000000, 
-0.07562278344713294, 0.4149815256430584, 0.5162894899339111, 48549000000, 
-0.07446603273193257, 0.3969221718967532, 0.5164661545575083, 48554000000, 
-0.030024153796640515, 0.4335822529482221, 0.5165164027732274, 48559000000, 
-0.08092149620484487, 0.42775763390604743, 0.5171236834581806, 48564000000, 
-0.08065794099777715, 0.40993924422374534, 0.516717066357556, 48569000000, 
-0.005201129748850986, 0.4355262643284734, 0.5168833784795214, 48574000000, 
-0.15400516544409212, 0.42175282809484976, 0.5174882135622306, 48579000000, 
-0.046363879535130284, 0.4246989634240347, 0.5168242324637311, 48584000000, 
0.35387298292882113, 0.4296364311387495, 0.5167432281094081, 48589000000, 
-0.05170056078204918, 0.4121823568343432, 0.5167365670928579, 48594000000, 
-0.09632855524956722, 0.4204462421930663, 0.5167663914083216, 48599000000, 
-0.057881219875647726, 0.42572131408140096, 0.5162813627701892, 48604000000, 
-0.019987688889587983, 0.4322252847611388, 0.5161514372133158, 48609000000, 
-0.02033144913911126, 0.46551975417092106, 0.5162284993454677, 48614000000, 
-0.10724327517776414, 0.4217660127153522, 0.5159651951043229, 48619000000, 
0.3422813404808612, 0.4034134255824354, 0.5160325985281993, 48624000000, 
-0.06968331268166403, 0.4200825196278233, 0.5158673599256435, 48629000000, 
-0.07802786252408019, 0.38905828710052714, 0.515716357579829, 48634000000, 
-0.06734284373794631, 0.4130538990656516, 0.5154828559991487, 48639000000, 
0.026976843295980747, 0.3913690684437301, 0.5151882156126116, 48644000000, 
-0.0481025871439932, 0.41914307187938465, 0.5159570782341247, 48649000000, 
-0.11869903030532157, 0.3694025360009471, 0.5155405139365017, 48654000000, 
-0.09681119259913569, 0.39612621588130775, 0.5152674980888231, 48660000000, 
0.008910327653508795, 0.41976485195708463, 0.5156350852163082, 48665000000, 
-0.07074291992595806, 0.3926392399085865, 0.5155823360284879, 48670000000, 
-0.10708864989569525, 0.38827228571516686, 0.5155599888867405, 48675000000, 
-0.06522822326168992, 0.4475712966607527, 0.5154435245565805, 48680000000, 
0.0021494592482468756, 0.42322205134036356, 0.5159513550974965, 48685000000, 
0.2622289838857625, 0.4262638258051234, 0.5155327213410683, 48690000000, 
-0.01337021886005919, 0.42723937200038226, 0.5155144081928364, 48696000000, 
0.016187284173589014, 0.42010240502045104, 0.5156845192553632, 48701000000, 
-0.05834536493968263, 0.452248500539592, 0.5157674353329742, 48706000000, 
-0.0807465275267511, 0.40584502760701746, 0.5156439882038316, 48711000000, 
-0.1022272900002444, 0.4077804641938807, 0.5160250828887675, 48716000000, 
-0.022620622329527766, 0.40789845118724993, 0.516392081803056, 48721000000, 
0.38738758861392086, 0.4472646358157252, 0.5157542415635177, 48726000000, 
-0.09269299978354181, 0.38677667976318447, 0.5157034096232791, 48731000000, 
-0.09927321135643488, 0.4444245120089309, 0.5158591187965363, 48736000000, 
0.038066166143027005, 0.4197855118846464, 0.5162371870982446, 48741000000, 
-0.07752696313170535, 0.44340704450689156, 0.5158027905533557, 48746000000, 
-0.11410846521697711, 0.3857978211541083, 0.5155118361726144, 48751000000, 
-0.01643868447602417, 0.36048248669086236, 0.5154664522339929, 48756000000, 
0.29027930613682884, 0.4605414631071414, 0.5154873048599312, 48761000000, 
-0.12950163191298936, 0.38877363154189987, 0.515333196349183, 48766000000, 
-0.0026323699789268995, 0.3880626402368189, 0.5161075549700629, 48771000000, 
-0.07401713334338257, 0.45954273343363605, 0.5158317391503152, 48776000000, 
-0.04507125419635383, 0.4331381386169924, 0.5151049523229119, 48781000000, 
-0.011226235954120048, 0.3772569420994142, 0.5151293618655599, 48786000000, 
-0.0896670528313827, 0.44401395470195765, 0.5150177550192744, 48791000000, 
0.03556711515714943, 0.4586938125951237, 0.5139062894147927, 48796000000, 
-0.07509794013692324, 0.41284576260634226, 0.5123161513837503, 48801000000, 
-0.04679402093399207, 0.44417606605832394, 0.5105904012276019, 48807000000, 
-0.0036733111148626527, 0.427985049318323, 0.5093435329301105, 48812000000, 
-0.0029130814584822466, 0.38086826007207353, 0.5070628680827363, 48817000000, 
-0.09671230413382245, 0.4498263625117671, 0.5051044009469213, 48822000000, 
0.31079272335162217, 0.46041383607066666, 0.5031326626254322, 48827000000, 
0.01472347260349357, 0.37259880792644234, 0.5017091314587957, 48832000000, 
-0.1316982077132445, 0.46935097595072145, 0.49979572217649065, 48837000000, 
-0.07718546490370715, 0.4251287056621002, 0.4986840446249421, 48842000000, 
-0.047010504821119875, 0.3945454942690403, 0.49760156873351313, 48847000000, 
-0.09034805699520856, 0.414441901863925, 0.4965901160867832, 48852000000, 
0.06959548789013234, 0.37573732777731694, 0.49604683348993245, 48857000000, 
0.177473676834354, 0.3968662910356713, 0.4957045417563144, 48862000000, 
0.027294235179271487, 0.3984588563347179, 0.4956473418580105, 48867000000, 
-0.15595902891475355, 0.41373012345342947, 0.49608603861469913, 48872000000, 
-0.039731508501927124, 0.40753656610287115, 0.496418847845198, 48877000000, 
0.04164316824025041, 0.37225240709804774, 0.49717331414601773, 48882000000, 
-0.22614802061193603, 0.43211344554855186, 0.49751950850606375, 48887000000, 
0.029902547265301657, 0.3961570585489335, 0.49862236078203315, 48892000000, 
-0.1534092730161815, 0.4240439999255071, 0.4995719878402936, 48897000000, 
-0.036498770603833997, 0.4261457488174666, 0.5006221694967666, 48902000000, 
-0.04796951304364397, 0.40884044111886914, 0.5012690547441704, 48907000000, 
-0.07471711899869572, 0.3905001478442478, 0.5015198203992999, 48912000000, 
0.06886405177606139, 0.37927925305967036, 0.5018931247468582, 48917000000, 
-0.12466765944243852, 0.4561356963740497, 0.5028033783153683, 48923000000, 
0.30205168814435046, 0.4214026144072471, 0.5022997032546678, 48928000000, 
0.07056820094114523, 0.4131963022227449, 0.5021087720146767, 48933000000, 
-0.12894949690965274, 0.4178144924069088, 0.5022759463111423, 48938000000, 
-0.04397219354932064, 0.44534787064765013, 0.502041175922473, 48943000000, 
-0.11367645368619654, 0.40143030778520467, 0.5023118699493008, 48948000000, 
-0.026583457696772346, 0.432713570369076, 0.5025077606236148, 48953000000, 
-0.03818431729534501, 0.40597465864363896, 0.5027768863148878, 48958000000, 
0.26220678810642434, 0.3720442038399844, 0.5031494751589758, 48963000000, 
-0.07077727936137998, 0.46311761669664675, 0.5040053836699905, 48968000000, 
-0.021703322956618237, 0.44814070829241887, 0.5047895504664406, 48973000000, 
-0.09273698193249143, 0.3427475506575313, 0.5053399829869545, 48978000000, 
-0.02630051324575232, 0.46604450931809027, 0.5068823860359232, 48983000000, 
-0.006445072137185315, 0.41190612397076126, 0.5071956634602992, 48988000000, 
-0.18289251311873114, 0.3914117756901788, 0.507739707206045, 48993000000, 
0.3349049112216477, 0.3877637088767214, 0.5091474090687121, 48998000000, 
-0.045176438433726804, 0.47245037954128616, 0.5099570770587738, 49003000000, 
-0.07215022952076133, 0.40236027610991126, 0.510273443538593, 49008000000, 
-0.17924710733348923, 0.36909800131006804, 0.5107072447373244, 49013000000, 
-0.007575955353224071, 0.3747774360669778, 0.5123841411940553, 49018000000, 
-0.0062744688905567395, 0.4897770926492198, 0.5134613222017466, 49023000000, 
-0.03723427731134111, 0.4102599484956493, 0.5131713668331898, 49028000000, 
-0.11112356415715258, 0.38040861150699307, 0.5139681217814971, 49037000000, 
-0.02447471843874171, 0.4506361559014088, 0.5150242603355668, 49042000000, 
-0.034858802317360035, 0.4117038082036617, 0.5153820007034338, 49047000000, 
-0.1381253661730565, 0.4099825761342084, 0.5163272407544854, 49052000000, 
-0.08085350647477742, 0.4517812248229755, 0.5175288523376148, 49057000000, 
0.049029573243853874, 0.4577836572032171, 0.5179380761982708, 49062000000, 
0.3724346915681813, 0.4376542315511931, 0.5182180641422522, 49067000000, 
-0.1004658821075484, 0.39085076921280326, 0.5189820388817254, 49072000000, 
-0.04142980828246918, 0.4330759323858406, 0.5195869159081469, 49077000000, 
0.08642100285633428, 0.44983372388984905, 0.519617901552404, 49082000000, 
-0.08145982374995575, 0.402096152994259, 0.5190350592320853, 49087000000, 
-0.06445100935324646, 0.40723591193768854, 0.5189552617517442, 49092000000, 
-0.010884544524501171, 0.4069580983279393, 0.5187115010296388, 49097000000, 
0.17741715101027136, 0.42986747044644846, 0.5181117220030389, 49104000000, 
-0.06445816796115461, 0.3918434655851578, 0.5163782741588036, 49109000000, 
-0.09558469127262312, 0.3924609763778484, 0.5146676983615661, 49114000000, 
0.004932148659292181, 0.39561327352636266, 0.5137442079237771, 49119000000, 
-0.09331878037794486, 0.49534073764099334, 0.5131069029008626, 49124000000, 
-0.027653063495685554, 0.46788546851353235, 0.5107909592758283, 49129000000, 
-0.12156697407527073, 0.4064771511148841, 0.5086766543462972, 49134000000, 
-0.004021209783551071, 0.3588862865935532, 0.507964436538939, 49139000000, 
-0.07919100785716131, 0.5058816764232611, 0.5069865251977839, 49144000000, 
-0.033245522224383636, 0.41252980641734416, 0.5057548196883593, 49149000000, 
-0.04408707230684414, 0.3407635029375226, 0.504516956342032, 49154000000, 
-0.12802856300611262, 0.47032292031857637, 0.5041817318344635, 49159000000, 
-0.002950637366541816, 0.46420626489769773, 0.5035637395501753, 49164000000, 
0.32587498309178403, 0.35922960604486887, 0.5025893232290293, 49169000000, 
-0.1261779136061617, 0.48590365732172836, 0.5020708503251096, 49174000000, 
0.024791320863055508, 0.41908365890453064, 0.5016458007198268, 49179000000, 
-0.10193148995464382, 0.4366964474962995, 0.5007685836116316, 49184000000, 
-0.06486606887657526, 0.42530857044242215, 0.5002117642371862, 49189000000, 
0.03126528393026145, 0.3947442335896734, 0.49977226379115475, 49194000000, 
-0.15586393242508403, 0.44560502800802526, 0.49904593973185674, 49199000000, 
0.5072833763182308, 0.3959868735496934, 0.4986546030243665, 49204000000, 
0.012284464696721639, 0.3796997751080752, 0.498317041216666, 49209000000, 
-0.16273026252174858, 0.45636008817961604, 0.4980316068141528, 49214000000, 
-0.03800044060992043, 0.4281910670557752, 0.497725796286354, 49219000000, 
-0.05768055841073398, 0.37653911909784904, 0.4978747777581633, 49224000000, 
-0.052371710410342, 0.4058000337725259, 0.498195643977191, 49229000000, 
0.32535630184665487, 0.36128493144709584, 0.4986108193791787, 49234000000, 
-0.10041977679736835, 0.4565523556779242, 0.4987906490462984, 49239000000, 
0.013988482244983799, 0.39126210326290595, 0.4995682863083624, 49244000000, 
-0.1603705788579659, 0.4520249013114295, 0.49956458895251304, 49249000000, 
-0.04443066568857446, 0.40129411253101377, 0.49966495591202437, 49254000000, 
0.047995438643875996, 0.38040088731171984, 0.5004728211058573, 49259000000, 
-0.1512656938214067, 0.47433543511508636, 0.5005096649422045, 49264000000, 
-0.06740768027875185, 0.40057241167136265, 0.500382271790753, 49269000000, 
0.06001686763369375, 0.4131007332764917, 0.50090711289658, 49274000000, 
-0.1861680109008047, 0.4834673174663736, 0.5007611801175893, 49279000000, 
-0.04588248559878998, 0.371538861181195, 0.5008796032787532, 49284000000, 
-0.018196973967584778, 0.4204668680910063, 0.5008600753183856, 49289000000, 
-0.08270430519665349, 0.39014830508758636, 0.5007538305825269, 49294000000, 
-0.0697636805011653, 0.41026820814835213, 0.5001862902925925, 49299000000, 
0.21465662349403883, 0.37508598346823036, 0.5008273942103543, 49304000000, 
-0.031661117873119655, 0.4314162405637505, 0.5011339995493814, 49309000000, 
-0.02913476857656477, 0.4281258526352708, 0.5015512323760343, 49314000000, 
-0.0569207469472903, 0.3008350634665248, 0.5028172648764707, 49319000000, 
-0.07247390479924777, 0.5453130379004438, 0.5035534404416959, 49324000000, 
-0.021167967572978043, 0.42407713742653813, 0.5047822980166635, 49329000000, 
-0.1486085507852867, 0.3048230103260051, 0.505996723521639, 49334000000, 
0.28947978683862663, 0.523291070335335, 0.5070283871288034, 49339000000, 
-0.08590564336171075, 0.3992674488780383, 0.5078766397610599, 49344000000, 
-0.19208427705238543, 0.4010357331723281, 0.5095533992666172, 49349000000, 
-0.0060990642754148415, 0.46034512060438915, 0.5115618632703332, 49354000000, 
-0.051562739793867524, 0.4335718272752254, 0.5122951998701614, 49359000000, 
-0.14699014746721245, 0.37801704192882335, 0.5133741869553619, 49364000000, 
0.021372403515645292, 0.36395352433397127, 0.5157005465879061, 49369000000, 
-0.014862265662271414, 0.574348754753291, 0.5172475960558898, 49374000000, 
-0.1358739770483638, 0.38874338580344736, 0.5174344711629736, 49379000000, 
-0.10161717476604445, 0.4284801053416002, 0.5188009439033174, 49384000000, 
0.011044019265591924, 0.4662594130903557, 0.5204410258520964, 49389000000, 
-0.06125074899582732, 0.4725197188873822, 0.5198132058442835, 49394000000, 
-0.11817938294781807, 0.39870074544791795, 0.5197137334675849, 49399000000, 
0.3139216595934366, 0.2559297988951709, 0.5200032668093423, 49404000000, 
-0.03672109725842969, 0.5752219093834937, 0.5197058740780296, 49409000000, 
-0.09467259148828988, 0.40071111245102037, 0.5191901150463356, 49414000000, 
-0.0432663919864443, 0.3808393474801874, 0.519225621869203, 49419000000, 
0.03397825077884027, 0.38336983770308897, 0.5191359609835571, 49424000000, 
-0.08283663553688364, 0.5254944802640362, 0.5193659106205061, 49429000000, 
-0.056138899106730006, 0.3746695332544921, 0.5188617889908862, 49434000000, 
0.263116945102184, 0.42816472616072576, 0.5185110131620521, 49439000000, 
-0.016331832245375717, 0.4436696077532237, 0.5186559777491176, 49444000000, 
-0.07093991111672386, 0.38830381453884777, 0.5182987548462139, 49449000000, 
-0.041325118991059756, 0.3912838448805409, 0.5185171007573912, 49454000000, 
-0.03090623603459923, 0.4601834924930493, 0.5184429430377356, 49459000000, 
-0.07793355521933548, 0.39782998603984493, 0.5182639037559398, 49464000000, 
-0.07071845504199038, 0.3760765383117471, 0.5186828709515229, 49469000000, 
0.00492410704569907, 0.4930914989072977, 0.5189399965031573, 49474000000, 
-0.024616531494831825, 0.37113560193693573, 0.5187653853776304, 49479000000, 
-0.0816248367372732, 0.41974232535604933, 0.518789118822316, 49484000000, 
-0.06698253882762428, 0.40637376341619713, 0.519092549488525, 49489000000, 
-0.040605465945470744, 0.49601845021022534, 0.5188394025689113, 49494000000, 
0.03174802916535403, 0.42619789279597525, 0.5183409857797934, 49499000000, 
-0.11392868920715958, 0.3936789428636041, 0.5174552329515167, 49504000000, 
0.29519556539632424, 0.5526842448172973, 0.5166042677565028, 49509000000, 
-0.04660885496060621, 0.254531097317818, 0.5154858894201853, 49514000000, 
-0.07600409375339778, 0.4642999397464973, 0.5142154658756488, 49519000000, 
-0.046219577497118705, 0.3982338827188381, 0.5135070127254475, 49524000000, 
-0.05823176042255819, 0.44695376314715074, 0.5123267565424946, 49529000000, 
0.0297863002498606, 0.4818778470004989, 0.5112957958005103, 49534000000, 
-0.08629115868789522, 0.37349543785837963, 0.5104742049551805, 49539000000, 
0.23536329973887465, 0.41202530184962183, 0.5097636407588678, 49544000000, 
0.007865434765569355, 0.4604894765883637, 0.5092253443760785, 49549000000, 
-0.11326154584479455, 0.4007655166536626, 0.5088316150486316, 49554000000, 
-0.05509134521168431, 0.4354187231272562, 0.508270523701457, 49559000000, 
-0.02030970684493722, 0.4509830218074717, 0.5086864266044889, 49564000000, 
-0.11250775951684402, 0.5122094115543625, 0.5083622048732169, 49569000000, 
0.24271750528114686, 0.2821523630432845, 0.5088251090935565, 49574000000, 
0.038080088646660126, 0.4877954985875835, 0.5087573681297778, 49579000000, 
-0.1703083645363305, 0.46266257138031525, 0.508598119373071, 49584000000, 
-0.005447657495447631, 0.33159224592287745, 0.5091328775086452, 49589000000, 
-0.10882188828838929, 0.4052424691582511, 0.5095837795335875, 49594000000, 
-0.044906080771769954, 0.41789826542050235, 0.5098488974634571, 49599000000, 
-0.021906256802722592, 0.4585862829362096, 0.5104106448481108, 49604000000, 
-0.09003274447933393, 0.47262484590323095, 0.5108517056071562, 49609000000, 
-0.03542170726635913, 0.33272539129384765, 0.5112538844953349, 49614000000, 
-0.00990637231132634, 0.47610128760173337, 0.5118830658500126, 49619000000, 
-0.11759063847343997, 0.4566533517268838, 0.5118282651077444, 49624000000, 
-0.11019849513872722, 0.3496996311896233, 0.5119560337383701, 49629000000, 
-0.07965827073904215, 0.44625851699581087, 0.5121177998618184, 49634000000, 
-0.02868427712816356, 0.46406005681320517, 0.5119786266578434, 49639000000, 
0.2991866090907881, 0.3456635123245084, 0.5127938888918976, 49644000000, 
-0.07838551955709776, 0.38601272682631865, 0.5127952909081568, 49649000000, 
-0.06892818957421379, 0.5372919911835811, 0.5125371191273864, 49654000000, 
-0.04710213875232648, 0.3879468537188078, 0.5131251277164227, 49659000000, 
-0.1196340482990685, 0.3848227975183012, 0.5140190637741553, 49664000000, 
-0.02315296436924341, 0.5456775868652352, 0.5144491876839075, 49669000000, 
-0.08416062334264676, 0.3661808718112955, 0.5146965111877939, 49674000000, 
0.25683460348400655, 0.4606427761748521, 0.5160733815308675, 49679000000, 
-0.03565615309382756, 0.4580811591502445, 0.5161137363172648, 49684000000, 
-0.09581069863329934, 0.4051036584432837, 0.5166174054547947, 49690000000, 
-0.03999684526495733, 0.5445293243191613, 0.5169820055186872, 49695000000, 
0.004302576348502207, 0.48029380780400727, 0.5167878610868654, 49700000000, 
-0.09538817077661411, 0.3551789053414922, 0.5173144293018759, 49705000000, 
-0.059807062962401555, 0.45508242699886514, 0.5168303159742247, 49710000000, 
-0.13631295034887433, 0.46375888996584813, 0.516515055773731, 49716000000, 
-0.10380904038645142, 0.36817737329052547, 0.5175865352214645, 49721000000, 
-0.01260660874756135, 0.4725781372927963, 0.5175814442790793, 49726000000, 
-0.0839507790153541, 0.36232171648763384, 0.5169944379787456, 49731000000, 
-0.010773694852254549, 0.4943710737784074, 0.5174745309680138, 49736000000, 
-0.05537388023030454, 0.36589715858317, 0.5174759589791728, 49741000000, 
0.2330841398856199, 0.4399643153065596, 0.5179166249871269, 49746000000, 
-0.018215269652819072, 0.5169414106303128, 0.5177171248900998, 49751000000, 
-0.048541084994147464, 0.4060517359786877, 0.5173525133685589, 49756000000, 
-0.1310590439809711, 0.417332393540483, 0.5179608601522142, 49761000000, 
-0.043922164034543146, 0.520049301107643, 0.5177256733667633, 49766000000, 
-0.09877031742640566, 0.3374291332165532, 0.5182844460861126, 49771000000, 
-0.0675685569855723, 0.44836168396335807, 0.5186268854775566, 49776000000, 
0.3131956180069255, 0.5173444029010053, 0.5179896595288346, 49781000000, 
-0.06253822260483216, 0.4008053833421843, 0.5187139737732527, 49786000000, 
0.005305976668957741, 0.5124980708530842, 0.5188560157385886, 49791000000, 
-0.09087724547837735, 0.36312206279109993, 0.5193078120539781, 49796000000, 
-0.09587870945773716, 0.43013051324201773, 0.5197347915776136, 49801000000, 
-0.012864189862905422, 0.5190084827554482, 0.519322983723696, 49806000000, 
-0.09000266088302716, 0.3738603161776331, 0.5196621778627966, 49811000000, 
0.30383387639111714, 0.41772057065328927, 0.5199643136648803, 49816000000, 
-0.05875111944731181, 0.5366159975462435, 0.519500782161507, 49821000000, 
-0.0886177148826561, 0.3844468491582696, 0.5195352291228755, 49826000000, 
0.008258863491661028, 0.48092593591594424, 0.5200364756564527, 49831000000, 
-0.12029126554795251, 0.38951077722996763, 0.5194620905470748, 49836000000, 
-0.07508360108766071, 0.44362844137044616, 0.5194306704529283, 49841000000, 
0.011022553113537142, 0.47149132841796293, 0.5192750424913152, 49846000000, 
-0.09617534150009086, 0.39869143312108957, 0.5189753498072731, 49851000000, 
-0.05611146102319571, 0.44434047502158686, 0.519260234412806, 49856000000, 
0.058001562375848414, 0.49738040047095355, 0.5191670398932516, 49861000000, 
-0.11852326445693288, 0.443371468122557, 0.5189072248068929, 49866000000, 
-0.07889174177802723, 0.4001539101195079, 0.5189293401635398, 49871000000, 
0.010418917678908651, 0.514839216572093, 0.5189410108406147, 49876000000, 
0.2604304078338578, 0.39360574300015266, 0.5189804811557818, 49881000000, 
-0.14071944591765384, 0.41619610492846576, 0.5192962578932152, 49886000000, 
-0.025910762439946326, 0.5228729430676653, 0.5187406782977229, 49891000000, 
-0.13961004746672306, 0.3692515459275455, 0.5185723480545388, 49896000000, 
-0.05138340785563618, 0.40594753108287873, 0.519261888305486, 49901000000, 
-0.02382250968595788, 0.5415820390246854, 0.5187261074849022, 49906000000, 
-0.11258471465104847, 0.3852448458839924, 0.5192356457994158, 49911000000, 
0.28821730474761187, 0.4035427378875759, 0.5194255078720785, 49916000000, 
-0.05497421379388066, 0.44394475686948637, 0.5195682720003791, 49921000000, 
-0.09907979293262381, 0.4295075017535201, 0.5196179231339161, 49926000000, 
0.02186731957759732, 0.46970509922203674, 0.5199262422189099, 49931000000, 
-0.07708845800052591, 0.4308015480915938, 0.5196656842065372, 49936000000, 
-0.10443495585248332, 0.43821096437866613, 0.5197879529299329, 49941000000, 
0.0009702914656275091, 0.5244716521779066, 0.5200631105284227, 49946000000, 
-0.06725935859827589, 0.3927669099092657, 0.5200168257126547, 49951000000, 
-0.0964054585829105, 0.42756437501207295, 0.5201307459838432, 49956000000, 
-0.034722418780655365, 0.4172298708029644, 0.5202609421046877, 49961000000, 
-0.02290017387011269, 0.4651049750125952, 0.5201137849031087, 49966000000, 
-0.09277322964502235, 0.4761339632648432, 0.5201594257897644, 49971000000, 
-0.06373005062356255, 0.3801769141922694, 0.5199130655619557, 49976000000, 
0.00126924738264181, 0.5319983959053051, 0.519503432548909, 49981000000, 
0.1909705973805056, 0.4284401642223753, 0.519567169372526, 49986000000, 
-0.04489916564552883, 0.40539227145311035, 0.519571766281753, 49991000000, 
-0.021261078601982543, 0.5039224429756595, 0.5197768094098683, 49996000000, 
-0.106143868135017, 0.42965147870664516, 0.5195830137213638, 50001000000, 
-0.07121931416571421, 0.41572212663240093, 0.5195308024832167, 50006000000, 
-0.05610498926966536, 0.42658975038166097, 0.520032551796388, 50011000000, 
0.3095159826192132, 0.5345773047885918, 0.5201325247665055, 50016000000, 
-0.0323175290081871, 0.4195283317137631, 0.5194712956384087, 50021000000, 
-0.065437232410552, 0.39855200769078797, 0.5199952043640437, 50026000000, 
0.0009937876013885157, 0.4861278747858315, 0.5206207132342883, 50031000000, 
-0.09704927844423757, 0.40819152114447355, 0.5202996819521278, 50036000000, 
-0.09594646524744979, 0.4716401751655317, 0.5204133788925677, 50041000000, 
-0.0015160678077897824, 0.41230531947257393, 0.5213460797341102, 50046000000, 
0.40732432150307835, 0.6150734890949663, 0.5213978326425169, 50051000000, 
-0.13959177528997366, 0.4423644973236286, 0.5203350478410297, 50056000000, 
-0.07884609900161968, 0.42876543335324463, 0.5199230920828402, 50061000000, 
-0.060561447179233015, 0.39477724263750325, 0.5194069197575568, 50066000000, 
0.01420822408685294, 0.5683504622339435, 0.5189906351842132, 50071000000, 
-0.06441704859717942, 0.47055580410663816, 0.5180226174926414, 50076000000, 
-0.06271754409232354, 0.4408605785013542, 0.5178166042736705, 50081000000, 
-0.06161847749282313, 0.4281289967173262, 0.5165222508941844, 50086000000, 
-0.05118731947211628, 0.4553156154895638, 0.5156301341697898, 50091000000, 
-0.07164483978022342, 0.42221438156645985, 0.514030537872646, 50096000000, 
-0.01103153565178322, 0.4534085870086817, 0.5135013893138722, 50101000000, 
-0.029155796139550154, 0.45410514677775593, 0.5127527405899847, 50106000000, 
-0.04806728625231052, 0.4879689576579344, 0.5121305641779511, 50111000000, 
-0.027003620088693277, 0.4522324898980986, 0.5115353178694869, 50116000000, 
0.3042805603538018, 0.43826706979686664, 0.5110390127355757, 50121000000, 
-0.04113663792847178, 0.4283638855495467, 0.5099618047982195, 50126000000, 
-0.09632400193546523, 0.44297664707475026, 0.5100675429107062, 50131000000, 
-0.01790748170296033, 0.4902521780879226, 0.5093172644526952, 50136000000, 
-0.07334108269941944, 0.4423467930304566, 0.5085492960024193, 50141000000, 
0.011547649347252742, 0.5121162202069641, 0.5083220275875441, 50146000000, 
-0.08672556453811356, 0.37282870995823725, 0.5077390781142486, 50151000000, 
0.2435730402706183, 0.4453916262532202, 0.5075060256826377, 50156000000, 
-0.020523207359260102, 0.4703963571710522, 0.5073931221413628, 50161000000, 
-0.0763463221472116, 0.4655828162405308, 0.5066832545350384, 50166000000, 
0.024105055516622308, 0.5345348569599969, 0.5062218555374302, 50171000000, 
-0.1674662542804811, 0.3278580689903695, 0.5058384115429286, 50176000000, 
-0.039624544259470304, 0.4602764140646392, 0.5056539912734479, 50181000000, 
0.21518587668475536, 0.46469188767031594, 0.5057827686272974, 50186000000, 
0.07284737968869574, 0.5060888396750534, 0.5055192267395376, 50191000000, 
-0.1374762405990597, 0.38013747590005614, 0.5052080037877749, 50196000000, 
-0.15282649877410115, 0.4322896623312768, 0.505223892646354, 50201000000, 
0.06928225599183545, 0.4497063539540688, 0.5061490508706432, 50206000000, 
0.030938850585868073, 0.5428663729689258, 0.5059550671185883, 50211000000, 
-0.19432333622258322, 0.3886941721906347, 0.5060726503825149, 50217000000, 
-0.12822544306185865, 0.4725622425343083, 0.5068808443712243, 50222000000, 
0.12069078115874673, 0.5131916078106261, 0.5071833164990428, 50227000000, 
-0.1110718232257321, 0.34675749040498605, 0.5072661781308637, 50232000000, 
-0.15102502585759386, 0.4668982390750442, 0.5084530743370527, 50237000000, 
0.009711838554070831, 0.48265743942974226, 0.5089207534480105, 50242000000, 
-0.09435972774258608, 0.36894618510759164, 0.5103581657559277, 50247000000, 
-0.11304646815342033, 0.46192302927735407, 0.5118542335305495, 50252000000, 
0.35872704803761946, 0.5099682363603546, 0.5133104872961108, 50257000000, 
-0.10476659827517647, 0.35887034947894975, 0.5145564047264799, 50262000000, 
-0.03275532708431474, 0.5293269806317761, 0.516046404192346, 50267000000, 
-0.06841669986855517, 0.3931232554438602, 0.5175438418591978, 50272000000, 
-0.045535421750718424, 0.4607077209582256, 0.5179119107526855, 50277000000, 
-0.00987463278397592, 0.5327665296410573, 0.5185089614672354, 50282000000, 
-0.029910128446358673, 0.37886141991485395, 0.5187814195636863, 50287000000, 
0.22786081559961144, 0.4863198877654338, 0.5192955393694757, 50292000000, 
-0.009781580463193862, 0.48970693690161693, 0.5190891480606286, 50297000000, 
-0.1038804467836894, 0.3878384807022413, 0.5188432261777693, 50302000000, 
-0.08904206620961927, 0.4689291287123019, 0.5189059282207462, 50307000000, 
0.003015337076450176, 0.5356150756620861, 0.5184358494041185, 50312000000, 
-0.11458116366155284, 0.38142937971909896, 0.5182336482029138, 50317000000, 
0.023023234973801057, 0.5422468138478357, 0.5180839846046039, 50322000000, 
-0.11620535069789754, 0.3737680496520188, 0.5177559639363508, 50327000000, 
-0.10638512568917863, 0.48706290708227507, 0.5174460609213162, 50332000000, 
0.015792879993099907, 0.5318560253663632, 0.5169327339432973, 50337000000, 
-0.10117027999780971, 0.3711641292869502, 0.5167184768299268, 50342000000, 
-0.1009316422715464, 0.47948539853438726, 0.516288528112264, 50347000000, 
-0.02621257853631743, 0.5195614994403963, 0.5158729523632116, 50352000000, 
0.24320412858866533, 0.388655941060354, 0.5162917481307508, 50357000000, 
-0.024209926046440813, 0.5247720561705859, 0.5161293707056062, 50362000000, 
-0.09804727382367948, 0.4256040306629753, 0.5163302049805129, 50367000000, 
-0.0868138693749729, 0.3762917591280155, 0.5166613152531448, 50372000000, 
0.02852055712142664, 0.5357247046363623, 0.5169684556131509, 50377000000, 
-0.11345156655931968, 0.34997544264935737, 0.5170503929585436, 50382000000, 
-0.08416251738703553, 0.4535204137383142, 0.517288224053307, 50387000000, 
0.37211700696823224, 0.5268660183187194, 0.5171248419371008, 50392000000, 
-0.0997543830791124, 0.38047511732850686, 0.5175741014525311, 50397000000, 
-0.10593288965101105, 0.4878719971760824, 0.5179218166892232, 50402000000, 
0.006136217889271923, 0.5226237473528632, 0.5178567321042251, 50407000000, 
-0.08279203754292955, 0.3606481005181509, 0.5182777371021936, 50412000000, 
-0.011345740669815505, 0.5356558409336467, 0.5186148629101289, 50419000000, 
-0.045786016159207035, 0.38641590667471826, 0.5184860539554095, 50424000000, 
-0.12227125140979779, 0.5013245234235993, 0.5182233895607098, 50429000000, 
0.018007916636799338, 0.540392013974007, 0.5181284944032957, 50434000000, 
-0.16732273875729095, 0.3514470869064467, 0.5180200949461321, 50439000000, 
-0.04869194457967403, 0.4781228799509728, 0.5181370833428822, 50444000000, 
0.06635733467410423, 0.5052210006926114, 0.5174119245028755, 50449000000, 
-0.15772669786377783, 0.4108534116412214, 0.5178924754776876, 50454000000, 
0.29038605090588543, 0.4965139053004852, 0.5180646566075648, 50459000000, 
0.025635751798160994, 0.5139917231976718, 0.5170118950470621, 50464000000, 
-0.15501916052934392, 0.40699381324112555, 0.5174859656784041, 50469000000, 
-0.06024358487225944, 0.4773915874227843, 0.517789772121738, 50474000000, 
0.03291033315011448, 0.4955317879954791, 0.5171278658741814, 50479000000, 
-0.09889318648956603, 0.37788412364206725, 0.5170638034684932, 50484000000, 
-0.08665419924453334, 0.49717225282362376, 0.5169156816607583, 50489000000, 
0.3432840970441818, 0.5042364682113248, 0.5166626082263048, 50494000000, 
-0.06528091577750555, 0.338008196689411, 0.5165721471805409, 50499000000, 
-0.10991451419654133, 0.5298235809571971, 0.5164787690024487, 50504000000, 
-0.004383634003751096, 0.5183943205388827, 0.5166448432167329, 50509000000, 
-0.09227201063702965, 0.3636652126001928, 0.51674398392883, 50514000000, 
-0.11116892111173557, 0.4977834290497516, 0.5165291672123049, 50519000000, 
0.04226480618033304, 0.5133674679047959, 0.5167441899596847, 50524000000, 
0.24614332774713452, 0.33517482188016123, 0.5172462564849557, 50529000000, 
-0.11135154287617072, 0.500265522084157, 0.5173638580482204, 50534000000, 
-0.08810895187779436, 0.49477638586182215, 0.5181388102210321, 50539000000, 
0.04005744547594759, 0.41638483221959155, 0.5179503548240058, 50544000000, 
-0.044149439226447956, 0.45599946518162765, 0.5179178869682883, 50549000000, 
-0.0745177463765673, 0.49377991254234005, 0.5178114209971814, 50554000000, 
-0.0012386741949731777, 0.5336674586371215, 0.5182294012385309, 50559000000, 
-0.05532102039464018, 0.35031317260658484, 0.5180407729009782, 50564000000, 
-0.09164090424892189, 0.4504359530530511, 0.5176596645333209, 50569000000, 
-0.05694760077324949, 0.508059760171352, 0.5180930354556637, 50574000000, 
-0.047185637201170014, 0.45401440267104987, 0.5182247664097606, 50579000000, 
-0.03591614262825173, 0.37010551683388354, 0.518484907347152, 50584000000, 
-0.07136042922782392, 0.47016432507360967, 0.5183537187474814, 50589000000, 
0.31351164331078146, 0.5127773257908753, 0.5188752962755705, 50594000000, 
0.07966688486308621, 0.5172333327539722, 0.5184523724541189, 50599000000, 
-0.05881242409611821, 0.32341688559115983, 0.5188583131359457, 50604000000, 
-0.1148047775385141, 0.477297885074509, 0.5188232809739454, 50609000000, 
-0.07789739990208465, 0.4839392671786001, 0.518330181521528, 50614000000, 
-0.03429313908421009, 0.47844881688463925, 0.5191368486816399, 50619000000, 
-0.016619080229172575, 0.388839245895116, 0.5192231744126699, 50624000000, 
0.3405728364496841, 0.46026999750144154, 0.519352190496653, 50629000000, 
-0.04000252315641877, 0.49406468673700915, 0.5193858051890407, 50634000000, 
-0.04600924705823517, 0.4782530840077128, 0.520130907122466, 50639000000, 
-0.05795594091509297, 0.39477432680482416, 0.5206303236601313, 50644000000, 
-0.030465271939984155, 0.42216518765731015, 0.5204764486804042, 50649000000, 
0.0030367140388449787, 0.522674305951918, 0.5206797416523575, 50654000000, 
-0.051375154895070836, 0.4854761888628941, 0.5209919318697067, 50659000000, 
0.01650584045418463, 0.5148245417529519, 0.5213091979906912, 50664000000, 
-0.08033634472703488, 0.3397919113831452, 0.5209605760918274, 50669000000, 
-0.08072568429032978, 0.4848679781599376, 0.5205627779045198, 50674000000, 
-0.03789135786834303, 0.5066882687225865, 0.5196126770634102, 50679000000, 
-0.05986176199294134, 0.47506367597631866, 0.5198167192339677, 50684000000, 
-0.06635337435948052, 0.4573458775764797, 0.5200635993283584, 50689000000, 
-0.06732191787996746, 0.39773586090117974, 0.5196663786067326, 50694000000, 
0.3262038816142027, 0.5290123509225734, 0.5199167030666504, 50699000000, 
-0.025326150773495235, 0.47644787827270224, 0.5191739920411613, 50704000000, 
0.015888096412767644, 0.5076787122570838, 0.5197861304656587, 50709000000, 
-0.10267398810795611, 0.37887602132029713, 0.5193397800943862, 50714000000, 
-0.07968674250965936, 0.47144306684508247, 0.51902784734915, 50719000000, 
-0.04117663090635541, 0.49640023190596605, 0.5193602416983426, 50724000000, 
-0.008170261687826866, 0.47405447082922514, 0.5194235292191108, 50729000000, 
0.26332649829186994, 0.31767620023420623, 0.5190191955188227, 50734000000, 
-0.08820882530306329, 0.47353112926209134, 0.5186960320198183, 50739000000, 
-0.04925841079686272, 0.5040187026193453, 0.5182949318023007, 50744000000, 
-0.08002611742763169, 0.48516467265347435, 0.5184120089629222, 50749000000, 
-0.007410133585963281, 0.5033924401258134, 0.5178860282702615, 50754000000, 
-0.061676784845669456, 0.3204625726061325, 0.5177940500333255, 50759000000, 
-0.10092065784220483, 0.5574849012515157, 0.517666537485647, 50764000000, 
-0.0669780665482388, 0.5307555108310579, 0.517179830346945, 50769000000, 
-0.0031240383590825605, 0.45594261609662884, 0.5172426985167695, 50774000000, 
-0.0811641244520658, 0.2959325470827172, 0.5169461424671623, 50779000000, 
-0.06830953976296711, 0.5216141909487815, 0.5168160520974097, 50784000000, 
-0.08202716137165533, 0.4808266706177365, 0.5171936794603391, 50789000000, 
-0.04517805198504146, 0.41084748077787564, 0.5169327040057107, 50794000000, 
0.304855793887661, 0.40157696566962103, 0.5168464672056212, 50799000000, 
-0.016607736930800206, 0.5592540218024993, 0.5168468793523187, 50804000000, 
0.005096858677624857, 0.5201441584500758, 0.5171546886884419, 50809000000, 
-0.13358666830424495, 0.3475142988332035, 0.517139246730862, 50814000000, 
-0.07523493887842855, 0.5478119765096368, 0.5172530326142911, 50819000000, 
0.042268803504125936, 0.5317162639287515, 0.5175903694986587, 50824000000, 
-0.06073045064338118, 0.2861986032984693, 0.5171115358646848, 50829000000, 
0.24835816096613839, 0.49310071711231207, 0.5172776353193125, 50834000000, 
-0.09544853270772179, 0.48730960244121396, 0.5165680402425472, 50839000000, 
0.04291033081541998, 0.47687536447914414, 0.5164833401969868, 50844000000, 
-0.09729399304027736, 0.33756866169564304, 0.5163311523976324, 50849000000, 
-0.09329284048972121, 0.5497556314268719, 0.5154623406483871, 50854000000, 
-0.01234797430730681, 0.5125296602334136, 0.5154691177574005, 50859000000, 
-0.10857067885108732, 0.3372747034953854, 0.5149813326586585, 50864000000, 
0.23111447028399243, 0.5138120518231034, 0.514625915288906, 50869000000, 
0.03326741456762182, 0.5269502984284724, 0.5146388065070738, 50874000000, 
-0.057820439794398173, 0.3107246706230516, 0.5145239901778382, 50879000000, 
-0.10240290475326667, 0.4785336833729218, 0.51372383861021, 50884000000, 
-0.060808605090227154, 0.5291341978824996, 0.5142314506957685, 50889000000, 
0.02198336621922206, 0.40787971000018947, 0.5139693966204729, 50894000000, 
-0.10515049095763603, 0.44362869486332135, 0.514098590071567, 50899000000, 
-0.018581428447930634, 0.5526867105385964, 0.5144103815237343, 50904000000, 
-0.0414722223502328, 0.350742197685943, 0.5144549917578348, 50909000000, 
-0.04610788451592551, 0.45665239136307073, 0.5142850679385275, 50914000000, 
-0.11537324559913124, 0.5448372489913617, 0.5148910509205015, 50919000000, 
0.07373844630574403, 0.4418968811944051, 0.5148858203522162, 50924000000, 
-0.1319420485715414, 0.38520959718280157, 0.5142628418691367, 50929000000, 
0.20748267494708625, 0.5529734345661584, 0.5147064894371461, 50934000000, 
0.05000692860587299, 0.4289068681241279, 0.5144566212468776, 50939000000, 
-0.12855906813366885, 0.4572271283663093, 0.5145194428843741, 50944000000, 
0.038637087777690024, 0.5475588248914116, 0.5148001525612292, 50949000000, 
-0.08071374516073339, 0.32963978325672333, 0.5150524166629807, 50954000000, 
0.008198738467088667, 0.5864237454010711, 0.5147733352382464, 50959000000, 
-0.059497145213014545, 0.37004612892695604, 0.5148751589595043, 50964000000, 
0.2321009413765916, 0.47514330844425345, 0.5150015469301851, 50969000000, 
0.03790173378795547, 0.49846210491760706, 0.5151601704993649, 50974000000, 
-0.13464311183743963, 0.38315572635926304, 0.5148768159211218, 50979000000, 
0.027949415159008915, 0.5403792471490422, 0.5144998321362427, 50984000000, 
-0.08877903248841287, 0.34393128451786054, 0.5144551684720807, 50989000000, 
-0.10771563407191782, 0.5204832774578737, 0.5143589525721124, 50994000000, 
0.02527826053282021, 0.5484060966367199, 0.5138912331076196, 50999000000, 
-0.08899930929784632, 0.3240424357290904, 0.5141131982588583, 51004000000, 
-0.1161313456219572, 0.5137680712678309, 0.5141082538140791, 51009000000, 
0.008880566651477798, 0.5514552740210004, 0.5134889199009539, 51014000000, 
-0.07814073589136233, 0.311351137574706, 0.5139410141816971, 51019000000, 
-0.14493660278305054, 0.5508809445976216, 0.5136203875340541, 51024000000, 
0.042679860890400496, 0.4613173868296122, 0.5138853754529806, 51029000000, 
-0.14570330240027451, 0.33212334164563756, 0.514147995086157, 51034000000, 
0.27158548223859114, 0.5718963699827312, 0.5143421632706991, 51039000000, 
0.031220348503489415, 0.5016730131571362, 0.514409156840213, 51044000000, 
-0.1152337629627359, 0.37845601631937975, 0.5146421543642014, 51049000000, 
-0.09185422252541377, 0.549783596797202, 0.5148172224200022, 51054000000, 
0.08649662720252924, 0.4654621430210944, 0.5147293761359697, 51059000000, 
-0.1401752804417719, 0.3639293818298952, 0.5146493097073785, 51064000000, 
-0.09269176532601779, 0.5306469837144611, 0.5152358967015283, 51069000000, 
0.426351152398234, 0.45218061098869616, 0.515107918982854, 51074000000, 
-0.1934845702755926, 0.3972249053145845, 0.5150500575183736, 51079000000, 
-0.06938362259372079, 0.540738994973823, 0.5152186311076952, 51084000000, 
0.06376986586575917, 0.4442943690865909, 0.5153542946000479, 51089000000, 
-0.1818331888181338, 0.42799810691036433, 0.5148411547174562, 51094000000, 
-0.09630271775092188, 0.495745361617949, 0.5146818681591491, 51099000000, 
0.2638610986197172, 0.4289272127956589, 0.5145981340449655, 51104000000, 
0.0009731519557260003, 0.45920751252882763, 0.5147807752958328, 51109000000, 
-0.003006078619641016, 0.5409205812163544, 0.5145597109297948, 51114000000, 
-0.10547404895160059, 0.35061397679200756, 0.5144704044251579, 51119000000, 
-0.1217587526411612, 0.501602401628096, 0.5147589394040493, 51124000000, 
0.00040651770228988153, 0.5334379574384145, 0.5146316798407672, 51129000000, 
-0.04596471045548104, 0.335275145966975, 0.5150633294814055, 51134000000, 
-0.11790596663982626, 0.4920122702981608, 0.5143139115660289, 51139000000, 
-0.0315891506115778, 0.5488577085804475, 0.5145178925902834, 51144000000, 
-0.09229019603332145, 0.3829245737704838, 0.5147552545782066, 51149000000, 
-0.059182274016245824, 0.4526804783700938, 0.5144577721882401, 51154000000, 
0.021782654778297435, 0.5491378966910075, 0.5140316653805518, 51159000000, 
-0.07173762344954841, 0.3703594496163487, 0.5143519046375695, 51164000000, 
-0.10764730755097757, 0.5158229998054265, 0.5141979405678153, 51169000000, 
0.3327169780446048, 0.5354982222798454, 0.5146405049398505, 51174000000, 
-0.06653266887345832, 0.398170297681205, 0.5146410902580151, 51179000000, 
-0.0709740783899662, 0.487288166222508, 0.514552232829286, 51184000000, 
-0.12337228173847316, 0.5032380545000635, 0.5151525743990367, 51189000000, 
2.3171984437816637e-05, 0.41791601354667884, 0.515515928802596, 51194000000, 
-0.05709199232174527, 0.4778532415750621, 0.5150645796363561, 51199000000, 
-0.09255021453451512, 0.5255076072188459, 0.5152633961321947, 51204000000, 
0.30043389795309916, 0.5115941492976487, 0.5158685995135138, 51209000000, 
-0.04651486076039707, 0.34208475011959905, 0.5157495924304003, 51214000000, 
-0.12878849896027927, 0.5535151756901548, 0.515482260473815, 51219000000, 
-0.06121649926226856, 0.49155236595966373, 0.5162452417803086, 51224000000, 
-0.005361357509966091, 0.42163707611912604, 0.5164544219255511, 51229000000, 
-0.06118271043485984, 0.4579830849129926, 0.5165162753983643, 51234000000, 
-0.10466130451128866, 0.5119046678744192, 0.5165073093886101, 51239000000, 
0.32191300415354357, 0.4059153037778244, 0.5162016103133432, 51244000000, 
-0.08558307081227973, 0.49215237037937487, 0.5168099370079849, 51249000000, 
-0.07622450885866325, 0.5107223221092639, 0.5167574325348087, 51254000000, 
0.06320191422491211, 0.45401976547477857, 0.5164466405274909, 51259000000, 
-0.08030321218143999, 0.36254082441162216, 0.5165801633987118, 51264000000, 
-0.13880255331931818, 0.5277940708346452, 0.5162469715330615, 51269000000, 
0.010415449556509047, 0.5118005757586468, 0.516434130196255, 51274000000, 
-0.06844033386923007, 0.359850844360013, 0.5159252655890308, 51279000000, 
-0.10907418879840106, 0.504920727807523, 0.5157311961076123, 51284000000, 
-0.07294628829865496, 0.5002035620487009, 0.5157594000724974, 51289000000, 
0.06696192322052774, 0.4886652081230531, 0.5158665264152046, 51294000000, 
-0.013418297187005851, 0.35487380165151405, 0.5158055003074559, 51299000000, 
-0.13999542027907405, 0.5099370416159811, 0.5159494922183897, 51304000000, 
0.2754531957532594, 0.47535405499036937, 0.5158237991790805, 51309000000, 
0.02210400578630351, 0.46227590333758356, 0.5166424626907142, 51314000000, 
-0.10141155941581324, 0.36009582857484634, 0.5164799976365614, 51319000000, 
-0.10700982337575077, 0.5531762928252799, 0.5159462559134519, 51324000000, 
-0.07247113619395996, 0.4685958213151597, 0.5166073547903544, 51329000000, 
0.04875119034611284, 0.4900747260472764, 0.5170855657745149, 51334000000, 
-0.06609354454315235, 0.3725973685858911, 0.5170578528879363, 51339000000, 
0.23756144315052255, 0.5200822824316829, 0.5162706597919553, 51344000000, 
-0.07139181259325411, 0.46909712087091643, 0.516593396018105, 51349000000, 
0.07303215420356804, 0.4554521603775386, 0.5167752116937301, 51354000000, 
-0.1055128415962976, 0.3968380936824555, 0.516301874900816, 51359000000, 
-0.1243220134692477, 0.5081137222962211, 0.5158595942326554, 51364000000, 
-0.07496761666865898, 0.47678274479089217, 0.5156310749050685, 51369000000, 
0.020705618157518146, 0.48657686812538636, 0.5159949543860695, 51374000000, 
0.34771927173720274, 0.3372344969786203, 0.5157291488376206, 51379000000, 
-0.12251164986668471, 0.47898747618169213, 0.5155038028550195, 51384000000, 
-0.09063621014639713, 0.4892442701806696, 0.5151619279552895, 51389000000, 
0.02616829701455984, 0.4639448368578723, 0.5153658237229756, 51394000000, 
-0.06716097273851414, 0.39528848493667884, 0.5151430416458813, 51399000000, 
-0.11299140247090483, 0.47810633985991935, 0.5143258188249727, 51404000000, 
-0.08845137960212611, 0.5125221665438191, 0.5143712542751775, 51409000000, 
0.036540195126949976, 0.508307390478412, 0.5149873690011397, 51414000000, 
-0.05537940087065134, 0.36170218326831494, 0.5154376751297643, 51419000000, 
-0.1153900842041413, 0.5179549259763125, 0.5146048912771535, 51424000000, 
-0.10863943152390923, 0.5022278742109746, 0.5146767601670772, 51429000000, 
0.07526998764130002, 0.4357295962178337, 0.5152123191478682, 51434000000, 
-0.0732084191649217, 0.36013799914214084, 0.5149673669179685, 51439000000, 
0.1826861915289005, 0.5209701509947717, 0.5148430343398408, 51444000000, 
-0.057782071261171006, 0.4984243717258542, 0.515143735236404, 51449000000, 
0.12654317360415843, 0.4573476376968661, 0.5154537622075201, 51454000000, 
-0.029253564672016147, 0.4254893249497388, 0.5148675460228379, 51459000000, 
-0.10466591821117578, 0.5211902440132421, 0.5139888257174852, 51464000000, 
-0.10004206728470341, 0.46884932870555934, 0.5129760611129517, 51469000000, 
0.032847136908034966, 0.43493153210831653, 0.5116523842779999, 51474000000, 
0.37052431856885165, 0.49645023396645355, 0.510073676570222, 51479000000, 
-0.16586644267022224, 0.46610490108531144, 0.5089985276942067, 51484000000, 
0.002185111439154515, 0.44585821404726406, 0.506649118169159, 51489000000, 
0.053783461153888545, 0.42824122169197903, 0.5037487230953906, 51494000000, 
-0.11814571256113134, 0.462884986649767, 0.5001439582840214, 51501000000, 
0.09009588631946434, 0.45629013046756134, 0.4985014794661472, 51506000000, 
-0.19203344735495684, 0.42784574186491575, 0.4965194054475612, 51511000000, 
0.03135270208194038, 0.4597606239338652, 0.4949564922772781, 51516000000, 
-0.16146673225097746, 0.4232482484505355, 0.49366172144314024, 51521000000, 
-0.06481215579114943, 0.4585287805333171, 0.49301415805899335, 51526000000, 
0.04917639840486387, 0.4771873648438267, 0.4926458124639244, 51531000000, 
-0.17585177505673372, 0.4283236053806089, 0.4931750357867976, 51536000000, 
0.05240739367854707, 0.41857530615689226, 0.4940447596102045, 51541000000, 
0.11459785802240027, 0.4524896371146673, 0.4947231460303754, 51546000000, 
0.10584928636641808, 0.47309997542658794, 0.49628525488801883, 51551000000, 
-0.1586472415691839, 0.4647988463707238, 0.4973233788633976, 51556000000, 
-0.05729997836836698, 0.4476703495910005, 0.4989100471158687, 51561000000, 
0.04186456737821964, 0.4554918810355406, 0.5003911368257818, 51566000000, 
-0.1704570095433799, 0.4121997954704099, 0.5017757196434487, 51571000000, 
0.03365498558879325, 0.4743165152398151, 0.5023162244258997, 51576000000, 
0.20935009262178045, 0.4483013685849091, 0.5035665131093713, 51581000000, 
-0.09416009501873558, 0.4609622396111911, 0.504328923857503, 51586000000, 
0.05117216318413828, 0.488826645152929, 0.5038980922179981, 51591000000, 
-0.16311697349939525, 0.45831713515222633, 0.5038119740458756, 51596000000, 
-0.07278350222587048, 0.4655482959430066, 0.5036704981170556, 51601000000, 
0.015603608092466241, 0.4634795555540112, 0.5032978010722724, 51606000000, 
-0.21136207230284362, 0.4368091536481671, 0.5021218448384475, 51611000000, 
0.37540757715462847, 0.453494094222401, 0.5016164223206047, 51616000000, 
-0.1838562754285026, 0.48231237642872116, 0.5009391100295921, 51621000000, 
-0.04057728965860943, 0.4542806700711688, 0.5007377928013436, 51627000000, 
-0.01956091218865272, 0.4957157109338838, 0.5004779098742329, 51632000000, 
-0.14695459183007642, 0.4246537246381362, 0.5015041125679188, 51637000000, 
-0.08735214171540655, 0.46364922122633684, 0.5020988119700781, 51642000000, 
-0.11414162243550774, 0.5283026332777124, 0.5036299815659511, 51647000000, 
-0.08658847529988295, 0.4203548245145529, 0.5059434104574869, 51652000000, 
-0.09491188729842936, 0.4545107371406026, 0.5073071280610769, 51657000000, 
-0.14445811174561224, 0.5178417124329499, 0.5105001295445598, 51662000000, 
0.003083262037236677, 0.42553605379227116, 0.5136924630357189, 51667000000, 
0.01874605475427346, 0.36023385438730193, 0.5163048114781947, 51672000000, 
-0.17375065512852653, 0.5290322452070345, 0.518192732355787, 51677000000, 
0.27955089828594887, 0.49665902977971343, 0.5203209791543659, 51682000000, 
0.05492029337297583, 0.3933090535204068, 0.521772858881074, 51687000000, 
-0.05876912721813727, 0.4809487385910014, 0.52208268803139, 51692000000, 
-0.0703411386753711, 0.5049644817743384, 0.522989642039962, 51697000000, 
0.03737110962818347, 0.4785045053050966, 0.5233075690276169, 51702000000, 
-0.04020252191430731, 0.4293847462790338, 0.522967275356401, 51707000000, 
-0.06802376345297788, 0.5028157779056683, 0.5217403025477377, 51712000000, 
0.27117974538714035, 0.5102223584601467, 0.5208015021898607, 51717000000, 
-0.007528450958076499, 0.4660462634174673, 0.5202634389459888, 51722000000, 
-0.0506787198786834, 0.43922670945192505, 0.5186804459034398, 51727000000, 
-0.09924969102832304, 0.5210931705055667, 0.5176648502347478, 51732000000, 
-0.07982061939625101, 0.485664589641242, 0.5160831741600014, 51737000000, 
-0.013153240723140475, 0.468306605599795, 0.515976875846261, 51742000000, 
-0.08334492519009298, 0.41945131304493505, 0.5153708970849021, 51747000000, 
-0.06700806746005955, 0.48595975472941194, 0.514152320495813, 51752000000, 
-0.08348119387151591, 0.48298299786362286, 0.5142490618387711, 51757000000, 
-0.03192273265189306, 0.4404452572973653, 0.5143623908810121, 51762000000, 
0.009913417846118301, 0.4262987455955468, 0.5139454124252829, 51767000000, 
-0.10080494994736224, 0.4850143430743518, 0.5141632957327584, 51772000000, 
-0.06810798457687701, 0.47888525441985696, 0.5146554295556006, 51778000000, 
0.020217575324144907, 0.4572466424940001, 0.5155143730826829, 51783000000, 
0.24742639933837737, 0.4405215580306465, 0.515886049906143, 51788000000, 
-0.11224865808875659, 0.527308967428368, 0.5161384892030559, 51793000000, 
-0.016505156409303313, 0.4443955888357046, 0.5168033878202619, 51798000000, 
-0.07435676183543227, 0.43975903596806265, 0.5169722443800847, 51803000000, 
-0.09889005835702909, 0.44956389779369665, 0.517073287617518, 51808000000, 
-0.07362090307059369, 0.4841050506928676, 0.516921194755885, 51813000000, 
0.3054212353893584, 0.48008068720624214, 0.5173837531424592, 51818000000, 
0.003058498930964557, 0.39769943441761246, 0.517305356609601, 51823000000, 
-0.14784923988534002, 0.49799117504007334, 0.5171378332757616, 51828000000, 
-0.07820071316240342, 0.5141617587712821, 0.5175051879543627, 51833000000, 
-0.0362405410673214, 0.4229032720352804, 0.5177266399946002, 51838000000, 
-0.03517605184432301, 0.49265005948049, 0.5167464897790517, 51843000000, 
-0.062335436814273434, 0.5042238746849529, 0.5165567337685316, 51848000000, 
0.3407941085367469, 0.46468365404150874, 0.5165461264558787, 51853000000, 
-0.05286036526100629, 0.42149687952536774, 0.5167847711378706, 51858000000, 
-0.10837279946906594, 0.473069479338439, 0.5160636036714038, 51863000000, 
-0.07912940513868798, 0.5089032239878517, 0.5156863855746798, 51868000000, 
-0.044048198541131484, 0.4554390211471736, 0.5162895510610988, 51873000000, 
-0.019382276131709016, 0.46933634245862965, 0.5159916965095683, 51878000000, 
-0.09522101586329923, 0.4788402269518065, 0.5156530856538368, 51883000000, 
0.03592415697131831, 0.4785397845880335, 0.5161343555797603, 51888000000, 
-0.06299139929324252, 0.43492722048456717, 0.5160564447079159, 51893000000, 
-0.08104670160890876, 0.4745980410386807, 0.5155443504061068, 51898000000, 
-0.09107679947284633, 0.48646438060542685, 0.5152301601040075, 51903000000, 
0.009640516513687032, 0.4398575076327864, 0.5157701806796586, 51908000000, 
-0.054588787396492554, 0.47077912959513557, 0.5153697879478459, 51913000000, 
-0.1593787433846321, 0.5000709443361485, 0.5154789147074553, 51918000000, 
0.26343167986245175, 0.5184275411661413, 0.5150351546270359, 51923000000, 
0.011995551867842453, 0.44360781300061497, 0.5155266150870398, 51928000000, 
-0.010172537890700504, 0.45936896539354716, 0.5159770871299817, 51933000000, 
-0.13127994239835708, 0.489666641776789, 0.5152228234077576, 51938000000, 
-0.07246280770097413, 0.47436346733389984, 0.5159116730677314, 51943000000, 
0.08626802655948453, 0.44919226410408714, 0.5162044920811765, 51948000000, 
-0.1039057898588605, 0.45399300208602794, 0.5161571261309347, 51953000000, 
0.25833206087087907, 0.47227083243470624, 0.5157389692143627, 51958000000, 
0.02827596119911796, 0.47803168062596363, 0.5161471598341572, 51963000000, 
-0.08437806527616531, 0.4652656362103761, 0.5161986939355365, 51968000000, 
-0.10634733876865389, 0.4820890673719545, 0.515555359253608, 51973000000, 
-0.06095536178177004, 0.4776631137361408, 0.5159649426022948, 51978000000, 
0.011558204363107418, 0.44843067157594096, 0.5158611378156945, 51983000000, 
0.20663710222401188, 0.46593166501985017, 0.5151512060655987, 51988000000, 
-0.03426110612323337, 0.5066732430253235, 0.5149510996111408, 51993000000, 
0.024249729394444332, 0.4871185514357785, 0.5152577241491991, 51998000000, 
-0.04803076075043108, 0.4609797827716044, 0.5149671455338751, 52003000000, 
-0.16227157606763107, 0.49705092804865525, 0.5153160172930393, 52008000000, 
0.015203869215511673, 0.4715478182885831, 0.5149142373494174, 52013000000, 
-0.0630934974690996, 0.4809297980173081, 0.514839572900064, 52018000000, 
-0.13450691867009892, 0.49509536484632904, 0.514890342166773, 52023000000, 
-0.007455508903254149, 0.4424893813116765, 0.5148150817198378, 52028000000, 
-0.06262710292231084, 0.47413916380785326, 0.5150505539906145, 52033000000, 
-0.05572371320706207, 0.5048990388451248, 0.5149426857028383, 52038000000, 
-0.1277717973659933, 0.5155521478427229, 0.5149283963446472, 52043000000, 
0.024847589776210162, 0.4626098824087539, 0.5150874204273621, 52048000000, 
-0.09000222203482691, 0.45757369495250083, 0.5146476469607116, 52053000000, 
0.23628790672430638, 0.49840522449665775, 0.5144884424422943, 52058000000, 
0.021568118954306367, 0.4542159730650313, 0.5150025150880948, 52063000000, 
-0.11541042257131269, 0.4878808031993545, 0.5151582688748918, 52068000000, 
-0.12374051902031927, 0.5193947395714373, 0.5148553135730705, 52073000000, 
-0.004088596838958562, 0.44778420425534393, 0.5150705344654937, 52078000000, 
-0.05925649148414533, 0.5094512753020146, 0.5142481191685266, 52083000000, 
-0.12274038258782334, 0.4919581958726946, 0.5142024045008977, 52088000000, 
0.3552272521941791, 0.44574918948569164, 0.5145090727133856, 52093000000, 
-0.04127890997516467, 0.46318009789366593, 0.5142900692918477, 52098000000, 
-0.1432027508969961, 0.5108919534476317, 0.5141281662710085, 52103000000, 
0.022399777500333447, 0.4759554481141238, 0.5145167401070899, 52108000000, 
-0.022892827214928985, 0.4890054444722799, 0.5144727115701002, 52113000000, 
-0.12155243712302144, 0.489706448624128, 0.5137181540503833, 52118000000, 
0.015858698844622272, 0.4820287346671811, 0.5141221457261043, 52123000000, 
-0.005950001323098034, 0.46320430592735795, 0.5146508148731744, 52128000000, 
-0.15198157617605326, 0.48768791777747, 0.5138641114474973, 52133000000, 
0.015996877904849327, 0.46493719276672657, 0.5148208096027392, 52138000000, 
-0.10313804657038976, 0.4454140901080055, 0.5146120968301157, 52143000000, 
-0.08247062149097385, 0.4836902730345688, 0.5143959689965019, 52148000000, 
-0.01429675173313159, 0.4407552225792952, 0.5146434741721924, 52153000000, 
0.2159930905573045, 0.46875643537360046, 0.5146316796217687, 52158000000, 
-0.08189995834005856, 0.4911826762428363, 0.5147018092964776, 52163000000, 
-0.005257186104329049, 0.5036165970452845, 0.5148625052638578, 52168000000, 
-0.043202105491532666, 0.4745661408177838, 0.5145737279691351, 52173000000, 
-0.06975448681837956, 0.4561373243327233, 0.5133989762513271, 52178000000, 
-0.0024854706158509727, 0.46779307133000253, 0.5124315767041644, 52183000000, 
-0.09381677763948626, 0.4802105609726265, 0.5122496759653676, 52188000000, 
0.3465584307558739, 0.4330285226657576, 0.5104130811993681, 52193000000, 
-0.025037618381016993, 0.4583424938994652, 0.5096263743658656, 52198000000, 
-0.08383362848230652, 0.5129662468470576, 0.508711637357275, 52203000000, 
-0.05270297544045455, 0.48015513647071495, 0.506966220840007, 52208000000, 
0.006918066017394253, 0.45469867005143044, 0.5058990106660984, 52213000000, 
-0.08506046626155411, 0.47629224646563423, 0.50519953777298, 52218000000, 
-0.1054352667945605, 0.4805563809256367, 0.5035752628019875, 52223000000, 
-0.04292912390070293, 0.4549721864779727, 0.5030875332198294, 52228000000, 
-0.026175808881853932, 0.47713455274540517, 0.502384924433896, 52233000000, 
0.06736676480362383, 0.45384490256458465, 0.5020232266188528, 52238000000, 
-0.1722081783488035, 0.4832490197258184, 0.501755093811528, 52243000000, 
-0.05114943878193631, 0.4588416122488315, 0.5011989776844972, 52248000000, 
-0.034980983731473424, 0.4435244083004696, 0.5013480438125668, 52253000000, 
-0.14514963212389131, 0.49386306531271223, 0.5011529559634988, 52258000000, 
0.32059727543176003, 0.45955725149000054, 0.5013187712514802, 52263000000, 
-0.17828130684900262, 0.5254411695200902, 0.5022725999275398, 52268000000, 
-0.03111631268057309, 0.4732472416530842, 0.5021663498484893, 52273000000, 
-0.02044005210226055, 0.379925681143341, 0.5023573471842611, 52278000000, 
-0.11789810457713529, 0.5401998093069654, 0.5030284311239628, 52283000000, 
-0.04484069251125032, 0.48438541668310503, 0.5030827905875526, 52288000000, 
-0.04010525107639119, 0.49767163952300836, 0.5028658547821933, 52293000000, 
0.22563910765595052, 0.4766968190796263, 0.5025747348625945, 52298000000, 
0.05158549211927563, 0.40736349829350954, 0.5025203827917071, 52303000000, 
-0.1301771223058818, 0.48888116523471964, 0.5020872908742746, 52309000000, 
-0.033730780652477324, 0.4869394156822792, 0.5020095032384462, 52314000000, 
-0.0056183637262431346, 0.46550476514500533, 0.5021234113556466, 52319000000, 
-0.10904617145394671, 0.5156975091584376, 0.5018024377772574, 52324000000, 
-0.006970541431551409, 0.46431568146701885, 0.5018847696872856, 52329000000, 
-0.0297489086606922, 0.4320489192720096, 0.5017122999871364, 52334000000, 
-0.09641734333974786, 0.5045610230842164, 0.5022031254870584, 52339000000, 
-0.04108744458598326, 0.4991066823187777, 0.502545721790921, 52344000000, 
-0.025671341332283278, 0.42319195701513973, 0.5031162408472079, 52349000000, 
-0.11922388497433334, 0.4964411264634024, 0.5034738098276156, 52354000000, 
-0.04598122003068362, 0.5138223373896389, 0.504506399246623, 52359000000, 
0.236590525626527, 0.4601960770278353, 0.5049070017523785, 52364000000, 
-0.10577519187832332, 0.5270887935286038, 0.5059726749528188, 52369000000, 
0.027655788058429193, 0.4662840215164937, 0.5070010909946684, 52374000000, 
-0.13046620735197964, 0.49514999067878246, 0.5072583738366689, 52379000000, 
-0.1037076321894039, 0.4729610642867761, 0.5088893225215843, 52384000000, 
0.011559427523944548, 0.48123800870833805, 0.5094883865119875, 52389000000, 
-0.07005451269303667, 0.46521008484086274, 0.5090173703429864, 52394000000, 
0.17225975880306196, 0.4573171246484503, 0.5100679069851528, 52399000000, 
-0.007188757443155918, 0.46306768722024383, 0.5108230164765377, 52404000000, 
0.009501270863088726, 0.48890957616865455, 0.5111078047458196, 52409000000, 
-0.09999583467879684, 0.49957658146008144, 0.510505385116294, 52414000000, 
-0.16100446249003747, 0.47450883514169995, 0.5108300332274732, 52419000000, 
0.006534819677570952, 0.447055281285902, 0.5110001504119102, 52424000000, 
-0.008204639827291315, 0.46908686248497006, 0.5114497347752721, 52429000000, 
0.2349949982129, 0.4786524919609538, 0.5104602253499372, 52434000000, 
-0.12857471408037888, 0.5053507480697151, 0.5099406844698537, 52439000000, 
-0.006569770359372777, 0.4680229242189356, 0.5105984308818245, 52444000000, 
0.015519454957387659, 0.46774341138531206, 0.5105378628316966, 52449000000, 
-0.05147722993294855, 0.48018001845123903, 0.5094643799660219, 52454000000, 
-0.14073004951690277, 0.48507832912525256, 0.5090833983602564, 52459000000, 
-0.001528854830436164, 0.4435218360433681, 0.508923798978135, 52464000000, 
-0.08062282349766735, 0.5127723606644423, 0.5090260417115346, 52469000000, 
-0.01547599932916216, 0.4521588704981999, 0.5084851010055339, 52474000000, 
-0.13376715938485514, 0.523363361159936, 0.5071695963020838, 52479000000, 
-0.0766599068485129, 0.4694869720543087, 0.5077840691853972, 52484000000, 
0.048106200176291025, 0.47815032775060196, 0.5075695414273692, 52489000000, 
-0.1540615493689738, 0.4693068482002124, 0.5077935894649074, 52494000000, 
0.29812541132308606, 0.43902441633571077, 0.5079065681824124, 52499000000, 
-0.043489720581125525, 0.5014057880999032, 0.5090494025954511, 52504000000, 
-0.04023458826700552, 0.46284828318489296, 0.5090500942372094, 52510000000, 
-0.061782998918677036, 0.4287961878558951, 0.5093028113753203, 52515000000, 
-0.04981222894891744, 0.5525795199397984, 0.5100357180519587, 52520000000, 
-0.007314257229732158, 0.46552581562519396, 0.5096530158322927, 52526000000, 
0.01667833734366494, 0.4694003319522182, 0.5089974868226731, 52531000000, 
0.169857922337766, 0.5237394994285456, 0.5082290757688912, 52536000000, 
-0.0024628653738070563, 0.4809311747926576, 0.5074519108029235, 52541000000, 
0.05841808772240352, 0.40356235744015184, 0.5059107586627606, 52546000000, 
-0.18679767165360958, 0.5354439199057884, 0.5044006148403702, 52551000000, 
-0.017931467420780806, 0.49381522215070733, 0.503181410305191, 52556000000, 
-0.04021649087535683, 0.4602259327720448, 0.5016207618047177, 52561000000, 
0.15841938758416135, 0.49996779413552156, 0.4997625158245083, 52566000000, 
0.03654942194283629, 0.46206740723877465, 0.49843967249567717, 52571000000, 
0.05983584368990052, 0.3864260796972147, 0.4972966293956816, 52576000000, 
-0.13870168550936315, 0.5529068185906427, 0.49650740744075766, 52581000000, 
-0.0813563474981504, 0.44312765164434276, 0.4958130170191264, 52586000000, 
0.0737081539459726, 0.35084994897229094, 0.49548573952797687, 52591000000, 
-0.20058620660416587, 0.5553963001686096, 0.4956591920188662, 52596000000, 
-0.06676911301408259, 0.4289943625523528, 0.4962230628865544, 52601000000, 
0.06154739097936566, 0.4096371625903383, 0.496459847613907, 52606000000, 
-0.14757753144559602, 0.48046002189822956, 0.4976912755285561, 52611000000, 
-0.03890651798568418, 0.4774948456959314, 0.4987559745754024, 52616000000, 
0.0027884204573201607, 0.47181117092467084, 0.49980846230963866, 52621000000, 
-0.10765843746308887, 0.46026955417841425, 0.500860171862125, 52626000000, 
-0.04536641861206339, 0.43964285049044377, 0.5017457217353088, 52631000000, 
0.29916229124469174, 0.45331873259537303, 0.5030332884889559, 52636000000, 
-0.06902005395781197, 0.4477069551182005, 0.5037255035862772, 52641000000, 
-0.030902727551974565, 0.45699559371985293, 0.5037668776396955, 52646000000, 
-0.10234605282635398, 0.4442228307478073, 0.5047826298325842, 52651000000, 
-0.036894906969529434, 0.41235693562198794, 0.5054603313182955, 52656000000, 
-0.017859995779916996, 0.4703003489012321, 0.5061402261873573, 52661000000, 
-0.12603161115078743, 0.4772859903772216, 0.5062455373191087, 52666000000, 
0.33446463499742923, 0.4648031101562887, 0.5068582771898096, 52671000000, 
-0.07282321495568078, 0.6334715203915151, 0.5075100586698833, 52676000000, 
-0.04154723652988275, 0.3421635312493673, 0.5086020055842675, 52681000000, 
-0.014635473777167275, 0.5142320407680524, 0.5088946324217144, 52686000000, 
-0.11071027551008905, 0.6648788854290182, 0.5096059679224128, 52691000000, 
-0.05877168776651005, 0.33795706217451027, 0.5101404475385168, 52696000000, 
-0.10854065959056211, 0.5128030944889207, 0.5116592639425146, 52701000000, 
-0.07785628009852148, 0.6416419098953547, 0.5128233944749911, 52706000000, 
0.013128797159291002, 0.32801644461496454, 0.5138902177540786, 52711000000, 
-0.03193864865089462, 0.47061084589184676, 0.515255563424145, 52716000000, 
-0.10552149655249622, 0.4879434489633525, 0.5156368772934123, 52721000000, 
-0.03307746792336377, 0.6607798069374373, 0.5167946290572601, 52726000000, 
0.017183601091779348, 0.37947345571718877, 0.5175027245013657, 52731000000, 
0.14345535527651349, 0.5086092065125805, 0.517340327863152, 52736000000, 
0.0015330313821435085, 0.6221480099534529, 0.5181066163531706, 52741000000, 
-0.04192536114015659, 0.3711675509819844, 0.5179998966993045, 52746000000, 
-0.11357071081274793, 0.5247344897834199, 0.5182952535104128, 52751000000, 
-0.03662524806071558, 0.5917861024362856, 0.5183985111874717, 52756000000, 
-0.06295826937209126, 0.36759072125460823, 0.5180255669684991, 52761000000, 
-0.06907144094897544, 0.4894872965798032, 0.5177535520757458, 52766000000, 
0.2985617782610094, 0.6072753232990925, 0.5177962854461814, 52771000000, 
-0.049161170517130065, 0.34613635341426274, 0.5169245516307865, 52776000000, 
-0.12233022995052291, 0.5109711458650037, 0.5166374089263023, 52781000000, 
-0.040818613305140916, 0.5832911038804212, 0.516083000573276, 52786000000, 
-0.10453358929019266, 0.3779899910245382, 0.5162666082959548, 52791000000, 
-0.10856584226715062, 0.4890170904790134, 0.5162430088514806, 52796000000, 
-0.031675748279080096, 0.4812210286685838, 0.515630332378757, 52801000000, 
-0.07315674129600941, 0.505218133378017, 0.5154042378347962, 52806000000, 
-0.026258736563500924, 0.6025160704050447, 0.5155855966065309, 52811000000, 
-0.08026962546165112, 0.3818959144790976, 0.5156279506172196, 52816000000, 
-0.10294781402496009, 0.5028543846192284, 0.5153193070552884, 52821000000, 
-0.024645565561223298, 0.5702436862688092, 0.5158383011156641, 52826000000, 
-0.06854219348906249, 0.29980986048324626, 0.5158648019148908, 52831000000, 
-0.08862885519445358, 0.4770260381865491, 0.5158542473248351, 52836000000, 
0.3024778673792719, 0.5646304842760507, 0.5157254351083405, 52841000000, 
-0.05776223528270183, 0.4105987641065226, 0.5159272494866185, 52846000000, 
-0.1318738417243787, 0.4783522456264573, 0.5159035372991639, 52851000000, 
-0.017873577781711846, 0.5447447527704482, 0.5160749192297543, 52856000000, 
-0.03061146408856585, 0.40840443103553903, 0.5161554899084482, 52861000000, 
-0.07273012760231429, 0.4880435215239742, 0.5167600907908415, 52866000000, 
-0.03014247471102808, 0.6123018940195453, 0.5160647024516402, 52871000000, 
0.2682115949857184, 0.3705949941814218, 0.5160545431922755, 52876000000, 
-0.12068967040800216, 0.4801930445584763, 0.5160453579559038, 52881000000, 
0.0014536710462205414, 0.6112267985060369, 0.5157278297802451, 52886000000, 
-0.0010696704554464097, 0.43525326521421526, 0.5151598702238799, 52891000000, 
-0.11609077408705436, 0.49979949499818843, 0.5154253121674044, 52896000000, 
-0.00972842173185456, 0.5622102904848311, 0.5150758480401624, 52901000000, 
0.23512943576898562, 0.38202768158680006, 0.5149751197561557, 52906000000, 
-0.04084186712873548, 0.4833551395732106, 0.5147912849043399, 52911000000, 
-0.02007687877905989, 0.5747775072518488, 0.5143139312084885, 52916000000, 
-0.030434290491020408, 0.3913229219412859, 0.5145229216918128, 52921000000, 
-0.07603149333861675, 0.5705132168949216, 0.514556998578942, 52926000000, 
-0.02632440235929912, 0.5258791154540221, 0.5143050362910818, 52931000000, 
-0.09590563531323631, 0.40176515953805325, 0.5145444793059649, 52936000000, 
-0.03209948047127851, 0.5727264438063003, 0.5147228383641058, 52941000000, 
-0.07930095228634142, 0.4233199251315612, 0.5147264177871267, 52946000000, 
-0.06587331311908662, 0.49397577818454735, 0.5148200400229015, 52951000000, 
-0.03486266002388051, 0.5937831330851419, 0.5149259456461258, 52956000000, 
-0.027280920806469766, 0.38907175979534037, 0.5156975734736987, 52961000000, 
-0.07129035253811516, 0.5282039797167053, 0.5153112835217818, 52966000000, 
-0.04010609941209929, 0.5435931334637604, 0.515664607765269, 52971000000, 
0.4076314508707781, 0.3765742926531964, 0.5153226959501405, 52976000000, 
-0.08920672060957363, 0.49511577586316124, 0.5157830458568582, 52981000000, 
-0.06959256672533096, 0.5818096833470779, 0.5155937437299081, 52986000000, 
-0.092414061694591, 0.41873358737541033, 0.5154814267368363, 52991000000, 
-0.09881997037630559, 0.5234078994667819, 0.5156270268500555, 52996000000, 
-0.018060451103817106, 0.5677569028179851, 0.5156847811680656, 53002000000, 
-0.0886474273952549, 0.4236493950760019, 0.5159832116238842, 53007000000, 
0.32711187023209676, 0.5906690366484709, 0.5158947989993363, 53012000000, 
-0.10182336098472129, 0.41169268539578585, 0.5158200765904266, 53017000000, 
-0.044157356776345545, 0.49514466862188417, 0.515818118211978, 53022000000, 
-0.017161848437585364, 0.5800772813102651, 0.5160762519571063, 53027000000, 
-0.06367814131609309, 0.4188173848462266, 0.5158697450238087, 53032000000, 
-0.0740409895781574, 0.5136506104761268, 0.5159533956693201, 53037000000, 
0.2773526419037402, 0.5795009326077826, 0.5160087712523214, 53042000000, 
0.02375627873929683, 0.4061334355087495, 0.5162288597056781, 53047000000, 
-0.10033713432950768, 0.5023148002915256, 0.5164446075400698, 53052000000, 
-0.023389318640352822, 0.5720031943827516, 0.5166156097081481, 53057000000, 
-0.05331926286429052, 0.44474069618327283, 0.5162071354891523, 53062000000, 
-0.08950643365558245, 0.51608830138094, 0.5169307114538879, 53067000000, 
-0.02808121617425177, 0.5829962566854159, 0.5166818850087058, 53072000000, 
-0.04467447143532568, 0.4530518419860141, 0.5170434415287211, 53077000000, 
-0.08490288028413853, 0.5207395978514122, 0.5171796659749364, 53082000000, 
-0.028025115268332082, 0.4945638296994716, 0.5171662403747627, 53087000000, 
0.1031329397129999, 0.5886839043475033, 0.516327768543805, 53092000000, 
-0.16711659805614845, 0.4338748407353381, 0.5155686238809241, 53097000000, 
-0.008891586172247874, 0.5271544820068369, 0.5146389661199589, 53102000000, 
-0.0629048791196784, 0.5172654120433025, 0.5139408253441734, 53107000000, 
0.3679239706025117, 0.6026375197220836, 0.5130979862658535, 53112000000, 
-0.16083478617797356, 0.4239067138457531, 0.5118774169924334, 53117000000, 
-0.04399746627710541, 0.5062774655536443, 0.5110734706364439, 53122000000, 
-0.05226149436905953, 0.516217253575752, 0.5105401894304312, 53127000000, 
0.01175892556837032, 0.5716433097974181, 0.5101427979337174, 53132000000, 
-0.09192173214579104, 0.4129340609905514, 0.50902343725731, 53137000000, 
-0.06925938921360023, 0.48666084745999433, 0.5081363606764305, 53142000000, 
0.3201714675863433, 0.5052979861588198, 0.5080771856124928, 53147000000, 
0.036159502614280165, 0.5398155599641152, 0.5077882023905748, 53152000000, 
-0.1006350526829418, 0.42407981350474055, 0.5069610623641937, 53157000000, 
