acc_x, acc_y, angular_z, stamp, 
0.01334852030713125,-0.026846865896703972,0.008636144132940247, 28104000000, 
-0.07261738429721047,0.09334924760123417,-0.006580278394266022, 28109000000, 
-0.11798319488636104,0.08307778970088667,0.009172333658654483, 28114000000, 
-0.01662879732639806,0.0039034234656862288,-0.01297962008054065, 28119000000, 
-0.16738384486019808,-0.09831805763358722,0.003627944385081909, 28124000000, 
0.004295211186682659,0.0002888834375797686,-0.0006437440951654871, 28129000000, 
-0.16871690035609951,0.016229669909776243,-0.006099228619970452, 28134000000, 
0.035073871418247374,0.050170986103398624,0.0015587260659173832, 28139000000, 
-0.15062384950259342,-0.02792114487115445,-0.003964944581504888, 28144000000, 
0.010292897177913006,-0.015583804144900223,-0.011066302536839472, 28149000000, 
-0.0715147011002792,-0.021524670224282158,0.02648810091691182, 28154000000, 
-0.09810104815899186,-0.0693263418765924,0.004542837558920038, 28159000000, 
0.07482141338447455,0.01944615881628011,0.0007666678191848702, 28164000000, 
-0.08926769444353784,-0.056267372624462825,-0.003402847206356311, 28169000000, 
-0.05938811821284491,-0.0004996603883394459,0.0204168468854121, 28174000000, 
-0.020187002966739254,-0.025956195434974065,0.004822287566437863, 28179000000, 
-0.11550706606520313,-0.019600606587484064,0.0035142222567761446, 28184000000, 
0.08428245952864583,-0.05232713561215569,0.013337111833151628, 28189000000, 
-0.034640602734983615,0.004165950015683345,-0.009977673590631264, 28194000000, 
-0.10123265198877923,0.018743849327337924,0.017904406818922892, 28199000000, 
0.003164562289880655,0.07489792035742666,0.002730420578197209, 28204000000, 
-0.11304108308650353,-0.004229711750423502,0.004743584342386392, 28209000000, 
-0.01433640279345752,-0.09820200488818863,0.01052586451114415, 28214000000, 
0.042738238722537805,0.03178131161242951,-0.01126751428663763, 28219000000, 
-0.12265903757804422,0.01539331647213452,0.04586153627034149, 28224000000, 
-0.03478994853257442,0.11124790347683364,0.06954634212299637, 28229000000, 
-0.15258987347102496,-0.03734214367554507,0.15600801781201853, 28234000000, 
-0.13575550134922026,0.016850647408650707,0.22497956303005254, 28239000000, 
0.012186109089511732,0.05368518243666973,0.30489006292180826, 28244000000, 
-0.18937217779107657,-0.17429260340080904,0.4071797559507098, 28249000000, 
0.018066761676212267,0.14821451776241024,0.49414224275899155, 28254000000, 
0.2839466823782689,-0.00912792567540264,0.5498838058002347, 28259000000, 
-0.1442156303140286,-0.10123840710165645,0.6441980671642563, 28264000000, 
0.04700553330981546,0.1322071188673915,0.6755552969930896, 28269000000, 
-0.008862674125143973,-0.0708397572146922,0.7309531423903977, 28274000000, 
-0.03016750229242328,-0.07953900617208999,0.7532692763991707, 28279000000, 
0.009805254346328465,0.0836931868211456,0.7481480934500375, 28284000000, 
-0.0966137025667581,-0.07571957258683144,0.7224860600422486, 28289000000, 
0.36670091326785365,0.05061411079466264,0.7029631563619889, 28294000000, 
-0.04153664096926986,-0.039511313772093104,0.6650269192552918, 28299000000, 
-0.08443710248680866,-0.13537242963749035,0.6300374544282993, 28304000000, 
-0.0020710883422659014,0.12793891275878946,0.576520012971131, 28309000000, 
-0.14639363009038167,-0.09782583036577272,0.5167919412175912, 28314000000, 
0.10995863598736094,0.12146898950696977,0.47267801105234075, 28319000000, 
0.2321876833144398,0.049478277258153076,0.42457090772344375, 28324000000, 
-0.023796562256197216,-0.08466767536525269,0.3850965249565776, 28329000000, 
0.08663950593743949,0.15708238679909348,0.36302222673870554, 28334000000, 
-0.09758826700798101,-0.18044008125817,0.3709361340884523, 28339000000, 
-0.020367209035159164,0.264413696777001,0.3642966646948593, 28344000000, 
-0.11918919334762755,0.008046538785994994,0.35984528588547965, 28349000000, 
-0.18525363144530682,-0.15595247548756153,0.38845721249120074, 28354000000, 
0.004549466636788178,0.1802847091196808,0.399693752687568, 28360000000, 
-0.09274683816836407,-0.1589768014615837,0.40888063830779364, 28365000000, 
0.002691701087998516,0.1079313163878117,0.4662509186563268, 28370000000, 
-0.09762906666583199,-0.0716404298911153,0.48068049352340547, 28375000000, 
-0.15822234712321354,-0.12180576758714037,0.5177363432069966, 28380000000, 
-0.08222251650689147,0.10712527992194966,0.5437840160288206, 28385000000, 
-0.05782709859704485,-0.03866161136051362,0.5635785789133851, 28390000000, 
0.22100521528602338,-0.04662450848302196,0.5604318711080364, 28395000000, 
0.009535315006745912,0.05118878620728244,0.5931437751999233, 28400000000, 
-0.04339023189957452,-0.026353385257199134,0.5985716424791353, 28405000000, 
-0.1385714534136792,-0.12206436190071543,0.5845482576809075, 28410000000, 
0.014402643689410483,0.09389195845362883,0.5763705878562637, 28415000000, 
-0.11708859307747992,0.022876408545080724,0.5588303060326929, 28420000000, 
-0.06266412657032933,-0.1330442506653062,0.5334631467079898, 28425000000, 
0.3601205060611033,0.10552718588250262,0.537143960880275, 28430000000, 
-0.11678280267680011,0.014976519153825738,0.5193713695046798, 28435000000, 
-0.1382634384091901,-0.12481644170687486,0.5098837630512805, 28440000000, 
0.04648158921916287,0.15346285450342728,0.482274702041628, 28445000000, 
-0.034885267889394264,0.04821942707843315,0.4679488493201321, 28450000000, 
-0.11554140480887588,-0.12991538167061592,0.46745850115781146, 28456000000, 
0.3656553621667489,0.2302359701846818,0.45021624465259713, 28461000000, 
0.03972491016098493,-0.033055943440645524,0.4384273585238055, 28466000000, 
-0.08291060272320572,-0.003796229481642795,0.44730898302487176, 28471000000, 
-0.04155422486917143,0.08064614218003321,0.46740348722397806, 28476000000, 
-0.14019719725827912,-0.1253446732234376,0.46289308369359233, 28481000000, 
0.060760570197999096,0.06915057284243441,0.46496130981220735, 28487000000, 
-0.08138669230309542,-0.017222747072631425,0.4698596921709974, 28492000000, 
-0.13325814795166735,-0.20921209054539142,0.484638955846128, 28497000000, 
-0.035882136053753025,0.1980489619208348,0.5069725047880846, 28502000000, 
-0.009149115442262788,-0.05735632834864364,0.5041165743680371, 28507000000, 
-0.1682476958281342,-0.19627743681401996,0.5226241713413681, 28512000000, 
0.013671660813911277,0.20506358745755615,0.5482106577763424, 28517000000, 
-0.04372294166397432,-0.007151650375013949,0.5317606771320971, 28522000000, 
-0.08042483700242485,-0.20880711116814857,0.5314283784681157, 28527000000, 
0.36258488704225206,0.24750658994176516,0.5146411260514174, 28532000000, 
-0.17780177971530067,-0.2409410190317643,0.5049577485911775, 28537000000, 
0.04167210929551046,0.13285416959564947,0.5192078314379845, 28542000000, 
-0.06707516602410513,-0.0692914024268059,0.5203127809992398, 28547000000, 
-0.1658190434792136,-0.15231879043210383,0.5019083953450758, 28552000000, 
0.061448247940579376,0.10526626569207709,0.5029730689742857, 28557000000, 
0.23335023685929368,-0.04934042556671828,0.5015846693951097, 28562000000, 
-0.044785559151848696,-0.14460415746605787,0.5090438101718457, 28567000000, 
0.04492621362540732,0.04213846972078773,0.495416117540593, 28572000000, 
-0.1879977181951561,-0.03674524536279373,0.4892710866930844, 28577000000, 
0.06486414350933925,-0.008521863924147825,0.4866082948004522, 28582000000, 
-0.04746578118888826,0.01697263008254114,0.5127349222697863, 28587000000, 
-0.11789098563743265,-0.07883462549508582,0.5010668300993828, 28592000000, 
0.006178340917501954,0.15953604692050188,0.485035657641856, 28597000000, 
-0.03351501632626444,-0.04666476838195685,0.4987796619517544, 28602000000, 
-0.12208448399524846,-0.06087089070265856,0.46544212577651123, 28607000000, 
0.044541561512876096,0.10454398433496757,0.47705803539840813, 28612000000, 
-0.1374647518384967,-0.08638414491372085,0.4935037505203959, 28617000000, 
0.045626368237599815,0.05933186383276957,0.48144950332086917, 28622000000, 
-0.03992880493097535,0.02048858367792035,0.5146854168547762, 28627000000, 
0.21030326995202275,-0.0333541126338444,0.48894094221002316, 28632000000, 
0.0348822394502228,0.07977067616320328,0.5067519644637442, 28637000000, 
-0.06430164189793931,0.039518368401236556,0.5040070174705097, 28642000000, 
-0.18090962069670025,-0.07060769344937964,0.5278020410892849, 28647000000, 
0.07358014850440511,0.047506533566416966,0.4974900423508353, 28652000000, 
-0.06563564596867619,-0.012454328106859348,0.5038764147002694, 28657000000, 
-0.1045170239220701,-0.06042245772714254,0.4950394934020519, 28662000000, 
0.3233943954252203,0.05069608825919425,0.4979789097894732, 28667000000, 
-0.01032285588217502,-0.09091367620667412,0.5197937642190823, 28672000000, 
-0.10115416478651532,-0.11000860179105978,0.4885007262516924, 28677000000, 
0.03973203885973206,0.06311268204013215,0.4924267346425627, 28682000000, 
-0.17513086856482976,0.00576278995360853,0.48624431852512984, 28687000000, 
0.019658903197555276,-0.09921923815337383,0.49832168573099145, 28692000000, 
0.04975266591085898,0.049133717649083836,0.48010238657367904, 28697000000, 
-0.1209935365984047,-0.05364818079742727,0.4961637442154668, 28703000000, 
-0.02485082677622106,-0.008726350173724647,0.4957762028433897, 28708000000, 
-0.11150210565205276,-0.05257633859679249,0.5065588855808448, 28713000000, 
-0.09831066654651,0.04232944151463058,0.48977119954173554, 28718000000, 
-0.002760375803170227,-0.00527907893058794,0.49450496133413296, 28723000000, 
-0.1736805816925026,0.0008079863901465653,0.5053093712153088, 28728000000, 
0.34733601356383204,-0.011513532691287062,0.4946821958658456, 28733000000, 
-0.10604513054878996,-0.026286093998022043,0.48642606720773834, 28738000000, 
-0.13319483093726817,-0.03246926321845212,0.5011953100049414, 28743000000, 
0.037263093514089816,0.050940915839651844,0.48485425848370245, 28748000000, 
-0.15404929554907634,0.011897663754224328,0.4864963347187145, 28753000000, 
-0.011983333597985021,0.008149597482785532,0.5002629965538872, 28758000000, 
-0.031625178873597046,0.07013585420093474,0.4860323215280655, 28763000000, 
0.20567789124896346,-0.04190265768548309,0.5022506129100205, 28768000000, 
-0.02129653150164216,0.057734771267176785,0.5130670995173986, 28773000000, 
-0.09390316913084783,0.07778934682002656,0.5205004630634538, 28778000000, 
-0.15381113222636478,-0.0583577529237234,0.5240786023879802, 28783000000, 
0.02182317743116029,0.08531773565369397,0.49493384096177795, 28788000000, 
-0.062323806729387414,-0.03668811077193867,0.5079341376437833, 28793000000, 
-0.025134120250973585,0.03530308557868129,0.5026940001488182, 28798000000, 
0.05996840960704114,0.015353357708190938,0.4997713119757591, 28803000000, 
-0.07026663505691713,-0.018702881691645294,0.494168988349524, 28808000000, 
0.03531624389069482,-0.0178410540584335,0.5003717164555131, 28813000000, 
-0.06365197401210274,0.04369544128444704,0.5132759736092725, 28818000000, 
-0.03187073708077177,-0.026421654005076595,0.488476334426776, 28823000000, 
-0.0003628269217517202,0.041426013476681275,0.5046881554536673, 28828000000, 
-0.14218979910948867,-0.03660252500881912,0.4945207312827914, 28833000000, 
0.4042010983479203,-0.019601920098601216,0.4926648170870084, 28838000000, 
-0.06351633230528408,0.10748522691404787,0.5070706274885773, 28843000000, 
-0.18266397561101572,-0.06585070352203318,0.5001516416933488, 28848000000, 
-0.014733927625451839,0.014443923964340032,0.5044599989057237, 28853000000, 
-0.056849309562429305,0.04424759346989868,0.4963851248110366, 28858000000, 
0.028193368227705403,-0.10717978003295327,0.4864304744379065, 28863000000, 
0.16910643946858908,-0.0033604591003938904,0.5032927116948797, 28868000000, 
-0.0731446772581024,0.08716350771151518,0.4950325474255131, 28873000000, 
0.019336096387612706,-0.10087854686223971,0.48962957037481186, 28878000000, 
-0.14952718142938756,0.08516873760922905,0.4892025161248491, 28883000000, 
0.04733484611872274,-0.000845253288429635,0.48397638457501196, 28888000000, 
0.01864486933003471,0.06068245580350823,0.5093416897302036, 28893000000, 
-0.07111784191671328,0.06850339715882994,0.4915496426872908, 28898000000, 
0.37339686644768133,-0.10201869554249114,0.5159875199840332, 28903000000, 
-0.03655539969223677,-0.049609933692205586,0.48651857198283466, 28908000000, 
-0.098734787921334,0.057867653827071784,0.49527270835798815, 28913000000, 
0.019619010660287244,-0.06394302607924071,0.48961249202907, 28918000000, 
-0.11661048179359397,-0.005907897423420232,0.4948057437326648, 28923000000, 
-0.15559365525216423,0.04271529942362385,0.49722068427895233, 28928000000, 
0.042734880408206374,-0.04477192142647797,0.49884632621453434, 28933000000, 
-0.05789229170278389,0.023901213459808477,0.4995362943176096, 28938000000, 
-0.11670724840773251,-0.07741538680229942,0.4906621312652809, 28943000000, 
-0.06367078909753617,-0.049435347688412457,0.5100805872927876, 28948000000, 
-0.13485840748572575,0.05548875747612999,0.5165319382323972, 28953000000, 
0.03958707495452543,-0.0065913563512039015,0.5045711579003948, 28958000000, 
-0.13038866396036888,0.05935219039309611,0.511731860300413, 28963000000, 
0.001628905986766147,-0.027768628784170277,0.495003270976913, 28968000000, 
0.2684996577227797,-0.013045268584286908,0.49342976931448895, 28973000000, 
-0.15022261022602043,0.10414108778404763,0.4895686297011172, 28978000000, 
0.05670758113608058,-0.056068596284733825,0.47727638217915386, 28983000000, 
-0.09656235391807987,0.07502284110192577,0.4884859169513157, 28988000000, 
0.01416734148981336,-0.018425391488978853,0.5055733350180404, 28993000000, 
-0.0708432017230203,-0.021145340948116376,0.5114220827635693, 28998000000, 
-0.07523428097926811,-0.010675826426910964,0.4892746978743258, 29003000000, 
0.28988107973323846,-0.06556623237027798,0.5037532927676722, 29008000000, 
-0.0431931663954935,-0.00838571411327213,0.5080885334488671, 29013000000, 
-0.16553436931940824,0.06746629160012792,0.5030158549636216, 29018000000, 
-0.017764961991939027,-0.033257340446081064,0.4984809621465067, 29023000000, 
-0.009392709148137085,0.013472943309513544,0.49667917919596277, 29028000000, 
-0.08515113304749772,-0.009291476345085245,0.5031310261489925, 29033000000, 
-0.03181384701066131,0.013077877167516804,0.48973020948390994, 29038000000, 
-0.048914635696871635,0.02250438393577969,0.4930241612112114, 29043000000, 
-0.10904417593596367,0.076285344734972,0.49598753803099116, 29048000000, 
0.010453301271827652,-0.06504914890836971,0.5023094188338459, 29053000000, 
-0.052783440281030686,0.0407650259315853,0.5031712485918062, 29058000000, 
-0.13931890238926703,0.023150417082890097,0.49449919369379963, 29063000000, 
-0.005543248916144682,0.03226001144334841,0.4934048088292761, 29068000000, 
0.2778245610978303,-0.02253873922084248,0.5086499633001171, 29073000000, 
-0.10686914492397706,0.09946318978784366,0.4913502392058347, 29078000000, 
-0.037976313968715876,-0.011989593927404847,0.49636016739321825, 29083000000, 
-0.09050109462959027,-0.030932376179506296,0.47270790615015856, 29088000000, 
-0.07137386785615307,0.10052919568173219,0.48385956701275457, 29093000000, 
0.0019054395400464948,-0.06813036200409506,0.5129640932154432, 29098000000, 
-0.06326803273446774,-0.007945498841461774,0.4984943927546583, 29103000000, 
0.18342277825356967,0.07881338042719087,0.5138188895831567, 29108000000, 
0.09685770552027016,-0.062345295000587324,0.48749563599334134, 29113000000, 
-0.08439572728049025,0.015590119719634383,0.5075046786477615, 29118000000, 
-0.1178496166658726,0.024539623477432333,0.497901872268374, 29123000000, 
-0.0029587855459695597,-0.07503206076832128,0.4950806026449243, 29128000000, 
-0.08896224057266218,0.024292096016593604,0.5084119220042881, 29133000000, 
-0.06117156407283734,0.07812346181972306,0.5023224880037516, 29138000000, 
0.3433258090291074,-0.031180259832221766,0.48990196047224516, 29143000000, 
-0.07917742016016394,0.07462852807945906,0.5075960881935982, 29148000000, 
-0.03905338894602788,-0.0666270637511552,0.5049893901141513, 29153000000, 
-0.08337986397063117,-0.03087913517093454,0.5008374477589251, 29158000000, 
-0.13849469617016422,0.11423843753259397,0.5116961739584263, 29163000000, 
0.04492220342868993,-0.07184514074861845,0.5224521764649345, 29168000000, 
-0.10613579325460604,-0.005677982624954319,0.4924848856868689, 29173000000, 
-0.09358762284096175,0.05264523550442335,0.49384184567322253, 29178000000, 
-0.041941721052576805,-0.12947820849165212,0.5304815008171803, 29183000000, 
-0.07780005141207202,0.010064106679483062,0.5020009145431629, 29188000000, 
-0.07582540931905903,0.037005916371623496,0.4992861557421298, 29193000000, 
-0.028285150712786797,-0.13369655694573496,0.49552184213705347, 29198000000, 
-0.08812398016991525,0.1391363475091014,0.5123970166032985, 29203000000, 
0.31792502036265563,-0.042031247286729426,0.5115465215033762, 29208000000, 
0.03161762162314978,0.022753254160450584,0.501041068082696, 29213000000, 
-0.1429563306577462,0.06071732635547426,0.5053597657218153, 29218000000, 
-0.02843365261143138,-0.0620133646704881,0.5005448823285439, 29223000000, 
-0.06335617993285508,0.04277114944213006,0.49186966750683886, 29228000000, 
-0.18121495072758054,0.11898581944097607,0.4865325449433116, 29233000000, 
-0.060114755802848835,-0.06001768320185125,0.5070250063596691, 29238000000, 
0.22857817311559342,0.10125018063463768,0.4972846501174642, 29243000000, 
-0.011976716141778941,-0.07535820847712515,0.4866531363819366, 29248000000, 
-0.08362007895385493,0.01134723501831061,0.4844667411309112, 29253000000, 
-0.12697615081079064,0.12598249431064984,0.508976389898684, 29258000000, 
0.05376187056718768,-0.05143531814578509,0.4947690159802867, 29263000000, 
-0.09933237480612107,0.054071356369144674,0.49710394461057134, 29268000000, 
-0.09798226415467673,0.05817463062682197,0.5015462050620774, 29273000000, 
-0.019926461491307505,-0.04794346040106831,0.5086321016569522, 29278000000, 
-0.15245031465586345,0.13486851698157143,0.5049992925543728, 29283000000, 
-0.005141893760220002,-0.10633944878219005,0.5108746745798436, 29288000000, 
-0.13592007634308156,0.047177248838421004,0.500018383273576, 29293000000, 
-0.06311766377893555,0.0880157975463825,0.49900482966927234, 29298000000, 
0.008323746369924296,-0.00861641968790279,0.5054765372087648, 29303000000, 
-0.06750876467290659,0.10400991688807204,0.4854071257092644, 29308000000, 
0.29705855092673017,-0.04811291824409976,0.4935364487427169, 29313000000, 
-0.0840387477688012,0.08504192182959427,0.49803474168639006, 29318000000, 
-0.10968329598251164,0.056381575580966445,0.47303775383779156, 29323000000, 
-0.037591399642847786,-0.10531637862436918,0.5098177105300574, 29328000000, 
-0.12333202956793621,-0.004404453244318082,0.4981771239955754, 29333000000, 
-0.045700421971646754,0.06631481633568703,0.4925893738692609, 29338000000, 
-0.04362955161787627,-0.14337025809970122,0.48984880121068874, 29343000000, 
0.24312002225415347,0.12115023942212297,0.5093730831501848, 29348000000, 
0.06610673655681883,-0.13837480616729034,0.4811539685279135, 29353000000, 
-0.10911400212466443,0.018993283811612936,0.52158439330433, 29358000000, 
-0.07403465482464915,0.16335312794028092,0.48665898216140235, 29363000000, 
-0.03877054708864463,-0.04638499673445005,0.48331458521801157, 29368000000, 
-0.081036816741554,0.09219522369378824,0.5060156114590562, 29373000000, 
0.030970597722884498,-0.0704845696064848,0.5014653115417042, 29378000000, 
-0.003968260787575291,0.025413283567951132,0.5134452554404962, 29384000000, 
-0.14966758936944555,0.0543423746172277,0.5183564683654587, 29389000000, 
-0.014232674527411063,-0.10078301926078731,0.5022878139678522, 29394000000, 
-0.04629349449914781,0.04929102353568138,0.49833798654519196, 29399000000, 
-0.13181558690133485,0.07516350682973119,0.49978923328307856, 29404000000, 
-0.040673425602811834,-0.12368702068369854,0.4870554779945826, 29409000000, 
0.19093868711107476,0.108749772056386,0.5016877896202604, 29415000000, 
-0.02487122022914055,-0.09483092084722913,0.4895988046026105, 29420000000, 
-0.07172945037200719,-0.019051734539789745,0.506066925425141, 29425000000, 
-0.07689873719984242,0.08828248351218182,0.5034434570303499, 29430000000, 
-0.045675135930017444,-0.13306144634128445,0.498020560506665, 29435000000, 
-0.08565150991167898,0.07727870342223489,0.4925488911031503, 29440000000, 
-0.06857769650161886,0.12988476430240298,0.49754620239123226, 29445000000, 
0.3264854374752018,-0.10939303820125244,0.5028996492234291, 29450000000, 
-0.0875576375037676,0.024667405406476356,0.5019713763245457, 29455000000, 
-0.11371658012852784,0.07314511396818807,0.514591693866526, 29460000000, 
0.00011343042195190861,0.009490796109888518,0.5032959525101921, 29465000000, 
-0.09629481591964663,0.1724336878772,0.4994922228375409, 29470000000, 
-0.045399745362173775,-0.12148003474607692,0.5102954339958301, 29475000000, 
0.290505457061518,0.044944187200237184,0.5069189416449934, 29480000000, 
-0.05376330587072725,0.08964231807759618,0.5056908595592763, 29485000000, 
0.05317683579031547,-0.10855201212553277,0.5014271597751923, 29490000000, 
-0.020765692201901373,0.01646209503336695,0.5038616789164851, 29495000000, 
-0.14902819557961933,0.1940487362020138,0.5068500537291033, 29500000000, 
0.03614387431385156,-0.18393361563129568,0.4996064224730456, 29505000000, 
-0.10485057116182879,0.004320166234727314,0.48121973054767925, 29510000000, 
-0.13053401455700722,0.202257004899855,0.5094667202101665, 29515000000, 
0.06877045989354066,-0.13290010475740818,0.4795137654589217, 29520000000, 
-0.08619732006414234,0.01777499836642065,0.4750139222972776, 29525000000, 
-0.10293006693914795,0.11027081329999755,0.4999655604650583, 29530000000, 
-0.06985150050312834,-0.12590124497153618,0.5027056767594001, 29535000000, 
-0.09783034804012998,0.028672134776753157,0.5080673380930264, 29540000000, 
-0.1631973053908688,0.18902585830182303,0.4914728734022852, 29545000000, 
0.3943913298826759,-0.12117665001136188,0.5045332889465316, 29550000000, 
-0.06518387285177289,-0.0667433621179575,0.49046629669752356, 29555000000, 
-0.13989147298874388,0.17974983326734864,0.49858078745815126, 29560000000, 
0.07473934176549149,-0.17344768526414478,0.4906816372314886, 29565000000, 
-0.07240776545621089,0.1879641646352837,0.5060928659091798, 29570000000, 
-0.2313748797840804,0.2355135899623965,0.5075023431798401, 29575000000, 
0.05550769282957603,-0.1491779288050653,0.5043232414578745, 29580000000, 
0.1976856028151699,0.003611664781675482,0.4850948540887939, 29585000000, 
-0.15999430386000174,0.22099742918710957,0.49525847866432166, 29590000000, 
0.005314167210292832,-0.12497247369770492,0.4888024016415832, 29595000000, 
-0.06091458424227006,-0.04636646193751852,0.512959550825279, 29600000000, 
-0.059101209728829776,-0.009453614038625553,0.49288658615686576, 29605000000, 
-0.05212618958428923,0.11550722930611079,0.49287428218331447, 29610000000, 
-0.05515871959413925,-0.0016468496324235984,0.5237075960567829, 29615000000, 
-0.11618951166992392,0.2169378918281328,0.5063491617149545, 29620000000, 
0.027272394545297354,-0.14872133965913892,0.4956360402691105, 29625000000, 
-0.02999445046454541,0.03685082811705463,0.5030860536608052, 29630000000, 
-0.1274172929923852,0.19795860301337942,0.5103937120079513, 29635000000, 
0.042349276906740604,-0.15611402921227288,0.5196363937750984, 29640000000, 
-0.08681758059964746,0.08368050111289702,0.4750993163286508, 29645000000, 
0.2530047049701588,-0.01469982966228129,0.5136958082011875, 29650000000, 
-0.0124037907966357,0.03627131633165702,0.49053989670019904, 29655000000, 
-0.1111990411534092,0.2245614813505436,0.4888761936433978, 29660000000, 
-0.022664484996345255,-0.10443776292470221,0.49572989837061876, 29665000000, 
-0.012301095844744835,0.017713867974760815,0.502969101115357, 29670000000, 
-0.032252106549760955,0.062039384560558145,0.49018240623953735, 29675000000, 
-0.05812591334105677,0.049445535764137544,0.5062186420164897, 29680000000, 
0.19171866383278308,0.020778465380372774,0.5115913419885216, 29685000000, 
-0.06837813555149702,0.10878824309416843,0.49716915563071695, 29690000000, 
-0.10473330657877189,-0.15194669308944636,0.5143541507202877, 29695000000, 
-0.07659594229655617,0.05450408184246426,0.49030276446562476, 29700000000, 
-0.07524244030900089,0.18939797454904805,0.48952910683680295, 29705000000, 
-0.12242202326482307,-0.1076241767406145,0.5232261116900512, 29710000000, 
-0.09440739791768679,0.07662778017421239,0.5009975621737687, 29715000000, 
0.36369864786409345,0.20308478159241686,0.5078327252185845, 29720000000, 
-0.14883587694578457,-0.0876676972068758,0.5013126609482391, 29725000000, 
-0.0342532319030906,-0.005888284330205509,0.48087027917416, 29730000000, 
-0.035847533032140486,0.14607286122849694,0.4966916145095209, 29735000000, 
-0.09502475305248304,-0.04462077038969693,0.49625111515685183, 29740000000, 
-0.07174272866377607,0.00975159797516248,0.5022003623453316, 29745000000, 
-0.054710255648773035,0.040978503103031944,0.49651419520044227, 29750000000, 
-0.14020985388988222,0.055317563410449064,0.4939962154259093, 29755000000, 
-0.00957661723609574,0.11784731567335031,0.5126949844654127, 29760000000, 
-0.11856864867250341,-0.07455587663829831,0.5238803550720103, 29765000000, 
-0.057179287033821885,0.0895267511357769,0.47773129278239557, 29770000000, 
-0.04567384765331019,0.08495589382576826,0.49024596599958026, 29775000000, 
-0.14585948827717354,-0.07463249949735176,0.4987200527470888, 29780000000, 
-0.02142835199664392,0.06388768422786435,0.4921630509774646, 29785000000, 
0.2699218348780632,0.06063502757620487,0.4901483566053303, 29790000000, 
-0.09192352794186444,0.004050373144944811,0.51015641988687, 29795000000, 
0.009941519590805591,0.09753660560200195,0.4774605154029104, 29800000000, 
-0.16508899653418663,-0.1048648729687155,0.49767965358823524, 29805000000, 
-0.09622510995298642,-0.028073155245791917,0.4954175005717667, 29810000000, 
0.01932487432908156,0.10939895241788566,0.4874708155095738, 29815000000, 
0.1710909951139019,0.05493303174398384,0.5104788894828116, 29821000000, 
-0.11578325053508029,0.01589274542309211,0.5099265955553723, 29826000000, 
-0.05616356182742518,0.1043855388593028,0.4909496551551612, 29831000000, 
-0.13795104852140797,0.1190758321385085,0.4965431375285814, 29836000000, 
-0.0507013509117229,0.16069648332347336,0.5070863600168932, 29841000000, 
-0.14235976358166344,-0.03754167271361965,0.5183769231365398, 29846000000, 
-0.11038071702385033,0.008946018422179486,0.5134386723894692, 29851000000, 
0.015422971737722984,0.14152060356352106,0.4964352117709663, 29856000000, 
-0.06194702372051659,-0.0725585068222902,0.4923794532101586, 29861000000, 
-0.024386783005352717,0.043743300917998475,0.48679115002281, 29866000000, 
-0.0074334538354179115,0.1209374941068489,0.5113140607527297, 29871000000, 
-0.11770106349810447,0.02291798341407568,0.49072034834396655, 29876000000, 
-0.04619515100215531,0.034985833131831685,0.5083513441723806, 29881000000, 
0.003850392158492843,0.09547127841609848,0.5106529395780209, 29886000000, 
0.24415247445629096,-0.11391267070247235,0.4749792579970803, 29891000000, 
-0.07591178883337633,0.05128189128794276,0.49918335887272364, 29896000000, 
-0.11529284942505136,0.1053882058896542,0.4841053045878279, 29901000000, 
0.033909174514529176,0.031157239937106892,0.4990301591892726, 29906000000, 
-0.012888496204781085,0.07835600737940993,0.5123178428458148, 29911000000, 
-0.10093709986281274,0.050943058840503624,0.49825679043682475, 29916000000, 
-0.04202158967449494,0.12442655056981701,0.5045390648641555, 29921000000, 
0.30945451939460183,0.1288646524192686,0.4971586669273779, 29926000000, 
-0.15398807357238187,-0.09666217766757387,0.49401629967124977, 29931000000, 
-0.05441730947352043,0.037386983979908764,0.5101118196408521, 29936000000, 
0.03556122282208996,0.16106045630913143,0.49615844258811265, 29941000000, 
-0.12132638312997672,0.0048174010850588755,0.5038884453115102, 29946000000, 
-0.007218634892743662,0.11242108403078291,0.49280894009927784, 29951000000, 
0.03687642589124945,0.09729921495767621,0.4963573740580746, 29956000000, 
-0.13614824624456212,0.0065459132612273145,0.49911352470453985, 29961000000, 
-0.030930805562439042,0.06253699413308036,0.48895155465604795, 29966000000, 
0.02523190533688256,0.10458624222175797,0.4872640250402681, 29971000000, 
-0.09287520666938145,0.01686668166139387,0.5015925437182996, 29976000000, 
-0.02291868168422518,0.1332256202285433,0.49604913401957795, 29981000000, 
0.01861924315546787,0.1493297442934901,0.4934858215189519, 29986000000, 
0.16481267802778515,-0.08840069126232958,0.5227097327939793, 29991000000, 
-0.017568577331857894,0.1250557707609764,0.48156333303843474, 29996000000, 
0.004105332221986842,0.09702173846735372,0.5082129240331802, 30001000000, 
-0.17230801447131144,-0.06519755773373986,0.5017868078419361, 30006000000, 
-0.04194393541431148,0.11233631032955255,0.5079053650906723, 30011000000, 
0.07994388239182533,0.12432249629218795,0.4972972165424188, 30016000000, 
-0.10704270506336103,-0.00498091881746511,0.4955497320645765, 30021000000, 
0.27095800406352766,0.03299293661784676,0.5093580212072744, 30026000000, 
0.09662201039966417,0.15697355540602392,0.4945819422623968, 30031000000, 
-0.17453263838000008,0.00875462553316039,0.5018704612808098, 30036000000, 
-0.028873416395759046,0.06380200478675782,0.47842067671471256, 30041000000, 
0.0026013301616746474,0.17200623582433314,0.5049251079079229, 30046000000, 
-0.11552004416128776,-0.05141266595769996,0.49847648472858325, 30051000000, 
-0.06613127419067115,0.06376596734293442,0.5075025115383959, 30056000000, 
0.31170809343514627,0.10170746317265213,0.4927985780881772, 30061000000, 
-0.22862180545296762,-0.02178361178114082,0.5240928074906439, 30066000000, 
-0.10501454358931378,-0.046309585598398095,0.49983164066927294, 30071000000, 
0.0484280363256937,0.11924062159942095,0.5055333899960878, 30076000000, 
-0.10471717468046288,-0.01851147741549774,0.5065922409831095, 30081000000, 
-0.020313370022831078,0.10902492463194642,0.5051110132786073, 30086000000, 
-0.0010036514698454416,0.06536925813662771,0.4922345841853841, 30091000000, 
-0.09012076525222852,0.06641440544170155,0.4902904786409044, 30096000000, 
-0.07949030326329205,0.11455814555389526,0.5036899754075793, 30101000000, 
-0.0846006636590966,0.05169411627831065,0.4908422866096646, 30106000000, 
0.024596412187648267,0.056025418200100534,0.5069003122642601, 30111000000, 
-0.12706410521131598,0.006591656762656685,0.49634088779358243, 30116000000, 
-0.018492081508347656,-0.009195367199269685,0.5023867342956246, 30121000000, 
0.31368612342765045,0.05095481620604322,0.5164795871540463, 30126000000, 
-0.11361910296968561,0.01994001108536826,0.49243913806900486, 30131000000, 
-0.03689113118065866,0.04869887849648907,0.5001871003356332, 30136000000, 
0.09849825878054506,0.09721512636749022,0.4813694342226909, 30141000000, 
-0.10866852983305539,0.012668813163991136,0.4947910313537607, 30146000000, 
-0.02519640604560088,0.01943762651014498,0.5057980113445568, 30151000000, 
0.009036770157487974,0.08850574522803024,0.48815305677159593, 30156000000, 
0.11596621882311473,-0.01346523255248903,0.5048441432074189, 30161000000, 
-0.02378540697622596,0.09201508069832341,0.5217862212793989, 30166000000, 
-0.08891506342451161,0.11387646606765776,0.4999645057820148, 30171000000, 
-0.01440039513249034,-0.008489419805829589,0.4898073614046267, 30176000000, 
-0.043619375324851536,-0.0035816947833137644,0.4954234469419044, 30181000000, 
-0.08466271087502938,0.012474236067614396,0.48282023857214973, 30186000000, 
0.05013456828658972,0.04267160159022035,0.498029902406486, 30191000000, 
-0.14572478542798703,0.015424174772854116,0.497016358737458, 30196000000, 
-0.03184063737620962,0.011376599093409559,0.49137672698805634, 30201000000, 
-0.024339805930445234,0.08944795577422965,0.5016651870826675, 30206000000, 
-0.1412564364938861,-0.03538910345025324,0.5086272347528145, 30211000000, 
0.026552190090691645,0.06896642641084647,0.4906530591028254, 30216000000, 
0.06923495143889392,0.04672954459512153,0.4954147503833015, 30221000000, 
-0.25362587639990736,0.044179777722182206,0.5091913556675103, 30226000000, 
0.27655947785245766,0.006812051065390241,0.5025250087063801, 30231000000, 
0.0626684767093797,0.19013860055537662,0.4803455920644853, 30236000000, 
-0.10384676942669063,-0.007449773874317382,0.49860976361031445, 30241000000, 
-0.036128744690464676,0.03490522212041743,0.4982846107008085, 30246000000, 
-0.10130061277915894,0.08707137958067335,0.4977747650854624, 30251000000, 
-0.091074497230837,0.07478113625908547,0.4932337012025353, 30256000000, 
0.05168544686588888,0.14873748616544863,0.5052909092827232, 30261000000, 
0.1391772041494861,-0.04554362027976129,0.5051783946059379, 30266000000, 
-0.03263868354598594,0.06921281176061005,0.5104182818721625, 30271000000, 
-0.16053641874408897,0.0241032794073229,0.5018526345995805, 30276000000, 
-0.08686444391511927,0.08077217826901763,0.5100020278299138, 30281000000, 
0.05101898111076754,0.07083012980548062,0.5035560115578588, 30286000000, 
-0.2471494751844961,0.02320689595118937,0.5017593417134016, 30291000000, 
-0.08883559049534495,0.1512002857417628,0.5073186745601859, 30296000000, 
0.017460918070874767,0.13447541459137488,0.5074183732045969, 30301000000, 
-0.13673457538567813,0.0009393332197918554,0.5165094235193657, 30306000000, 
-0.037620773895628914,0.03823517646360079,0.4954966463690933, 30311000000, 
0.050457130593129715,0.06869480986839857,0.5102334027128852, 30316000000, 
-0.19634337492496412,0.01120247444462217,0.5171104810186844, 30321000000, 
-0.024349764574986596,0.13661187401212674,0.5039662418475913, 30326000000, 
0.3846562559093827,0.1665871248913105,0.509515263339063, 30331000000, 
-0.19439024623462817,-0.012891582018045347,0.4994568383463446, 30336000000, 
-0.05441744889668403,-0.006893769086361606,0.5052343709878622, 30341000000, 
-0.015928615642010265,0.04100541194793604,0.5034761184478397, 30346000000, 
-0.0628177525816679,0.05401697530921225,0.513640362392475, 30351000000, 
-0.008184404189689722,0.10486259375940846,0.5083791966462134, 30356000000, 
-0.0061631705682735766,0.12519355010380168,0.5072920420314898, 30361000000, 
0.2844606786432574,0.08926694768714029,0.4944215115462099, 30366000000, 
0.02628915458212179,0.11202530330183358,0.4859473352439931, 30371000000, 
-0.019991188675105437,0.037010353290571764,0.4873043342079551, 30376000000, 
-0.1733033519396837,0.012292957882096903,0.5055861855047037, 30381000000, 
0.10870775714319483,0.09701954315339784,0.5146531812977648, 30386000000, 
-0.17177451486571135,-0.03482149019504834,0.5188511861923076, 30391000000, 
-0.08262820653759678,0.07542570731523353,0.4978980303850944, 30396000000, 
-0.010064632918631224,0.09784795471109972,0.5067132720863508, 30401000000, 
-0.1866445514940173,0.08373545853383797,0.5090882203474989, 30406000000, 
-0.03957142772551932,0.017197359688377212,0.49367693314518174, 30411000000, 
0.06602473216651367,0.19938510952743596,0.4980565604746273, 30416000000, 
-0.1553680926949943,-0.029412130093017172,0.5042735197111528, 30421000000, 
0.004751227177151571,0.0058349931841939,0.5039484994564242, 30426000000, 
0.050427647489802635,0.12865972346953403,0.49930719835709886, 30431000000, 
0.22348951648583834,-0.009370510179081443,0.5088297925355024, 30436000000, 
0.047098606612725566,0.10698678433632257,0.48654772463833135, 30441000000, 
-0.17859271052251396,0.0031236523149630957,0.4901348529398757, 30446000000, 
-0.045128846504148265,0.0868416701194095,0.524009126208979, 30451000000, 
0.07708495963083342,0.058251063392638094,0.5010952530495937, 30456000000, 
-0.1306291222752952,0.03198618815455714,0.48356857302080114, 30461000000, 
0.1999819986732221,0.11921206429243966,0.4976619146238965, 30466000000, 
0.13185788514563548,0.07132049746538865,0.5042955084635637, 30471000000, 
-0.16223755074763657,0.003330298759811161,0.5138529698323118, 30476000000, 
0.003027450903473783,0.15619243905170813,0.5101219680463573, 30481000000, 
0.06819228325175965,0.09950704315204886,0.49983827701806066, 30486000000, 
-0.22135431263385003,0.09883569411908519,0.49434331269668863, 30491000000, 
-0.11743011957813929,0.018231188804777566,0.49341360320348077, 30496000000, 
-0.00762960521835733,0.06382404757257708,0.5180590818558133, 30501000000, 
-0.09577004776753655,-0.0055919726368514056,0.4941242410381512, 30506000000, 
0.05231277395491605,0.10546005328239484,0.5060938275121033, 30511000000, 
-0.14693536220958164,-0.05132334538732136,0.4873787852310104, 30516000000, 
0.0005701588932206306,0.09068274129259218,0.5096279265853473, 30521000000, 
0.05792263792925609,0.09263638045067006,0.5137789948893101, 30526000000, 
-0.2318563098315357,-0.06384351525316585,0.507434314787991, 30531000000, 
0.27095769371075795,0.08501054038144758,0.4926338255596109, 30536000000, 
0.02092677626913994,0.1749331393657963,0.49894327565099816, 30541000000, 
-0.15473704356776324,-0.032583580779317736,0.48345925287751196, 30546000000, 
0.013145176956424198,0.005986059290427809,0.4983293271187037, 30551000000, 
0.03648558096367569,0.14563209027040666,0.4980099969555641, 30556000000, 
-0.17401830792842446,-0.05509401836712278,0.4952033520457333, 30561000000, 
-0.044408023501349245,0.06339006244122322,0.4960653036933486, 30566000000, 
0.4167950903746826,0.14256307203857224,0.5029327387934791, 30571000000, 
-0.22701753886795195,0.044054396879372584,0.5069667521270484, 30576000000, 
-0.05144846450532495,0.06910877740436783,0.5002965030350076, 30581000000, 
0.13365638583735748,0.16100232307412676,0.5163000753705708, 30586000000, 
-0.14392434831915568,-0.04039964964851732,0.5241740675749174, 30591000000, 
-0.04547516558079365,0.06139947474356573,0.49776572022243837, 30596000000, 
0.03342518414662006,0.11250520578896894,0.5021985272501279, 30601000000, 
0.1437334698495549,-0.07218041484253164,0.5078667940955466, 30606000000, 
-0.03313782758041891,0.05653952791647303,0.51435800257815, 30611000000, 
0.07041790017974747,0.18483128441032454,0.49274386937413606, 30616000000, 
-0.18899782227332101,0.05017341890588378,0.515787386041139, 30621000000, 
0.006258885304549728,0.08197987587902157,0.5067355980042133, 30626000000, 
0.10633648479912136,0.16329580719855036,0.4998903271051062, 30631000000, 
-0.18059556078542088,0.021790944268875616,0.5073358206974873, 30636000000, 
-0.09074939304771769,0.09473329205392794,0.48690494205817847, 30641000000, 
0.09629865419485355,0.1653071904130512,0.5003273847225446, 30646000000, 
-0.15809846999103233,0.06444404580877913,0.49068961070841677, 30651000000, 
-0.03780434827419706,-0.018754765704375148,0.4836186628495085, 30656000000, 
0.06091369129060095,0.23928786598186638,0.5077531416715408, 30661000000, 
-0.20004870440044106,0.022885837342658127,0.49655750489900274, 30666000000, 
0.28618150257657815,-0.004956123049642297,0.49293886410855725, 30671000000, 
0.07919902446978269,0.10492731368118174,0.5007740511028976, 30676000000, 
-0.18726304394176793,0.05182823591223723,0.5138275039984337, 30681000000, 
-0.10308332058369762,-0.004517968821679118,0.5190170822823161, 30686000000, 
-0.015225042738940917,0.11492281416761188,0.49707496417418073, 30691000000, 
-0.030094652131859044,0.061443268980127946,0.5183242014404842, 30696000000, 
-0.10911733689164718,0.02258548067233044,0.5083997266318524, 30701000000, 
0.3044756951552637,0.03171089645869251,0.5079807366643407, 30706000000, 
0.07611092027309753,0.1719663251184497,0.5137385105004969, 30711000000, 
-0.09614889912077361,-0.03875604064002296,0.4914616495938623, 30716000000, 
-0.04282224090796979,0.03101631613915669,0.49774207774260315, 30721000000, 
0.07461334877884974,0.09974242591469049,0.4957321718544616, 30726000000, 
-0.14554144028694055,0.016007397679611447,0.4796320439761914, 30731000000, 
-0.07054004041887256,0.056792930134498903,0.5110762071144019, 30736000000, 
0.0766673987706836,0.15543263040980582,0.50094599433002, 30741000000, 
-0.19231037379461982,-0.040163075494651576,0.4866385320087247, 30746000000, 
-0.03802348846659773,0.15409307395904678,0.49026026351047647, 30751000000, 
0.04499605512164452,0.18974802704881075,0.49928400263564526, 30756000000, 
-0.17381415833378472,-0.01841384852773973,0.5133929660615669, 30761000000, 
-0.0572441458709821,0.04631771465545383,0.5047532679045863, 30766000000, 
-0.023670963715421107,0.0327213629956801,0.5092689957304228, 30771000000, 
0.3312207052051355,0.12763713482066524,0.4934078413993797, 30776000000, 
-0.05214110946670775,0.12922850570781994,0.49842099598151596, 30781000000, 
-0.04028045447096289,0.10640705666832027,0.4886039365753089, 30786000000, 
0.05396741432309856,0.06409613290250496,0.5103259796548313, 30791000000, 
-0.1628337288089589,-0.0026965126239706337,0.5102666026678218, 30796000000, 
-0.032542057742385,0.12040884035926114,0.49604477293609833, 30801000000, 
0.3415820388047455,0.2241290062733269,0.49112273886960356, 30806000000, 
-0.05772244766505798,0.054776833227924766,0.5051381990062278, 30811000000, 
-0.0503362368750021,0.14106828707635766,0.5015122349753453, 30816000000, 
0.055253280172619886,0.1380180815191429,0.47731106212727376, 30821000000, 
-0.16893227441809272,-0.07783798152727678,0.4982031204184993, 30826000000, 
-0.06167494079462494,0.004664490735369606,0.514018867631677, 30831000000, 
-0.04678740325263733,0.10253795575724858,0.506451204743791, 30836000000, 
-0.07325715026424319,0.06866393847895005,0.4849557291350341, 30841000000, 
-0.06017414055297091,0.12668772016484828,0.518741299944717, 30846000000, 
0.08028935986218186,0.12355087290391728,0.5028578604880222, 30851000000, 
-0.15867982581525458,-0.007431575708203401,0.4964395318340758, 30856000000, 
-0.08013225066470694,0.10738606215647525,0.508863460609126, 30861000000, 
0.029197238364895246,0.13570788857222688,0.5084131113331762, 30866000000, 
-0.23886513397385833,-0.03372300623623075,0.47948400860465085, 30871000000, 
0.32668389009416,0.06118387098626991,0.5021932543345029, 30876000000, 
0.03488074650781538,0.18245491863964147,0.49868929249845156, 30881000000, 
-0.13060933711264205,-0.017626389538709368,0.5002607197385784, 30886000000, 
-0.040385684052746854,0.1543866674906323,0.4966180529227238, 30891000000, 
0.04572421763975355,0.09201429142570033,0.49603959660639346, 30896000000, 
-0.15829429472734088,-0.02703089790583511,0.49170130965307834, 30901000000, 
-0.05224272814744649,0.016014008920877287,0.5040695586442583, 30906000000, 
0.33671461316852813,0.17114435864433492,0.5104553366416367, 30911000000, 
-0.17690733365190536,0.02653724865581235,0.5109712211084743, 30916000000, 
-0.012814900478071541,0.09799677691450108,0.49345825884037786, 30921000000, 
0.035947325810592665,0.14601664864979264,0.5033425278324615, 30926000000, 
-0.18643128713557505,-0.0007564537219377464,0.5047616434492703, 30931000000, 
-0.0675153269154034,0.08098705030019526,0.5169630693625288, 30936000000, 
-0.13449466035863128,0.09323134035777506,0.48235704939866453, 30941000000, 
0.18748390541127277,0.0376581857381579,0.497102741774653, 30946000000, 
-0.12432701666773152,0.12495729524920401,0.47886387875574077, 30951000000, 
0.07760229459472201,0.18540536669931637,0.5142312548151817, 30956000000, 
-0.2499215988489475,-0.1339272529300119,0.52417451757305, 30961000000, 
-0.04790972616541499,0.09072737113911376,0.5007072022019988, 30966000000, 
0.11335465093532868,0.06892735856554175,0.5133308555681411, 30971000000, 
-0.1043077369603761,0.004214289122012507,0.5024016430912475, 30976000000, 
-0.03112728746122451,0.1252797820147555,0.49889695128766626, 30981000000, 
0.05166264299837772,0.14557128475654124,0.49734088903596524, 30986000000, 
-0.16939326876966088,-0.02069169353419785,0.507790544093008, 30991000000, 
-0.0920415544713136,0.11805668539833435,0.4909859488656031, 30996000000, 
0.07087337612300101,0.1656969092688746,0.49547461005291266, 31001000000, 
-0.17220744986572206,0.07037446094426805,0.49255956291025393, 31006000000, 
0.3399453641745133,0.0985930465604352,0.5098087320214434, 31011000000, 
-0.06149367328097406,0.13397335911015434,0.48972326927710425, 31016000000, 
-0.10199643285322572,-0.003015556097953717,0.4978544602985358, 31021000000, 
0.02020617569636271,0.22097165243509032,0.5264293580082213, 31026000000, 
-0.12694651501978302,-0.009531910623589771,0.5046138454535466, 31031000000, 
-0.04850534645136961,0.018923083189710324,0.4978384602380397, 31036000000, 
0.04343809591097455,0.15211177004261425,0.508633908408478, 31041000000, 
0.1115857379226424,0.06441349263421142,0.4880793486185417, 31046000000, 
-0.03469130536059857,0.03509029416874123,0.49165177327816906, 31051000000, 
0.08512005434792005,0.2085284954469512,0.5078762641334192, 31056000000, 
-0.25631563733514307,0.03749726294833988,0.5098778458075188, 31061000000, 
-0.040184572066386835,0.10339174830719834,0.5162339429125556, 31066000000, 
0.04572521881129958,0.2005926326755224,0.5088264174085106, 31071000000, 
-0.2061231814602053,-0.0076866550520530005,0.4712338849430665, 31076000000, 
-0.07131223654937777,0.12733470687963766,0.5057711791536238, 31081000000, 
0.048556690284135874,0.14952443397178755,0.5024640290580302, 31086000000, 
-0.14707168644125337,-0.033603326471296865,0.48939092274470153, 31091000000, 
-0.042476482946513294,0.09403126149151947,0.4900831909993805, 31096000000, 
-0.05123412825349524,0.03498960014420995,0.4977168389043602, 31101000000, 
-0.06391806118613697,0.08641589079191915,0.4958170325594875, 31106000000, 
-0.05308823987855965,0.09935207423763652,0.49186261683417754, 31111000000, 
0.31916199076151386,0.09365988298613581,0.5124867073499868, 31116000000, 
-0.11949354584489538,0.0982806866314442,0.5075685334884945, 31121000000, 
0.022809592728652028,0.047937257023802846,0.5220318291144015, 31126000000, 
-0.15316599064806685,-0.025169449540304888,0.5040780539387673, 31131000000, 
-0.03992067267925637,0.16568611328723692,0.5002737807687636, 31136000000, 
0.08776633662461693,0.14135391540185127,0.5144625282277066, 31141000000, 
0.13810787184174528,0.013821528480117636,0.4826889068157199, 31146000000, 
0.06712029308417672,0.13558722556956682,0.49431247439137294, 31151000000, 
0.11093442892912209,0.1470473831537123,0.4888767373054267, 31156000000, 
-0.15376025471775098,-0.05860085170457488,0.5050769560883213, 31161000000, 
-0.031050317789015826,0.07109291181855518,0.5230490887840958, 31166000000, 
0.06842845885216667,0.17692869325760657,0.4979075718882894, 31171000000, 
-0.17610367845084135,0.054842823556779025,0.5178556894755839, 31176000000, 
-0.09381528462512023,0.04982956368885232,0.48882917372576995, 31181000000, 
0.08130639600885933,0.1586881355110495,0.4864627427764452, 31186000000, 
-0.1131449895450651,0.0843268259477396,0.5014328865038976, 31191000000, 
-0.049577543373107366,0.02126538758946076,0.48689292568905246, 31196000000, 
-0.01370910512943796,0.15721815230479846,0.5013952191509192, 31201000000, 
-0.16318195673398386,-0.015845391871139234,0.4943302747153331, 31206000000, 
-0.08623813274693139,0.13993564025147665,0.48761109630889127, 31211000000, 
0.4809424593467085,0.2103203622018798,0.4926250139127811, 31216000000, 
-0.12509229434368635,0.04744684860708044,0.5007628903034962, 31221000000, 
-0.04316250720602429,0.07441240605288715,0.5035484243394227, 31226000000, 
0.00044408785987742894,0.13039854330757478,0.5000642806139035, 31231000000, 
-0.217996862377214,-0.04352885170976298,0.49845250875234687, 31236000000, 
-0.02133995999750008,0.12817069714980717,0.5016336526536568, 31241000000, 
0.04391578916470803,0.16837964635013353,0.5003405263233301, 31246000000, 
0.18635373219936174,0.03181438989564126,0.507067216405639, 31251000000, 
0.018958263780603023,0.037968578490845915,0.4904283442389357, 31256000000, 
0.1020098040194275,0.20792570792781864,0.5029587179239232, 31261000000, 
-0.17007143300757324,-0.005503356525001251,0.4850309037253132, 31266000000, 
-0.01584161891369961,0.0995973897435348,0.4952178507249948, 31271000000, 
0.1510088327716022,0.1603071146019872,0.5095709045119035, 31276000000, 
-0.14888815461496377,-0.023913276606047328,0.5021617889653784, 31281000000, 
0.2728223820383529,0.05560159500931075,0.5018400146221578, 31286000000, 
0.029970696070455098,0.09550882186792523,0.49337742317800237, 31291000000, 
-0.17500871438798657,-0.01783940827533837,0.5023208618609438, 31296000000, 
-0.08055114401835317,0.19791225855976322,0.5042987380748204, 31301000000, 
0.07283090300515167,0.24834233967617453,0.4952284444960841, 31306000000, 
-0.13944905065261806,0.01476986135533158,0.5042094394991201, 31311000000, 
-0.033657337945571665,0.1065593024238083,0.5111105793014409, 31316000000, 
-0.02987389663896939,-0.011941842382053397,0.505388125998524, 31321000000, 
-0.07437756369470087,-0.01006324225614455,0.4900857173912282, 31326000000, 
-0.06973628169513622,0.11052770052790858,0.48298467428407743, 31331000000, 
-0.039891737412119,0.010721549477256676,0.5028786439450124, 31336000000, 
-0.07349200491318014,0.09851040083067562,0.4957005604576331, 31341000000, 
-0.0705007056078886,0.14223377234230633,0.5265318505721882, 31346000000, 
0.3923344742972349,0.07505585818042429,0.5096819496281391, 31351000000, 
-0.2188572218216043,-0.005279186910848111,0.4901071950162748, 31356000000, 
-0.050503933625091806,0.07969160832952413,0.48796710315342273, 31361000000, 
-0.04979402692798164,0.10472808017704494,0.49174332395206705, 31366000000, 
-0.03740404584131614,0.052459686008345795,0.48211071874700906, 31371000000, 
-0.1305036153312996,0.1016624045611752,0.4837114128108692, 31376000000, 
0.06259205774675479,0.24252441476687478,0.4980374116234793, 31381000000, 
0.0805167138582769,0.02024604937665538,0.49205047657122103, 31386000000, 
-0.05752388944308177,0.12885608868938478,0.4904888453791914, 31391000000, 
0.0722095510834504,0.12868614502014047,0.526600225071774, 31396000000, 
-0.16851615160503558,-0.0626142072092859,0.4945615160132664, 31401000000, 
-0.062201195638230976,0.1003586054752222,0.5046739756235814, 31406000000, 
0.07425525480002737,0.05073267736158192,0.501189517823055, 31411000000, 
-0.1456223792756901,0.08316026755703596,0.49497199791849356, 31416000000, 
-0.06243429430408985,0.14660235107180117,0.5062508361300223, 31421000000, 
0.07132060966635179,0.2272639466351916,0.509871523350897, 31426000000, 
-0.11350599532719273,0.0016995816591228118,0.5069655373181847, 31431000000, 
-0.032825470410635965,0.14569751168474682,0.5004141688722784, 31436000000, 
0.05260957545077634,0.14961081377931673,0.5036234246924125, 31441000000, 
-0.1696941045869292,0.04758655770140993,0.5066351589624679, 31446000000, 
-0.07203354285316949,0.08071429753165163,0.5068332469087266, 31451000000, 
0.577587998600601,0.19877056698971818,0.48345576609097785, 31456000000, 
-0.2242977527379552,0.02831066695963715,0.49482983947441284, 31461000000, 
-0.09562417619014499,0.06442846753057546,0.5077108127876846, 31466000000, 
0.027640382417964834,0.13062273499454277,0.49074987072345483, 31471000000, 
-0.23610694029611468,-0.03685754532701964,0.5155374608046887, 31476000000, 
-0.14512014653414385,-0.0003881703193965025,0.5059474405560317, 31481000000, 
0.2939873251848931,0.19525543490389197,0.4962919232011013, 31486000000, 
-0.10083407084685006,0.03379651498652181,0.49466596600532897, 31491000000, 
-0.07011297298905125,0.0935572683233938,0.5120043695183296, 31496000000, 
-0.002078060599909441,0.1596940158162214,0.5044938208968028, 31501000000, 
-0.1460441599518698,0.0073838497164432125,0.5073829977285192, 31506000000, 
-0.06163569096574437,0.0902138265960013,0.49550195182828966, 31511000000, 
0.08393948755293738,0.176993927668801,0.5031099966629936, 31516000000, 
0.146773482167595,-0.010854112735906078,0.5063677294986813, 31521000000, 
-0.06474112579092874,0.04698665653532184,0.5055785842196152, 31526000000, 
0.07455129359212986,0.16556263223106998,0.4901616428972812, 31531000000, 
-0.17098131191462995,0.05095444981704794,0.49397145734001807, 31537000000, 
-0.06704759801528767,0.0910025349045882,0.5148129622238187, 31542000000, 
0.10459885299865992,0.15674689747698659,0.5055248097614582, 31547000000, 
-0.16096722424932963,-0.05666693791061295,0.5051033117346256, 31552000000, 
-0.08551024197397487,0.11590031514422738,0.5016447206291375, 31557000000, 
0.0505598894227373,0.26401097489894576,0.47635650483010095, 31562000000, 
-0.14305022824215655,-0.024809175903718395,0.5047025689895728, 31567000000, 
0.029132882251576092,0.0739927532301513,0.5120663111219401, 31572000000, 
0.06489529316188966,0.15605385810864517,0.49855709819070937, 31577000000, 
-0.2378391371044882,-0.03995515452774691,0.5061729418757753, 31582000000, 
-0.07353413496464534,0.10805006562174344,0.49979655873426193, 31587000000, 
0.31591634647145334,0.13689560143393262,0.5107277300051305, 31592000000, 
-0.22759941120500432,-0.03087842980723671,0.5046837702455783, 31597000000, 
-0.03005375246337855,0.06979775926561084,0.4894816849411443, 31602000000, 
0.08030617996059901,0.09352600119539001,0.4990910645828917, 31607000000, 
-0.06711485874522365,0.07363457739661233,0.4858711677513666, 31614000000, 
0.017249382955939856,0.15925784890669042,0.4855365271300775, 31619000000, 
0.193968721496292,0.011714727912980286,0.5192758804458472, 31624000000, 
-0.04283224446362386,0.0535631822140914,0.4852006425452181, 31629000000, 
0.05135330958725791,0.20477947657539564,0.49207068278007027, 31634000000, 
-0.17207622285062735,0.08399782537772894,0.5135574260635372, 31639000000, 
0.011018534729843273,0.06984478799895667,0.5081308190122945, 31644000000, 
0.027425093575005763,0.14693506838785778,0.5095201133060784, 31649000000, 
-0.1625496694093407,-0.017392043499374104,0.5002143724135157, 31654000000, 
-0.05647179601341091,0.10087330037137977,0.5192978606083546, 31659000000, 
0.036765609697301464,0.2554470085629688,0.49479191263413136, 31664000000, 
-0.13569294335399382,0.028375601610153324,0.4939456654532951, 31669000000, 
-0.06493321578820047,0.10019683072242147,0.49866996368755756, 31674000000, 
0.12445367641164573,0.18945878780344516,0.48464513910564233, 31679000000, 
-0.0758437538081419,0.05055392731992421,0.5183803331830977, 31684000000, 
-0.010584087855077008,0.09291977749206735,0.5236400050575918, 31689000000, 
0.3776300216728674,0.19459490984934816,0.49112441192153894, 31694000000, 
-0.13888914252595397,-0.0671997797141793,0.50486111277624, 31699000000, 
-0.0857392188962033,0.17548736558148553,0.5072194153052516, 31704000000, 
0.056418032916811724,0.19563393189213854,0.49577501905032606, 31709000000, 
-0.1726143880368099,-0.09084430147658143,0.48053993160820796, 31714000000, 
-0.10350293267446525,0.02204646385440036,0.4991075648509682, 31719000000, 
0.37952611476975856,0.15738625217584135,0.5130479558727377, 31724000000, 
-0.08923774785109347,0.04342031374996094,0.500864845998039, 31729000000, 
-0.07841104431267651,0.14829445176988604,0.5080813121899528, 31734000000, 
0.07659907275623419,0.2614245118302849,0.5135453113451903, 31739000000, 
-0.19951679175331113,-0.04049478916162429,0.5027622711754698, 31744000000, 
0.019245905943709826,0.15583471740405946,0.5130454598778927, 31749000000, 
0.07435078310266155,0.13813554495916186,0.4985042884680027, 31754000000, 
-0.17766600391924084,-0.07343129686375723,0.47730627362480804, 31759000000, 
-0.020146484245607124,0.08147359557507394,0.5028548553226031, 31764000000, 
0.11938440372422544,0.22982475622034315,0.49447214966370695, 31769000000, 
-0.09451752263022642,-0.043992559164218605,0.5003124306802577, 31774000000, 
-0.06918871278149771,0.15283980584836784,0.501117807298029, 31779000000, 
0.05274645224228802,0.15445963272587085,0.5028274345957315, 31784000000, 
-0.19556743207272506,-0.0335107108886423,0.49010494770901664, 31789000000, 
0.32203519367672384,0.1182162163975908,0.4996064551918906, 31794000000, 
-0.10224838240304225,0.09845336147091266,0.4999522271142748, 31800000000, 
-0.06928432639614913,0.09089582409813858,0.5111842321502108, 31805000000, 
0.09383985874982674,0.22066392646133148,0.4887523140541364, 31810000000, 
-0.21190249956009932,0.040814479268961715,0.5068787433873174, 31815000000, 
-0.031322028981596174,0.13879592742471641,0.48793821416238936, 31820000000, 
0.062419968019376125,0.16974350731920784,0.5210118932499124, 31825000000, 
0.14040391261021956,-0.008786712086399,0.48076549926072537, 31830000000, 
-0.06484691731065162,-0.0064276786891909465,0.5151279753286478, 31835000000, 
0.0970570524556318,0.1419656492278872,0.5039658776666888, 31840000000, 
-0.14555122316753089,0.015508311068936968,0.49210176961306634, 31845000000, 
-0.027072501985670315,-0.024331037337417302,0.5001117247255321, 31850000000, 
0.034385445565956504,0.1959015854062922,0.5027072930084716, 31855000000, 
-0.09860558336143956,-0.059920267118331524,0.5085712657592351, 31860000000, 
-0.1210679652367285,0.15059903090430038,0.4934606394648371, 31865000000, 
0.0036514461107403293,0.16156849976070456,0.5013952829249994, 31870000000, 
-0.14821715584598594,0.038129091261151285,0.4966233432113538, 31875000000, 
-0.041133541061408374,0.10489631011373673,0.49534106091851904, 31880000000, 
0.04903890157249556,0.15778237199926565,0.5056139948647251, 31885000000, 
-0.14391454745704638,-0.11969324905494054,0.4985754686765025, 31890000000, 
0.2583101481199465,0.08797515747748218,0.49559095252057134, 31895000000, 
0.03716739669544958,0.19931909028025677,0.4989608949184731, 31900000000, 
-0.18940882973926643,-0.08440386454247348,0.5141285110227832, 31905000000, 
-0.04515141287639167,0.1276478646384978,0.5236391543721758, 31910000000, 
0.06716556289324656,0.18304976966951259,0.5183625829671928, 31915000000, 
-0.14766999180475376,-0.02279449049064128,0.5048416577427389, 31920000000, 
-0.06666722786248241,0.06906749413674435,0.5059389312421121, 31925000000, 
0.5131299833728058,0.29138033094106763,0.48983195244652084, 31930000000, 
-0.15704175339946524,0.0009682554812888121,0.4948146769556464, 31935000000, 
-0.04105585565583684,0.11514988490141814,0.49230986794011256, 31940000000, 
0.034604096059129605,0.21133612844488286,0.500698991934285, 31945000000, 
-0.1792194010195622,-0.001584636896705501,0.5063410264871084, 31950000000, 
-0.008377835124756698,0.061427919503965527,0.5129501073218133, 31955000000, 
0.041683696958545575,0.11581663651842712,0.48459801503318295, 31960000000, 
0.20036299164280025,0.007144562286836523,0.5059851871076144, 31965000000, 
-0.05812580164601448,0.06763078279327062,0.49927585946466563, 31970000000, 
0.07911005716570367,0.20159372106819357,0.5170301228401324, 31975000000, 
-0.11772024939578422,-0.010651165858752644,0.5348730501294408, 31980000000, 
-0.0303983387073475,0.12115865886742476,0.49332153838371523, 31985000000, 
-0.040202848930141116,0.07507861581400772,0.49254570027838446, 31990000000, 
-0.004572435506763787,0.11970295194195593,0.4997351556772976, 31995000000, 
-0.11651178859700742,-0.0015399535046050211,0.48854620010076943, 32000000000, 
-0.04658373320787896,0.13748085568275087,0.499121293919639, 32005000000, 
-0.03570934079083384,0.1105853494332843,0.5085818782392785, 32010000000, 
0.059919526305720075,0.11525349276351426,0.5295378366198056, 32015000000, 
-0.010186193169266479,0.12408441479215385,0.49292542892423336, 32020000000, 
0.012232401420412951,0.2377816734764972,0.4948615396086161, 32025000000, 
0.020928487801515946,0.011455978125848285,0.4880963835099489, 32030000000, 
0.08823055015086959,0.1936332019853751,0.4926899655687684, 32035000000, 
0.022333965163579456,0.1745258757361351,0.4935527992042669, 32040000000, 
-0.23745809568349072,-0.04595984324210921,0.5035978744100356, 32045000000, 
-0.04453951238545368,0.06067312457879303,0.49860306952971656, 32050000000, 
0.08703914600973932,0.2416882526246272,0.5094979266333457, 32055000000, 
-0.07050288535291002,-0.02151026047932327,0.5094047020019666, 32060000000, 
0.19608962783641912,0.08695808286085367,0.49920583519989115, 32065000000, 
0.08212418399911221,0.25332650475158347,0.5045602368531631, 32070000000, 
-0.20233992939242457,0.010470469126395987,0.50693989242609, 32075000000, 
-0.03508235226642255,0.12439871058190195,0.4976989439410211, 32080000000, 
0.03558895195935822,0.21086128990328193,0.48988535041081654, 32085000000, 
-0.1827341025089862,-0.021045598166831186,0.5018079211822498, 32090000000, 
-0.034147185185551966,0.08844454958508176,0.5053903327060201, 32095000000, 
-0.04696133213584111,0.0624985687446097,0.5042049507160676, 32100000000, 
-0.03380761970146952,0.0558314934002143,0.4896619884065109, 32105000000, 
-0.10373655032035121,0.08741767319159424,0.4978456410696917, 32110000000, 
-0.07949494415452305,0.029735179153069398,0.5018594351393638, 32115000000, 
0.056777737138030304,0.2525212239330283,0.4955807286641471, 32120000000, 
-0.1444529435449904,-0.052831837522528693,0.47894456434801636, 32125000000, 
-0.04351480659073629,0.12078786246686778,0.4945441831627048, 32130000000, 
0.3548330648375232,0.15770479624592249,0.5053305045088267, 32135000000, 
-0.2224333211159908,0.026795142636663945,0.48638014576350447, 32140000000, 
-0.11344298268104998,0.08149027689427643,0.5057571963771915, 32145000000, 
0.09672183115144498,0.19833943995399184,0.5023085636201444, 32150000000, 
-0.17036585410370886,-0.05683525861994816,0.4855019549884898, 32155000000, 
-0.0447217938277059,0.09306876256340396,0.49353923786680803, 32160000000, 
0.11498983936778295,0.24649696772092375,0.48681154231922485, 32165000000, 
0.17073174149579662,0.05308763601690224,0.501145835721893, 32170000000, 
-0.055262857228607166,0.08883955492973311,0.5050641148431566, 32175000000, 
0.11391771117261468,0.19326825417988028,0.5170763785601492, 32180000000, 
-0.14604804379228697,-0.03242844187811883,0.5040929030673759, 32185000000, 
-0.035187365522630874,0.12380768076768382,0.5107678567275122, 32190000000, 
0.032811508160054785,0.16922310078399228,0.5068954089191997, 32195000000, 
0.05937741987771769,-0.047302971078707796,0.49340027345006726, 32202000000, 
-0.05170190337693267,0.04605197396002878,0.500848568671688, 32207000000, 
0.12367213574240049,0.21912844904692255,0.5024908074365498, 32212000000, 
-0.18284592354813983,-0.0809483067174263,0.4924929905869979, 32217000000, 
-0.06191504235080943,0.11583866102013546,0.49611771821356143, 32222000000, 
0.023656332615467367,0.1935479794487481,0.500406029400765, 32227000000, 
-0.17209282114610744,-0.06839298620399917,0.4909936832109507, 32232000000, 
-0.012511311914574455,0.0864448454924454,0.5007816787398839, 32237000000, 
0.025536849378944813,0.201882940793351,0.508346377821199, 32242000000, 
-0.16790880933281607,0.0015957558215628385,0.5135736912795765, 32247000000, 
-0.06881018705391719,0.06923688498365646,0.4789303809155919, 32252000000, 
0.07178825594318396,0.2242826285749417,0.5162659460540076, 32257000000, 
-0.1807741989698585,-0.032009202062328664,0.5072670961805902, 32262000000, 
-0.030436256871760076,0.15146010179670752,0.49830666779345645, 32267000000, 
0.36162873520748245,0.33204076649895226,0.4933891961866142, 32272000000, 
-0.1658865258576011,-0.051540698848418304,0.4845043452222495, 32277000000, 
-0.00262769926333474,0.051527823752897425,0.5135448951297965, 32282000000, 
0.031768993302262405,0.23409275795407442,0.5010337204580044, 32287000000, 
-0.16554432544351658,0.026694266547840493,0.5062512387938092, 32292000000, 
-0.04023020442622491,0.1742623435632614,0.48837183598343487, 32297000000, 
0.33388075193854083,0.1939545614036099,0.5184797966529988, 32302000000, 
-0.12964043958534557,-0.09049209040715649,0.5101985059823814, 32307000000, 
-0.09998309279867382,0.041411510148494146,0.49259320074331314, 32312000000, 
0.029968706065313596,0.19169884887388838,0.4789399960362417, 32317000000, 
-0.1799554385955617,0.006227814395364059,0.4951847951285611, 32322000000, 
-0.10539173276685125,0.04129375084197297,0.49564024007476204, 32327000000, 
0.11207338986342671,0.232669337473338,0.49280038827994405, 32332000000, 
-0.17113442713956312,0.04828680677368878,0.49270244003894703, 32337000000, 
0.00953079309292704,0.082383217816279,0.5289635378394196, 32342000000, 
0.0974703524345291,0.26056349322782213,0.4995132705130562, 32347000000, 
-0.23698190729170765,-0.025090445443721323,0.49890118639004394, 32352000000, 
0.009517194195981633,-0.01790267654168197,0.5025051976920492, 32357000000, 
0.012326134987153334,0.22443396147861483,0.5011317657298094, 32362000000, 
-0.16103175938497194,-0.02850163336222621,0.5069595130466832, 32367000000, 
0.2871087036742858,0.13763149583694348,0.4902896577295806, 32372000000, 
0.12119744647469802,0.24526953040578464,0.5287544427832527, 32377000000, 
-0.22172876854838966,0.0471248665007548,0.5058335309381795, 32382000000, 
-0.027701317771922015,0.15565580445397448,0.4891458860412112, 32387000000, 
-0.001331882614137258,0.16167438043066742,0.49316342390364093, 32392000000, 
-0.15978678069744529,0.01823448768580585,0.49165094344111154, 32397000000, 
-0.04779598477875777,0.08302141224816828,0.5291376915854221, 32402000000, 
0.43410337313839314,0.28475181955790924,0.49972870547045056, 32407000000, 
-0.18009599503102947,-0.04774918542647205,0.5136102590167018, 32412000000, 
-0.07121156594951758,0.10880326635640412,0.49244629923651584, 32417000000, 
0.0895655236354241,0.26768600830453887,0.49661353114517753, 32422000000, 
-0.17363368932871884,0.0052987063504273055,0.5118015842552085, 32427000000, 
-0.08283829422013636,0.13663123467561608,0.4983885739713917, 32432000000, 
0.06573516801441662,0.22803122007420304,0.4974224721130457, 32437000000, 
0.0902691617171067,-0.08570252098160763,0.4987967478551877, 32442000000, 
-0.07616709211245748,0.021809054261120092,0.4873948520128404, 32447000000, 
0.11292866724823818,0.19480494587123126,0.4897043681728982, 32452000000, 
-0.19151837021368165,0.04020940595296752,0.5015796167570387, 32457000000, 
-0.041923058176945055,0.07084770879309818,0.5155947665367255, 32462000000, 
0.0002418972046522288,0.15774795424209534,0.49691433610270264, 32467000000, 
-0.1662113136143273,-0.002328705033855882,0.5102702439645856, 32472000000, 
-0.013232736177701076,0.10047395921658403,0.5005301989671271, 32477000000, 
0.05942009735266216,0.26877261939468233,0.5147354947313937, 32482000000, 
-0.09987977946055934,-0.01816124870975098,0.497841536763381, 32487000000, 
-0.0604404453366871,0.10381966067025479,0.5105952228943298, 32492000000, 
0.06239889734138988,0.2351146385183599,0.49359584693708713, 32497000000, 
-0.17805060190021102,-0.010299132199586891,0.5029730507452099, 32503000000, 
0.34344426410139917,0.08347865680641335,0.5030779297071888, 32508000000, 
-0.003054843917419175,0.20619494938074145,0.4992797413351443, 32513000000, 
-0.13086411070466897,0.015113966453847409,0.4763646364316212, 32518000000, 
-0.03700182896455263,0.10589512518387906,0.502595135488304, 32523000000, 
0.02650150054900076,0.27616195238065827,0.5000189494941617, 32528000000, 
-0.1592387364281584,-0.002397481245239258,0.48714265422303515, 32533000000, 
-0.0004116584607236455,0.05949700961979959,0.5099167760714359, 32538000000, 
0.22495033857791913,0.0688199379978102,0.5056286748642195, 32543000000, 
-0.05796236404197547,0.19095959233706183,0.4916054804832056, 32548000000, 
-0.10780393505124318,0.17049243016472113,0.5094838225634216, 32553000000, 
-0.08578318435385265,0.10407776154648893,0.5297937542030526, 32558000000, 
0.00485410257692126,0.12858361192690806,0.49662467563720714, 32563000000, 
-0.11831641963569517,-0.08983044252007576,0.5167236693411975, 32568000000, 
-0.03988475462402798,0.13830206894827193,0.5118481020292948, 32573000000, 
0.04578474343964768,0.17005697246686338,0.5142935902329112, 32578000000, 
-0.1529110247189603,-0.05190768396706497,0.503326001785506, 32583000000, 
-0.050788431509430056,0.13029915781930365,0.5005514794409898, 32588000000, 
0.06070442316771659,0.21840491454024413,0.4991271827092555, 32593000000, 
-0.10413603823198904,-0.07537329272020621,0.49254927388575614, 32598000000, 
0.029129507892124408,0.21220267903051301,0.4897543330544043, 32603000000, 
0.18936016061227295,0.039206748591641194,0.4867706317710121, 32608000000, 
-0.012515879212984268,0.1157055100587845,0.500331299592964, 32613000000, 
0.09503288832278597,0.20388627980722157,0.4942718318105563, 32618000000, 
-0.15755869810776513,0.02028873126893303,0.48939344972795856, 32623000000, 
-0.09304692266394471,0.14553382634511175,0.5219922379481233, 32628000000, 
0.063127127605708,0.2976139510931666,0.4879012589228026, 32633000000, 
-0.09818586463295209,-0.0026244199360786827,0.47599984574462717, 32638000000, 
0.27853912792411506,0.1497296917880296,0.48300406882910113, 32643000000, 
0.025316355958213944,0.2261696928862927,0.49827472909432086, 32648000000, 
-0.1500566660061664,-0.06083903089753971,0.4945562346223335, 32653000000, 
-0.0770456043524063,0.11582087958652085,0.4945551306157084, 32658000000, 
0.10348913276149897,0.2154403470463686,0.5078636545435444, 32663000000, 
-0.19641972129459215,0.00522313562879149,0.49514071080928584, 32668000000, 
-0.09562067629461046,0.08981553541053439,0.5108632780280089, 32673000000, 
0.07532224402676489,0.17429153864452473,0.5069030942738333, 32678000000, 
-0.17566125912150038,-0.09789800748631527,0.4826174933456156, 32683000000, 
-0.06349258752925255,0.06187387573828443,0.5044721237704913, 32688000000, 
0.0347850949890066,0.13319499086122844,0.49208429699360057, 32693000000, 
-0.17386570373243715,-0.061274031246823374,0.515114683103829, 32698000000, 
-0.057312906341571,0.08732117283965136,0.49525198596922154, 32703000000, 
0.0875953642845522,0.18149885232688803,0.503341840936199, 32708000000, 
0.22347989988403796,-0.11076522871497907,0.49656086304692176, 32713000000, 
-0.01876917114343532,0.18072132474963443,0.5169364851472386, 32718000000, 
0.04853597035323527,0.16641408370344293,0.5030407904917906, 32723000000, 
-0.10528317884308046,0.02217124285348599,0.4935002150900978, 32728000000, 
-0.021247064586249906,0.13625293310036496,0.5057682519641243, 32733000000, 
0.1367742968103579,0.3080966814512083,0.5082062472635145, 32738000000, 
-0.15734020558740672,0.08397382970064808,0.5026839321828247, 32743000000, 
0.2332642014297065,0.10453130846895001,0.4974359445469966, 32748000000, 
0.07832392955153089,0.24696546270252595,0.4957300286274824, 32753000000, 
-0.18492980535919773,-0.03242488474964291,0.5069790979278668, 32758000000, 
-0.0830051248442717,0.13567774654550954,0.5042852342094987, 32763000000, 
-0.0038834007239481744,0.12555265816175287,0.49663045662232663, 32768000000, 
-0.15078520737436454,-0.02682045407833403,0.4979255855981959, 32774000000, 
0.30010002846479206,0.20786223266944973,0.5178288961118193, 32779000000, 
0.11611494799057631,0.27753221100568365,0.4820824035058164, 32784000000, 
-0.1387209364195418,0.010281740200579426,0.5065183196289215, 32789000000, 
-0.018251888894557255,0.09333239166466357,0.4992271003625552, 32794000000, 
0.053272108815350064,0.21775574929045338,0.5100891009486778, 32799000000, 
-0.16417785809979882,-0.02512610033914623,0.5008461162629912, 32804000000, 
-0.040281031595543394,0.12551109636007504,0.5197495917690148, 32809000000, 
0.09691764539983463,0.37808142838007763,0.5036979927971377, 32814000000, 
-0.1649108823813585,-0.025492969698540327,0.5019533577449051, 32819000000, 
-0.04632699451373447,0.12155666036097139,0.5152513419445766, 32824000000, 
0.017395663647290026,0.28687650319174446,0.5167260585194451, 32829000000, 
-0.16155047911609863,0.04334424454695073,0.4854196185575454, 32834000000, 
-0.0404886911765424,0.11614089415269577,0.5074150231404803, 32839000000, 
-0.014211690569301591,0.03174298889299128,0.5146627494201561, 32844000000, 
0.2609187576350877,0.12093861856761742,0.4874500022557057, 32849000000, 
-0.09668939428246837,0.14158237625642348,0.5035993592434729, 32854000000, 
0.03325101643574473,0.26126233239983426,0.5118445788578753, 32859000000, 
-0.17132036170770307,-0.006173803730647248,0.5040624864114376, 32864000000, 
-0.0634715210537648,0.13004500284256765,0.4880138366970595, 32869000000, 
0.08818954618105913,0.29328777904043546,0.48649230098914353, 32874000000, 
-0.22833320653734215,0.022151125891779803,0.501191549695304, 32879000000, 
0.2830915816506159,0.1706853041398703,0.4945455682430367, 32884000000, 
0.09075216366214801,0.2200846590432208,0.502074855386055, 32889000000, 
-0.2019726193678396,0.002360280626563578,0.5088254752073077, 32894000000, 
-0.08562341545602911,0.11914672004771287,0.49355266865098907, 32899000000, 
0.07922433409578936,0.2183630304315653,0.49554796422605857, 32904000000, 
-0.1539166796729996,-0.0008734208625301651,0.5016657959051726, 32909000000, 
-0.08973475071457859,0.07100429095340105,0.5023060990598334, 32915000000, 
0.07221149394719256,0.3010063891053481,0.4935320966616003, 32920000000, 
-0.17975342631528884,-0.005991583329709291,0.4948903288588, 32925000000, 
-0.02947215784558846,0.08794232413408351,0.5104850485386639, 32930000000, 
0.011793984366736248,0.27739029830298545,0.5024362622601163, 32935000000, 
-0.22512872744121987,0.005435885832958315,0.5072849568140536, 32940000000, 
-0.013926272095178029,0.15290505952748634,0.48666735516857534, 32945000000, 
0.38608990672583804,0.22111425573005436,0.5162048472377108, 32950000000, 
-0.17233938140585062,0.008749290508861682,0.4832800226309005, 32955000000, 
-0.04835624841478796,0.11167619826851691,0.5058389435653186, 32960000000, 
-0.029892578135044832,0.0840484889770742,0.4976800363495994, 32965000000, 
-0.13963327360831818,0.186954281148053,0.502990537602906, 32970000000, 
-0.062239429977367214,0.05365272110111583,0.4979823829144167, 32975000000, 
-0.02032128292557238,0.09674844581471956,0.4952108467331549, 32980000000, 
0.40801465746397986,0.25185355727994835,0.502124237817534, 32985000000, 
-0.12284495747184934,-0.03580618820546465,0.49268707007380474, 32990000000, 
-0.030225748772951328,0.22437330750869094,0.4888682926736212, 32995000000, 
0.054259294384047425,0.27466713830000916,0.46458097949494354, 33000000000, 
-0.23793164315990242,0.06365129505089506,0.49805648373789263, 33005000000, 
-0.01425940136198665,0.13461918574310514,0.48358240571791244, 33010000000, 
-0.0760404444528288,0.1112380173622935,0.5004714423716663, 33019000000, 
-0.12377165757346864,0.15164165271889235,0.49889671547128994, 33024000000, 
-0.06364570669051818,0.16322720250000655,0.49958401516731227, 33029000000, 
-0.10027868072124821,0.17963424679904696,0.502307610622192, 33034000000, 
-0.049539250970932015,0.06899930634274784,0.5138067087883749, 33039000000, 
-0.024611681362817703,0.1474944085443175,0.49042227997291243, 33044000000, 
0.05171419693123974,0.2706574498484762,0.4998739990257574, 33049000000, 
0.13872741914385767,-0.0604960263995079,0.4996397952203405, 33054000000, 
-0.08016772806598457,0.12458181463167087,0.5075761721647667, 33059000000, 
0.09705757596217271,0.24957180267370835,0.5032091929524466, 33064000000, 
-0.14342568067702294,-0.07366881956087451,0.4987187816602747, 33069000000, 
-0.04039809751730107,0.12077911463368261,0.497576068846724, 33074000000, 
0.06416333033490997,0.32930420705291596,0.4975618002675706, 33079000000, 
0.10747539451547794,-0.09101536232539621,0.5000285605720999, 33084000000, 
0.03265955174681001,0.20121341765516923,0.507756238977115, 33089000000, 
0.016237996710570052,0.29790010666003064,0.49127078057822515, 33094000000, 
-0.12468982112605774,-0.05196767845410309,0.5137361731877768, 33099000000, 
-0.026615851746523735,0.15724788705130152,0.507455299418954, 33104000000, 
-0.08479283174108192,0.14377892357875852,0.48153412955784597, 33109000000, 
-0.02771598652030526,0.11483378357526525,0.4891910031024315, 33114000000, 
0.04732839225104813,0.2535010938873948,0.4949190102240419, 33119000000, 
-0.20292657935277095,-0.014155501635389655,0.4974587945077387, 33124000000, 
0.01856962230341001,0.05759915199447713,0.48965600833045225, 33129000000, 
0.008079967493941166,0.23368310342075144,0.49565559391985187, 33134000000, 
-0.17348880205548098,0.00872682219198577,0.48809458421331536, 33139000000, 
-0.0674509748649308,0.16232072626864258,0.497479856994658, 33144000000, 
0.04547881124056529,0.2677200221123604,0.5019080708830177, 33149000000, 
0.2507859221350948,0.04835589759903459,0.5036505408924308, 33154000000, 
-0.08689123177305785,0.11228831196014022,0.5002579836229871, 33159000000, 
0.08843148413902771,0.3304454819521982,0.4975126384724053, 33164000000, 
-0.13157640115634814,-0.061422290531079095,0.5074040693706074, 33169000000, 
-0.018744493323460974,0.11103909835432198,0.49578486912281144, 33174000000, 
0.07265092084994296,0.29285543617310617,0.4881382839000765, 33179000000, 
-0.1387981908205296,-0.007611381015661918,0.5117702763667247, 33184000000, 
0.2852046404271674,0.2620593726449081,0.5081930345661521, 33189000000, 
0.06805299256121833,0.24644487961754893,0.5149359129094158, 33194000000, 
-0.1651079747142511,-0.11789700512146839,0.47957829408732183, 33199000000, 
-0.12617333570237277,0.12614522177588916,0.4779694524070545, 33204000000, 
0.05485934632297299,0.30447966935718074,0.5001302922586596, 33209000000, 
-0.1954193137620513,-0.0845557621084223,0.49491185488593525, 33214000000, 
-0.08879051405532817,0.10656289989106427,0.4937119840519779, 33219000000, 
0.012365950733700011,0.27942958268625245,0.49115660356212326, 33224000000, 
-0.20272960437597473,-0.026785346559558484,0.49411642311214515, 33229000000, 
-0.023021620250324545,0.14631814195261605,0.5060563788771302, 33234000000, 
0.1428155038220851,0.2639768022470828,0.4950572659847683, 33239000000, 
-0.1555331125055202,-0.07765235274086166,0.5129791411703055, 33244000000, 
0.0041379843377483475,0.16210484908048328,0.5170868455716999, 33249000000, 
0.3389068674191005,0.2262108091619127,0.5094655156087262, 33254000000, 
-0.11495296356935959,0.040768683938810585,0.5106454789578241, 33259000000, 
-0.07289887578926639,0.10744599120397394,0.4997738742652653, 33264000000, 
0.12707636407386577,0.23712492362731766,0.5031736971014497, 33269000000, 
-0.1406022774975726,0.04779777113074833,0.49472370626997075, 33274000000, 
-0.046983201856853785,0.09955458414875022,0.4908212016936745, 33279000000, 
0.0668139891399963,0.28675451685180686,0.4964239369033604, 33284000000, 
0.08711569876776369,-0.07128221923081249,0.5002792984043756, 33289000000, 
-0.004950831694718369,0.09462887835443998,0.48519174327777326, 33294000000, 
0.038999990251612555,0.27646086572199796,0.48867270624099013, 33299000000, 
-0.1641623570605073,-0.053462763350977674,0.4909443922798787, 33304000000, 
-0.06601437611132924,0.1656662518489245,0.48398686603281277, 33309000000, 
0.03880524894178118,0.23707004442942733,0.4908323089801872, 33314000000, 
-0.2628423543008452,-0.08624507487561545,0.49653288478625146, 33319000000, 
-0.07698045504505041,0.15950590358011324,0.4858478696051173, 33325000000, 
0.07939944649557858,0.2763773370573812,0.4981492165827771, 33330000000, 
-0.15109896966574674,0.04174903751665279,0.5094363546035264, 33335000000, 
-0.03751834708765026,0.1257446164485615,0.500579580713169, 33340000000, 
0.06730202765683353,0.3461919642737725,0.49719907483693004, 33345000000, 
-0.20241266979296457,0.006580428569344023,0.4884349504410747, 33350000000, 
0.009835720803494541,0.08625144124761314,0.5065229434919326, 33355000000, 
0.41703728737348267,0.22157254134693283,0.4890414216483202, 33360000000, 
-0.20426524100745538,-0.08464726183947914,0.49990899699084246, 33365000000, 
-0.014696655068427378,0.21140232102313844,0.513441552682049, 33370000000, 
0.07590670850334241,0.24606250585194128,0.4970658249906006, 33375000000, 
-0.14837887704165376,0.0076613782319875125,0.4798477359579158, 33380000000, 
-0.010447387707201477,0.08382787490875533,0.5064425202939425, 33385000000, 
0.34942784814869704,0.29746471024383014,0.511328471293547, 33390000000, 
-0.12732092898921055,-0.001792481449916547,0.4966749062743428, 33395000000, 
0.00461932728455108,0.2020017414205708,0.4913102892068236, 33400000000, 
-0.05584833747172887,0.16586890355578066,0.5032602324543023, 33405000000, 
-0.07858902838789393,0.07840849994095395,0.5053056419684941, 33410000000, 
-0.024923857068997374,0.19112126649357952,0.5057963827691452, 33415000000, 
0.04420763731214515,0.2509439979845571,0.504630872136687, 33420000000, 
0.1769969870030403,0.024182856836036163,0.4924794078939669, 33425000000, 
-0.06502498347387231,0.16222393266489935,0.5106842275180208, 33430000000, 
-0.14139331306317673,0.07272152152267691,0.5071488435440104, 33435000000, 
-0.0513786112491942,0.10372611318313041,0.4909793514420437, 33440000000, 
-0.04712077832230589,0.13424056696031744,0.4954961578098556, 33445000000, 
-0.03907388138246115,0.18633786118214385,0.48136695782742495, 33450000000, 
0.054719805092493704,0.24797859076637982,0.4918826567743096, 33455000000, 
-0.13975366808354533,0.080091766209668,0.5190485531694577, 33460000000, 
-0.0033102536571048002,0.13252566150545889,0.5096168518453507, 33465000000, 
0.08871154002788749,0.260245371385873,0.5038300127892384, 33470000000, 
-0.2048629912123205,0.08441288924653381,0.47853946604726727, 33476000000, 
-0.09092401624170715,0.255233943358815,0.5038705534577952, 33481000000, 
0.013847999323485204,0.32297808293110414,0.4824735817269883, 33486000000, 
-0.1852179155602145,-0.06641733675151967,0.503772388255944, 33491000000, 
0.25247493211514205,0.16689301025322578,0.4917857675111689, 33496000000, 
0.06933897730847016,0.20676582294025359,0.5000588910563899, 33501000000, 
-0.18260634738952483,-0.06356860281018152,0.4885938073058335, 33506000000, 
-0.034951563488677215,0.21315450697576283,0.5028479778792054, 33511000000, 
0.02201823186156108,0.24507970090657685,0.4927674366718912, 33516000000, 
-0.2083886732402272,0.04934918588670664,0.5008967823774217, 33521000000, 
0.2585292682493885,0.1163645211259163,0.4910611561759372, 33526000000, 
0.11564624547010899,0.14572926350001836,0.492613771079803, 33531000000, 
-0.10172670094950903,0.16881832872802804,0.49649017102999565, 33536000000, 
-0.04814383001290384,0.16974549602339462,0.4964655889350668, 33541000000, 
-0.057248157093340614,0.1314681789028262,0.496674986005814, 33546000000, 
0.033430934531691034,0.30725972382436195,0.49398821506818774, 33552000000, 
-0.1547498191806599,0.011478297043112741,0.5055894026967054, 33557000000, 
0.33120921651615126,0.12162161474911534,0.49386441481977156, 33562000000, 
0.03442912380813813,0.2539106531814828,0.5004584785446106, 33567000000, 
-0.21593149776543724,-0.05317924380726329,0.48884593083342515, 33572000000, 
0.0029855250960358105,0.13713006738920427,0.5114349139109201, 33577000000, 
0.012524340448782617,0.36264658060251237,0.48418696117680454, 33582000000, 
-0.20782671742834724,-0.033470579209839035,0.4915001323461195, 33587000000, 
-0.04446997806323063,0.10349572870322975,0.49318003004388294, 33592000000, 
0.0006332463505917124,0.32717623906788634,0.48109422053835765, 33597000000, 
-0.13476175351536462,0.047090929723948224,0.4890629917535176, 33603000000, 
-0.05455994606032841,0.10270795313158365,0.48654481671025984, 33608000000, 
0.05144774709214996,0.21275662185049943,0.5032408940237765, 33613000000, 
-0.22540030165646058,-0.018589357607759215,0.4936990687378106, 33618000000, 
-0.027775460496380036,0.19066412611901673,0.513256748278283, 33623000000, 
-0.06999548372687649,0.19985782739344898,0.5039598585636919, 33628000000, 
0.2562576702468008,0.04786290931804874,0.5027102927891925, 33633000000, 
-0.11746743924892145,0.173165216385625,0.5047557134554289, 33638000000, 
-0.01981022132167958,0.22179370005682614,0.5125175950486087, 33643000000, 
-0.03977288666494953,0.1689590847007258,0.4979065734164716, 33648000000, 
-0.03126731183856711,0.07611000320199326,0.5002359534424472, 33653000000, 
-0.0397189221100938,0.139150068671405,0.4873101709086642, 33658000000, 
0.372958378003705,0.20812656123028508,0.4935415194772791, 33663000000, 
-0.13582524962045947,0.016331395835123698,0.4899737509260585, 33668000000, 
-0.08412667643659477,0.22638720006563917,0.5027167193937511, 33673000000, 
0.11400447782434309,0.26159436060020463,0.49498510312463395, 33678000000, 
-0.18387335717625472,-0.012578857450549475,0.5045909864197166, 33683000000, 
-0.045504429711210104,0.2127410434605743,0.49349017062051, 33688000000, 
0.001318029445836151,0.2754480247176618,0.4952186978616971, 33693000000, 
-0.18093455801081235,0.012009609845112616,0.5044833280731611, 33698000000, 
-0.010537612895417554,0.12798300623539838,0.5124246485509927, 33703000000, 
0.08710819223872372,0.2132693571727734,0.50308496712686, 33708000000, 
-0.11524840251554011,0.07525722284195119,0.4868258949915928, 33713000000, 
-0.025062371591731754,0.12532204819062961,0.5097688803534179, 33718000000, 
0.0074106540130061405,0.2531580990628404,0.5052315483439278, 33723000000, 
-0.1957245049970035,0.019435754277705296,0.5072238944526343, 33728000000, 
0.24556940688627305,0.07856035795576839,0.5027645457022076, 33733000000, 
-0.07074842395295547,0.07310647704610401,0.4918379975413511, 33738000000, 
0.00018184589030661308,0.12696523407822433,0.5048428870937232, 33743000000, 
-0.03807458090734451,0.054437827063503266,0.5348532846030353, 33748000000, 
-0.0347602728630049,0.14354445989681516,0.5038922724394242, 33753000000, 
0.08729046341031177,0.2662511383004624,0.5019667743862775, 33758000000, 
-0.2521592238598896,-0.004653557596755141,0.4883871046428664, 33763000000, 
0.2474208299304943,0.09608508326729033,0.5043587523691372, 33768000000, 
0.13610839149930648,0.3180771235994633,0.49529942250104875, 33773000000, 
-0.18176099052688136,0.020967846947487784,0.5012954370121476, 33778000000, 
-0.05335572788600619,0.1814035231102859,0.49484227997292624, 33783000000, 
-0.03722287594070946,0.28394877990429107,0.5069908117461949, 33788000000, 
-0.13439278755364062,0.0463778294733478,0.5083095188049874, 33794000000, 
-0.09180327967779689,0.21052146899025076,0.4809133236910614, 33799000000, 
0.023575522132673683,0.3205799125755243,0.508930170903328, 33804000000, 
-0.1345732057542596,-0.06211337289508493,0.5165521561500199, 33809000000, 
-0.08782709144399886,0.14951775940027526,0.4962752233240474, 33814000000, 
0.06822356763554716,0.2517108595276277,0.4889565014167017, 33819000000, 
-0.15089875048672916,-0.01557933597577937,0.5210763760371124, 33824000000, 
-0.042637198838607726,0.06726070099360713,0.5209365496382606, 33829000000, 
0.4269694171479993,0.3112385549242529,0.5147531127730225, 33834000000, 
-0.19648603445386298,-0.017363225478874898,0.5006372256259493, 33839000000, 
-0.04874416105119004,0.18727536392597322,0.5043305915854809, 33844000000, 
0.011500602121812739,0.34326366030521555,0.4980606053162081, 33849000000, 
-0.2122140514012107,-0.031809911007515894,0.500144344762385, 33854000000, 
-0.05160569478183445,0.14588914983420637,0.5123391511976735, 33859000000, 
0.02088318438236071,0.3881700348783833,0.5124756931561175, 33864000000, 
0.10876751807340836,-0.0023219565583927717,0.505523737454647, 33869000000, 
-0.05866139081795286,0.1312439630552425,0.4982882086939652, 33874000000, 
-0.06881924787822241,0.13758838390697803,0.4830023247798996, 33879000000, 
-0.05600781946438563,0.21561486523067852,0.5148800531440109, 33884000000, 
-0.06222590691152522,0.16715934803334703,0.4865223533597861, 33889000000, 
-0.024626458838413037,0.19632086560768505,0.5149428325277412, 33894000000, 
-0.057116821932115674,0.14908367501472808,0.5060942590291009, 33899000000, 
-0.054717893280698864,0.14455014027303698,0.4926852948432238, 33904000000, 
-0.09965061596471994,0.15894405276829002,0.5060172110262567, 33909000000, 
-0.04159904115597906,0.04896699753771125,0.510727084086998, 33914000000, 
-0.10730835647941847,0.04906549269588756,0.49738644913909763, 33919000000, 
-0.08100385927632767,0.13687926309918952,0.49199722142220537, 33924000000, 
-0.09601411090693078,0.10964785546866025,0.4803588456479448, 33929000000, 
0.2341093456173328,0.18272472726257316,0.5043538985356338, 33934000000, 
0.1492393233871019,0.2856107042930013,0.5111077225202846, 33939000000, 
-0.18991697336426117,0.010329843788654921,0.5076426644765945, 33944000000, 
-0.03248189741579381,0.1168306376448339,0.5097959934918016, 33949000000, 
-0.019096501757104107,0.11894525945023651,0.5043519927710188, 33954000000, 
-0.03518263563072328,0.15478492274720007,0.48854390457413666, 33959000000, 
0.05862373388545531,0.31252070742179006,0.5011271032868467, 33964000000, 
0.1593144031580716,-0.05477353276343463,0.4775135383322734, 33969000000, 
-0.05086955034489142,0.21404779805566546,0.5147945492950766, 33974000000, 
-0.0011684692946737907,0.3369802313617386,0.478197848643967, 33979000000, 
-0.1413715204302959,-0.08794062530519103,0.4961123279833943, 33984000000, 
-0.008156555167992095,0.11887526967371696,0.4998933563913482, 33989000000, 
0.1329121597358416,0.2969375404748417,0.512617938603923, 33994000000, 
-0.16854766518998388,0.09479634303601779,0.501414824983423, 33999000000, 
0.24206400333909614,0.18053311052020757,0.501226234752631, 34004000000, 
0.08057704322006685,0.3640986845731745,0.4925361373925167, 34009000000, 
-0.24180931380314652,0.058731389026685885,0.4976632567287596, 34014000000, 
-0.0701398901869327,0.17063933150195307,0.5039367058708148, 34019000000, 
-0.03411476943484863,0.06729283814723687,0.49614712095020874, 34024000000, 
-0.11740964596033573,0.132884687610032,0.4950812047156574, 34029000000, 
0.06948964091012239,0.32198488903925004,0.48882043961055066, 34034000000, 
-0.164175794539229,0.03593026675980528,0.4918837069361621, 34039000000, 
-0.06889598957599662,0.17997279948657555,0.5243701946270084, 34044000000, 
0.11999097353909322,0.29076656708825016,0.5036770336555851, 34049000000, 
-0.18957820715280008,-0.047105129590380046,0.48096423123289506, 34054000000, 
0.04565184513267008,0.269957847795629,0.5042586701843029, 34059000000, 
-0.16128253241972582,0.007413594674931555,0.486567868585915, 34064000000, 
-0.019137329504930488,0.139758777263331,0.49463044803068684, 34069000000, 
0.4175417480516417,0.38554368472163947,0.504850838943282, 34074000000, 
-0.17312841708968954,-0.010645659199842727,0.5033871565922776, 34079000000, 
-0.07536606391383516,0.06528271085455034,0.5057731593672038, 34084000000, 
0.0010219344291119287,0.23359011247550482,0.5180655358389913, 34090000000, 
-0.17136295398762727,-0.0069074419669245745,0.4828258680568013, 34095000000, 
0.06841577466857884,0.3167264432461929,0.5020938015585599, 34100000000, 
0.11751233339077705,0.025222394399044647,0.5041671286073481, 34105000000, 
-0.06929859461834359,0.15661985170443893,0.50604737561219, 34110000000, 
0.1303476740108512,0.3589496831112054,0.4837364884026196, 34115000000, 
-0.15409489168918153,0.07121191161393589,0.506515090162205, 34120000000, 
0.07695769891728876,0.3119016921484896,0.48748351936698964, 34125000000, 
-0.14008835933042263,-0.03841817975827548,0.4866048550819362, 34130000000, 
-0.08529744232749471,0.12796596540948021,0.512715781966681, 34135000000, 
0.025550938706932043,0.3358961691379967,0.5046811123264072, 34140000000, 
-0.14074538406242998,-0.05856207292697917,0.49152369894268244, 34145000000, 
-0.07708325224788116,0.16516126324682445,0.5272584455691309, 34150000000, 
-0.01094866836423112,0.15637615976601377,0.5109372536452631, 34155000000, 
-0.05056050619109433,0.12144623341237543,0.49917683126339557, 34160000000, 
0.08993003277614867,0.33804616128908527,0.5003249788203838, 34165000000, 
-0.17732562938590707,-0.09232134844371702,0.4920215499394875, 34170000000, 
0.2663662670773682,0.1164797608629841,0.4935256871125739, 34175000000, 
0.03405624075267431,0.37921313912500465,0.4867491866229485, 34180000000, 
-0.19747697025524705,-0.11785855233694136,0.49929507476602075, 34185000000, 
-0.05733983145010633,0.12020926442739367,0.5031988655586893, 34190000000, 
0.12141645614656096,0.42237235391186995,0.5034184509758236, 34195000000, 
-0.20918817461917774,-0.06711977210666514,0.4939374778251755, 34200000000, 
-0.07087586443168639,0.14615780547063117,0.4997969357834661, 34205000000, 
0.3605791921972402,0.30699740179625756,0.4953976318245536, 34210000000, 
-0.18412895466461074,-0.03515372156081313,0.5087625255760958, 34215000000, 
-0.13854953300894995,0.18771239733648679,0.502514659781079, 34220000000, 
0.09925218909436824,0.3729318969531153,0.4939389394958466, 34225000000, 
-0.23513152171233495,-0.1043596434396856,0.5099269472669724, 34230000000, 
-0.03875097740048399,0.14102293130873642,0.49932493114393356, 34235000000, 
0.039446200269853744,0.363978418070464,0.4888096851503153, 34240000000, 
-0.1778757048289697,-0.032490596454116075,0.48935503597823915, 34245000000, 
-0.05580796063263208,0.16977210751729055,0.5221242929962329, 34250000000, 
-0.012419518019492856,0.08667378991074147,0.5027427126166325, 34255000000, 
-0.10726426790214638,0.0986634415125339,0.4878087245958685, 34260000000, 
-0.06615008641946345,0.23195448498100268,0.522689588935611, 34265000000, 
0.07463471811187783,0.27341052133053356,0.4969383671613255, 34270000000, 
0.17720807738869648,-0.10202685998333061,0.5053525982364854, 34275000000, 
-0.07306684438686052,0.22694083529817222,0.4893127529686419, 34280000000, 
0.09768378126279864,0.33307241099859947,0.4866069846186346, 34285000000, 
-0.14061605262495686,0.011297835542748318,0.4769683760894053, 34290000000, 
-0.06328557872035087,0.1474821234590052,0.4917434582855728, 34295000000, 
0.09448187239297517,0.37186005286879814,0.4915572932182522, 34300000000, 
-0.17567541869220557,-0.0416172228252104,0.5118968896929875, 34305000000, 
0.20891995123703333,0.18797833313576545,0.5248214931052033, 34310000000, 
-0.07217688121687657,0.1542389275053346,0.4979811504237663, 34315000000, 
-0.09275379502219509,0.11231120695917142,0.48585425828539647, 34320000000, 
-0.003001325668981432,0.18699219878852266,0.497368038189984, 34325000000, 
-0.04553151112355035,0.19051417567948994,0.5019747173512928, 34330000000, 
-0.1080182654138169,0.12210217741373743,0.4956123267606921, 34335000000, 
-0.02964298745615257,0.18621670150422392,0.4918415119268791, 34340000000, 
0.4120515678196728,0.3369643884955219,0.49837894144043293, 34345000000, 
-0.09264793717301283,-0.08544389413209937,0.5161753159756193, 34350000000, 
-0.024622135905877342,0.16634129286292745,0.5068213343569307, 34355000000, 
0.06327679427811142,0.2583522831332356,0.5176603881141622, 34360000000, 
-0.2160362315178593,-0.08615058474815895,0.5192943688023683, 34365000000, 
0.0302409623806357,0.10078899004888302,0.5023973692927914, 34370000000, 
-0.07990505063553216,0.1731119395914144,0.48886347436919514, 34375000000, 
-0.0016938980469131115,0.2653975450702728,0.5149672262475373, 34380000000, 
-0.23267739285502603,-0.1367674971729949,0.49299389698633134, 34385000000, 
-0.06449502213915499,0.10450776385344561,0.5062308220745695, 34390000000, 
0.06406787515827969,0.35627268139089624,0.4965764071961422, 34395000000, 
-0.1653242696869045,-0.0186737929433399,0.5072325217449355, 34400000000, 
-0.08713807136404239,0.13883870015764316,0.4904582682856153, 34405000000, 
0.3471734771790137,0.39015792160621043,0.49744879653630153, 34410000000, 
-0.12767247793218983,-0.05727229699864063,0.48974093908456, 34415000000, 
0.011499742261924802,0.12917134184948978,0.4962765377246334, 34420000000, 
-0.018278062555196914,0.24993093270269248,0.47324752609933185, 34425000000, 
-0.10759599568842937,0.11129758226922996,0.4948400398501744, 34430000000, 
-0.09266389322036356,0.13530680464352035,0.48855275579042334, 34435000000, 
-0.06976567191022674,0.1873700690383037,0.49052442965826554, 34440000000, 
0.26837287977056823,0.2300066879460492,0.4955531967027751, 34445000000, 
-0.03468229792873169,0.16599162100959466,0.5083487221390662, 34450000000, 
-0.009430053279001017,0.14902479257566395,0.49235279059173886, 34455000000, 
-0.07513049664345853,0.13709470498250081,0.5032968448181889, 34460000000, 
-0.05259471345954635,0.2128913499485165,0.47756133769904113, 34465000000, 
-0.07485034089973433,0.12065171294928442,0.4998966842618295, 34470000000, 
0.08244343731261364,0.37014688224497483,0.5019245855742369, 34475000000, 
-0.22503054755292884,-0.023835546375010265,0.48481322818674655, 34480000000, 
-0.04194371423637649,0.1457575748999268,0.48778933972608435, 34485000000, 
0.1277341894469498,0.40217803271654656,0.4705298894435008, 34490000000, 
-0.26645953687116086,-0.09469736923402683,0.510994343212158, 34495000000, 
-0.09664761757574175,0.2186989384320358,0.5038511812629778, 34500000000, 
0.0670975588418609,0.35539585200718105,0.4937112373651352, 34505000000, 
-0.17926895235805806,-0.04373946314552764,0.5070165216599849, 34511000000, 
0.24086490086601547,0.186016312133647,0.4929651039170151, 34516000000, 
0.05233927653748943,0.28297813713268694,0.4937931770387964, 34521000000, 
-0.2229625703955878,-0.06137633172419341,0.48514538677606145, 34526000000, 
-0.08253608371914933,0.1550326803958104,0.49010464962730477, 34531000000, 
0.07291567253895119,0.4456963001872238,0.502962086271904, 34536000000, 
-0.2638814330185817,-0.0006443673010125966,0.4884153301860162, 34541000000, 
0.17823705013660865,0.1828838468398565,0.48872462262426053, 34546000000, 
0.15477426347334367,0.29862081271146346,0.506643494083156, 34551000000, 
-0.2010100803281968,-0.014716688585813084,0.48647835474448964, 34556000000, 
-0.03443214885176723,0.1406924328002725,0.5088867104976997, 34561000000, 
0.01151537441515603,0.3178029702215704,0.49341995588364335, 34566000000, 
-0.15492787250085696,0.030913219631307044,0.5016792209163574, 34573000000, 
-0.02138763900655738,0.1699588077552049,0.5006069649375576, 34578000000, 
0.38515132840107075,0.34943800622963855,0.49246720994707005, 34583000000, 
-0.22987390204298647,-0.02216816810137468,0.5049769751712524, 34588000000, 
-0.026577642194011094,0.12228398376538147,0.4969638158331877, 34593000000, 
0.07486201501961598,0.33207049259755966,0.496243690515842, 34598000000, 
-0.21698196404213393,-0.07355616835896815,0.5183276177767429, 34603000000, 
-0.008983822841905856,0.16566637575693435,0.5126156300274408, 34608000000, 
0.10005811634294814,0.34702499993149544,0.48064952915462383, 34613000000, 
-0.2634546505288797,-0.1473729751779417,0.49440006456516805, 34618000000, 
-0.015099282187641443,0.19417277511357636,0.4841239081735685, 34623000000, 
0.03005802341382508,0.29231377302491657,0.5050168894131979, 34628000000, 
-0.08559074823355331,-0.000536683699664104,0.47797695158378983, 34633000000, 
-0.06565498975357825,0.2062134194243408,0.4963301955618504, 34638000000, 
0.017905373793209126,0.31450539105323033,0.5079276809087928, 34643000000, 
0.07359583792098251,-0.09039635553899164,0.5028078696969344, 34648000000, 
0.02978329012818893,0.18920651445828648,0.48952405740125293, 34653000000, 
0.030105119095959868,0.3512844044679107,0.5050441158321446, 34658000000, 
-0.14831011917175868,0.0219222291397956,0.46740881967803805, 34663000000, 
-0.0805871511119277,0.230902939045431,0.5166331636402605, 34668000000, 
-0.05980237325687088,0.09704886716695807,0.4962771931615789, 34674000000, 
-0.024813060827064,0.12433724651586989,0.5016906554501923, 34679000000, 
0.2279921085259416,0.18177780188667536,0.5099865987823589, 34684000000, 
-0.012861685409479384,0.12091259824032363,0.512124619918812, 34689000000, 
-0.03445373539037014,0.1501265942131092,0.5116824543616058, 34694000000, 
-0.07271452339954206,0.17598242676835718,0.4898094103477126, 34699000000, 
-0.062083592817197386,0.1547664319391858,0.48479953524085534, 34704000000, 
0.1173336881825194,0.29430334488514903,0.507992091181205, 34709000000, 
-0.13082019530097216,-0.07451056152389175,0.4842303703061954, 34714000000, 
-0.03532655605158644,0.19465388764423996,0.4973606820475082, 34719000000, 
0.04543939374409149,0.27630901848033,0.5007265902564659, 34724000000, 
-0.18641607068477709,0.04517884869310427,0.5076600307004737, 34729000000, 
-0.11533707204056474,0.10804586770776062,0.4892164946165307, 34734000000, 
0.0628099517429244,0.3154798542844714,0.5045379493370543, 34739000000, 
-0.20862372382120092,-0.02323347327438985,0.4888697171823089, 34744000000, 
0.17005376706870698,0.1916267086894193,0.47944316047303587, 34750000000, 
0.10102847680950051,0.3165457420289446,0.5023314672334116, 34755000000, 
-0.16411655323284935,-0.016020823604493084,0.50017329546612, 34760000000, 
-0.10163758854414835,0.20790751319530393,0.4763589890082939, 34765000000, 
0.04129454300713892,0.3024061866479122,0.5009321448307331, 34770000000, 
-0.14466266104592537,0.010728289767766234,0.5067669318897488, 34775000000, 
-0.09137840354248605,0.20392926498833092,0.5155756473519825, 34780000000, 
0.2648999953447679,0.22245827413878722,0.5114079154722536, 34785000000, 
0.08323655520622762,0.19350076679652178,0.5104379891223271, 34790000000, 
-0.048747965207696586,0.1874356608838758,0.49290092815047987, 34795000000, 
-0.0051442047955443,0.21640793698401076,0.5171424869007905, 34800000000, 
0.014374471428090962,0.2082048401852623,0.48905398582892384, 34805000000, 
-0.08873010369668569,0.13367640050978533,0.506986899448537, 34810000000, 
-0.023951439815626238,0.2050902753402389,0.5100709039578115, 34815000000, 
-0.03917305910631349,0.12697595626899863,0.4893069250223818, 34820000000, 
-0.11258457336491096,0.11670733595235308,0.5226559495088512, 34825000000, 
-0.047863847173558884,0.15989506978063356,0.4816629721639518, 34830000000, 
-0.027036631452633988,0.10854868104113417,0.5023182621976002, 34835000000, 
-0.023075125139934885,0.14827684038396405,0.5113138272243952, 34840000000, 
-0.001535704326179374,0.21186562035746956,0.5062006253381733, 34845000000, 
-0.038072650518716736,0.10247066502948962,0.4898743593640437, 34850000000, 
0.25110092134232787,0.13032396582936498,0.49307325628703336, 34855000000, 
0.051257774680237386,0.3187884735855116,0.5120774178881438, 34860000000, 
-0.15744805594397127,-0.002578314083788783,0.49952507911665195, 34865000000, 
0.0006550571639334368,0.23081700930536975,0.5022691578237083, 34870000000, 
0.0960323303097734,0.29911821505257113,0.48258579531397344, 34875000000, 
-0.16530957513731287,0.06467076510627559,0.5134407467489195, 34880000000, 
-0.02077915096970064,0.15961233348525147,0.4929406439415573, 34885000000, 
0.2526866959811598,0.27287456986080527,0.49975193183887817, 34890000000, 
-0.16009214768211288,0.0818347751429494,0.5002096421192272, 34895000000, 
-0.008810549401118254,0.10593890549535737,0.5111255506549208, 34900000000, 
0.09891202279595177,0.31784429953348664,0.4893634995499805, 34905000000, 
-0.2205354072864711,0.00460886593753157,0.488226311825106, 34910000000, 
-0.004074949417323271,0.14647056539375503,0.5045683612701855, 34915000000, 
0.22050157778559745,0.07041860106614078,0.5205517703571111, 34920000000, 
-0.005174403502947721,0.16080611681297052,0.5012097740246527, 34925000000, 
0.05626416839804738,0.29347026445792135,0.5021740803497302, 34930000000, 
-0.14389711069103664,0.016300182995103083,0.5028386878646148, 34935000000, 
-0.01956369602067223,0.22299064192681703,0.5121822763661046, 34940000000, 
0.06793578551306206,0.32555742857750414,0.5250663328411562, 34945000000, 
-0.13317799098147753,0.08472092894713426,0.5066269063898422, 34950000000, 
-0.06620162387429449,0.21015712214763077,0.503885277015165, 34955000000, 
0.06928201715113394,0.2669873919902727,0.5078775608423816, 34960000000, 
-0.20703295283518391,0.01130348934551785,0.5043842070934251, 34965000000, 
-0.061140213964947634,0.1511892527477155,0.5007878452294269, 34970000000, 
0.012866777144156134,0.2007932276517757,0.4843965529965131, 34975000000, 
-0.13889389857712786,0.07735704646965597,0.4885048013002601, 34980000000, 
0.01767527890547977,0.3105994748361825,0.49282664125498205, 34985000000, 
0.21554615491864326,0.056634339529263625,0.4943700430150613, 34990000000, 
-0.01873168370910252,0.17866355721125118,0.5024749385061503, 34995000000, 
0.025073156947995917,0.23035264974744846,0.4997367989522436, 35000000000, 
-0.22240179590897863,0.043594432940664535,0.5059029444875005, 35005000000, 
-0.05936459274816299,0.23803647985873358,0.5102164609265345, 35010000000, 
-0.01113340441361288,0.27249291420112637,0.5040413402206085, 35015000000, 
-0.17229026958486796,0.012442141790530522,0.48423122826354453, 35020000000, 
0.372999145939385,0.1869205563000347,0.48607279211980614, 35025000000, 
0.015832426605261483,0.23084957600331585,0.5132126724196088, 35030000000, 
-0.19107499235273534,-0.010308812049903686,0.4745038939980842, 35035000000, 
-0.031067254732636197,0.22859724572816253,0.5085575536199178, 35040000000, 
0.005414165840900945,0.14202795372019997,0.48152756626483634, 35045000000, 
-0.046391399264747245,0.11829295048669788,0.497547654554179, 35050000000, 
0.057529681207697976,0.32980240307225245,0.5212855548546156, 35055000000, 
-0.12271938245394308,-0.014699635895518343,0.5085079801838082, 35060000000, 
-0.031505841434956904,0.1973216793360527,0.5041597288863652, 35065000000, 
0.049692002067687153,0.29118210335667616,0.48790220262344874, 35070000000, 
-0.13853255271644116,-0.02826397814027861,0.4905189748378086, 35075000000, 
-0.0788006048838153,0.21137622711514692,0.49006834713079045, 35080000000, 
0.02453007058355642,0.25520338514611324,0.5219638947338895, 35085000000, 
0.08306939595258378,-0.013316659910342771,0.5097625410416474, 35090000000, 
0.023495436042595772,0.1841378545257322,0.4971918029068338, 35095000000, 
0.024806116821196253,0.2799676486913901,0.49122649950403274, 35100000000, 
-0.17285886817571766,-0.013363160710621866,0.4878411555015481, 35105000000, 
-0.015152085881064814,0.2183434589035418,0.4852752285460319, 35110000000, 
0.06704979760294341,0.2718822458890081,0.48940655266191724, 35115000000, 
-0.12182866192170783,0.06551986192846895,0.5079047807178847, 35120000000, 
0.29525398373277356,0.19718526192682492,0.504555742063639, 35125000000, 
0.09250501037518433,0.24669262423479832,0.5112355707687779, 35130000000, 
-0.16727232233665337,0.030661729791760947,0.4879715095838775, 35135000000, 
-0.05309665999280831,0.1083058461397594,0.4828877900775406, 35140000000, 
0.022700846555148597,0.27478576447011854,0.5107433314806213, 35145000000, 
-0.12011598158068869,0.00948669959409034,0.5031126115245882, 35150000000, 
-0.039329463666618394,0.1494652611927703,0.5044245920232923, 35155000000, 
0.24531015200526698,0.24582491468328468,0.4890764832041176, 35160000000, 
-0.076986850062181,0.20973318317208234,0.49238999740313155, 35165000000, 
-0.08675608868549634,0.20005827387035197,0.503488689481759, 35170000000, 
-0.023169093891199127,0.2174667350761807,0.4830391436243813, 35175000000, 
0.041129107551179135,0.22788702963377994,0.5154086910143676, 35180000000, 
-0.16820573264347294,0.04973981141084313,0.508392610899549, 35185000000, 
-0.011603438666547644,0.18635820838003136,0.4990504717970033, 35190000000, 
0.011882696424490524,0.25670882039992365,0.5014570684256967, 35195000000, 
-0.1364621866907647,0.11289839165445822,0.5033403293107565, 35200000000, 
-0.07050258839801404,0.11752569968755855,0.5132797406825262, 35205000000, 
-0.09199563030885818,0.18957852688783994,0.5014279577552833, 35210000000, 
-0.028359020293166365,0.17899013495395016,0.5086900250519595, 35215000000, 
-0.001227562022902761,0.17745193647526983,0.4870700671935707, 35220000000, 
-0.07127843297391176,0.08266403977864725,0.4919722648771513, 35225000000, 
0.2967418264453585,0.19738228773179103,0.5002266362366721, 35230000000, 
0.016686417339743263,0.24962912539339147,0.5027496719204638, 35235000000, 
-0.15455687924365494,0.06635074486968207,0.49519873108590395, 35240000000, 
-0.12134003955810181,0.20834897789796625,0.4833011209502616, 35245000000, 
-0.03312355361064531,0.19680838010400062,0.5084703934074463, 35250000000, 
-0.018009303068084466,0.09202637118590795,0.4975101729817462, 35255000000, 
0.1705769106186878,0.13310780801626176,0.4852456191823562, 35260000000, 
0.031989388475137256,0.20495684492673313,0.4991148431100006, 35265000000, 
-0.09287509371156019,0.16211042448749075,0.49283331457276397, 35270000000, 
-0.05696675243722285,0.21892733812655601,0.5063357407210965, 35275000000, 
0.02872761997428676,0.34344039219411704,0.4947836609453307, 35280000000, 
-0.08767604723736078,0.049883111072815886,0.5067535462847332, 35285000000, 
-0.02841073318464243,0.23304455711831185,0.5031882766394087, 35290000000, 
-0.032299384683361756,0.34141959962946555,0.49888408577050736, 35295000000, 
-0.1434026549684611,-0.01629197744696685,0.49038459209532964, 35300000000, 
-0.07623746220474821,0.20903408617660396,0.49788467660486163, 35305000000, 
-0.052193324179917885,0.20956090847402492,0.497254745191721, 35310000000, 
-0.042352272719113015,0.15555190967951618,0.5060080775460261, 35315000000, 
-0.012767381253807754,0.25912192295833286,0.5133627933045266, 35320000000, 
0.07960130165770084,0.26169318514866075,0.49220224902593873, 35325000000, 
0.15754044203646608,0.035065429321692224,0.5007695842741432, 35330000000, 
-0.05861810841351211,0.14164570640257157,0.5022185458953112, 35335000000, 
0.04041805908855804,0.1853184497815735,0.5036968821359762, 35340000000, 
-0.19261764685491367,0.03540121805625925,0.4853561477357661, 35345000000, 
-0.028459085328985292,0.20607423668633829,0.5085913854599025, 35350000000, 
0.0881962628889566,0.2797773910407154,0.4942878226141404, 35355000000, 
-0.17854475596075112,0.034771022388491654,0.5075449106514375, 35360000000, 
0.2836252653563,0.2542123449092803,0.49017590671019967, 35365000000, 
-0.0034961779387227554,0.17157154169778538,0.4853483142047473, 35370000000, 
-0.05339343171272438,0.08720614628770376,0.5009936916155028, 35375000000, 
-0.008247168374975803,0.15807121754081965,0.5104952571844167, 35380000000, 
-0.08797444514008602,0.17502216688121025,0.5003695122992872, 35385000000, 
-0.04858441511999617,0.1987968885952926,0.5073778552121694, 35390000000, 
-0.04666053987523918,0.22880661862616825,0.5196458548641536, 35395000000, 
-0.13213321555204938,0.11509647161610877,0.5237485086884992, 35400000000, 
-0.0066615573892582075,0.1978544139743426,0.5044703194390391, 35405000000, 
0.02374667015276078,0.2842283408256524,0.518187906510574, 35410000000, 
-0.17450781463537934,0.0790386068605087,0.49403904746163113, 35415000000, 
-0.09401059458566416,0.1681457198377635,0.49566445246178903, 35420000000, 
-0.009672917291180562,0.25883280842537076,0.4835071312862272, 35425000000, 
0.1396260232145278,0.10228152622242168,0.5059455419891644, 35430000000, 
0.04908230831477427,0.2692273512492027,0.4966259491377201, 35435000000, 
-0.16752954778272044,0.06711700705653867,0.48796435290110185, 35440000000, 
-0.017056677528847777,0.19767868483992246,0.49271603374294903, 35445000000, 
0.03218756819635757,0.23749036097032594,0.5166616069981296, 35450000000, 
-0.09173274960532683,0.16022206674005868,0.5033298656260146, 35455000000, 
-0.07087156957902745,0.20270679299117034,0.5153427528090828, 35460000000, 
0.35329824601856624,0.24622652801468126,0.5007278863559714, 35465000000, 
-0.1287782650787301,0.12903266532046717,0.48738543863501527, 35470000000, 
-0.06935251437590441,0.2117836090317402,0.5117618247986031, 35475000000, 
-0.0161856451126734,0.17905937978174913,0.49912816687446476, 35480000000, 
-0.05997756795469953,0.1683707783869723,0.506582537935171, 35485000000, 
0.020097809207621643,0.224524622998937,0.5024319551114788, 35490000000, 
-0.14684829067246172,0.0641685767795031,0.49552012376600846, 35495000000, 
0.31924840448894937,0.176391402992337,0.5195771154271737, 35500000000, 
0.01870277958090905,0.21708227545952208,0.49543320506073896, 35505000000, 
-0.14398359198269461,0.08868676412362565,0.49920780975618634, 35510000000, 
-0.03974123652815423,0.2295521803949223,0.49795323694553173, 35515000000, 
-0.001970639181989437,0.25269206601370336,0.47179954424589027, 35520000000, 
-0.10189702332410579,0.036184546040387934,0.5147207653792563, 35525000000, 
-0.06843652253633958,0.06330111027469926,0.493618099969474, 35530000000, 
-0.04163789441783324,0.2414956604140508,0.5087990081407451, 35535000000, 
-0.05226736277327544,0.1548987948129301,0.49654949489779776, 35540000000, 
-0.03635761388953901,0.25265547731817484,0.5065690528626838, 35545000000, 
-0.12904464879535996,0.11379282841178895,0.5092178391281382, 35550000000, 
-0.008865502284064249,0.15251548220429906,0.5016021900762923, 35555000000, 
-0.012273965309989303,0.2689793089301334,0.511770734764388, 35560000000, 
-0.11414793290666975,0.0012289119170214718,0.49558676076503344, 35565000000, 
0.33546502533034017,0.2024663701278914,0.5078297312518447, 35570000000, 
-0.009536827059076883,0.18140749014986304,0.5137289628926741, 35575000000, 
-0.1917909459567301,0.10581348055702156,0.49908299123171324, 35580000000, 
-0.029149390627491306,0.20697509210350018,0.5221115347953308, 35585000000, 
0.008804394695597989,0.2707066153154564,0.5080739956453355, 35590000000, 
-0.04034289653651884,0.05401457696485716,0.5052313119897297, 35595000000, 
0.20696954477600812,0.21561320888230306,0.5084155880055138, 35600000000, 
0.013034545268402802,0.2898379481807814,0.493646410332113, 35605000000, 
-0.09976413256621156,0.20446591454458846,0.5018991155716068, 35610000000, 
-0.00795160308051801,0.1880295699252808,0.49271444485801674, 35615000000, 
-0.006148592690517308,0.24255760442747842,0.4963167082306082, 35620000000, 
-0.10877496236085892,0.22499088839368836,0.4989383283483931, 35625000000, 
-0.028825526227324236,0.18382462339840794,0.5016236968755021, 35630000000, 
-0.06947034231057637,0.09488415292375549,0.49357125385297873, 35635000000, 
-0.041409720134521835,0.15852912100755903,0.5123854063265251, 35640000000, 
-0.04532207217357411,0.25608397371260266,0.5178195110067941, 35645000000, 
-0.05510468156314457,0.22744734892366314,0.5071690616549397, 35650000000, 
0.015234014367543,0.14387215293401737,0.4956274069307092, 35655000000, 
-0.08531921360179265,0.17544850023803543,0.48248508327186634, 35660000000, 
-0.03428435803898453,0.11643523156883324,0.5024284184335045, 35665000000, 
0.21844021539079278,0.1521347927263001,0.4893672573566971, 35670000000, 
-0.05557931340045701,0.1296760704243942,0.4873515652950858, 35675000000, 
-0.06522594698722495,0.23493345524008516,0.49365767330305654, 35680000000, 
-0.11374837230715634,0.14331394448253804,0.5035035027372418, 35685000000, 
0.010388661336363014,0.19500214373822974,0.5123018758054699, 35690000000, 
0.003567159640767755,0.2948551126463986,0.5058403533091522, 35695000000, 
-0.15382213571433437,0.15586004096451625,0.49535328146009133, 35700000000, 
0.28759046938344845,0.16770281936027445,0.4965052229834053, 35705000000, 
-0.02121501490916692,0.20890552587173863,0.49511397704516946, 35710000000, 
-0.1012134912569463,0.08804089818155987,0.5035295921413557, 35715000000, 
-0.04296521543841532,0.22875114155365173,0.48857653929961664, 35720000000, 
0.008827268948204021,0.2786007509564183,0.48985457787582365, 35725000000, 
-0.12644765558878385,0.13849453252490684,0.5035897211035818, 35730000000, 
-0.07555479503652031,0.1597725999942179,0.5095622649813208, 35735000000, 
0.35307843009463485,0.2995582893540438,0.4904681218693354, 35740000000, 
-0.11989585335184001,0.07727213311620666,0.5059800424077768, 35745000000, 
0.025852141533501752,0.22817678329404584,0.48889071429397174, 35750000000, 
-0.014074566112775489,0.2523519769243212,0.4967726002137294, 35755000000, 
-0.08532303305168973,0.15104008929196971,0.5117736132933608, 35760000000, 
-0.05525773728720113,0.17740622749391532,0.4795650941630138, 35765000000, 
-0.04909105140932875,0.2479171706731248,0.49513531127991484, 35770000000, 
-0.033355121329722494,0.07600209165715802,0.5078739083804212, 35775000000, 
-0.04571657451679596,0.1106486694353857,0.5179334777700996, 35780000000, 
-0.0658028911532278,0.23676135210849797,0.48919119083145945, 35785000000, 
-0.1564029593849039,0.12241768136118414,0.47620450530121805, 35790000000, 
-0.034363700325393695,0.19763730003284258,0.4897423248911687, 35795000000, 
-0.04810267458309887,0.0677739972242762,0.49266066904425626, 35800000000, 
0.26006303580889345,0.1252671205190587,0.49683698939192655, 35805000000, 
0.039633723270151903,0.24450167071965362,0.486472534750013, 35810000000, 
-0.07339742875748369,0.15046906699425694,0.49915165684437834, 35815000000, 
-0.07671206357673556,0.3027497910734668,0.5215661622146224, 35820000000, 
-0.06860907446948208,0.21555222845046068,0.4990010098312129, 35825000000, 
-0.024876516027780602,0.13715483523558164,0.5082628388901446, 35830000000, 
0.021444604894025283,0.3283519665574442,0.503463462134413, 35835000000, 
0.1979940872368446,0.10235530689141212,0.5034434107377805, 35840000000, 
-0.005628588249577472,0.19909447752881915,0.49370211315941104, 35845000000, 
-0.048496123804058336,0.21314085698528004,0.511960627177697, 35850000000, 
-0.08104599531608572,0.08855382634550515,0.5028980978593772, 35855000000, 
-0.06549612354208656,0.25353737154485606,0.49676378174491725, 35860000000, 
-0.08777334919358455,0.10128144089951044,0.49434486271014283, 35865000000, 
-0.07034151505398072,0.22446729709148758,0.5062782869555882, 35870000000, 
-0.025554248124668957,0.22661699266411556,0.48149801791797764, 35875000000, 
-0.14183568720226614,0.11975574885627213,0.5033272727951351, 35880000000, 
0.013676941330390616,0.20772901192827004,0.488094506449411, 35885000000, 
0.016298126949409464,0.2641456927024303,0.4982058960435861, 35890000000, 
-0.037319997839698395,0.004977393476180661,0.5011511164640942, 35895000000, 
-0.054415112961296544,0.18903444797497276,0.5155968478702508, 35900000000, 
0.051413226336863994,0.3347928620273857,0.4931008182823785, 35905000000, 
0.24618221710311639,0.10579482624521526,0.501407235488903, 35910000000, 
-0.08560191870911407,0.21676990113264594,0.5055781683416154, 35915000000, 
0.002300323477694169,0.24480264704628274,0.4870267178884719, 35920000000, 
-0.02935817453880144,0.0703325946797507,0.5144112277023525, 35925000000, 
-0.02138482168135082,0.20940661047884185,0.4934610773211448, 35930000000, 
-0.10479636167382032,0.12003470723052592,0.513565247635102, 35935000000, 
0.22400923600006054,0.22043204282239862,0.5155047827352409, 35940000000, 
0.04348842225992215,0.2903668445087709,0.4933369963228737, 35945000000, 
-0.08516596750551785,0.09286676226105153,0.4920633806067819, 35950000000, 
-0.03816148096685834,0.18037142994962352,0.4926983304590812, 35955000000, 
0.0003457782867589375,0.22728547627995158,0.5058423579953999, 35960000000, 
-0.15292462774156362,0.06810481585388727,0.5070487129366713, 35965000000, 
-0.05374189935385665,0.1944423407889559,0.5128052973450794, 35970000000, 
0.26020061849299847,0.21304807726189012,0.4816760731426753, 35975000000, 
-0.04671093834197068,0.14568271906923314,0.5015416266360688, 35980000000, 
-0.037370569011830355,0.11778466744163188,0.5070337675761237, 35985000000, 
0.02651569169935149,0.27303790018810664,0.4859194305023596, 35990000000, 
-0.07283407453462126,0.13899086259073543,0.5028231136101843, 35995000000, 
-0.0677101709331144,0.2331635321851759,0.49416933400001467, 36000000000, 
-0.0457745610302302,0.20608450258502464,0.49617322048710344, 36005000000, 
-0.09076677729222582,0.226940404701581,0.5174089046128552, 36010000000, 
-0.04264675404201075,0.20198411185936374,0.49948578894796664, 36015000000, 
-0.028423947556156164,0.2835984540712971,0.5123669169998644, 36020000000, 
-0.08699052106125402,0.11895747471314896,0.5247062943612602, 36025000000, 
-0.016683785921130654,0.14611425439101258,0.5064895679659923, 36030000000, 
0.004183655346555407,0.2934976553704891,0.5020010872606497, 36035000000, 
-0.08733080662819702,0.0412433142144467,0.49589118972394436, 36040000000, 
0.2657969441752971,0.21216730228906128,0.4934644608241711, 36045000000, 
-0.07145994485821103,0.2595847274213962,0.49412022089018, 36050000000, 
-0.003187203789451226,0.12477590827687246,0.49920559503712053, 36055000000, 
-0.03369131798101803,0.18572092055461803,0.5036120635396237, 36060000000, 
-0.0911535245231545,0.18287724315608445,0.4939677165204042, 36065000000, 
-0.08883071639733942,0.1343329433581749,0.492921481986105, 36070000000, 
0.016565147836977358,0.18439713033503832,0.5106745708218995, 36075000000, 
0.3133970569462147,0.14116049611852086,0.5082676997250709, 36080000000, 
-0.026998893800236276,0.18088506421533002,0.5022102865078227, 36085000000, 
-0.0772040573854971,0.1660258908059478,0.4975209882186436, 36090000000, 
-0.059820365022131554,0.13511590033872461,0.5209317177143016, 36095000000, 
-0.030902694807578582,0.1596404234215994,0.49681461427938894, 36100000000, 
-0.03724690331411652,0.29270229416849375,0.49142575170834896, 36105000000, 
-0.0022007571871834053,-0.002429194206411564,0.48903056729132743, 36110000000, 
-0.013872539901080276,0.17597957689898527,0.5020653331200182, 36115000000, 
-0.015084903676482068,0.30094577159686864,0.5128518966867481, 36120000000, 
-0.07145599785541006,0.1450171232687375,0.5022496901411465, 36125000000, 
-0.10171999193301251,0.22110564329787463,0.49584303481186875, 36130000000, 
0.00832583028160877,0.2648843925016643,0.49220338323843704, 36135000000, 
-0.08122552113488425,0.033237049007978726,0.4967847892847653, 36140000000, 
0.25856474658412953,0.16581838955779601,0.48652562379135533, 36145000000, 
-0.08874792535010965,0.1613729592652106,0.496344782727512, 36150000000, 
-0.05269049239123795,0.1990253985845374,0.5061820253161732, 36155000000, 
-0.06028776005040973,0.33220361222340944,0.49366532234734384, 36160000000, 
-0.10680547874730029,0.05820425361391282,0.4925751564914644, 36165000000, 
-0.047310549422235254,0.2091713963395782,0.5045824955992375, 36170000000, 
-0.03882387460847782,0.3300151852524183,0.501908365648692, 36175000000, 
0.3223610990256694,0.13179033290194234,0.5058366965848133, 36180000000, 
-0.0911114646449751,0.23900334771909282,0.5051696504747581, 36185000000, 
-0.04553909685287413,0.21362963668863344,0.5078052430704245, 36190000000, 
-0.04845695254461075,0.23192495207897174,0.5099351207826076, 36195000000, 
-0.14876133003998926,0.26355029911598316,0.5036857894591721, 36200000000, 
-0.02294790489065907,0.08416047123072562,0.5001315126804174, 36205000000, 
-0.09072006890106771,0.17271254008632825,0.5062619186469011, 36210000000, 
-0.06334048711660362,0.334579029927741,0.4927038212114346, 36215000000, 
-0.04286067816282229,-0.012323992227160893,0.49120740530465135, 36220000000, 
-0.06348941480714375,0.17107668879482868,0.5101728252836624, 36225000000, 
-0.06387639762981742,0.24942128829044083,0.48801265706460417, 36230000000, 
0.021061595645224168,0.05704945653042885,0.5012081599586208, 36235000000, 
-0.04988320559057172,0.2790079282860283,0.5231329417531076, 36240000000, 
-0.0774756609472399,0.11490045192234466,0.4912647739326179, 36245000000, 
0.300154390527872,0.1317411816721611,0.5080175395621727, 36250000000, 
-0.02331810344326555,0.33329327620087845,0.4940824103286088, 36255000000, 
-0.053288788072418686,-0.008701284080862279,0.5122395732564332, 36260000000, 
-0.05091558639706225,0.2668325047345556,0.49595103378002203, 36265000000, 
-0.06784203816978099,0.26032571878043853,0.48818172535262105, 36270000000, 
-0.1225745992805788,0.04847874914921724,0.49586684375932094, 36275000000, 
0.2743255084177008,0.3018564862085825,0.5050394504611804, 36280000000, 
-0.02940393404584702,0.019959529793607683,0.491337930442494, 36285000000, 
-0.03290936219945554,0.15573208710818218,0.49142246274197215, 36290000000, 
-0.06696089205138042,0.2561579855442522,0.5100323942820071, 36295000000, 
-0.05202665054353145,0.057828133083001304,0.5021429073072129, 36300000000, 
-0.12548632604085688,0.22689460775885523,0.4923047181007196, 36305000000, 
-0.032716649104473854,0.14254160792545034,0.4959018484488812, 36310000000, 
-0.10277162123596814,0.20311951405499828,0.4849589629514308, 36315000000, 
-0.00990758148383937,0.2992226786855249,0.4942708674351283, 36320000000, 
0.02206473955061069,0.04962948765472615,0.5091676873657062, 36325000000, 
-0.022803718415141155,0.15657411319253492,0.4835891882623119, 36330000000, 
-0.0780012446870482,0.3207644530825077,0.5009246698390001, 36335000000, 
-0.038091570542762604,0.05744599863305951,0.49836643733161856, 36340000000, 
0.013971590105859848,0.21612231614206848,0.49111146977026593, 36345000000, 
0.26978457669323275,0.14635563826704648,0.5056076267556258, 36350000000, 
-0.052114967741517075,0.24168710538664642,0.5055739836116953, 36355000000, 
-0.0229656637953995,0.21095846534590318,0.4850142631068041, 36362000000, 
-0.06385897215487049,0.13803278298174304,0.49795905325562867, 36367000000, 
-0.07361087910689901,0.24958888996812711,0.4993417780628342, 36372000000, 
-0.09915353028791762,0.2351322843838775,0.5100615787614812, 36377000000, 
0.1832683999850336,0.04067909013801985,0.5116184864163004, 36382000000, 
0.05349229622890779,0.2169149268221034,0.4926530373394371, 36387000000, 
-0.14903407324108223,0.24500737461323674,0.5096303825978764, 36392000000, 
-0.021022594045667253,0.06974703397370675,0.5291812943250611, 36397000000, 
-0.10320180042360315,0.23763693485283346,0.49342045045311766, 36402000000, 
-0.03935275677422343,0.1939058597373085,0.5097208442054447, 36407000000, 
-0.05439015085579528,0.2057045285060776,0.5021086907722626, 36412000000, 
0.26206117314124533,0.21647982917106529,0.49645062260683503, 36417000000, 
-0.08256075641895,0.16730720280883823,0.5047974718557191, 36422000000, 
-0.111453028117367,0.2664362074740395,0.4947450241512025, 36427000000, 
-0.06387514328731791,0.19027116459291396,0.5078503671639484, 36432000000, 
-0.03356331427255689,0.27509533326692887,0.4956676768439447, 36437000000, 
0.0037808752630403147,0.05805313786931196,0.5042091584225221, 36442000000, 
-0.05080082730388377,0.1209291288183573,0.5054235277197011, 36447000000, 
-0.06589248010323173,0.2852353016200349,0.5028189303177246, 36452000000, 
0.0036390972870005214,0.11373219735933177,0.4890358813879753, 36457000000, 
-0.07399471631273655,0.14187710626481673,0.49216043243817503, 36462000000, 
-0.11430084855059772,0.30756906352763175,0.49786357911447704, 36467000000, 
-0.01821533312899354,0.09758911064157177,0.49404696727953157, 36472000000, 
-0.019364686331628852,0.2213602344293644,0.49082449072917245, 36477000000, 
-0.1127027336028906,0.3567896534688383,0.4920123696668482, 36482000000, 
0.3656364778583176,0.05083174005271601,0.5178172830642397, 36487000000, 
-0.047932683852064395,0.2254358191649492,0.5010579563459479, 36492000000, 
-0.13207266514273733,0.22628679524451023,0.5110596503765199, 36497000000, 
-0.022071388977397362,0.2697261031195508,0.4813455078291069, 36502000000, 
0.002680524589193843,0.21982397336907458,0.5115317499039743, 36507000000, 
-0.06850723878634843,0.08654468702081693,0.4983811256265113, 36512000000, 
-0.1018066018851185,0.21002779241177097,0.5110193307715069, 36517000000, 
0.2405076659424943,0.35961183557198634,0.5171409282540316, 36522000000, 
-0.03736684287318759,0.05677928080102253,0.5110640096607421, 36527000000, 
-0.09331652975046525,0.288628404207713,0.508601658444334, 36532000000, 
-0.05639604357105641,0.20569420262970528,0.4986876190818608, 36537000000, 
-0.03300465829468146,0.20408624720849033,0.49774532618326706, 36542000000, 
-0.026685222498150675,0.2504994197615496,0.48909548107865797, 36548000000, 
-0.012976496904641088,-0.02066346473433107,0.5031329435863776, 36553000000, 
-0.03273605704461008,0.23121129908433946,0.5031846217795453, 36558000000, 
-0.07644141344959111,0.18543271369688305,0.4951739582958656, 36563000000, 
-0.04413912720617167,0.1563850587359795,0.49476232938354575, 36568000000, 
-0.11015248493714556,0.2723191190370662,0.5084654741978845, 36573000000, 
-0.05144840207748467,0.08603528978984121,0.4937247252703361, 36578000000, 
-0.06757789033017866,0.2351895739724427,0.49452379282199616, 36583000000, 
0.24660114745088793,0.3947049549854591,0.4904274536554517, 36588000000, 
-0.03739866352528338,0.01280804348304797,0.5000675986235527, 36593000000, 
-0.13178978920183454,0.3110309467946512,0.5100622953387074, 36598000000, 
-0.022597502831888383,0.03458987968163547,0.5015466912401554, 36603000000, 
-0.14995251910752946,0.1968836794077461,0.5025443057510062, 36608000000, 
-0.08018706718463875,0.3351811138659022,0.5003962676106332, 36613000000, 
0.11258822475623037,0.03100618349457236,0.49149774233248356, 36620000000, 
-0.036820482322693374,0.3409420578359601,0.5144624603788212, 36625000000, 
0.00626038077962765,0.037859775494113436,0.5223409896327665, 36630000000, 
-0.09311955640092212,0.24177160753707166,0.4766783466588096, 36635000000, 
-0.07885733013229143,0.3194836193045999,0.4822076006063258, 36640000000, 
-0.00536081840788712,-0.029068229110811406,0.5043099855319563, 36645000000, 
-0.0592067400486689,0.2012689050244323,0.5132490326413651, 36650000000, 
-0.12614695386821376,0.23157187719307512,0.5226282675844932, 36655000000, 
0.018490332246319983,0.1890567837201554,0.48937057060812666, 36660000000, 
-0.05943806543372262,0.33715865423762764,0.49446219741410596, 36665000000, 
-0.08592605136536625,0.0745515540558161,0.4953146086668577, 36670000000, 
-0.04822698579921404,0.24050962324415667,0.4882756967395643, 36675000000, 
-0.14872708625804484,0.3662669661850658,0.4939790895764263, 36680000000, 
0.03396031561949919,0.020804815641497488,0.502715475059154, 36685000000, 
0.30651619031857225,0.2707392557065418,0.5050204783775049, 36690000000, 
-0.1271247291071862,0.30009704059855435,0.5216370544945852, 36695000000, 
0.03534469483546125,-0.007103202953955036,0.5008997904058605, 36700000000, 
-0.035736174806515836,0.17400484821059498,0.5032694546444417, 36705000000, 
-0.11320695511686404,0.3340717813150412,0.5132629770846779, 36710000000, 
-0.003090249794208931,0.15701908316014399,0.503857167567182, 36715000000, 
-0.018766236410656917,0.2107556672380402,0.498221891200312, 36720000000, 
0.21735392404668805,0.30017952932355635,0.5164875206123788, 36725000000, 
-0.007737884428089124,0.05497832418030882,0.4986945682142393, 36730000000, 
0.008946285033320778,0.18323029775667302,0.51049200577622, 36735000000, 
-0.16583090559764924,0.29617021444578695,0.5068651543796341, 36740000000, 
0.0836108986401592,-0.014096328516809191,0.5089709067753235, 36745000000, 
-0.006212385754194215,0.16038153539322442,0.5044686897381302, 36750000000, 
-0.13573846387860483,0.35860131246173227,0.5098821061331354, 36755000000, 
0.3279597732402802,-0.04199981536452901,0.4988241258682058, 36760000000, 
-0.0051055667040643266,0.2058252901457614,0.48508221458823936, 36765000000, 
-0.12192006713252912,0.32395102768003464,0.5079866575362305, 36770000000, 
0.024621901186667013,0.06274945882121943,0.5008082131466269, 36775000000, 
-0.01701204264037201,0.19385096344265318,0.5075154925628581, 36780000000, 
-0.13737379300483693,0.44446402837135807,0.4969130850927414, 36785000000, 
0.022665824066053143,0.023492306978087397,0.5089292344147037, 36790000000, 
-0.03184995475667937,0.13251906882064635,0.5059613536632116, 36796000000, 
-0.05339026265170917,0.20691879228226215,0.5038927782952275, 36801000000, 
-0.04151736128421691,0.12952525575723736,0.4938630406137209, 36806000000, 
-0.08090374373327575,0.4392655973793788,0.49289852196523753, 36811000000, 
-0.0791709100188185,0.03607011165332764,0.5097258564805474, 36816000000, 
-0.026428996668732187,0.30931199785731794,0.5060407384803638, 36821000000, 
0.25309341329042073,0.38151704693840455,0.5023342933921991, 36826000000, 
-0.10910301505507691,0.02969583367155122,0.48996507786745014, 36831000000, 
-0.0391513381777808,0.22785434088290793,0.5073448639800533, 36836000000, 
-0.06156302025147836,0.17799215276805508,0.49621456119542706, 36841000000, 
-0.07293431270121634,0.12848101308689064,0.5049895790085244, 36846000000, 
-0.05827119266294684,0.412617965154938,0.48616909298911626, 36851000000, 
-0.04338845351519339,0.011167779294568301,0.5009864887515028, 36856000000, 
0.3129198657153337,0.24945078089250333,0.4959160102949518, 36861000000, 
0.0008142090364843119,0.3527743460719324,0.5023851619310824, 36866000000, 
-0.04521189615128254,-0.08541340207814031,0.4795646714657729, 36871000000, 
-0.11193301895481778,0.3420865663877079,0.49614330328070333, 36876000000, 
-0.09350790062599199,-0.03818284904635485,0.48922295101817753, 36881000000, 
-0.04186965964906277,0.2036978230033439,0.5064072072825339, 36886000000, 
-0.07019417713961441,0.3844291629251087,0.4832348858179532, 36891000000, 
-0.03791339295104072,-0.031729468887574136,0.49457496138919715, 36896000000, 
-0.05308239418333795,0.17522891557085765,0.4952523831503799, 36901000000, 
-0.087561060596629,0.41461378614446714,0.48550450194894457, 36906000000, 
-0.018815319437874095,0.005655688722337963,0.49508951406601925, 36911000000, 
-0.06780657734160347,0.2024961363615947,0.5013783405985298, 36916000000, 
-0.05216214190964375,0.460429702823116,0.5017085378640291, 36921000000, 
0.24523355687211273,0.03220929377638362,0.49659079117865773, 36926000000, 
-0.010015422948756268,0.24113936233355576,0.5193464867599863, 36931000000, 
-0.028544930969273852,0.3758335369443966,0.5125022568936297, 36936000000, 
-0.08570745725092742,-0.0660803088070803,0.487958995223052, 36941000000, 
-0.050874230378974414,0.27847666751540295,0.49696117789759325, 36946000000, 
-0.007241851783854714,0.16665335187390157,0.49868615621714013, 36951000000, 
-0.09060837552445085,0.24067858711513468,0.5035841351342634, 36956000000, 
0.18583325482198476,0.3830329975718022,0.503239772385018, 36961000000, 
-0.03618310723864193,-0.004371115061068232,0.48967755332854457, 36966000000, 
-0.02156317192263656,0.2141414215498094,0.50772998815937, 36971000000, 
-0.1524449673638286,0.4638422789403944,0.5004829753459307, 36976000000, 
-0.07588299343403278,-0.013490007373262135,0.5044880583770436, 36981000000, 
-0.03424399499736674,0.28656125279778194,0.5284783267121567, 36986000000, 
-0.15207784060079205,0.43125450006839994,0.5212762512699958, 36991000000, 
0.30454836815161823,0.015041062713951798,0.5217465687825289, 36996000000, 
-0.01903873893620336,0.27665046614345257,0.5031245842561956, 37001000000, 
-0.18050204192796307,0.3451231226334345,0.49818964963329304, 37006000000, 
0.019414180910819943,0.05926899453405955,0.48196071337909663, 37011000000, 
-0.03058281922119849,0.2906744126546612,0.5030091669824438, 37016000000, 
-0.1414270482575317,0.3359768395093983,0.5094212935351585, 37021000000, 
0.005483250657799423,0.04950912019337973,0.48961242538376903, 37026000000, 
-0.01452341051412196,0.24170222189307564,0.51396314722652, 37031000000, 
-0.08893583029135532,0.21756015868014983,0.5041619874340322, 37036000000, 
0.011844438275857641,0.20145776698187173,0.5184622901493401, 37041000000, 
-0.10203965418144231,0.2974300846490458,0.4983457112242548, 37046000000, 
-0.012492699269513394,0.05967970203033185,0.50728383485231, 37051000000, 
-0.03285686990959081,0.22408530868646453,0.5125486282044304, 37056000000, 
-0.12547203164805404,0.23301409970387246,0.5242440409016702, 37061000000, 
0.1806842844264834,0.16255647481123583,0.503151548524464, 37066000000, 
0.043842049005603165,0.2087942207801818,0.505642881983649, 37071000000, 
-0.05715861778687954,0.17471088013051275,0.5076002301317678, 37076000000, 
-0.005572469402481989,0.1823980259617133,0.5013566525295924, 37081000000, 
0.023813131680362892,0.17787815307735122,0.5144217749435717, 37086000000, 
-0.0869116380290123,0.1757790541487626,0.49853777217756645, 37091000000, 
0.1879300066874564,0.18133080501618792,0.49891943362423863, 37096000000, 
0.09896707860541946,0.21232408338712605,0.5059002036753826, 37101000000, 
-0.10742356109787361,0.2984079136224187,0.5007559938210969, 37106000000, 
-0.09785687153404315,-0.04884403929741386,0.5133597511104568, 37111000000, 
-0.047048892342391124,0.27071831560412474,0.5027717932349149, 37116000000, 
0.0032992005551722714,0.3277098231860433,0.5016746648790424, 37121000000, 
-0.09838028952223023,0.019776038006325602,0.4857607361668306, 37126000000, 
-0.01923363817731211,0.2620522720733959,0.5094702665891723, 37131000000, 
-0.05144005682955494,0.3690122891385249,0.5028136843782923, 37136000000, 
-0.0660810639262272,0.07870472068395745,0.4953864290788708, 37141000000, 
0.029409505850650497,0.21189202220794578,0.5045989239153593, 37146000000, 
-0.057964985072387606,0.16537339855088978,0.4897601553178801, 37151000000, 
-0.059590536040459746,0.22672251184640896,0.5003523747320068, 37156000000, 
-0.03452550901363284,0.33372313021990896,0.47832472643912227, 37161000000, 
0.20283417146328406,-0.0537022330308889,0.5115788174463805, 37166000000, 
-0.08859529907363596,0.13539997851975594,0.4860615951081296, 37171000000, 
-0.023673174221450922,0.37083321134824193,0.5088370108262351, 37176000000, 
-0.09540265031452198,0.07694811430873125,0.4989735105344905, 37181000000, 
-0.023967648131535495,0.2829713605307892,0.5002145047834576, 37186000000, 
-0.02995329067161607,0.32551248197765503,0.5141187577926427, 37191000000, 
-0.08367114597329726,-4.776266100620097e-05,0.49626825916971534, 37196000000, 
0.337203419086437,0.14309155052591016,0.4884250253053369, 37201000000, 
-0.02018886775990593,0.187042827318224,0.4995376972295942, 37206000000, 
-0.0896129756411066,0.23173887322851805,0.4954342347374574, 37211000000, 
-0.07946726966092181,0.38841895336371784,0.5048474276751131, 37216000000, 
-0.08017533408007044,0.0016699417277582385,0.4936763032536387, 37221000000, 
-0.048328711990026474,0.2568621507486835,0.4997698234047543, 37226000000, 
-0.02587063438534434,0.11660354326766058,0.5000713993792613, 37231000000, 
0.2779925792828938,0.17569626954448944,0.48551732341333265, 37236000000, 
-0.03519257409035781,0.31023599613364394,0.4951837955022275, 37241000000, 
-0.10957159666294916,0.046526556906389085,0.5062978168395423, 37246000000, 
-0.013261324202194762,0.1989896654623463,0.4935181386695738, 37251000000, 
-0.005199634174789223,0.30213397926833285,0.4936623057386127, 37256000000, 
-0.08867724871909334,0.09805398650693609,0.5031240617860601, 37261000000, 
-0.09967921404996842,0.21363677010255908,0.49155580577394564, 37266000000, 
-0.12293096064249338,0.18982028232813647,0.5069059012968901, 37271000000, 
-0.02433082814292171,0.25262132700427853,0.510496481812744, 37276000000, 
-0.015015734942844689,0.27106898663654055,0.5082535268731907, 37281000000, 
-0.18049306399749515,0.06557867317762031,0.5102419877099668, 37286000000, 
-0.014555464239125675,0.1910859786493554,0.5024777764342271, 37291000000, 
-0.09478733807693573,0.3147290829191959,0.5105542456740205, 37296000000, 
0.26008262343509214,0.05819339283685539,0.5059094344886573, 37301000000, 
-0.03697811394477188,0.294545251131588,0.5028789723795496, 37306000000, 
-0.05677939050770871,0.30529655021041785,0.5113700944741673, 37311000000, 
-0.09342242699333776,0.042555664837872015,0.5182176439701808, 37316000000, 
0.02925011364073033,0.2513695655175029,0.49761643564194546, 37321000000, 
-0.08963206151227487,0.23624203288496287,0.5151077494803085, 37326000000, 
-0.053147696462214684,0.2057270274838638,0.4979278085251554, 37331000000, 
0.27085382849573014,0.26706855970259546,0.5205193841077966, 37336000000, 
-0.05393526156303473,0.26274276581475625,0.5138472384173512, 37341000000, 
-0.1931024169367649,0.20439980029409327,0.5085784104463819, 37346000000, 
0.0054593318059302925,0.18158495514157372,0.513571579187734, 37351000000, 
-0.16595631122073304,0.16439454301542983,0.5118438220933543, 37356000000, 
-0.08635561971307908,0.1712905473955687,0.49824319104601267, 37361000000, 
-0.028390126183129666,0.13362560112670363,0.49608928841021355, 37366000000, 
0.3031993039725338,0.2707093651152315,0.507970222064534, 37371000000, 
-0.1225867565514184,0.2624047282309021,0.5225530209715292, 37376000000, 
0.06933335032392993,0.37500673338458734,0.48605195284893105, 37381000000, 
-0.08158542914244313,0.24004554620808405,0.49748984263963875, 37386000000, 
-0.08495313334784482,0.2041482841348562,0.5114164169454455, 37391000000, 
0.07172451983072263,0.2803596960029355,0.5039603508015651, 37396000000, 
-0.0434882490377643,0.22063376233648577,0.5032931746819326, 37401000000, 
-0.05260355939007688,0.15913062389547875,0.5045629697274225, 37406000000, 
0.02127829247674272,0.20395063541705086,0.5081929522102668, 37411000000, 
-0.08564458703836754,0.25675540586145246,0.5112101682713934, 37416000000, 
-0.09593642096118773,0.09184567936106096,0.4910503816140101, 37421000000, 
0.008600122731601741,0.30388487867321046,0.5268655468280989, 37426000000, 
-0.08757442246785446,0.2862290966554053,0.49417652921157923, 37431000000, 
0.2282257124296862,0.07009272534689928,0.4952819378114009, 37436000000, 
0.0637168117932189,0.2920985363165814,0.5100965929165392, 37441000000, 
-0.06408800741862361,0.31443012771940654,0.49928814730793725, 37446000000, 
-0.08941368322875393,0.12006054280139236,0.5065599346604556, 37451000000, 
-0.021572279095422378,0.2464581978845157,0.5099342217915517, 37456000000, 
-0.03315579893721653,0.30821465041794777,0.48947886443491656, 37461000000, 
-0.06787655544423715,0.10914015287501432,0.5010819093974312, 37466000000, 
0.3687158640221465,0.22077973039417262,0.5033261593052943, 37471000000, 
-0.053799682898727705,0.27105334674916726,0.49580629038419477, 37476000000, 
-0.10803891773977892,0.2810321418350848,0.4983561383228793, 37481000000, 
-0.045612714501063384,0.3296946351447637,0.5025941777573549, 37486000000, 
-0.13112163941229465,0.1355955795377694,0.4851824922976678, 37491000000, 
-0.027961617808847317,0.21671716554856546,0.49449234602344916, 37496000000, 
0.03965657731708326,0.2798525050538696,0.48605921497683474, 37501000000, 
-0.06978092469712205,0.0558638137222363,0.49822760834419605, 37506000000, 
-0.007840602221262732,0.2855909709990203,0.5079204676241122, 37511000000, 
-0.1048699185656139,0.037432597676999635,0.5016117125074767, 37516000000, 
-0.06955242899787652,0.20007724809770322,0.5214279744694917, 37521000000, 
0.01357445141231068,0.23928396738329347,0.49704535325230065, 37526000000, 
-0.11157483236027275,0.11968110152814711,0.5001424427997292, 37531000000, 
-0.017242221119169066,0.156744699086687,0.5067665779961992, 37536000000, 
0.3084648588235481,0.2084571857007,0.4969121778838409, 37541000000, 
-0.07790974769340896,0.17872264906455035,0.5257207258368171, 37546000000, 
0.08894507508263487,0.3754068325330453,0.4919538975056417, 37551000000, 
-0.12493892829660153,0.010594765550365426,0.5147459485162424, 37556000000, 
-0.002291826637630487,0.17062888718681735,0.49824774172130015, 37561000000, 
-0.06449539088733594,0.28278896690597627,0.49649006176075916, 37566000000, 
-0.09093922523784247,0.10518344096723935,0.5016316945363521, 37571000000, 
0.257561592787591,0.259237066219383,0.49807574724868087, 37576000000, 
-0.13315008163797062,0.3022809621028526,0.517716378715292, 37581000000, 
-0.0525460215693663,0.13683174945226545,0.5136960420555503, 37586000000, 
-0.006416812466795915,0.1721425324105968,0.5059226391030446, 37591000000, 
-0.08178271616855823,0.21936206012452603,0.5111926614803087, 37596000000, 
-0.06285422749973375,0.15053916790933153,0.5229313923079116, 37601000000, 
0.29049687552739545,0.291045583240107,0.4944209932323048, 37606000000, 
-0.10792368149290185,0.23581333577682645,0.5154855041948346, 37611000000, 
-0.012074553624273811,0.22661628261656752,0.5086503408876497, 37616000000, 
-0.07347399700881052,0.27316828148254013,0.5004926840841166, 37621000000, 
-0.06217521520477882,0.09506235559012996,0.5119442717192209, 37626000000, 
0.039333163104461534,0.30621136607771204,0.5237371669079061, 37631000000, 
-0.10897459411186637,0.15400156504751222,0.5242462731379246, 37636000000, 
-0.08200138389422018,0.23323911827454497,0.5235326710456539, 37641000000, 
0.060132502778197455,0.29343511993738924,0.4982441574087121, 37646000000, 
-0.038055765337855346,0.15882438580330532,0.5143837561584308, 37651000000, 
0.0027426349450026186,0.15262089793842498,0.5230503590497, 37656000000, 
0.0025723744860791445,0.30676650347109363,0.5159291559827046, 37661000000, 
-0.014070965541567518,0.25610525601284356,0.520956647513126, 37666000000, 
-0.014409324039287831,0.22248000360719705,0.5018129612713096, 37671000000, 
0.389726432109237,0.1817055649502435,0.4804206208194381, 37676000000, 
-0.032603046845100875,0.3395421387440136,0.5026872822750124, 37681000000, 
-0.04862515867909642,0.1230353668758159,0.5254871825125416, 37686000000, 
-0.0771655367813591,0.25877730708673485,0.50601016102198, 37691000000, 
-0.052014014637619205,0.31675813802341185,0.5175560407952072, 37696000000, 
-0.0971613320152613,0.09935536008844381,0.5185373498593369, 37701000000, 
-0.021442082211568566,0.2893829988563609,0.5138733918336145, 37706000000, 
0.26158422407141946,0.22093008050193938,0.5113445740217458, 37711000000, 
-0.05998673532574261,0.13996629071910446,0.5044803817157076, 37716000000, 
-0.04698178496654416,0.28192073591460853,0.513043199130529, 37721000000, 
-0.04996500344835597,0.24279575542023343,0.5016508467894134, 37726000000, 
-0.038510215516678804,0.11278100281964729,0.5229126282380384, 37731000000, 
-0.010185128508384291,0.16584396846101562,0.5039771784851901, 37736000000, 
-0.1315213481746054,0.3352111991784962,0.5132810342736907, 37741000000, 
-0.10541387611758549,0.09660551333912194,0.5133391578095353, 37746000000, 
-0.0428879791104906,0.16015671414571628,0.4947688236074996, 37751000000, 
0.010611701180630973,0.2574359578509202,0.5230199357285722, 37756000000, 
-0.1295981804445516,0.11950821667853286,0.5170461291643439, 37761000000, 
-0.003855413920685575,0.231697695350097,0.49216475150895433, 37766000000, 
-0.058308471392845215,0.23676860664057314,0.5083168450501712, 37771000000, 
0.2554913366245914,0.21018386187701754,0.48919983246507187, 37776000000, 
0.09023171171469724,0.2573046265773839,0.4951231224189842, 37781000000, 
-0.1635154456965593,0.1743843295964182,0.5123126126519951, 37786000000, 
-0.006955738408973854,0.3174693492817804,0.5124357858191132, 37791000000, 
-0.09181136652586108,0.3124451711103488,0.49928060552319525, 37796000000, 
-0.11825572456227282,0.12876314675455144,0.5019769785154491, 37801000000, 
-0.08452807739698973,0.2603765749790978,0.48329550844779473, 37806000000, 
0.22165576074648866,0.2711577187531511,0.5081710118530942, 37811000000, 
-0.10753278942247009,0.1380097947625028,0.49074315758411224, 37816000000, 
-0.004975005395460141,0.21455375098604257,0.4828600406989083, 37821000000, 
0.026995197636246547,0.30864383212988306,0.49323599484395064, 37826000000, 
-0.09964368181466451,0.1282566598511744,0.5050141200507556, 37831000000, 
-0.04093139072037904,0.21331841029493825,0.5027260777334495, 37836000000, 
-0.09593785396818598,0.22211934906564168,0.49839282413261304, 37841000000, 
0.35608610878743396,0.16318712616004663,0.49739410851731514, 37846000000, 
0.005804052224094528,0.3625990909754421,0.49982287757949184, 37851000000, 
-0.17466284167217228,0.1427761397706048,0.5030610449073809, 37856000000, 
-0.025842560613735997,0.17243162531439138,0.5025746993911421, 37861000000, 
-0.012643953490002184,0.2823301468417415,0.522637094176422, 37866000000, 
-0.1576710460507908,0.1254703606517263,0.5025760806891852, 37871000000, 
0.021298867109702767,0.34800443668831205,0.5040638467136197, 37876000000, 
-0.02446301124992174,0.34548842527365636,0.5084849951938883, 37881000000, 
-0.18994822151165075,0.14733677829444583,0.507953145535539, 37886000000, 
-0.004357170987291721,0.21937943164713508,0.5060619953432384, 37891000000, 
-0.03980027198151936,0.29696606817182924,0.5064740108997728, 37896000000, 
-0.12454054595403158,0.17501381006746008,0.49924377533363073, 37901000000, 
-0.06699045095044479,0.18842584962627387,0.5083389245834824, 37906000000, 
-0.09398665326268632,0.2515995271955135,0.5074711882859149, 37911000000, 
0.2570709825960701,0.13711022996049577,0.5106269170808299, 37916000000, 
-0.09747354817622345,0.24201172013921463,0.5167534393234122, 37922000000, 
-0.15085376945101955,0.1960948305932731,0.5115171039643506, 37927000000, 
0.027710579763477624,0.2763583265682514,0.5079252280374644, 37932000000, 
-0.05367553525787768,0.19974733827344082,0.4980092715510148, 37937000000, 
-0.07885524445920902,0.23003511543707672,0.49363904262359215, 37942000000, 
0.3048041007798979,0.2662189524062378,0.5179168649763973, 37947000000, 
-0.05895950989994658,0.29648915791518676,0.5119946220279341, 37952000000, 
-0.026292093935117535,0.15057365711493362,0.505019819163533, 37957000000, 
-0.10005907214413667,0.22858174702111525,0.49975277750628155, 37962000000, 
-0.0857550035208349,0.3433646790407443,0.4999286452472695, 37967000000, 
-0.13124653717817641,0.14417987324120127,0.5005037870442984, 37972000000, 
-0.08556491556485579,0.3046763647262029,0.5035913321492531, 37977000000, 
0.01538985734171763,0.3221046254755852,0.508931300999531, 37982000000, 
-0.15945399835511742,0.20016185514537282,0.5053923246674255, 37987000000, 
-0.06482725604706219,0.1994339303576854,0.504249961778211, 37992000000, 
-0.09672443662572813,0.25468088609240663,0.4990291013031084, 37997000000, 
-0.07540682850424427,0.09386940114118963,0.5024475209357518, 38002000000, 
-0.03949277946859869,0.23955143210705046,0.5011101232472611, 38007000000, 
-0.03695203932499261,0.3094522304790774,0.4973583333286017, 38012000000, 
0.19711421613003235,0.07788171086564553,0.5053572195625375, 38017000000, 
-0.03722128470213253,0.22526844348899044,0.49322893528030554, 38022000000, 
0.03578759130178427,0.397927864415712,0.5135684552144553, 38027000000, 
-0.10718211837074924,0.11103418815686818,0.49641222445504546, 38032000000, 
-0.126594426086593,0.2996843313950592,0.5045216755047867, 38037000000, 
-0.021278343849833656,0.1876091554983665,0.49272093692926094, 38042000000, 
-0.11895364101574418,0.1626429681091526,0.4962543996480645, 38047000000, 
0.3404364956526292,0.290454900588128,0.5096351469281454, 38052000000, 
-0.13643311717899956,0.09859364165368806,0.48820139227801834, 38057000000, 
-0.07753293563771588,0.2384010630575768,0.48690895527926503, 38062000000, 
0.03223631629676889,0.17099257736657714,0.4999070512003965, 38067000000, 
-0.22027214573593032,0.14047087530402688,0.5004773921248988, 38072000000, 
-0.042136723509139065,0.17743726818057803,0.4939170224582245, 38077000000, 
0.2657439310530358,0.23672425940420128,0.4895343675452716, 38082000000, 
-0.16342241356619897,0.20375820503577838,0.5282704760522755, 38087000000, 
0.023049700026590618,0.20689911895472546,0.5057708344649977, 38092000000, 
-0.025795974280955834,0.32484922492485907,0.5206360918622708, 38097000000, 
-0.18061719363899884,0.24312205213774446,0.5178718030641807, 38102000000, 
0.00882328165913434,0.2545926376640735,0.4902182570001232, 38107000000, 
-0.02585909365396792,0.2664879715207929,0.49695155990694556, 38112000000, 
-0.13357373927793967,0.12263872916998142,0.5005256315368923, 38117000000, 
0.03182558740684206,0.21727979478941664,0.5206890795145066, 38122000000, 
-0.025125337518119552,0.336653316577066,0.514059975027518, 38127000000, 
-0.12178390912669532,0.15478237136940862,0.5010347127562462, 38132000000, 
-0.05617795233579422,0.16712074193368492,0.5167652207770188, 38137000000, 
-0.03921431279365695,0.32115229231523673,0.4993009605891045, 38142000000, 
-0.08926197569737998,0.12348996589495617,0.5014172291422225, 38147000000, 
0.37905089436107736,0.24492234667606433,0.5309997850158114, 38152000000, 
-0.03877703687936692,0.27888645581379995,0.5106886115422412, 38157000000, 
-0.15033748774788108,0.20034011977165422,0.5037371512744712, 38162000000, 
-0.010240435755818178,0.1733440592483244,0.5095206486747029, 38167000000, 
-0.02372721103012658,0.26924618435861325,0.5033374141570942, 38172000000, 
-0.1316243225702731,0.1282259073099797,0.5055069811444648, 38177000000, 
0.03170581671250353,0.17948366715298714,0.5047379854163341, 38182000000, 
0.419048570502823,0.3441104449377809,0.5073872762347913, 38187000000, 
-0.0909923929377349,0.17478335490104152,0.5105137943804003, 38192000000, 
0.016990812507624575,0.21114305832891897,0.5059844768890295, 38197000000, 
0.041044991786717264,0.26756221994870283,0.5059228675927742, 38202000000, 
-0.1408468399472963,0.08785441477778891,0.5093793340711181, 38207000000, 
-0.008468647414133943,0.21630689753530075,0.5002409196504246, 38212000000, 
0.04500901931311335,0.2596280271107438,0.5136306483356488, 38217000000, 
-0.0729154229845164,0.16053998329017397,0.5018806490607571, 38222000000, 
-0.0236323924571966,0.16552491822245116,0.5140354733435304, 38227000000, 
-0.040974154064070734,0.33023735905541246,0.506438114594755, 38232000000, 
-0.12062255908531497,0.184414104078068,0.5156293700331422, 38237000000, 
-0.013834944838335854,0.22136766623390125,0.49670270872373395, 38242000000, 
0.024036087938592764,0.3021034726660209,0.5014193726383408, 38247000000, 
0.07300827371133378,0.19927514399054022,0.5026479182194851, 38252000000, 
0.00199137357357138,0.23631525846903229,0.48373791939126576, 38257000000, 
0.08665920942342954,0.3585527055086811,0.49726045418728804, 38262000000, 
-0.1435956109079327,0.14645238727413887,0.49734954382916774, 38267000000, 
0.0434396058538187,0.21542971836195987,0.48435115576481635, 38272000000, 
0.07312998769190815,0.11915865102797633,0.4844552648128583, 38277000000, 
-0.22870697883051283,0.1983068468533566,0.5107220614027557, 38282000000, 
0.26078165155821625,0.24267965993876145,0.49498902209138546, 38287000000, 
-0.048267859206979596,0.2657687205361665,0.505636475923377, 38292000000, 
-0.14807391055975402,0.21453946714284206,0.5019997171769472, 38297000000, 
0.009111397051805015,0.23259452465363936,0.4961746275228339, 38302000000, 
-0.1940635327994219,0.12504227767233483,0.5020589584579808, 38307000000, 
-0.10127081018845624,0.2290947295641689,0.49801507924622584, 38312000000, 
0.10645133825036679,0.2767643414725205,0.5007988537574318, 38317000000, 
-0.21230260366818035,0.20365001845102831,0.4965126634532393, 38322000000, 
-0.08042967855074307,0.22511296721550655,0.48026539008360725, 38327000000, 
0.07633128185836088,0.29068226860221585,0.4942283577104691, 38332000000, 
-0.12744749021764307,0.2087264320871705,0.503496889529392, 38337000000, 
-0.04498816668451852,0.19101756366393224,0.5156307868102757, 38342000000, 
0.02029969944105441,0.29238362851957506,0.5249572559265991, 38348000000, 
-0.12138247745457625,0.12196766300618987,0.5107410200342302, 38353000000, 
0.26299089546007953,0.14606507141545022,0.5010956907254879, 38358000000, 
0.023038783450802486,0.27540718668720826,0.494183986160852, 38363000000, 
-0.22955770869434766,0.1758793712368401,0.5050485225013185, 38368000000, 
-0.04860857047050296,0.26050074840372867,0.4944989248019261, 38373000000, 
0.010714843063197138,0.19526681273906177,0.4891880143716554, 38378000000, 
-0.15428600524851158,0.1775869279434137,0.5196075868349117, 38383000000, 
0.23084621940226238,0.23457182132873605,0.4880920853496956, 38388000000, 
0.07511993207341261,0.32892401539559096,0.5011879125614362, 38393000000, 
-0.19222056496421192,0.16964355562485237,0.49574832317999373, 38398000000, 
-0.04809458377206867,0.2545968897420513,0.5033926744551206, 38403000000, 
-0.029970302698928454,0.24125641363862746,0.5096739172385039, 38408000000, 
-0.10615167439698903,0.26320676382788794,0.49784971012061996, 38413000000, 
0.007554789433426309,0.194343710807992,0.5155753181869902, 38418000000, 
0.3042164116961105,0.16941239464853963,0.5008343731170778, 38423000000, 
-0.034118526565570656,0.22284808413774976,0.5086379500415539, 38428000000, 
-0.10099981630706294,0.14367793148388422,0.49575606038263187, 38433000000, 
-0.07883266086102411,0.2645283236780517,0.5127805915181962, 38438000000, 
-0.12906082856913892,0.19368236735241223,0.5048475113609074, 38443000000, 
-0.12552413073550375,0.2961877053576827,0.5158943961524809, 38448000000, 
0.009832937099583971,0.21001338796541807,0.5077700538714155, 38453000000, 
-0.02431691458130415,0.27841298317622853,0.49919832851797896, 38458000000, 
-0.09862018514717796,0.31001569940765866,0.5176526804897017, 38463000000, 
-0.15244165420616249,0.20451102559001777,0.48850752210713283, 38468000000, 
-0.007006284480343193,0.22667695590744116,0.514985635897077, 38473000000, 
-0.06572509083412716,0.29917123682638935,0.5017902828519035, 38478000000, 
-0.10637154310057205,0.363565217410697,0.5074818985052685, 38483000000, 
0.04962192233728594,0.14808270385971112,0.5085518825956076, 38488000000, 
0.3139944312324305,0.21097283452227486,0.4962800847481024, 38493000000, 
0.02632057800461022,0.3018579452397706,0.5084971453212431, 38498000000, 
-0.1341656684392836,0.13611460794798358,0.49738254945821075, 38503000000, 
-0.06362252971820799,0.2729741572573701,0.5000973336433372, 38508000000, 
0.05959067672515718,0.2435748087475995,0.5011813532138321, 38513000000, 
-0.16659702132722967,0.22571040290019093,0.5033416260915493, 38518000000, 
-0.06010377001227241,0.22609068107469796,0.5017055604367479, 38523000000, 
0.36205083811138594,0.20084231863326252,0.5120307045920758, 38528000000, 
-0.1607571405432833,0.23425111764934634,0.4926657312922539, 38533000000, 
-0.044169597654436454,0.22532757856263538,0.5082552795669192, 38538000000, 
0.08894051023838088,0.24824176232102338,0.49282091983010595, 38543000000, 
-0.15794363079674326,0.2541582536087775,0.47226634365460085, 38548000000, 
0.011416352870948027,0.33600545554091166,0.4816743095464531, 38553000000, 
-0.09230555684107355,0.23665169873686365,0.5080094715762187, 38558000000, 
-0.09456618536654281,0.18948283034580665,0.4973423257831135, 38563000000, 
0.03820082651867476,0.21492011039137895,0.5099084697220334, 38568000000, 
-0.22693968674708695,0.2288779317029254,0.5048266415207112, 38573000000, 
-0.025153867052591837,0.26546577264721805,0.5072724342512986, 38578000000, 
-0.0441861569891462,0.248411922291249,0.5044499567764456, 38583000000, 
-0.15651863914921924,0.22444969997877773,0.49227055362111083, 38588000000, 
0.2898759659846755,0.24273829787019102,0.4825377947971726, 38593000000, 
0.14173395312404247,0.30805492102662146,0.5015537247073412, 38598000000, 
-0.23468067326132688,0.26153141385161666,0.4872374117859337, 38603000000, 
-0.05107366504793329,0.2702228856345513,0.5020365318142778, 38608000000, 
0.10053421389566167,0.26726041243619636,0.5001439774174306, 38613000000, 
-0.35385954608953524,0.19735553616910112,0.5029755776204734, 38618000000, 
-0.005873321232330111,0.25338854300216435,0.49810584985330253, 38623000000, 
0.4242424812943907,0.2477135002215371,0.5205524160855404, 38628000000, 
-0.1817688085373987,0.2244488320904818,0.5235451563119711, 38633000000, 
-0.030971074390995505,0.21036216112126954,0.5007420220707309, 38638000000, 
-0.06409461374076733,0.21815071750578074,0.5046878647921825, 38643000000, 
-0.1328470791601934,0.19364940622226218,0.5084952450913569, 38648000000, 
-0.04612773238031316,0.22360191870384802,0.4907327263268453, 38653000000, 
-0.020113569951702097,0.15101259583772736,0.48418537647449844, 38658000000, 
-0.034483436737625515,0.2952733975553682,0.4896581393477278, 38663000000, 
-0.048935623827220234,0.2387857756806911,0.4968311517572665, 38668000000, 
-0.04313866321192958,0.22866677286735534,0.4869063127913096, 38673000000, 
-0.06315696407100957,0.20422157235773222,0.499701347287126, 38678000000, 
-0.10380916870534677,0.3214247301007172,0.5095744771534232, 38683000000, 
-0.01243804138492349,0.11310105739629542,0.4913336274658094, 38688000000, 
-0.07466541933790269,0.22060568600318475,0.505961060161486, 38693000000, 
0.44639956580585555,0.2568395719274813,0.4952666709034547, 38698000000, 
-0.2635140393658442,0.20588271717657874,0.49575152186409027, 38703000000, 
-0.05074745556032334,0.221011197244054,0.5009614997952878, 38708000000, 
0.11154397983020485,0.2502994101157752,0.4940334646572401, 38713000000, 
-0.2614471733610669,0.2236446718635714,0.5106351406635035, 38718000000, 
-0.0395540000907987,0.2177192096965925,0.5038281842994898, 38723000000, 
0.3406391892596844,0.24125520341011036,0.4737421866830254, 38728000000, 
-0.12615237030555393,0.2567274949664665,0.49597592032829707, 38733000000, 
-0.023386555184994762,0.24424388870078834,0.49190012979741743, 38738000000, 
0.04914745311839261,0.2633853972105537,0.5034127460656593, 38743000000, 
-0.19584761318772342,0.13268277064424114,0.4889164402739329, 38748000000, 
-0.024635959440075496,0.25392152040094756,0.4976695207062828, 38753000000, 
0.10773585452691248,0.23889013148185748,0.5041130182610873, 38758000000, 
0.09353404701844054,0.2568670398578245,0.503891050697547, 38763000000, 
0.012410248709783245,0.22210391563887455,0.4997762691741161, 38768000000, 
-0.10604531192025218,0.19414523703086808,0.4845268668677494, 38773000000, 
-0.0890429797419419,0.20188329622269316,0.5030918805366569, 38778000000, 
-0.029319524785313196,0.1994605583351543,0.4749599430331751, 38783000000, 
-0.08189081680580594,0.2746855692569957,0.500363394222703, 38788000000, 
0.016565659327336803,0.27143805283793876,0.5067700065576557, 38793000000, 
-0.09707904141744715,0.17959149261254762,0.4986161428357427, 38798000000, 
0.022062294916743906,0.19145325206152747,0.4897159172484937, 38803000000, 
-0.049440861115684596,0.26629621670572323,0.5029637579548093, 38808000000, 
-0.06642464721073203,0.2709602545592708,0.50945822248049, 38813000000, 
-0.028620042410264335,0.20477395161768344,0.48528691689825176, 38818000000, 
-0.04955891390609354,0.2823023897831557,0.5116180813589019, 38823000000, 
-0.12343054654575075,0.21325466625293013,0.4944033719233051, 38828000000, 
0.2844720655778171,0.2988462768501765,0.5087504583746428, 38833000000, 
-0.0468166853486065,0.2507548331748926,0.4964767441672373, 38838000000, 
-0.06726370699076274,0.26349550398336696,0.4899294274079302, 38843000000, 
0.0228745142617063,0.25171401392932147,0.49458589347675075, 38848000000, 
-0.04086176517984008,0.24591850554203645,0.5032159885260667, 38853000000, 
-0.022261223631421943,0.17389449075650665,0.504838337869463, 38858000000, 
-0.010231241539493795,0.21097057558540083,0.5089387283435294, 38863000000, 
0.01442704950734832,0.24213220472811958,0.4831221117226932, 38868000000, 
-0.09222196426172391,0.2454979502297398,0.5062229538931446, 38873000000, 
0.024266896699425722,0.2970907141529675,0.5142051600333064, 38878000000, 
-0.012102719701377988,0.28308285921912213,0.49965570025091244, 38883000000, 
-0.05090600451112891,0.18977670311322792,0.5120088220533768, 38888000000, 
-0.04709301030915505,0.2980389612247438,0.4934083807741118, 38893000000, 
0.16607246817329926,0.17943655598771613,0.49649510108167827, 38898000000, 
0.032808660777400585,0.20141681698485708,0.5006934486436869, 38903000000, 
-0.01590893834594438,0.2882710322681641,0.4832624661782517, 38908000000, 
-0.1370671374886049,0.1581544402518558,0.48590513671385177, 38913000000, 
-0.09531769943008189,0.1468306754641833,0.5021770007251348, 38918000000, 
0.014239360599648657,0.23387031059806695,0.4936284242680827, 38923000000, 
-0.08813147412632366,0.2135392594615749,0.5030299826214725, 38928000000, 
0.28814161251834625,0.23535334749069475,0.5109407433641249, 38933000000, 
-0.12023158679580895,0.15949710075538273,0.5010224537497233, 38938000000, 
-0.08287921999905579,0.21410077758373264,0.49753892125625737, 38943000000, 
-0.11133076908391883,0.10243445645124008,0.4980800979111035, 38948000000, 
-0.08450241469273603,0.3176360951724728,0.5028828330206784, 38953000000, 
-0.027436001635724336,0.28007940605811854,0.5070278981359535, 38958000000, 
-0.07310598340872337,0.21126186355632554,0.5085176707107627, 38963000000, 
0.3329944296750412,0.19423623448306537,0.5197210064166619, 38968000000, 
0.0019262655739203348,0.22770535881077106,0.4856043563222922, 38974000000, 
-0.025605280616571444,0.2686338170825959,0.4967757436902354, 38979000000, 
-0.06215956785545639,0.36499239110075415,0.4902961077877115, 38984000000, 
-0.047325302804316446,0.1716938746066795,0.5031944120965325, 38989000000, 
-0.09277128050787958,0.25585043925415724,0.48665338040056355, 38994000000, 
-0.018718320852163066,0.2766137184884134,0.4942549148191832, 38999000000, 
-0.11308859141422804,0.13844167860407353,0.5198837565980753, 39004000000, 
-0.03919068924313007,0.27475144045791683,0.5008832267918049, 39009000000, 
-0.08585448827694939,0.22990606846545109,0.5180977457686641, 39014000000, 
-0.037286283264202344,0.09284655267024389,0.4941120702833691, 39019000000, 
-0.06533943542402071,0.2785831769191801,0.5189182211090131, 39024000000, 
-0.046178077243712444,0.3133771148543122,0.4882261826439617, 39029000000, 
0.19410701421710355,0.19297595095118242,0.5140438235002186, 39034000000, 
0.047555874742880436,0.23505760721191823,0.5038979231409233, 39040000000, 
-0.04874361790616493,0.2000177993387672,0.4902954012649382, 39045000000, 
-0.06028416994852785,0.274625206975579,0.4869072433275624, 39050000000, 
-0.01429582844041135,0.305292363851685,0.5017460083313326, 39055000000, 
-0.1135025766252239,0.18546784579365422,0.5149410311105673, 39060000000, 
0.010934356885649171,0.2525685798937098,0.5215865132649412, 39065000000, 
0.25696581866471635,0.2796273299197183,0.5145882821305179, 39070000000, 
-0.03755936701927437,0.09754172442059793,0.5108795491940514, 39075000000, 
-0.03659483719179006,0.28689819585731613,0.4959723766569412, 39080000000, 
-0.09016193935478242,0.4376811535559883,0.4985373979495729, 39085000000, 
-0.02328105093677139,0.20477362624302414,0.5056514365506604, 39090000000, 
0.015736048145620456,0.27266288448742204,0.4993988223535797, 39095000000, 
-0.12015624156819985,0.36245253100108976,0.48885101404434117, 39100000000, 
0.013991160760147165,0.15768923653445044,0.5041025012424886, 39105000000, 
-0.03303340242030279,0.15499028444074167,0.5220149612866221, 39110000000, 
-0.12633123261213441,0.2965160296434229,0.5098081099694294, 39115000000, 
0.0011255861031667946,0.11757769799225941,0.5019787601781515, 39120000000, 
-0.10614044467515721,0.22499430871972786,0.5157676928041264, 39125000000, 
-0.08254482130230324,0.1734727757972927,0.49246815138076283, 39130000000, 
0.003317820969436386,0.1835689159167803,0.5005655237210117, 39135000000, 
0.26249487908960745,0.23056834126878345,0.5043453137478099, 39140000000, 
-0.11471246887707039,0.24839436202596535,0.49952481450382863, 39145000000, 
-0.04844686296396413,0.2132870999810793,0.5111865126402189, 39150000000, 
-0.0384054935116285,0.25938138035857844,0.4880383326655097, 39155000000, 
-0.0865993997048095,0.27212078045644983,0.5170381004829316, 39160000000, 
-0.06998748871888495,0.2386935700446594,0.49397228411916944, 39165000000, 
0.2024296493425084,0.23260161723876577,0.4881250567614779, 39170000000, 
-0.0029404333755268693,0.23913841072530828,0.4876517252108644, 39175000000, 
-0.012368794504130386,0.18688355774712645,0.5185834074166096, 39180000000, 
-0.1024907627577629,0.40111188151540794,0.4899291678787059, 39185000000, 
-0.010438941474858769,0.14026367462129488,0.49712925286436294, 39190000000, 
-0.004434646894537719,0.2687904995176011,0.4991631275017931, 39195000000, 
-0.07991938312041123,0.3979920044415929,0.5182174254740798, 39200000000, 
0.09152742320122305,0.10904487749996501,0.5153171298103713, 39205000000, 
-0.09321081294952353,0.1974845334947836,0.496492920199736, 39210000000, 
-0.1104523099465587,0.27619605389045987,0.5001946009207301, 39215000000, 
0.0025862828308317147,0.05323644922312208,0.49420205536865014, 39220000000, 
-0.08783433161969562,0.2269231684559361,0.5063136601540351, 39225000000, 
-0.10122772503997755,0.37371118274064363,0.5029419803854872, 39230000000, 
0.0345993687068866,0.13812866584290226,0.513493578415702, 39235000000, 
0.24718939192980577,0.299842959163775,0.49354803278492054, 39240000000, 
-0.1494444091661617,0.2509202245761704,0.50317894493252, 39245000000, 
-0.04099509924409975,0.07654105900836242,0.5099918515061131, 39250000000, 
-0.11889273511810378,0.3883201283931872,0.5132341271033036, 39255000000, 
-0.026666075279359658,0.11310758298357976,0.5016813287581752, 39260000000, 
-0.040035380487931364,0.24475890424043978,0.5003481922569178, 39265000000, 
-0.13015481980765742,0.3828549331618907,0.499045021354522, 39270000000, 
0.3060877967965904,0.07445129679267506,0.49590040055987356, 39275000000, 
-0.05372618832231291,0.2926454905647635,0.49143799450062536, 39280000000, 
-0.11380228727446792,0.32535549289727256,0.48932620818632, 39285000000, 
-0.04544413391464411,0.051952865185365404,0.5032256009468397, 39290000000, 
-0.09900089052716012,0.35186867952612355,0.5072350123051875, 39295000000, 
0.030478594619213695,0.05557637902207155,0.49776606058324707, 39300000000, 
0.010497882769192314,0.26978201415913583,0.5013620519645013, 39305000000, 
0.4069086169837334,0.45251590820763454,0.4831621937663769, 39310000000, 
-0.05520518067756268,0.1462576056180816,0.505750463055613, 39315000000, 
-0.1167260632236694,0.3249719519248086,0.5172773186902517, 39320000000, 
-0.04543615123058454,0.06178816286190813,0.506216526375078, 39325000000, 
-0.09518022321580358,0.24148436234088663,0.49082187603766597, 39330000000, 
-0.1247483115280627,0.42109977195967707,0.49566087178387114, 39335000000, 
-0.006572564009264783,0.06931580378329699,0.5015010449101189, 39340000000, 
-0.05472412086473242,0.22158235431383996,0.5008260191498151, 39345000000, 
-0.09548879658368767,0.4191198858166464,0.494673409314395, 39350000000, 
0.022844002943818102,0.1638887614340657,0.4935592781367934, 39355000000, 
-0.12256093814106053,0.16196966363511242,0.49970010960440375, 39360000000, 
-0.058132987282404354,0.25765402102850404,0.4994466801309631, 39365000000, 
-0.08866729802683937,0.2162446334476305,0.5036373065403569, 39370000000, 
0.23702314922742276,0.46731434016734824,0.49838504724833305, 39375000000, 
-0.05027761468671826,-0.0740069927308821,0.5162033780889951, 39380000000, 
-0.03599552944039916,0.24711193008565308,0.49002881831489203, 39385000000, 
-0.1996980661212411,0.4110146227473026,0.5154860218285171, 39390000000, 
0.09027745704379336,0.05723797902482901,0.49730842950798726, 39395000000, 
-0.06813640106940867,0.21628879494735648,0.507012748270949, 39400000000, 
-0.22663247862912028,0.3846628464184235,0.5093051656187241, 39405000000, 
0.4173408579513048,0.00391170147206496,0.501856609626581, 39410000000, 
-0.049356153077277226,0.27947215287834726,0.5066273315969216, 39415000000, 
-0.23035485568649644,0.44304973428014915,0.5341099531783748, 39420000000, 
0.08080994540493848,0.039896494121051666,0.5005255726973701, 39425000000, 
-0.02132774639963435,0.24457735076765977,0.5163599802327814, 39430000000, 
-0.21822383999857778,0.47105494799597725,0.5324682263962447, 39435000000, 
0.08815451635091291,-0.02163320510150158,0.5057219980795499, 39440000000, 
-0.03983433376584623,0.26606855014882935,0.5193704808203355, 39445000000, 
-0.17489759642362362,0.43319089539729466,0.5118147956599703, 39450000000, 
0.04940922976519849,-0.0008097130826348574,0.5127583265225012, 39455000000, 
-0.09248484863691608,0.2589716765842234,0.5115303553502832, 39460000000, 
-0.1488311733149677,0.44429836059225086,0.5070730526557655, 39465000000, 
0.01629470851107479,0.100379372596836,0.5153023558036917, 39470000000, 
0.01821244331875694,0.24552913672285515,0.5098494006861479, 39475000000, 
0.07639606193061364,0.42201798458500706,0.5170118321381116, 39480000000, 
0.05058892307923296,0.05070244115178385,0.5199272968750276, 39485000000, 
-0.06477454517470883,0.3086141474898349,0.5133738514531795, 39490000000, 
-0.19200135100492358,0.5492994749438416,0.5180815694108543, 39495000000, 
0.044317929393786454,0.1169926776532928,0.507986176463286, 39500000000, 
-0.019923587518537178,0.17465350405957267,0.5063187865565962, 39505000000, 
0.0882480327957321,0.48838150745630493,0.5086284543552824, 39510000000, 
0.06121448533687309,0.04910296247091142,0.5176543600263065, 39515000000, 
0.0160601027361104,0.1762511433632212,0.5165220498752576, 39520000000, 
-0.1291549445680057,0.39714441904371506,0.4956395187699507, 39525000000, 
-0.06694985509588823,0.012771742631647612,0.5134393734569607, 39530000000, 
-0.0551862251542696,0.2824090118061629,0.5044200786134, 39535000000, 
-0.09749853829300494,0.2534997983315742,0.49722948857734967, 39540000000, 
0.28189291335788413,0.25472632934553224,0.5107960077552247, 39545000000, 
-0.0881141096418318,0.44507105313145706,0.4938021111036874, 39550000000, 
0.045821110724793834,-0.013759551575336267,0.5011762108896644, 39555000000, 
-0.07670644606250342,0.3295255205500318,0.4927889226333667, 39560000000, 
-0.005318103015799366,0.26622400964785387,0.48771516190349157, 39565000000, 
-0.033908239197507364,0.29121047493077934,0.488463201407489, 39570000000, 
-0.13422626678352298,0.4456410294427323,0.49160733149846114, 39575000000, 
-0.01928274655531986,0.031470797470270394,0.5015860584049491, 39580000000, 
-0.04385111009179212,0.2844912020528259,0.5124233687535745, 39585000000, 
-0.10940023337407391,0.49984507659382005,0.48952314080965886, 39590000000, 
0.0691059113454773,0.08565398064639157,0.5036155582323603, 39595000000, 
-0.08519784012526896,0.37116122875614144,0.49788190695547435, 39601000000, 
-0.012008046475574834,0.07229647650751088,0.494017959168324, 39606000000, 
-0.01795165119852854,0.2287111268918028,0.5122733065472891, 39611000000, 
0.2699951027641843,0.4733420588556304,0.5078383961000276, 39616000000, 
-0.06302254014148516,0.10079834425729273,0.49201830889295156, 39621000000, 
-0.1178167651782713,0.47132768754469734,0.5090358417218517, 39626000000, 
0.009743364374982591,0.14784761676135127,0.4964927424552311, 39631000000, 
-0.08609839665183013,0.1976872334676789,0.5022419959707279, 39636000000, 
-0.062416218123531875,0.48363193675135197,0.4848983012409145, 39641000000, 
0.276193308232081,0.1316425506108987,0.4949797524525694, 39646000000, 
0.004282134154980376,0.23306321808504352,0.48809894502800466, 39651000000, 
-0.06485680327988054,0.4361312493729274,0.5003115304136359, 39656000000, 
-0.043836404168039404,0.13886934148838773,0.5217680763629429, 39661000000, 
-0.09200635587700035,0.37663428794871473,0.501430869861652, 39666000000, 
-0.033572600305400734,0.08688249142462148,0.509338724756405, 39671000000, 
-0.033885677448004574,0.29350608738347483,0.5083019280678551, 39676000000, 
-0.08066495268436012,0.37433115895681024,0.5024748503529805, 39681000000, 
0.0004888207635505977,0.09125561496136253,0.49972964919474616, 39686000000, 
-0.027479598084407225,0.36006471150933517,0.5052661507624577, 39691000000, 
-0.06352914286386528,0.4199510179889582,0.47980086661323934, 39696000000, 
-0.019260672272889814,0.009275277522653516,0.5217554657785881, 39701000000, 
-0.0616778483999784,0.2342811379242003,0.5024228885484298, 39706000000, 
-0.09141373167620907,0.2454592927285561,0.491210759252322, 39711000000, 
0.3474897748214961,0.2504311193556124,0.5079767148169014, 39716000000, 
-0.03972472477476059,0.26454623823972667,0.5066900928035815, 39721000000, 
-0.09297792024206923,0.22528296214378496,0.503751051778165, 39726000000, 
0.03246080989434531,0.24716462734251687,0.4990172340160721, 39731000000, 
-0.11636311400979485,0.23934607881849573,0.49923300152619043, 39736000000, 
-0.08302266661505332,0.32677630368401955,0.5058365228574149, 39741000000, 
0.04472794275935618,0.17021062075668952,0.5049437494307196, 39746000000, 
0.22664942374755653,0.29770881437624525,0.4987954705875768, 39751000000, 
-0.08636699070014753,0.4387685253632077,0.517682945093444, 39756000000, 
-0.007125596846771921,0.00963368701886698,0.4936018949834538, 39761000000, 
-0.11486459047339656,0.32251729797987094,0.49583227540346375, 39766000000, 
-0.12904691435112228,0.4351252138733485,0.5191614729150625, 39771000000, 
0.017137140065178014,-0.029108973302392368,0.5082713769553976, 39776000000, 
-0.029286586849814403,0.3050951505574977,0.5080496981190072, 39781000000, 
0.17404679648354207,0.4271201611516676,0.4972398316660568, 39786000000, 
0.014161457840415193,0.04091561845122861,0.5215715674282863, 39791000000, 
-0.027977956634079655,0.33744130087593627,0.5195189096617376, 39796000000, 
-0.18849810593448701,0.4612781367923748,0.5173539359943748, 39801000000, 
-0.123512908667254,0.1346476684748804,0.5120035210373165, 39806000000, 
0.026277322420420277,0.21471880008843125,0.498362177568221, 39811000000, 
-0.08503261154974448,0.3500835665954909,0.4956176876604608, 39816000000, 
-0.02031787571019915,0.2997124417084774,0.49742235758481806, 39821000000, 
-0.03175140306475368,0.15042475395369198,0.5239381279467799, 39826000000, 
-0.09938841850757807,0.2240991954873021,0.5084101981906735, 39831000000, 
-0.12702118552502464,0.42964974705085607,0.5115229669056301, 39836000000, 
0.009307790739488482,0.08419951251620197,0.49112656982737557, 39841000000, 
-0.07472579617717547,0.2495189145111837,0.5076779060893158, 39846000000, 
0.24484370609689712,0.4682843843335916,0.5171482787224453, 39851000000, 
-0.008637993340815312,0.04319598416280991,0.5102655773194361, 39856000000, 
0.00468496689529084,0.30334207088586856,0.5016134367130893, 39861000000, 
-0.1755138256987335,0.24193624531496533,0.495434784094358, 39866000000, 
-0.04142410511214523,0.19160188958613977,0.48744433607521037, 39871000000, 
-0.029016571920015367,0.3865395697265033,0.4934972906734281, 39876000000, 
-0.04058718151058932,0.14065955609459324,0.4983635909385388, 39881000000, 
0.3227311130232192,0.3249551033211711,0.5052574462401249, 39886000000, 
-0.08914267609933843,0.44598413356058697,0.5059348354203063, 39891000000, 
-0.057773924573483335,0.05041734710073404,0.5141035997716321, 39896000000, 
-0.014720258789974298,0.3466153479049513,0.5077168658115246, 39901000000, 
-0.07584937803332983,0.17053931165055253,0.5090126578750405, 39906000000, 
-0.05592255583890064,0.2419049201089326,0.5019028009183718, 39911000000, 
-0.06908904224701938,0.3312078968443947,0.48324117760956936, 39916000000, 
-0.09926413834203687,0.14966203714595186,0.49928575658144697, 39921000000, 
-0.04408312724036006,0.35287408848493373,0.49162395640453715, 39926000000, 
-0.0033556853605420447,0.4174854152805053,0.48965604827978904, 39931000000, 
-0.13169021695410804,0.17082045621925995,0.5064974855743288, 39936000000, 
-0.013808210337420065,0.36437205321930877,0.4895905092060546, 39941000000, 
-0.029463958978449944,0.15761158469353534,0.4900413376984354, 39946000000, 
-0.05777741854380278,0.26328601427698206,0.5129879737519365, 39951000000, 
0.2853590167182732,0.39424964884114505,0.5025191353611269, 39956000000, 
-0.06900798701740984,0.11102193471642036,0.508382316545754, 39961000000, 
-0.008809819714571714,0.356679431891052,0.49419065387797834, 39966000000, 
-0.04051011109221021,0.2998369370866947,0.49217772068015075, 39971000000, 
-0.1425539720077389,0.1840540514270288,0.49884161160556817, 39976000000, 
-0.1004165877387592,0.40862565363908265,0.5104728904777497, 39981000000, 
0.15844837933956885,0.11366707829963302,0.4992554396146561, 39986000000, 
-0.03086807611051017,0.25324565548313654,0.5002844215519338, 39991000000, 
-0.04355467258560043,0.27440585958271324,0.5108061288502243, 39996000000, 
-0.15809070188222618,0.13941150242172012,0.4992862997138141, 40001000000, 
-0.04476954449970725,0.3692250293929717,0.5027070660123113, 40006000000, 
-0.12737195288146932,0.06551937407476915,0.5062538824993223, 40011000000, 
0.03523192030449258,0.2942416540529569,0.5178494755792084, 40016000000, 
0.2787669610704293,0.3647912156901711,0.5026740608616364, 40022000000, 
-0.05781201685926985,0.1678350758513802,0.5036651910319028, 40027000000, 
-0.03908199139129031,0.225316089552757,0.49998391574397444, 40032000000, 
-0.08619323801551186,0.28124827552551096,0.5214355972487935, 40037000000, 
-0.008608024601348498,0.23330381969916492,0.4763959162196277, 40042000000, 
-0.044901917583259635,0.3021697965974695,0.5051179468415652, 40047000000, 
-0.11647530517711298,0.1494468833301914,0.5121853324121064, 40052000000, 
-0.09054570925751601,0.25427329897906,0.5110748152480806, 40057000000, 
-0.08823779046207034,0.3455549181313298,0.4878069915567166, 40062000000, 
-0.06617629107404574,0.23471717718918705,0.5134032921636004, 40068000000, 
-0.03335095445999516,0.2574674084481346,0.5069370241285146, 40073000000, 
-0.2040692756534847,0.3790398360780532,0.5023537373067274, 40078000000, 
-0.04487076947974521,0.10572360681449361,0.5019773988801248, 40083000000, 
0.2502831927240927,0.28542902895819056,0.5114696939262021, 40088000000, 
-0.09020896977296665,0.44281951595779934,0.5181845849727171, 40093000000, 
-0.07826121979567446,0.16695728852775027,0.5125082442235162, 40099000000, 
-0.03914153081165273,0.20074997277067327,0.49820102410689543, 40104000000, 
-0.11544721133441832,0.34148150948012934,0.523791354102068, 40109000000, 
-0.047267854862767196,0.24928328882799805,0.5297299469147314, 40114000000, 
0.017949083939720886,0.2301309517495371,0.5022069636359932, 40119000000, 
0.27048475557648693,0.2675348244814754,0.5171164184898025, 40124000000, 
-0.03146748900327556,0.37966417087183807,0.5322824901114181, 40129000000, 
0.048405020384141614,0.10260178293011256,0.5091692127205734, 40134000000, 
-0.021689585606963505,0.2654336403373449,0.5095217763953079, 40139000000, 
-0.14682513288018784,0.44678468649802416,0.5125561969809891, 40144000000, 
0.0008316012627280281,0.14944870363799515,0.5159070311179148, 40149000000, 
-0.05940904177777377,0.2535006180526158,0.5156983098937561, 40154000000, 
-0.1032146607433604,0.24987844346915644,0.5178729598290965, 40159000000, 
-0.06676306437695695,0.3758904052423252,0.5047141080321651, 40164000000, 
-0.06159139410286722,0.20777403307609305,0.49243916307150193, 40169000000, 
-0.09497595814235066,0.20470121031112792,0.5134795403508995, 40174000000, 
-0.04444553333897124,0.36168180090618685,0.5116433672302614, 40179000000, 
-0.06284675079613193,0.096288929306467,0.5011362219172067, 40184000000, 
0.02253458752717325,0.2421569623133421,0.5096086517372865, 40189000000, 
0.24699674935893257,0.39360355854296303,0.4913252693887955, 40194000000, 
-0.05603349134978242,0.09428354976425857,0.5224106711387654, 40199000000, 
-0.025895927947800285,0.1861018221365528,0.5099439452537766, 40204000000, 
-0.1762046863187634,0.3039086962978169,0.5214326039114539, 40209000000, 
-0.08573665873430929,0.23328416078798975,0.500536333199781, 40214000000, 
-0.010797205173931427,0.27891030865832134,0.4895135236969692, 40219000000, 
0.24329485074783258,0.4139695945632282,0.48476853062670205, 40224000000, 
-0.01908444902546552,0.2181512396759187,0.516400312090481, 40229000000, 
0.015521497542241816,0.22924013075018107,0.4760662618165308, 40234000000, 
-0.016910867119024297,0.3488876937733957,0.4976728532765519, 40240000000, 
-0.10334674356390364,0.09463536574107882,0.5167282020148842, 40245000000, 
0.03559663258313008,0.22275685696093186,0.4997944476976002, 40250000000, 
-0.018826110213312586,0.22679972699562717,0.4995056648756662, 40255000000, 
-0.05897632267878993,0.2538837212185333,0.5143999803030256, 40260000000, 
-0.05983600910405315,0.26580739725502334,0.5010528494268445, 40267000000, 
-0.11575883554281155,0.12289195927229046,0.5032444541132592, 40272000000, 
-0.029513529806390354,0.37359594567476523,0.5031271969363778, 40277000000, 
-0.09371966509052967,0.06049433489219469,0.5045402144154298, 40282000000, 
-0.04487414245610103,0.25641568749702087,0.49798015012388785, 40287000000, 
0.23394068859765635,0.22094329591491801,0.5052349962043555, 40292000000, 
-0.014842220703814184,0.21401416460358283,0.513157171602107, 40297000000, 
0.013632159750300871,0.3023678441053781,0.4876374223205231, 40302000000, 
-0.10032982437753357,0.19544302517525852,0.497737441497492, 40307000000, 
-0.04857575523819852,0.36024133343092724,0.5002515908775497, 40312000000, 
0.022695251568019714,0.40740695065037225,0.5130595139821831, 40317000000, 
-0.1360131646676365,0.1299039291044279,0.5051645927256324, 40322000000, 
0.3072627214151385,0.28177614698717063,0.5007069617338925, 40327000000, 
0.017561599832983943,0.3334375989805227,0.48579566269111274, 40332000000, 
-0.15353900663958311,0.09362433340207046,0.5124772622401907, 40337000000, 
0.008122677691933644,0.3497919780990894,0.48011317178738355, 40342000000, 
-0.09339323095001438,0.10720549484011177,0.5143200069228613, 40347000000, 
-0.07982015033584822,0.23638606394261427,0.5108986026608989, 40352000000, 
-0.10669586662711907,0.27134347369490736,0.49825607036398123, 40357000000, 
0.3034022240385422,0.14622883146870275,0.4927487186665447, 40362000000, 
-0.07386940457635896,0.3351394714515158,0.5047582719859937, 40367000000, 
-0.1180245005556981,0.3125624096074526,0.4995022985056064, 40372000000, 
-0.021539029558941342,0.19754793312350058,0.49302028210308174, 40377000000, 
-0.024850478692829227,0.19863520078107688,0.5105499190922922, 40382000000, 
-0.11666778032629922,0.22571932798516772,0.5196647563889328, 40387000000, 
-0.020681268284448592,0.3116694909828766,0.5064731939393068, 40392000000, 
-0.06914442405865973,0.25113034361026687,0.5067029014102807, 40397000000, 
-0.021090258944457707,0.2797641137516258,0.4952542079856956, 40402000000, 
-0.03231805288348803,0.22532069217885162,0.5070182250480062, 40407000000, 
-0.06176332680772858,0.25809701280207703,0.48894019685161677, 40412000000, 
-0.10272816315694484,0.2256845237029274,0.5184606056709614, 40417000000, 
-0.03295765415205519,0.2840666340211943,0.5041019837200926, 40422000000, 
-0.09067800031595423,0.37260966391106154,0.5130533816105343, 40427000000, 
0.23783122254983918,0.15874971839170635,0.5165297599939425, 40432000000, 
0.026404944821911663,0.33985179503016827,0.4981795674540559, 40437000000, 
-0.14241256885069897,0.22238764231800903,0.5010719418702393, 40442000000, 
-0.06446814865377903,0.2402857344840887,0.5220612771732327, 40447000000, 
0.05257198343367639,0.24263047544651106,0.5083297870546484, 40452000000, 
-0.09309855465270665,0.24886284968823041,0.5104931240865054, 40457000000, 
0.2473142945846517,0.2677539367106602,0.5285567500940149, 40462000000, 
0.036869913695349435,0.24374938275619365,0.5139748544414905, 40467000000, 
-0.10291470938091761,0.26484051692634253,0.5240686826049737, 40472000000, 
-0.021742397029457648,0.3932802286750082,0.5059016790529638, 40477000000, 
-0.039530006594918496,0.2141290000365179,0.5021746067812292, 40482000000, 
-0.024850955561108723,0.29477495185716057,0.5283156908719878, 40487000000, 
-0.1630782308533062,0.3733983676960255,0.4991205136866743, 40492000000, 
-0.06228785949257616,0.15531583057533363,0.500316544410344, 40497000000, 
0.028783642898533246,0.2650081929458713,0.5065694390289032, 40502000000, 
-0.08117164620211531,0.38920284564085345,0.5119715963378626, 40507000000, 
-0.07474248191646612,0.187539268586597,0.5207298532780803, 40512000000, 
0.00750088071413767,0.2725386286299156,0.49949307285512995, 40517000000, 
-0.10676442786074256,0.3929687005443916,0.4994100148453464, 40522000000, 
-0.08540960339927872,0.12076295731452784,0.52143577135352, 40527000000, 
0.30558529001583645,0.27799870240543406,0.5053729793488655, 40532000000, 
-0.11606138234500801,0.32444400036668286,0.518375677898327, 40537000000, 
-0.0023064917289747494,0.20115035491788294,0.5222274607315526, 40542000000, 
0.004333788044427208,0.26600762093991265,0.5078372816776328, 40547000000, 
-0.051115471335529294,0.2896785993938419,0.510000597840718, 40552000000, 
-0.04617028800908046,0.19337984160648497,0.511534962338865, 40557000000, 
-0.0623977669041378,0.235614573588873,0.47488481148215683, 40562000000, 
0.2802162794199372,0.3451415148139174,0.5141315579180904, 40567000000, 
-0.12394420362294353,0.15941115348443052,0.5153367434608015, 40572000000, 
-0.03461592326667238,0.3249336301083509,0.5217008608378118, 40577000000, 
0.015816843424959058,0.38976392221161016,0.49378008400799234, 40582000000, 
-0.1396999381370277,0.18704152961324993,0.5205580676495337, 40587000000, 
-0.09094328115922143,0.2788495382825428,0.5022922417423776, 40592000000, 
-0.11564429827194658,0.23324883604986535,0.504228982255369, 40597000000, 
-0.06803429842153583,0.284987770647227,0.4937731927929326, 40602000000, 
-0.002748817849935633,0.28510567356024097,0.5059905069209016, 40607000000, 
-0.15742306998972166,0.18205086842706944,0.4999074695913132, 40612000000, 
-0.02196288488490352,0.27268619031027147,0.5163513687082072, 40617000000, 
0.015460937892697866,0.3977936399615981,0.49468927772135984, 40622000000, 
-0.09995102263157839,0.2763043737926438,0.5069631042012426, 40627000000, 
0.25989421160538795,0.23497619571073708,0.5289579989783797, 40632000000, 
0.01050103308262293,0.2577416234940956,0.49017481665319973, 40637000000, 
-0.1191062936969004,0.24757134781088422,0.5044644067618258, 40642000000, 
0.03696424346804068,0.33051910224560377,0.4878594155578772, 40647000000, 
-0.09721444463076633,0.07907077657534053,0.5101743715446119, 40653000000, 
-0.001030153777280149,0.3023883214084221,0.5115819194228368, 40657000000, 
0.014132494647000627,0.37372995407555354,0.5028018323654997, 40662000000, 
0.18261644261753907,0.09096589946041583,0.49634548012880797, 40667000000, 
-0.00104517910318645,0.34122481134692656,0.4994809550988448, 40672000000, 
0.006814365512029002,0.29403663495326154,0.5009297659444084, 40677000000, 
-0.17866151336302455,0.23909896019211513,0.5210239981587574, 40682000000, 
0.006677920913396203,0.32031017852121857,0.5010684742054456, 40687000000, 
-0.11874099014318418,0.18481362992160125,0.5174672348342966, 40692000000, 
-0.04145163178996136,0.2766997997085599,0.5054825065957728, 40698000000, 
0.30424302056986857,0.34175613114880443,0.5054044501582794, 40703000000, 
-0.04182207801113205,0.14123637978618978,0.4978728729225715, 40708000000, 
0.0006429922990363809,0.30786832637669403,0.49854639943814216, 40713000000, 
-0.1324716443413817,0.33436816829667665,0.49523782102295777, 40718000000, 
-0.11369847018879843,0.13620774690081838,0.5110838418810834, 40723000000, 
0.0016448486655437668,0.32459370008316324,0.524028689682756, 40728000000, 
-0.10646253638220242,0.3334434787197303,0.495954822392005, 40733000000, 
-0.0822904391719239,0.16851940896785367,0.4860011983119654, 40738000000, 
-0.012869794527447145,0.26877663237989563,0.5116859232439102, 40743000000, 
-0.06044890143512931,0.3271941767556069,0.507683445174078, 40748000000, 
-0.07251971315888,0.1729640653049987,0.49802219314327395, 40753000000, 
-0.05663305315063829,0.3259965522920377,0.4896692559119685, 40758000000, 
-0.09250295086260422,0.3639127378987164,0.5140583054516865, 40763000000, 
0.16589636710353423,0.22998720324998218,0.48336436585855175, 40768000000, 
0.042577147225001145,0.26227037860394936,0.5063287736238349, 40773000000, 
-0.11684267970286782,0.40815959997851825,0.504884649807198, 40778000000, 
-0.02131899067304719,0.15016449014584382,0.5049255656845922, 40783000000, 
-0.004407745635257303,0.2635213837324563,0.49948452749668454, 40788000000, 
-0.07670821105853344,0.36347494116090573,0.5062314814913339, 40793000000, 
-0.09548423662128855,0.20850702317397218,0.495020257387357, 40798000000, 
0.3339526839103929,0.25650242451452593,0.5053927429439036, 40803000000, 
-0.05555524161775516,0.22835589995542588,0.5124476590138045, 40808000000, 
-0.09588911243723583,0.3105090993821184,0.5051318939220792, 40813000000, 
0.04535509865011735,0.2642176028349176,0.5149153412151753, 40818000000, 
-0.1750650938926607,0.29764628073962096,0.5089134917367313, 40823000000, 
-0.07440441962390856,0.30202645376214354,0.49690640409705067, 40828000000, 
0.08091727682129955,0.32869008475533745,0.49805385443088873, 40833000000, 
0.2399554185907806,0.26648982349385775,0.5048631679898034, 40838000000, 
-0.12282178476141821,0.32310222247677334,0.5295914717969136, 40843000000, 
-0.012131495786818346,0.2093197264733586,0.49349382452405866, 40848000000, 
-0.012059495458010442,0.30637331839312754,0.5025873831426666, 40853000000, 
-0.1271612781813823,0.3078736513960048,0.5169829944616283, 40858000000, 
-0.0637140350524846,0.2545581224461232,0.5345320825019462, 40863000000, 
0.019331485920704026,0.23810024107907984,0.5164076501501319, 40868000000, 
-0.09436456671454964,0.22019408386705275,0.5142471133032889, 40873000000, 
-0.053478529512600896,0.27334697460299523,0.5351509310500017, 40878000000, 
0.01761818953275463,0.24293521262986598,0.5225054871841145, 40883000000, 
-0.06778358368521821,0.2492050237663291,0.5125164745778448, 40888000000, 
-0.06907272503153436,0.2737760872695701,0.5158257444215004, 40893000000, 
0.026878759605111918,0.2787951440826084,0.5317349203239745, 40898000000, 
-0.07121868345094264,0.2647660266472869,0.4974209624113412, 40903000000, 
0.30272528687304956,0.2913332611573233,0.49757126289794534, 40908000000, 
-0.04002310405821242,0.32817046988883564,0.5212302374107658, 40913000000, 
-0.03162729052638519,0.3449634868491129,0.5240666224301729, 40918000000, 
-0.10949362571871686,0.1390471506304713,0.5051106302319059, 40923000000, 
-0.020756116297703773,0.2665622629169634,0.5044129793707945, 40928000000, 
-0.07147028412472815,0.2405043264523606,0.4999755873169329, 40933000000, 
0.2797732732666807,0.28348409243967904,0.49527854266697463, 40938000000, 
0.039742500257391074,0.28357170273958016,0.49111365379941846, 40943000000, 
-0.0271985047916333,0.22783449952878496,0.4955170654662651, 40948000000, 
-0.03468420977019347,0.26786429599606293,0.5061925293581608, 40953000000, 
0.026971421176629703,0.30254801131533476,0.4904976342751502, 40958000000, 
-0.16514773257608345,0.1764182392575357,0.49826247851623634, 40963000000, 
0.06868518802991326,0.4212151336064977,0.4945091261402801, 40968000000, 
-0.12303144285146919,0.2178973173968847,0.49248414031143933, 40973000000, 
-0.040215192811463366,0.3341544837057486,0.4927219850092516, 40978000000, 
0.03535776895781237,0.3925458622267566,0.4955495706341398, 40983000000, 
-0.13994616755537934,0.2765116509011509,0.5027689676462503, 40988000000, 
-0.039268719794229315,0.3216900049800912,0.49339989996836825, 40993000000, 
0.06782919784290178,0.3558304049006991,0.5055321500445359, 40998000000, 
-0.14790653137307716,0.18359106945577028,0.4932079362408851, 41003000000, 
0.2825583993951252,0.23844310416238793,0.4864729913568217, 41010000000, 
-0.09776886289286166,0.22015457425800813,0.49191613973432785, 41015000000, 
-0.01880901710884449,0.30959602726629976,0.49300647610356885, 41020000000, 
0.05348865632545358,0.2962534467967595,0.5177649158341794, 41025000000, 
-0.17437437642428483,0.13967812120484502,0.499709845756189, 41030000000, 
0.00941297744758692,0.3389317827337474,0.5123139571129245, 41035000000, 
0.12758707939640127,0.24682517791349118,0.5035952697368454, 41040000000, 
0.05671118560554904,0.2617922576827026,0.5015953915698215, 41045000000, 
-0.02302424682749977,0.33336431588823695,0.5002450579829325, 41050000000, 
-0.169752367660156,0.22728915371517694,0.507057291195651, 41055000000, 
-0.04777526021164902,0.2522130641886342,0.5133794165286064, 41060000000, 
-0.03176133564704771,0.3338418278338745,0.5032450286580807, 41065000000, 
-0.06678426664995746,0.16184346428284738,0.5010194563132713, 41070000000, 
0.34377848284395307,0.15848041132989088,0.5095500338473183, 41075000000, 
-0.16552264219887994,0.25771273609651846,0.4885950621172201, 41080000000, 
0.020453009880790102,0.26613274934733105,0.4962295883394823, 41085000000, 
-0.03469808730751944,0.3561055144700799,0.5018329535921758, 41090000000, 
-0.12247047408034421,0.2645730191271761,0.5123311486008867, 41095000000, 
0.050402381687972335,0.2849873571938834,0.5081363971553373, 41100000000, 
-0.11256658475617529,0.3039342027917507,0.49750040102195886, 41105000000, 
-0.02231478909667542,0.3761622414813662,0.5076819686779128, 41110000000, 
-0.09435822245128309,0.23921758380685199,0.49618639948393706, 41115000000, 
-0.12078439929490181,0.2991718867276748,0.5135326158566355, 41120000000, 
-0.13069498724325784,0.2945537625076736,0.5132471945657034, 41125000000, 
-0.041428221333477566,0.1893460732545279,0.5052990413115257, 41130000000, 
0.0490987501036745,0.2820715626974268,0.5059103436783606, 41135000000, 
-0.20467788597929476,0.22516101337939437,0.5107789618607819, 41140000000, 
0.3195958333834962,0.3068185363948157,0.5271530044793639, 41145000000, 
-0.06481003017664051,0.22281013705175223,0.5095071041355412, 41150000000, 
0.00194023585563987,0.29038882159458923,0.5107211589362687, 41155000000, 
-0.11077866787497953,0.24488394107224745,0.5284119157286082, 41160000000, 
-0.10076619568119818,0.286713796109689,0.5219240476909568, 41165000000, 
0.07219813685448488,0.34389089543234375,0.49690507786727744, 41170000000, 
-0.07012096311222404,0.2232883992838503,0.5162869463659753, 41175000000, 
0.23296991668207023,0.26935508420199794,0.5174382873158967, 41180000000, 
-0.04761906439798093,0.2410933924553093,0.5191492848933679, 41185000000, 
0.052289917272198685,0.2937931295364468,0.5156772773212005, 41190000000, 
-0.12859410129983764,0.30180178212241815,0.5052477034576801, 41195000000, 
-0.025154748892860283,0.29094968234840424,0.5326848206641305, 41200000000, 
-0.07913957214003985,0.23707041125744027,0.5233694498865528, 41205000000, 
0.005320465904269378,0.26462256126013467,0.5220455632273687, 41210000000, 
-0.09902594703035796,0.254290692575117,0.5191213571228418, 41215000000, 
-0.06872511773695476,0.23415632319524793,0.5204160076891818, 41220000000, 
0.06401461005121035,0.27279590381041013,0.5016983390401863, 41225000000, 
-0.08928409670338273,0.2975922748543937,0.5021903664482212, 41230000000, 
-0.10629630967864204,0.25247642612268234,0.5230216204350474, 41235000000, 
0.010933065308370578,0.26469602109729906,0.5357291376198131, 41240000000, 
0.28897991642778625,0.3126162921435337,0.5084401815534404, 41245000000, 
-0.19737326130202107,0.21111309824660515,0.4945053816914715, 41250000000, 
-0.04957993104715609,0.3619292735799899,0.5090546013592857, 41255000000, 
-0.07562823837616768,0.30401612468997924,0.5034678504487754, 41260000000, 
-0.16920539030644208,0.2669891221344445,0.4988013637289815, 41265000000, 
0.019177576753153652,0.2708594445221661,0.4988306490932358, 41270000000, 
0.11012167978095116,0.3565597476304988,0.4894806742528564, 41275000000, 
0.1740304303769711,0.14058659763300424,0.49544623642334856, 41280000000, 
-0.06669601468061959,0.31011167627008,0.514936964967843, 41285000000, 
0.07518926700541793,0.3490962401115237,0.49385984543702754, 41290000000, 
-0.17736857377083215,0.30955905658643923,0.49746728861450384, 41295000000, 
0.027793242916871568,0.34877408762633805,0.4906634807524008, 41300000000, 
0.005508309380780351,0.3796702242985887,0.48807370585733273, 41305000000, 
-0.10850654090130772,0.2082811447667695,0.4739998561623962, 41310000000, 
0.3248013442379356,0.3544845375663021,0.4988946255862033, 41315000000, 
-0.12701788236394318,0.25074655376375565,0.494360123495861, 41320000000, 
-0.02231369653560684,0.3074682549736122,0.5035469963401311, 41325000000, 
0.013299970112821604,0.33480083111681547,0.4883167923085833, 41330000000, 
-0.17523602286226947,0.256160574994452,0.5068321348815378, 41335000000, 
-0.056299648922191095,0.32562489341634687,0.4911304581796627, 41340000000, 
-0.08522086211753668,0.16103680451609165,0.501593979004251, 41345000000, 
-0.014247286391599629,0.29587217230855195,0.49722661988963823, 41350000000, 
0.03116715483153321,0.31310406185495737,0.4780368027432243, 41355000000, 
-0.09779090252925501,0.23537405907665213,0.4976537483598154, 41360000000, 
-0.0408055742163524,0.2823251441998489,0.4973036921260482, 41365000000, 
0.04203554453750679,0.34443366696270894,0.5129796197162112, 41370000000, 
-0.15044285842661773,0.17909864096994355,0.5035978261600726, 41375000000, 
0.2041336980980282,0.2874664840278238,0.47707300812784503, 41380000000, 
0.01781087092644589,0.40503280316887713,0.5105598665155328, 41385000000, 
-0.10864596620017092,0.20462554309190603,0.5037548078007751, 41390000000, 
0.019628774729131188,0.2881512858748851,0.5060151337897413, 41395000000, 
-0.07218683398377172,0.2567644657918646,0.49787483778122577, 41400000000, 
-0.03223696847072713,0.24629510498303409,0.49555919220169947, 41405000000, 
0.0524727534819813,0.3662823529080776,0.5039241489652269, 41410000000, 
0.17139327459000986,0.21578051623685124,0.5077767441719891, 41415000000, 
-0.04686088080016844,0.2797962967403077,0.5088067392301365, 41420000000, 
-0.021763575184588754,0.36220487003000656,0.4958808465605804, 41425000000, 
-0.10309369600458416,0.257692003617061,0.5077259767955055, 41430000000, 
-0.06333044293394807,0.2541430566719256,0.5091518786950029, 41435000000, 
-0.04776443768024823,0.26492664127817067,0.5042770519969959, 41440000000, 
-0.08841305232506882,0.23149066774229937,0.5058072076580791, 41445000000, 
0.07973947040614962,0.39168758465624276,0.519745527588295, 41450000000, 
-0.0634938916878433,0.31094914149043285,0.5038328396950632, 41455000000, 
-0.03152959932841014,0.29509081284500416,0.5051933414017479, 41460000000, 
-0.149336246536441,0.21025276342876248,0.49117903706821237, 41465000000, 
0.004172889717046847,0.26183765549945137,0.5273516273547928, 41470000000, 
-0.18878083890434977,0.3182245553783867,0.5196277598808695, 41475000000, 
-0.0035791977053515746,0.30937827556187425,0.5032331484400442, 41480000000, 
0.32630351041804356,0.22315462534592181,0.5064337620970853, 41485000000, 
0.009152948380036892,0.27367598101497953,0.5106777006528125, 41490000000, 
-0.056798672193198924,0.33665222667848266,0.5193772320618731, 41495000000, 
-0.1298146745961482,0.23173312351491634,0.5017855029067185, 41500000000, 
-0.06160389979778595,0.2884762449315187,0.5114219123118952, 41505000000, 
-0.09464001370051388,0.319611363209525,0.5002176214436317, 41510000000, 
0.07999982013897211,0.3135701148131485,0.49174893947031467, 41515000000, 
0.2690695432665121,0.28866494444940666,0.5075614792588127, 41520000000, 
-0.019783164708228683,0.254863892292574,0.5239807725662082, 41525000000, 
-0.17384413232313037,0.2048992092688788,0.5165744971912417, 41530000000, 
-0.001954304520095051,0.3563004307654736,0.5122634188561298, 41535000000, 
0.06063389082644928,0.24855186981684527,0.49359282549107636, 41540000000, 
-0.06267426420172707,0.30523579667097694,0.5091753205714155, 41545000000, 
-0.09187292180263268,0.22214370616715323,0.4976383282982799, 41550000000, 
-0.014009880779892108,0.2062332457315715,0.5013965551888955, 41555000000, 
-0.027679370104098478,0.24859365941297448,0.5126079548600052, 41560000000, 
-0.08721186832488284,0.21570405098673262,0.5176511653840203, 41565000000, 
0.03223722165759409,0.27315693903609184,0.5010456302306983, 41570000000, 
0.06663722215431003,0.3351425007033953,0.4886274768861649, 41575000000, 
-0.12427662332226977,0.2948278939578096,0.4984129292505311, 41580000000, 
0.21579730051723117,0.29085010618738766,0.49070338115250256, 41585000000, 
0.033836511391561214,0.38986774009626884,0.5004357408622112, 41590000000, 
-0.16977006028583605,0.22698855886288533,0.5138651057714041, 41595000000, 
-0.0024840815828481473,0.3429036404974359,0.4945719087055693, 41600000000, 
0.01933263791256247,0.29343727405354764,0.5055823837582173, 41605000000, 
-0.16669472653946915,0.27169450896301706,0.4920314434252949, 41610000000, 
-0.01057697425255194,0.2812651839053236,0.508498416740072, 41615000000, 
0.2971890801496202,0.30920637518553434,0.503550008203943, 41620000000, 
-0.15007114626846102,0.22616587527067586,0.49844172696254746, 41625000000, 
-0.013382601384311289,0.27159069817542986,0.47920244647194127, 41630000000, 
-0.0550626219259776,0.2681011200530517,0.49781502258579136, 41635000000, 
-0.09218124772906867,0.24958089187858717,0.4989752199108337, 41640000000, 
0.014233383680265582,0.3917586127072636,0.5005771008465787, 41645000000, 
-0.15468573610804326,0.24825900156474412,0.49779017774093204, 41650000000, 
-0.050138008581132376,0.283005985596623,0.4845365757502234, 41655000000, 
0.07764330671016281,0.31220508878036335,0.5040272197235003, 41660000000, 
-0.14408725094962205,0.24982777597479813,0.5092439078141872, 41665000000, 
0.0627272434335796,0.30060881987687077,0.49216430988353027, 41670000000, 
-0.11268968881308267,0.22007554726235887,0.4904964155940162, 41675000000, 
-0.07252911483764679,0.2746645010877573,0.4960077411168897, 41680000000, 
0.04717217243647908,0.23923664515172055,0.498889332216753, 41685000000, 
0.19287496342533397,0.20923519019533776,0.5149255103980263, 41690000000, 
-0.10729033701149351,0.2948099146709102,0.5079925185951699, 41695000000, 
-0.007425876303959734,0.26639150552022195,0.5051125698634027, 41701000000, 
-0.21797154139703517,0.32244531728487896,0.4930800958096473, 41706000000, 
-0.0317762242643812,0.252356901203965,0.48916213712636575, 41711000000, 
-0.09283873095510214,0.31157052521323575,0.5036105069164231, 41716000000, 
0.2897677207541546,0.19395063736221063,0.5016782441879898, 41721000000, 
-0.05425709012856151,0.26727362425315526,0.4944452420865028, 41726000000, 
-0.08347409523779994,0.315113909584983,0.5165827530655506, 41731000000, 
-0.1381087115259968,0.28166929694847126,0.5179829799242277, 41736000000, 
-0.07382812795166366,0.2728623884540356,0.5094246108281286, 41741000000, 
-0.029880639055605708,0.2389814150854088,0.4793615083202763, 41746000000, 
-0.03321791796984622,0.23051851818709063,0.5041074274456369, 41751000000, 
-0.04914295909310187,0.23307500738115355,0.4918911604246678, 41756000000, 
-0.0035114739212887616,0.31870640594823596,0.5000091663190674, 41761000000, 
-0.12739305494807568,0.23338194173935706,0.514548648693263, 41766000000, 
-0.011196011043226175,0.35132610696140565,0.5178574219584021, 41771000000, 
-0.146790421748138,0.39163927115398744,0.5087481031450437, 41776000000, 
-0.028552387038701173,0.23769671951960386,0.5069695827394683, 41781000000, 
-0.0061025701282573265,0.32454458253709245,0.4972944741238815, 41786000000, 
0.2528570541635932,0.3115625541707427,0.5055146450733191, 41791000000, 
-0.028313354803921643,0.28545139544715825,0.5058728306146418, 41796000000, 
0.06656347991798914,0.3355635825701225,0.5012541967661864, 41801000000, 
0.025232826791592187,0.35050134147111,0.48601188764996, 41806000000, 
-0.1511641901823089,0.28496316329832694,0.5085539489863454, 41811000000, 
-0.03290918329092367,0.21720721753398936,0.5068807821574102, 41816000000, 
-0.02088184840614626,0.2116210512113545,0.5135333637135495, 41821000000, 
0.2633643758138249,0.2754324418696007,0.499335533534199, 41826000000, 
-0.0672013084600322,0.30969181714084365,0.5118741585446703, 41831000000, 
-0.07678748739483147,0.20874816916589706,0.5207596745076098, 41837000000, 
0.013096838594261476,0.3262990233064259,0.4995160173050364, 41842000000, 
-0.16821316805810474,0.3477059583182616,0.5120743509238243, 41847000000, 
-0.023786150451999805,0.29187470357850204,0.5081500164609943, 41852000000, 
0.33479441328816867,0.21395995630721049,0.5052816621713818, 41857000000, 
0.0009795357118963007,0.2603405165020946,0.5179586778285937, 41862000000, 
-0.10569239930471394,0.3215393032798729,0.49358444667723667, 41868000000, 
-0.051985113849346724,0.27632106724520666,0.5065150007325083, 41873000000, 
-0.05697815374791747,0.31374753614345946,0.5072932169613473, 41878000000, 
-0.09384059052987168,0.27658443271369254,0.5097011969907937, 41883000000, 
-0.10780134850685595,0.2955914050330541,0.5054579688140555, 41888000000, 
-0.035540213404556334,0.31052760435691346,0.4981050460589031, 41893000000, 
-0.05852263618377959,0.2482778800746721,0.5038599149434084, 41898000000, 
-0.09031590647518303,0.15849587291128875,0.5003803487826736, 41903000000, 
-0.008773284473093033,0.2614525050228643,0.5035189350415387, 41908000000, 
0.00030124091417265894,0.3445626219684616,0.5100785688350136, 41913000000, 
-0.07331408680184573,0.27172130837534036,0.5203338213235338, 41918000000, 
-0.03487256517643694,0.2964242829471487,0.4952346088681018, 41923000000, 
0.46409532765561845,0.2785666253236313,0.49521927916480607, 41928000000, 
-0.18568522325082157,0.2742589297850381,0.5050720497375049, 41933000000, 
-0.06189047732190919,0.27429584084029723,0.4995488570359219, 41938000000, 
-0.035161920163114056,0.285842603655298,0.5045241665295551, 41943000000, 
-0.04391546495809342,0.3191367369372991,0.4921475284903236, 41948000000, 
0.08790149302056821,0.22540460203036844,0.5031171382720288, 41953000000, 
0.0625648048193566,0.22371659768563976,0.4926075710261735, 41958000000, 
0.06401568303335885,0.31442599248447206,0.5005626139613414, 41963000000, 
0.07320203332710432,0.3448615379368417,0.4885772896289454, 41968000000, 
-0.1912387942887774,0.32585724664716004,0.48755616244358274, 41973000000, 
-0.07960686504647413,0.29194688052404044,0.4972135494823427, 41978000000, 
0.014204673437888522,0.36115728128765123,0.5065938550089228, 41983000000, 
-0.16897156300214491,0.30934616680952676,0.4876685174760446, 41988000000, 
0.07032073653788942,0.22756747993194196,0.4978816834263992, 41993000000, 
-0.196247091788772,0.2488283055678655,0.5013159785863371, 41998000000, 
-0.11938626620672482,0.271451458769333,0.4989306075552456, 42003000000, 
0.05177012112400814,0.33606037615971546,0.5127584971478453, 42008000000, 
-0.16959388111404097,0.26786413890589283,0.5098620618909218, 42013000000, 
-0.042971324673473595,0.31828920843056385,0.5062419540191492, 42018000000, 
0.04961519501851794,0.3087014355123162,0.512510759473936, 42023000000, 
0.21860514558745858,0.3224310685544606,0.48956171116812086, 42028000000, 
-0.060131409452710734,0.21884731246290828,0.4950036185619403, 42033000000, 
-0.03314421384298626,0.27832596852612085,0.5183714218119926, 42038000000, 
-0.1428184389431196,0.20565823328626337,0.5066845375920224, 42043000000, 
-0.0968202262453379,0.33448366802149826,0.48826618817599804, 42048000000, 
-0.10132428224414013,0.3126897861742925,0.5138023471826443, 42053000000, 
-0.08239349078229136,0.3379614710937565,0.4993386627222772, 42058000000, 
0.25535432134669833,0.308316646626809,0.4833048119149017, 42063000000, 
0.000854156897314451,0.278935671286493,0.49544786340291674, 42068000000, 
-0.20372795642892721,0.2727928772660353,0.5100959347420992, 42073000000, 
0.003510379386977583,0.29833025409105185,0.48825701930351445, 42078000000, 
0.005289921128100276,0.26347554410541923,0.4967385756099456, 42083000000, 
-0.0961650100693845,0.24115547575815147,0.5098323014658172, 42088000000, 
0.03523069557063748,0.31600261619858255,0.5016831309393681, 42093000000, 
0.12746068211639552,0.3303103584437529,0.4963306373951447, 42098000000, 
-0.03303636312738812,0.2615130674479997,0.49527372658309304, 42103000000, 
-0.04662187215068676,0.24757674695351825,0.5132714632124366, 42108000000, 
0.005368284924660113,0.3319374173200745,0.5096361503220875, 42113000000, 
-0.15897891023051744,0.3166332302540306,0.5062951204428571, 42118000000, 
-0.023269993426609986,0.27243371953081374,0.5011888026143401, 42123000000, 
0.04156227099458338,0.31644873872269924,0.5249002455118594, 42128000000, 
-0.2034756837548053,0.25078175263369357,0.5157062401349792, 42133000000, 
-0.02611536536127351,0.31457058517251985,0.5087473086815173, 42138000000, 
-0.054232138247951193,0.27804755387573815,0.508118573165406, 42143000000, 
0.057070487234734346,0.27354499203115684,0.5324177681172378, 42148000000, 
-0.11060058971723276,0.3020414621874854,0.5190462135323002, 42153000000, 
0.010641224246025809,0.34699533174456665,0.5163518170723053, 42158000000, 
0.3363826500305921,0.24166155566423034,0.5002814040305128, 42163000000, 
0.031323327913468965,0.2144277738717702,0.5349336348341317, 42168000000, 
-0.0961920013956544,0.35554378512639995,0.5195564178069306, 42173000000, 
-0.05070021515895019,0.3076761130254647,0.5292513374396636, 42178000000, 
0.039919735787939,0.31335430862072633,0.5166740033399854, 42183000000, 
-0.032264754207158186,0.24366979631317676,0.49626319465275354, 42188000000, 
-0.0008247483240929263,0.3899477586813446,0.5057529330397088, 42193000000, 
0.1965678910167583,0.29645270092647263,0.5149216305600056, 42198000000, 
0.010591272794980192,0.28630749320856824,0.5147856415655797, 42203000000, 
0.05699784506365872,0.3161313045996123,0.5021200972551914, 42208000000, 
-0.2723450310261478,0.28001320531552865,0.486597152798757, 42213000000, 
-0.10564178429235192,0.3289070052094953,0.5096028971130366, 42218000000, 
0.0715078329308008,0.35171311162473556,0.5077472705637129, 42223000000, 
-0.15148857890577555,0.25090715502554717,0.511933991136978, 42228000000, 
-0.035795594930093655,0.25190504720971313,0.5078963550263357, 42233000000, 
0.05392853981641663,0.3737752093294945,0.49830033994793904, 42238000000, 
-0.1468382444315434,0.273631272658196,0.49559767268067767, 42243000000, 
-0.09047802598510782,0.28554445431278636,0.49388695807121996, 42248000000, 
0.048423489534264355,0.28969452546072866,0.47729842284934704, 42253000000, 
-0.16611917406457496,0.2196932734122713,0.5169699191254868, 42258000000, 
-0.023091624879229587,0.24739476432663962,0.4968588124773161, 42263000000, 
0.2648436020260799,0.21445587494253782,0.5123198596161211, 42268000000, 
-0.0032068755341311955,0.25732099843009554,0.5002343994997848, 42273000000, 
0.10409506812528663,0.26335121310043563,0.4999134841813659, 42278000000, 
-0.1048589168697587,0.30823156901503435,0.5005945362180273, 42283000000, 
-0.07178441938502268,0.3284501364435603,0.500961930698591, 42288000000, 
0.08534054064155247,0.2312095442481057,0.49608345853566377, 42293000000, 
0.16422361377050793,0.2826728298733297,0.5111611092894931, 42298000000, 
0.09405399732423342,0.23656931555565097,0.5102848584977093, 42303000000, 
-0.19162914546020285,0.30464276727356676,0.5184945237150902, 42308000000, 
-0.11447146375590574,0.3274310060889135,0.493528697920505, 42313000000, 
0.026761124435007166,0.3273299964895847,0.5079111907734691, 42318000000, 
-0.20233461954919088,0.2757197175772599,0.507246900354632, 42323000000, 
-0.08346652836661826,0.2913146227065638,0.5030665503617113, 42328000000, 
0.1371983745524175,0.3829063285880968,0.4915661099766037, 42333000000, 
-0.18330648174060737,0.29766814589284446,0.5035494819655084, 42338000000, 
-0.0632344270188999,0.3217530555526574,0.5027681200076564, 42343000000, 
-0.036702794008815084,0.2690457577880282,0.5072298352209089, 42348000000, 
-0.0890264721973879,0.36515738778575035,0.49806004689115563, 42353000000, 
-0.07764545019376864,0.3024398161494251,0.49179626948095967, 42358000000, 
-0.032764689468450646,0.38447485744490795,0.4906151727275036, 42363000000, 
0.2522087369164139,0.32093297308308816,0.4878469106166451, 42368000000, 
-0.008070813026612104,0.26516088118990305,0.506760939584206, 42373000000, 
0.0776456809662696,0.22660762674302767,0.5010396302040206, 42378000000, 
-0.1509458279784334,0.339508577713461,0.4816681820522682, 42383000000, 
-0.019987637560144947,0.28339183996990497,0.48191636840995966, 42388000000, 
0.0159592984724893,0.2573043901242631,0.5118365115423932, 42393000000, 
-0.19258006231703298,0.3097849871468714,0.501378071016815, 42398000000, 
0.3164441477559764,0.2510586870496263,0.48807520570945695, 42403000000, 
-0.07348755359210135,0.312978221261344,0.4984924735664947, 42408000000, 
-0.10228717989284179,0.3923556355399375,0.498272997042232, 42413000000, 
0.002866672756459035,0.28354065604869266,0.49657731904454055, 42418000000, 
-0.03532675547631664,0.2879592646903508,0.5149092918171987, 42423000000, 
-0.05012769705188764,0.24172490131159205,0.5109082751029175, 42428000000, 
-0.08822467663282718,0.3299258838139459,0.5094616041253935, 42433000000, 
0.3457096135344471,0.28724244598474613,0.5137206509591863, 42438000000, 
-0.06318224181555557,0.254901581771018,0.4980713491724166, 42443000000, 
-0.2186750507316412,0.3308201976862364,0.50661586109677, 42448000000, 
-0.01982786098227529,0.35306207268105355,0.521382681022367, 42453000000, 
0.010968341193742603,0.4018884925857554,0.5120810143539238, 42458000000, 
-0.09359441334282152,0.3466449092490082,0.499210414713272, 42463000000, 
-0.23643621043463597,0.2920494086060564,0.5120787267174325, 42468000000, 
-0.03576365898062518,0.32571688317552333,0.5012699647559644, 42473000000, 
0.046882346547276285,0.3120832050649867,0.5307912228699482, 42478000000, 
-0.0856756357162233,0.23634606723672785,0.5223049135615283, 42483000000, 
-0.20342019002487188,0.27776661281323006,0.5130601301785573, 42488000000, 
-0.01528865787765666,0.3060982785664429,0.5296739208024428, 42493000000, 
0.0438860839585451,0.2929769745390725,0.5156073393018369, 42498000000, 
0.29716852239346986,0.25678847070869965,0.5259484810143753, 42503000000, 
-0.014354670071167142,0.15820937631935103,0.5249638999108179, 42508000000, 
-0.06640600721321195,0.33103729883272676,0.5135747481708823, 42513000000, 
-0.011233952285754994,0.2714078612276317,0.5080267554692534, 42518000000, 
-0.04454476369200251,0.3182550538501927,0.49228903121917633, 42523000000, 
-0.11455338042962028,0.2615218525869436,0.5159697024700858, 42528000000, 
0.016030676851790833,0.29835344961231863,0.5065341856043097, 42533000000, 
0.4629701611188853,0.23755585845812255,0.494142612958443, 42538000000, 
-0.1339147164696996,0.2630896725335949,0.5061426724263356, 42543000000, 
-0.004021270634391616,0.33421180073788714,0.4793557933778366, 42548000000, 
-0.007957718648966817,0.2810410855401658,0.5045774426796094, 42553000000, 
-0.15811188531278686,0.3748609300248931,0.5050643697086088, 42558000000, 
-0.03101876438255508,0.3156672846926137,0.4970928433378831, 42563000000, 
-0.04092348795896035,0.3481855689872834,0.5059513449580123, 42568000000, 
-0.15223663047104527,0.2913764135437473,0.4993000178327143, 42573000000, 
-0.015466117472971386,0.23635014144797278,0.4945095006185077, 42578000000, 
-0.06266934861772178,0.32377476950763395,0.5031643389240161, 42583000000, 
-0.09205274985819067,0.2704819020824046,0.5038863217704844, 42588000000, 
0.008157650968732257,0.3326894139105492,0.4975950356647265, 42593000000, 
-0.053477347402237495,0.36629010521166544,0.4959934380492284, 42598000000, 
-0.0746843963884243,0.25632606517478823,0.5082967649989113, 42603000000, 
0.26323452116826096,0.3645041989439401,0.4977913752893878, 42608000000, 
-0.0630404704081768,0.3989190914747774,0.5140098680392602, 42613000000, 
-0.1362146763304592,0.21102039361580557,0.5130681162417539, 42618000000, 
-0.05027148597926153,0.2304343127885466,0.5020369694046252, 42623000000, 
-0.05052351284658269,0.38892138085471517,0.5095691583954126, 42628000000, 
-0.054081507660555375,0.16338764625428148,0.49711439404034996, 42633000000, 
-0.09654446387562937,0.35225137276463747,0.51276268473864, 42638000000, 
0.20156184755830345,0.38453297820840177,0.518089219485019, 42643000000, 
-0.05393579381991445,0.1795575742618196,0.4904794556027899, 42648000000, 
-0.08643019043233707,0.3319496729716643,0.5052570824260404, 42653000000, 
-0.021227819277598682,0.3581187138873538,0.48814579216852055, 42658000000, 
-0.09985162586707935,0.1825638175828283,0.5191288938907038, 42663000000, 
-0.01983851930594721,0.29834632567093267,0.493220989616811, 42668000000, 
0.33716236010145684,0.4060477501667362,0.492052738845306, 42673000000, 
0.027435809906355732,0.14635239324164295,0.4973089398566921, 42678000000, 
-0.04083907207691019,0.4165970523926092,0.4821689803594114, 42683000000, 
0.050963538166696326,0.1717841179388778,0.49328672974417803, 42688000000, 
-0.016198336855654853,0.20836040444728815,0.5003559188513901, 42693000000, 
-0.09485848720346887,0.470733822676612,0.4956150697649471, 42698000000, 
-0.025669864041638325,0.1577188799551283,0.49245725643860805, 42703000000, 
0.0009504916704897309,0.3140890940490826,0.4993631727406179, 42708000000, 
-0.11401086176221682,0.38427816701341905,0.5079575908016208, 42713000000, 
0.05827078412592333,0.12547063987969773,0.4898998557424397, 42718000000, 
-0.019552916379086304,0.3455294249908094,0.4994265459290307, 42723000000, 
-0.1732935125137844,0.4522150969177094,0.5064488461440961, 42728000000, 
0.013979767612279904,0.09363268752589185,0.5176364280077638, 42733000000, 
-0.010366890245168944,0.25568912933657584,0.516459407235471, 42738000000, 
0.1924677226721137,0.21199642763414478,0.5074385270171047, 42743000000, 
0.0010004228926853917,0.19945819498397155,0.5219109841732531, 42748000000, 
-0.08823260209444705,0.2668234557372696,0.5184046672696183, 42753000000, 
-0.07046003915644268,0.4063374599581895,0.49696886545235414, 42758000000, 
0.009047754097018154,0.3578577094387188,0.5012787473480532, 42763000000, 
0.014706003612082144,0.23653846547082352,0.5267787241390122, 42768000000, 
-0.10791125345822619,0.3390352115067131,0.5237500305773642, 42773000000, 
0.15858237034694025,0.5408026255930702,0.5124033502791467, 42778000000, 
0.001953165399424084,0.1861544478466428,0.5113214221191084, 42783000000, 
-0.16924015176063462,0.295467294811293,0.519622163915302, 42789000000, 
-0.10442589696094548,0.47919115135139717,0.5032751207572652, 42794000000, 
0.03296942917189001,0.12881859266103934,0.512198775052705, 42799000000, 
-0.10655013831977808,0.2869757678519672,0.5174603676107822, 42804000000, 
-0.06361371482615157,0.49004788246781833,0.530944343794077, 42809000000, 
0.047859587086762655,0.1523867935851227,0.52416054509649, 42814000000, 
-0.038217816753334445,0.2929457098241782,0.5041826921211319, 42819000000, 
-0.1057260322693748,0.579790467094886,0.5119962444683268, 42824000000, 
0.03954757147559396,0.09195706974107648,0.5335694127020194, 42829000000, 
-0.052106911491943145,0.3074514216871426,0.5310985099796862, 42834000000, 
-0.08129989017654028,0.471859438148825,0.5213584761027861, 42839000000, 
0.3448471045419457,0.1481963040955419,0.5292599125206532, 42844000000, 
-0.16783576164025102,0.272224012716655,0.5112711833910335, 42849000000, 
-0.05220603579610453,0.41345987074345014,0.5118859113219348, 42854000000, 
0.0397613459057966,0.1212889449466605,0.5045148924417001, 42859000000, 
-0.07971823529535794,0.356855625155423,0.5120904895498377, 42864000000, 
-0.14960756254518182,0.4838557891862033,0.521543722095879, 42869000000, 
0.02990691301117976,0.24024366372032063,0.539502903616322, 42874000000, 
0.32803648684570685,0.3374773696648312,0.5222193536292259, 42879000000, 
-0.08883974660506364,0.4894352807780883,0.5190756638413178, 42884000000, 
0.02509351538010255,0.1905195152702519,0.5145050644450311, 42889000000, 
-0.08797403367137004,0.2726472960642609,0.5016996711904044, 42894000000, 
-0.07713718521714293,0.40498678559435886,0.4950658982467126, 42899000000, 
-0.023189801482022113,0.170980767117839,0.5227890594484355, 42904000000, 
-0.15744705518120627,0.3363535275328923,0.5261253946955226, 42909000000, 
0.2163912809497578,0.45160826290073286,0.5146036333339232, 42914000000, 
0.08565813020442403,0.36199329710412587,0.5077635379799946, 42919000000, 
-0.03777918773495776,0.2998853657062587,0.5102660974665609, 42924000000, 
-0.10188195700802308,0.507497636537346,0.5236331917930861, 42929000000, 
-0.013672099565344691,0.17271912904965914,0.5147641049618795, 42934000000, 
-0.09389573006263374,0.49733622721639575,0.512514604690356, 42939000000, 
-0.02680442123841208,0.23586710058595242,0.5154823663612962, 42944000000, 
-0.004069669944598148,0.22970766860057856,0.5244188179387579, 42949000000, 
-0.08095620600097313,0.42900833225913626,0.5162883082474787, 42954000000, 
0.0874857942019192,0.17443791412022197,0.516448408942558, 42959000000, 
-0.07199312552266943,0.4031036756870199,0.5027734401088603, 42964000000, 
-0.07738603234824856,0.4202487327580795,0.5175174856726119, 42969000000, 
0.004495831393651192,0.09421868764470812,0.5274768951130578, 42974000000, 
0.1840333510090511,0.31056462137958707,0.5205261198400104, 42979000000, 
-0.04559899640029757,0.4239956370340853,0.5298422461085631, 42984000000, 
0.031191552081129625,0.15809142742070637,0.49279312678961384, 42989000000, 
-0.17727589172632574,0.30254989695645434,0.5335637259716536, 42994000000, 
-0.05405613479177313,0.3901480583408231,0.4962182151088568, 42999000000, 
-0.07016518249863796,0.22237414859447252,0.507493966537154, 43004000000, 
-0.13072837942666227,0.3410785128387479,0.5390572158285846, 43009000000, 
0.3580005193563291,0.2194451127202114,0.5029684679799922, 43014000000, 
-0.014961289451402321,0.2703775199939975,0.5202088251675134, 43019000000, 
-0.14053394672583824,0.3871257291850574,0.5037244334863192, 43024000000, 
0.012658608960705597,0.21506043176230874,0.5231760409723618, 43029000000, 
-0.039715082256016436,0.28724199599731715,0.5036789228664937, 43034000000, 
-0.029883076418309874,0.47908119176236935,0.5128987595331345, 43039000000, 
0.07722743640363233,0.2882360123447077,0.5267098643739254, 43044000000, 
-0.1224158418470868,0.2733067505979631,0.504661690371211, 43049000000, 
-0.04932235933115496,0.3738895172166068,0.5279463868493439, 43054000000, 
0.05017937912844584,0.1953322921302415,0.5105011165070582, 43059000000, 
-0.12686489222339437,0.3131207748572595,0.4984671050464218, 43064000000, 
-0.0788823072998352,0.4350504446909293,0.5060258022884927, 43069000000, 
-0.03704943812836055,0.20308911369910213,0.5230159674409997, 43074000000, 
-0.11086848622907451,0.25854747234903286,0.513350556478038, 43079000000, 
0.28862352802768143,0.320049441882434,0.5088564307712345, 43084000000, 
-0.00546446789680808,0.17407797215627752,0.5168547111501397, 43089000000, 
-0.008321621706376344,0.40032290850582314,0.5170476275621124, 43094000000, 
-0.08073548369163946,0.3531109682950659,0.5144659823169099, 43099000000, 
-0.08780068059238941,0.3039118594286368,0.5118572096090349, 43104000000, 
-0.03093651776291057,0.4059117486769864,0.5122959097548186, 43109000000, 
0.23621229285335715,0.24567655695354612,0.5077670707177997, 43114000000, 
0.004240950258945046,0.3639905500408227,0.5016661962028929, 43119000000, 
-0.022881309342913637,0.3538104968863599,0.5283192635064864, 43124000000, 
-0.0535045735506242,0.19416005556446023,0.5096364624419549, 43129000000, 
-0.12700127731602529,0.31487525269959804,0.5299622399900858, 43135000000, 
-0.07962041434833197,0.44169577310572594,0.5127622319400156, 43140000000, 
-0.02942240791839575,0.29580137978013477,0.5274649269668832, 43145000000, 
-0.06954524100114469,0.2686208780039346,0.5287224779736651, 43150000000, 
-0.05630213748136757,0.3303829875130761,0.5011235291909533, 43155000000, 
-0.03659383447589888,0.2175037569011879,0.5278849198499441, 43160000000, 
-0.08343101060532496,0.4004394444811966,0.5081700984877702, 43165000000, 
-0.044634702754543454,0.2817600237553649,0.522181168591925, 43170000000, 
-0.138517750186662,0.3085678196825364,0.5168936400098748, 43175000000, 
-0.040128350375653675,0.4054588486332298,0.5004837610642651, 43180000000, 
0.3337443087582151,0.2393296916388531,0.5244946639977309, 43185000000, 
-0.037674383344150866,0.3499583202926883,0.5143858558033392, 43190000000, 
-0.0575470285579132,0.2998271851107214,0.5223543530525038, 43195000000, 
-0.03429566936602329,0.27112213879335934,0.513254682966134, 43200000000, 
-0.01501469838666244,0.4033246593718776,0.5145246088204947, 43205000000, 
-0.08380273118801826,0.3160901779873291,0.5239696278526655, 43210000000, 
0.0479015685142648,0.2717344798543828,0.5245745725518278, 43215000000, 
0.5156511818767014,0.3052531274371311,0.5334684953060389, 43220000000, 
-0.10644546343984196,0.35730845067222405,0.5116221920845023, 43225000000, 
-0.013940502985415378,0.27602820196117783,0.5235666036534306, 43230000000, 
-0.10407159761830548,0.26872783076676915,0.5144924380888385, 43235000000, 
-0.04526950685126824,0.2665785264299011,0.5340922757962846, 43240000000, 
-0.06414349046268189,0.34284156983461217,0.5253291678463649, 43245000000, 
-0.067436590956833,0.293914953994312,0.524823143126489, 43250000000, 
-0.07866961886255627,0.3141102980593552,0.528944748697254, 43257000000, 
0.06061194093850292,0.2435043654337423,0.5032318612183816, 43262000000, 
-0.08228626796899788,0.33397997388049505,0.4996970295061174, 43267000000, 
-0.05601486872328999,0.33671972616625606,0.5054000120293923, 43272000000, 
0.013937183347368213,0.41183260246180475,0.5102755845859189, 43277000000, 
-0.06389129994485973,0.26001251066880754,0.5093222451776281, 43282000000, 
0.3000572162879454,0.36221511369281667,0.5203438507765986, 43287000000, 
-0.0988691106079389,0.3644797363046147,0.508874935294897, 43292000000, 
0.005335686276465888,0.3197536358318991,0.5151526802093593, 43297000000, 
-0.11058771624464767,0.3087628563221107,0.5179199992061514, 43302000000, 
-0.04658037577609986,0.24783165794986364,0.5206652863673007, 43307000000, 
-0.018807711808967804,0.3773974015290319,0.502332854072063, 43312000000, 
-0.09765963984153002,0.41889981925883935,0.5142297501987231, 43317000000, 
0.27283044867020795,0.32294942015207795,0.5151164671894563, 43322000000, 
-0.013564210570571649,0.3557165449923567,0.5225594886908953, 43327000000, 
-0.0757609824672402,0.2062067896242888,0.5095222138915113, 43332000000, 
-0.19456853095289053,0.29620093035491707,0.5223850986409684, 43337000000, 
-0.008858812747998518,0.1884902914632144,0.5131763169087747, 43342000000, 
-0.011507850155017464,0.4378512963553745,0.5247755128384389, 43347000000, 
-0.016049333270049735,0.30406146349122143,0.520078043070702, 43352000000, 
-0.13217974519613668,0.2458719701603863,0.5110644072798021, 43357000000, 
0.020451533999359277,0.32799381993406107,0.5174264652729917, 43362000000, 
-0.02402869291862546,0.1729897124094443,0.4946296563885361, 43367000000, 
-0.020646949313995987,0.4016413664343328,0.5068265311548678, 43372000000, 
-0.0737126971566819,0.24349784238409589,0.5101785375847131, 43377000000, 
-0.09578945780045581,0.21818877702247813,0.5101721938572311, 43382000000, 
0.40622333557906326,0.4141406477922719,0.5280384086623546, 43387000000, 
-0.02552303832868993,0.3568478751240219,0.5185244845886603, 43392000000, 
-0.0657671795221374,0.16805713193840677,0.4801384675325268, 43397000000, 
0.029955037811165597,0.26693788639420024,0.4954391685989841, 43402000000, 
-0.06489240409148737,0.3966588299503606,0.5018875361627846, 43407000000, 
-0.03736060343226262,0.23084717514592812,0.5025907663273019, 43412000000, 
0.05789577448149435,0.42676323403501165,0.5123155052016596, 43417000000, 
0.3343143922602627,0.35968459280061527,0.4982146572521737, 43422000000, 
-0.09912296436763916,0.25648429354600405,0.5192785595075463, 43427000000, 
-0.059239966727359074,0.48407735593489404,0.4842861666505972, 43432000000, 
-0.10256443140503307,0.1853735139905562,0.47650553520686273, 43437000000, 
-0.06960546067471149,0.45209569331641436,0.5154810435610575, 43442000000, 
0.027814324532684405,0.40667101753824386,0.4954522857820514, 43447000000, 
-0.16438957075196856,0.2308291954595278,0.4950563060513967, 43452000000, 
0.01668807385361608,0.34328346149681643,0.49357677708827596, 43457000000, 
-0.10536920020945668,0.3494943778414873,0.49013811717845335, 43462000000, 
-0.06749714145512457,0.29551016145861797,0.5176837724847262, 43467000000, 
-0.011544707552072634,0.3869786314051036,0.5098026250150861, 43472000000, 
-0.06867659075086398,0.24579662984553574,0.5042418201429643, 43477000000, 
0.05183827117994974,0.3618126266953403,0.4808846658357824, 43482000000, 
0.05552455597316061,0.2095618927654736,0.5071485885730669, 43488000000, 
0.04234914564034328,0.22812075182051877,0.4933383998333599, 43493000000, 
-0.06938483393723371,0.3565466325695879,0.4855562071581153, 43498000000, 
-0.03523655258450426,0.227909360157598,0.5162873473852575, 43503000000, 
0.0017891618601358697,0.39402883419905566,0.502047548171159, 43508000000, 
-0.0679491925386923,0.3219915640063119,0.4962960761865103, 43513000000, 
-0.009116938420432583,0.24333281361445347,0.5242558755656036, 43518000000, 
0.2868186057330189,0.3240062862598834,0.5088578110721697, 43523000000, 
-0.1555221899047307,0.2708999726544316,0.4832083083382795, 43528000000, 
-0.0030511653386987823,0.3417019254875025,0.5078872932888596, 43533000000, 
0.001144679568396964,0.40273510403797036,0.5082579530580957, 43538000000, 
-0.09143456822014574,0.2787811317124347,0.4949522496974504, 43543000000, 
-0.02292534902703642,0.32345031699074284,0.5119143855145483, 43548000000, 
-0.14437651102519836,0.34241164207359087,0.5207614149413501, 43553000000, 
0.3399603796427574,0.27500010906857014,0.4945560165568049, 43558000000, 
-0.022321010714300288,0.2928952499615307,0.5140845582042664, 43563000000, 
-0.10258602870263005,0.29348991241054245,0.5141572136303157, 43568000000, 
-0.009362281371694434,0.3351146754070529,0.5152308195356987, 43573000000, 
-0.04984181149816065,0.26512456582243504,0.49691257776644904, 43578000000, 
-0.08584743018785557,0.36285357711523103,0.5039300126763456, 43583000000, 
-0.05357346326242827,0.31094771219888606,0.498945221938215, 43588000000, 
-0.19232929139125637,0.2755015547861715,0.49396417400073583, 43593000000, 
-0.04958455504868316,0.3067413665631922,0.5157326292907277, 43598000000, 
-0.029614227733216782,0.35014335389332113,0.5043314959095383, 43603000000, 
-0.17618515075238175,0.26099216550447646,0.509903604835499, 43608000000, 
-0.13715905499839307,0.3201015399836016,0.5107811694101234, 43613000000, 
0.11388244944933854,0.3664251694864734,0.5278890729039164, 43618000000, 
-0.0440402201040227,0.3762792948175273,0.5100133272832122, 43623000000, 
0.28410508565526477,0.2723440660525117,0.5165259837362405, 43628000000, 
0.04857085972822287,0.36773914645161015,0.5243720685330916, 43633000000, 
-0.037167839528283036,0.35495599362394403,0.5245141232424176, 43638000000, 
-0.09619348555008216,0.17306767636870812,0.5177063776423222, 43643000000, 
-0.018409803274327032,0.3614040344655025,0.5302060370290267, 43648000000, 
-0.12459851038182684,0.38058354860683785,0.5190746412517692, 43653000000, 
0.22612128047607571,0.2737755656646676,0.5294057704421916, 43658000000, 
0.054281696575879376,0.35928741115643376,0.5212833178631869, 43663000000, 
-0.15286895843149748,0.2932097409964913,0.5009436863257984, 43668000000, 
-0.07383680247502987,0.33405410026344656,0.5222805551667314, 43673000000, 
-0.0057087328473209385,0.37872016706500217,0.5270348307645871, 43678000000, 
-0.14908130876357395,0.24535813544859356,0.5208855409609672, 43683000000, 
-0.03700440154220299,0.28483409761252887,0.5156745618302551, 43688000000, 
-0.04175892540477595,0.2891625421562612,0.5117696988425479, 43693000000, 
-0.10416351455372785,0.34099714892274813,0.5222752116007408, 43698000000, 
-0.0650366378938134,0.37327791932750537,0.5164902192826534, 43703000000, 
-0.03889909923987567,0.24542587651774073,0.5137079086831546, 43708000000, 
-0.06786887329293767,0.34676724186646546,0.5084249867337317, 43713000000, 
-0.029336407796936113,0.4070244316822532,0.522881698439481, 43718000000, 
-0.033831065008205034,0.3474985339102884,0.5055609123150948, 43723000000, 
0.34659637242028063,0.462384191505887,0.515097084161646, 43728000000, 
-0.06753640389224655,0.2797619021485576,0.5245085190648803, 43733000000, 
-0.050855494973726,0.248857498370978,0.5049998023747153, 43738000000, 
-0.011027065023213371,0.2977152049756885,0.5215813157760938, 43743000000, 
-0.005272800249602583,0.2658814842694856,0.529666848145505, 43748000000, 
-0.03532574753968254,0.24983475970166624,0.5081654867855913, 43753000000, 
0.06345395930123407,0.46035521439292987,0.4963897750800727, 43758000000, 
0.22310057872436034,0.2543620993492849,0.52742283659235, 43763000000, 
0.0040566682266513845,0.30212314114522787,0.5176110338163071, 43768000000, 
0.00436533691057947,0.3838152389355008,0.5237336101725832, 43773000000, 
-0.06414769761084174,0.3574072897645677,0.5235457190385532, 43778000000, 
-0.06166184558737224,0.3103527610946668,0.5164532203974308, 43783000000, 
-0.025017831798094532,0.3891964653630745,0.5222317781483414, 43788000000, 
0.19214925456756568,0.3511059171867631,0.5274836965364275, 43793000000, 
0.024966097822208835,0.2549101248768937,0.5337602265454726, 43798000000, 
-0.03258811238199894,0.4756581935419901,0.5294804198706304, 43803000000, 
-0.06428728551229103,0.3758985875660125,0.513413901128599, 43808000000, 
-0.05336054492967454,0.38433686500796227,0.5255165397184701, 43813000000, 
-0.07651190088451881,0.4035235780547803,0.5191608789875052, 43818000000, 
-0.022205657203102604,0.324235003300635,0.5369823944887491, 43823000000, 
-0.04723224309932196,0.24596439032999584,0.5162001043322767, 43828000000, 
0.03484850007456619,0.3913027899113964,0.5245148363461212, 43833000000, 
-0.17315416660671912,0.32558565556376895,0.49945224534852795, 43838000000, 
0.0035816458619224167,0.23135468683971774,0.5161712531228556, 43843000000, 
0.037317862801647464,0.46862991440749757,0.512681748118752, 43848000000, 
-0.13931205630792604,0.2892989763265719,0.5146288385711716, 43853000000, 
0.00973104161297978,0.26913178798112203,0.5253609176246755, 43858000000, 
0.2699407504200311,0.39350874074085784,0.5142272677902119, 43863000000, 
-0.12130955905670501,0.4614994283881234,0.5133575961486607, 43868000000, 
0.013496739137588672,0.24992176473538968,0.5122252820687241, 43873000000, 
-0.1271048559395386,0.3271130709398274,0.5432307493499253, 43878000000, 
-0.05774807679178831,0.35702955985826995,0.500842557093692, 43883000000, 
0.002499276626303032,0.3007275661825962,0.5160566541029115, 43888000000, 
-0.11913022356547155,0.27633474750185566,0.5283172430444305, 43893000000, 
0.2723041680268506,0.23002583140343658,0.5427460778710077, 43898000000, 
0.013286256445786867,0.4345201712769333,0.5237907688526895, 43903000000, 
-0.1107294672743575,0.3440143388480128,0.5311807383816584, 43908000000, 
0.011992414199512344,0.23752162390887968,0.5309863600633834, 43913000000, 
-0.03322764689439462,0.43279158417640634,0.5228296520928422, 43918000000, 
-0.1702030059185699,0.26354985102168044,0.5177932469670744, 43923000000, 
0.06228764693857282,0.26802615181762496,0.5042076969098944, 43928000000, 
-0.06487927157795101,0.3292231490987853,0.5230146588731245, 43933000000, 
-0.08548564642837184,0.3489780371009814,0.5187510277385406, 43938000000, 
0.0544755981073789,0.2619069715448066,0.5305846748380243, 43945000000, 
-0.10841553276762925,0.41131710150044887,0.5244841764472692, 43950000000, 
-0.05428294019702831,0.2294083703191869,0.5323589140769587, 43955000000, 
0.042870500975706105,0.32506450313134616,0.5228441157236926, 43960000000, 
0.22316460871525623,0.3330718408613825,0.5106752789745609, 43965000000, 
-0.00393298004331763,0.24978384141751808,0.5112577173427927, 43970000000, 
-0.0426098075827098,0.37305700714163254,0.5224239184410048, 43975000000, 
-0.10291334169623523,0.28907748407614436,0.5099048861533221, 43980000000, 
-0.020459669613566364,0.28741695097336,0.52284848583821, 43985000000, 
-0.04183907347740678,0.4177406959591179,0.530901484893463, 43990000000, 
-0.13109844757734768,0.3440165494835667,0.5141932917660519, 43995000000, 
0.36655664559768286,0.3956610153284776,0.5260637944538128, 44000000000, 
-0.1996396341634901,0.3974822225699203,0.5210842722587085, 44005000000, 
-0.07244081506242607,0.2437086017859672,0.5177507092228288, 44010000000, 
-0.025554574919613868,0.42052142653238983,0.5229167668464265, 44015000000, 
-0.18353007247883077,0.4468090425602412,0.5171869862631138, 44020000000, 
-0.008997174830699804,0.30096236986763014,0.5182082910187862, 44025000000, 
-0.01759654443877263,0.32317488953550694,0.5208119594957071, 44030000000, 
0.24621392318046678,0.3998428815136495,0.5181680672069678, 44035000000, 
-0.079943327820076,0.2542373076291532,0.5202841380380929, 44040000000, 
-0.01842171896907426,0.3955336173859716,0.5233392961846886, 44045000000, 
-0.08551759851624216,0.3279337706685031,0.5106990761716262, 44050000000, 
-0.05355174324024373,0.290240707015227,0.5090183137472284, 44055000000, 
0.023300096932661725,0.3354574485371938,0.5191911863190762, 44060000000, 
-0.09668295887490909,0.3587569548646346,0.5218517892803878, 44065000000, 
-0.06712880100009667,0.2654535475837471,0.5253638771077849, 44070000000, 
-0.0749600670844874,0.4156977017375724,0.5350667018163379, 44075000000, 
-0.03408367386024156,0.3478708853951823,0.5354999919121, 44080000000, 
-0.020263675533577233,0.29621855640906974,0.5210426754391104, 44085000000, 
-0.08450401706828388,0.3719043456833774,0.5245570399394244, 44090000000, 
-0.02794684855399987,0.36140628929658136,0.5098196194106642, 44096000000, 
0.21427192607229176,0.22427042796412003,0.5180751677424859, 44101000000, 
-0.07481532165301667,0.32928503495222794,0.5237041461377192, 44106000000, 
-0.08708238558765574,0.271278197975463,0.5126094444239718, 44111000000, 
0.04494223624599848,0.32097651532389604,0.513049608401215, 44116000000, 
-0.11667485838667183,0.25769592288555604,0.5266848574864592, 44121000000, 
-0.10974204697528014,0.36745447156643296,0.5119455002561977, 44126000000, 
-0.04362313970604123,0.2460330434704621,0.5265473128753306, 44131000000, 
0.32775969267475114,0.35414657809438965,0.5034948517444822, 44136000000, 
-0.09287096789938099,0.37673748895073667,0.5213656630289883, 44141000000, 
-0.023889277761817814,0.31523106993286026,0.5045759316444782, 44146000000, 
-0.05431779833461713,0.37234233501286773,0.5131251379185918, 44151000000, 
-0.09074357157280302,0.28991173697869094,0.5256086015183707, 44156000000, 
-0.0460717309121568,0.27548832508330756,0.5306752536509352, 44161000000, 
0.05691690036128236,0.33092037972895527,0.5177072620941512, 44166000000, 
-0.20644348115726313,0.4905988522228306,0.5059897958067116, 44171000000, 
-0.04675617901355066,0.27627689399197564,0.5088296410535962, 44177000000, 
0.06358383321927999,0.4225602457612774,0.5182356680353322, 44181000000, 
-0.19930736096424548,0.43567470781083606,0.5076840650697606, 44186000000, 
-0.09432998073049675,0.3484993272254185,0.5362056062550741, 44191000000, 
0.04847523380691852,0.33190014721921596,0.5169446249240109, 44196000000, 
-0.12745955841879217,0.32345326663350665,0.5099006346816898, 44201000000, 
0.2274911001654663,0.375681949095695,0.5125112491003342, 44206000000, 
-0.07313835428861953,0.26402141464049617,0.5190071208833801, 44211000000, 
-0.0063021805684723925,0.44119598548985967,0.5178805925024518, 44216000000, 
-0.049897918503742096,0.2695666649103271,0.5177483536936678, 44221000000, 
-0.044386324931696246,0.3125179099176203,0.512104400359348, 44226000000, 
0.06118880939402874,0.42871922027977916,0.5303567974668226, 44231000000, 
0.3201284587253932,0.36534584133001635,0.5238606798366411, 44236000000, 
-0.01206848058606027,0.35319718744878364,0.5324121181194726, 44241000000, 
-0.07959146313415263,0.35454021673996355,0.5184018241206764, 44246000000, 
-0.09095385346607854,0.273702071923176,0.519844620969512, 44251000000, 
-0.07382780825926409,0.35872144258863325,0.5121325680316346, 44256000000, 
-0.009550709332389988,0.37087393230767124,0.5159109420342118, 44261000000, 
-0.1420941119441177,0.25384723048643226,0.5186329096987085, 44266000000, 
0.33640279350699515,0.33997126235797814,0.5114145185421196, 44271000000, 
-0.08097661635098473,0.413120288075958,0.5026917075186803, 44276000000, 
-0.14574835694876098,0.2426186758596134,0.5114785579480737, 44281000000, 
-0.025708528890890314,0.34377793798394457,0.5073221275964026, 44286000000, 
-0.029910504787117195,0.3484733438912683,0.4969583718001891, 44291000000, 
-0.13690172171789222,0.29680201287675634,0.5110435947441399, 44296000000, 
0.01718087892607849,0.27914043802257893,0.5079910664064351, 44301000000, 
-0.20168254429997784,0.4814057983992819,0.5123264826486291, 44306000000, 
-0.03496027945421041,0.27498554230399624,0.5279999285259077, 44311000000, 
-0.00872659422572173,0.31874563785059995,0.5077837183347669, 44316000000, 
-0.15959663467457508,0.2967950223287979,0.4887997898012864, 44321000000, 
0.008131950060469285,0.2526919554894246,0.5135960157253088, 44326000000, 
0.059369411325388415,0.3412078098442384,0.5186554069697727, 44331000000, 
-0.1343949959454528,0.27060770752749835,0.5212838531979958, 44336000000, 
0.33791420157053004,0.36581129342837393,0.5051472618268996, 44341000000, 
-0.04435500645857268,0.3743852828365881,0.5301011968165321, 44346000000, 
-0.0844022662332523,0.1977295437776148,0.4908618280113354, 44351000000, 
-0.011976257507486359,0.32099727264068545,0.5293125101788859, 44356000000, 
-0.08358936058524889,0.35230861025735016,0.5095590289986001, 44361000000, 
-0.038363808095760135,0.2817263333408403,0.5112448752001333, 44366000000, 
-0.024185582576715693,0.358120982715411,0.514945555013899, 44371000000, 
0.2568659908172312,0.22495191238040702,0.5000951894218184, 44376000000, 
0.023912478054661502,0.332495123291124,0.4981913298285373, 44381000000, 
-0.067852849643718,0.4530087650649082,0.5019008184728848, 44386000000, 
-0.11206333473702473,0.30150202139127436,0.5015761459523624, 44391000000, 
0.00648787346368572,0.34662269381580596,0.5006805461793997, 44396000000, 
-0.02925990956670241,0.41254342499823077,0.5034481491179708, 44401000000, 
-0.15228974361628922,0.30474767099279404,0.48955976975189175, 44406000000, 
-0.04537441004760777,0.3689380161017537,0.48847091904395734, 44411000000, 
-0.023876350283727418,0.4059375290097701,0.5067041851565794, 44416000000, 
-0.16906699532686917,0.2837670621822355,0.5089858748844034, 44421000000, 
-0.026926969809005174,0.3268340771337807,0.5198788352735466, 44426000000, 
-0.07868613418298515,0.36929129740188993,0.4879111358215469, 44431000000, 
-0.004632635090160696,0.28307921608240016,0.5036798113964525, 44436000000, 
0.2489812489855267,0.30744464135908445,0.5031330156468397, 44442000000, 
-0.1351735605432872,0.2603020360115725,0.4965227649139129, 44447000000, 
0.02102778525690551,0.3363509339186314,0.4926868232046907, 44452000000, 
-0.11920433338985063,0.3872824854683865,0.5004061721064585, 44457000000, 
-0.06685431788129312,0.26084258431760066,0.5059469886790641, 44462000000, 
0.02966576168914912,0.3079294331623406,0.5082407596855616, 44467000000, 
-0.1276312587073439,0.3703425759886304,0.5241063821626635, 44472000000, 
0.32743762554180117,0.3184700941970513,0.5206185200290401, 44478000000, 
0.01190381314833737,0.3599453929808888,0.5123324025992404, 44483000000, 
-0.16982009360799405,0.37990877522106675,0.516154258501589, 44488000000, 
-0.12528122036479264,0.28589576315218673,0.5100494476151993, 44493000000, 
-0.039935164621992314,0.3592146699168638,0.515491061482931, 44498000000, 
-0.07079105843624461,0.4150400417973279,0.5009744197715865, 44503000000, 
0.04141374577624097,0.394027178936601,0.5143914146897665, 44508000000, 
-0.10195864109109523,0.21469034473359577,0.5102979405165626, 44513000000, 
-0.008420645947159116,0.3703821162016262,0.5134677010747597, 44518000000, 
-0.22679944169631716,0.31618876087506476,0.5169869514734775, 44523000000, 
-0.06340207023006275,0.3656582347899616,0.5182705828558175, 44528000000, 
0.0255467865329107,0.2899377302189361,0.5000829448252251, 44533000000, 
-0.06956451043256595,0.32451373607438366,0.5199219650023711, 44538000000, 
0.3024398764626529,0.32837120853979407,0.5291704498939868, 44543000000, 
-0.11715439548422557,0.2654959393621101,0.5051874920606012, 44548000000, 
-0.01733170353003176,0.3525597508081968,0.4941361369496998, 44553000000, 
-0.051724912355756894,0.3714753778281572,0.5090802003340487, 44558000000, 
-0.040967592069252046,0.3865918047555101,0.5241415687688812, 44563000000, 
0.027963589711599554,0.27748157714627486,0.49879268115766967, 44568000000, 
-0.11478773250823548,0.4061604347771534,0.5065835964582219, 44573000000, 
0.25830518904946387,0.3834372499519048,0.5131839723613754, 44579000000, 
-0.06273879837226379,0.3495413309281437,0.5145700760970404, 44584000000, 
-0.06722657443727703,0.43252357126733504,0.49668519668747413, 44589000000, 
-0.13319628817890997,0.37604457551061027,0.506476285937913, 44594000000, 
0.04303673048366759,0.3956055215830861,0.5102780430195363, 44599000000, 
-0.026387070923514944,0.43112502331877617,0.4918651447405206, 44604000000, 
-0.15107558951981645,0.26462172979631243,0.5104004608703477, 44609000000, 
0.04339709243382012,0.28371131442667236,0.4924095489251535, 44614000000, 
-0.05803040844506088,0.37464746520823683,0.5009305192654357, 44619000000, 
0.006629073300623851,0.24970665831080818,0.5017803917617422, 44624000000, 
-0.05423422471673346,0.23105262276711486,0.5074439198231645, 44629000000, 
-0.018046421243174644,0.4186995973780151,0.49352900562832824, 44634000000, 
-0.1699521227169633,0.27080445976607287,0.49794791349029943, 44639000000, 
0.3010781231918929,0.35306616991503037,0.49619908117486744, 44644000000, 
0.005178809216923057,0.3420758230620644,0.4923593969953599, 44649000000, 
-0.023313346246465735,0.34469218019354025,0.4945569251327495, 44654000000, 
0.03535613769925561,0.36390777981499434,0.49160364419859426, 44659000000, 
-0.17341195647979907,0.3730807327154085,0.506619215708657, 44664000000, 
-0.01420528937844213,0.35951911301315176,0.48844631152302626, 44669000000, 
0.09437333100382822,0.31708229193035176,0.5067328335521536, 44674000000, 
0.21692220616066146,0.3121723639484257,0.4846706714562848, 44679000000, 
0.03541835747236842,0.3213360737715993,0.4891248669528331, 44685000000, 
-0.1001749404831773,0.3202889335876724,0.5062595567832874, 44690000000, 
-0.051243548791829886,0.3311912756804566,0.47984137723423703, 44695000000, 
0.013184444841391502,0.3856383272415338,0.4941105129882423, 44700000000, 
-0.17578822441270023,0.3677538935144071,0.4975850040117381, 44705000000, 
-0.04238520632215018,0.2683374266112596,0.5015185836437297, 44710000000, 
0.39172292741419623,0.4015816988677551,0.5028671608582481, 44715000000, 
-0.10454628927820159,0.3369962899824987,0.5013998200172947, 44720000000, 
-0.06206685674695513,0.3166871891998677,0.49908408193855625, 44725000000, 
-0.03779077311987473,0.4293715683888363,0.5110172410012334, 44730000000, 
-0.09783712026647967,0.30185358054945965,0.49723690033160134, 44735000000, 
-0.027753726949871434,0.31451599505992645,0.4826554437034122, 44741000000, 
-0.06502079317046965,0.3955379449797697,0.5069990179711824, 44746000000, 
-0.019548131253477645,0.3475573122700019,0.5066205654686246, 44751000000, 
-0.01662681362538901,0.29461706335062166,0.5086699327985397, 44756000000, 
-0.06456208021599327,0.5199783472853401,0.5038853027629037, 44761000000, 
-0.05383328004226051,0.2651868094897339,0.5096323483565012, 44766000000, 
-0.06332478035900711,0.3558878463184047,0.5169150788826828, 44771000000, 
-0.059922009275542684,0.4113265891729437,0.5025376114326235, 44776000000, 
0.1982829730366769,0.2004313538604683,0.5086936069943077, 44781000000, 
-0.055044938275166495,0.28042023977389685,0.5118832596397778, 44786000000, 
-0.0550324877281669,0.3472494574369491,0.5068803836285518, 44791000000, 
-0.09711893336853242,0.34745463854304615,0.5071088255419516, 44796000000, 
0.00025215518630038354,0.3065110709892878,0.4959207295294679, 44801000000, 
-0.07024654891566388,0.31253378657169345,0.5176408267550813, 44806000000, 
0.033429607913597476,0.45603671861109973,0.5154628914974949, 44811000000, 
0.3301923721681309,0.1308726912110697,0.5001348658713654, 44816000000, 
-0.05103402406415204,0.30636575904417007,0.4931287382275628, 44821000000, 
-0.18519791886572368,0.423322156554995,0.5141119423171369, 44826000000, 
-0.023370083393401398,0.3662358064026747,0.49774084964754706, 44831000000, 
0.006606307480759941,0.40134439767895763,0.5344927233563139, 44836000000, 
-0.12719759292640137,0.3953055277831294,0.5235746636591888, 44841000000, 
-0.06995108860890362,0.3685336441312617,0.5096435469608525, 44846000000, 
-0.052972104199754025,0.25089538432247804,0.5163597125454986, 44851000000, 
0.022707611762379034,0.34481768442304267,0.5222391046092268, 44856000000, 
-0.14229795392996897,0.3929075931815647,0.5257332724255677, 44861000000, 
0.01684683602478311,0.46769336919225873,0.4860843551721594, 44866000000, 
-0.00031641301907489594,0.19548218661650268,0.507496271007814, 44871000000, 
-0.0061553210621484306,0.3027726095863844,0.5040799354111073, 44876000000, 
-0.02414613514230554,0.4440204368585309,0.5105938863630853, 44881000000, 
0.17196471922820106,0.15238929566900583,0.5068926308119422, 44886000000, 
-0.018048132207571746,0.39409643166831043,0.49831229897339907, 44891000000, 
-0.11641634474319154,0.34063520804872005,0.4961047843136345, 44896000000, 
-0.09214604282704907,0.4212623564053495,0.5073639462224746, 44901000000, 
0.002689304363469853,0.30201419692355447,0.518150003081306, 44906000000, 
-0.07728475773875142,0.2971637770459443,0.5012569275219171, 44911000000, 
0.2413233470760373,0.29187813179673017,0.5064786923764142, 44916000000, 
0.07344210339356731,0.32247504149509504,0.49507739063336625, 44921000000, 
-0.09167629367804078,0.36732968314830927,0.5149288923705667, 44926000000, 
-0.12742405639058024,0.35245216681581615,0.5166565390690482, 44931000000, 
-0.02527949357783945,0.3432909920068136,0.5005818143550349, 44936000000, 
0.021778265189957517,0.33978387922835224,0.5065549328606191, 44941000000, 
-0.11746914998119848,0.24067666316357322,0.505623640951076, 44946000000, 
0.32033035740893523,0.33688205872489985,0.5125481924158674, 44951000000, 
-0.18523615607547156,0.361179442519821,0.48426862086373956, 44956000000, 
-0.04362190803109545,0.3210298943267409,0.5084904359543142, 44962000000, 
-0.2783311721505164,0.26426459307209543,0.48686385848363894, 44967000000, 
-0.10248870742581549,0.3059500254854483,0.4963831468078176, 44972000000, 
0.04624056406479315,0.3240938800331791,0.4929410158445257, 44977000000, 
-0.14165868248281033,0.2926329557542793,0.5052544037349029, 44982000000, 
-0.0936101169671719,0.34685570662332876,0.491634810737561, 44987000000, 
0.04538229918905794,0.35231509491562746,0.4882897092731121, 44992000000, 
-0.1981930610823077,0.3092842373252092,0.4992332699080728, 44997000000, 
-0.024035869557598014,0.33135983216610204,0.5050016667416507, 45002000000, 
-0.1083458588596806,0.3656903880756376,0.49761848271216763, 45007000000, 
0.0022320822334913476,0.25717359965648706,0.5031741941790486, 45012000000, 
0.04846729562482349,0.35172068787846433,0.5106184152557237, 45017000000, 
0.1616798351988319,0.30729543661393854,0.4904627840616011, 45022000000, 
-0.11001078587424531,0.3131722574354516,0.4921308252328891, 45027000000, 
0.03908776959253414,0.3580518181709468,0.5094262482285957, 45032000000, 
-0.21884023863484386,0.22568389635214708,0.4875139875398775, 45037000000, 
-0.04850751562436435,0.41830528485435864,0.5113362698502032, 45042000000, 
-0.21112876755916352,0.37665268066953017,0.5023489246643682, 45047000000, 
0.21998655648433604,0.4267380144006301,0.50614318280618, 45052000000, 
0.07409766505204216,0.3993070129030055,0.49032403038675737, 45057000000, 
-0.14213944223211913,0.24652213342620313,0.5020950758689448, 45062000000, 
-0.05278984454677917,0.33478668466117173,0.5177897206253408, 45067000000, 
-0.006891360009471178,0.3555102915976619,0.5117628425127825, 45072000000, 
-0.2097610029795608,0.2918033324152615,0.5051180296119026, 45077000000, 
-0.006255395702290197,0.3282729224764067,0.5032116778339146, 45082000000, 
0.34810440412777105,0.4332374480085857,0.5132716130588914, 45087000000, 
-0.1620696347217441,0.28873328305811885,0.49602814060946426, 45092000000, 
-0.013012007883028727,0.2687894976277646,0.5050843411945023, 45097000000, 
-0.08509653477898588,0.41076549038339194,0.49978160324367366, 45102000000, 
-0.12805207089211426,0.35730440255384366,0.4892773008660181, 45107000000, 
0.03838923267668974,0.2664899259274849,0.5182945642463009, 45112000000, 
0.022750620905331243,0.3588020816963956,0.5030479529230978, 45117000000, 
-0.14270288982688947,0.4114648124461189,0.4959545536682691, 45122000000, 
-0.07510345748489178,0.25443205578285655,0.5013446937434655, 45127000000, 
-0.025329751705361718,0.3555510591499567,0.4896445498588253, 45132000000, 
-0.17103657803825134,0.36253413865619327,0.5170052448947835, 45137000000, 
0.08780992652398545,0.500035350112821,0.4916166388043745, 45142000000, 
-0.06873030510213897,0.32983786664109366,0.4915262420420133, 45147000000, 
0.00882289998180276,0.3595795501925126,0.5030420637887798, 45152000000, 
0.19429196834873258,0.42950580637441815,0.5131023286887149, 45157000000, 
0.012649355851950247,0.3689062419865807,0.503111744578001, 45162000000, 
0.02277270906353236,0.23144289085167952,0.5138751517741988, 45167000000, 
-0.00900261515104315,0.308991414333612,0.5120078377903603, 45172000000, 
-0.20401868178989407,0.39003562031534705,0.5029869576914047, 45177000000, 
0.04111319568165194,0.39203529009233534,0.5059694427608832, 45182000000, 
-0.05473485981946245,0.3288615958683724,0.4981090825131329, 45187000000, 
0.32133501758554645,0.34008883724527483,0.5169175808705802, 45192000000, 
-0.12139665739231531,0.4229835951125559,0.49472008306035176, 45197000000, 
-0.0034446022978452994,0.4437922955208926,0.5036711974398101, 45202000000, 
-0.01964454377012858,0.3552689959369052,0.5351755058013731, 45207000000, 
-0.004383180984302688,0.27441328457119707,0.5029633171362289, 45212000000, 
-0.07689482974632145,0.281059608384842,0.49599025679344505, 45217000000, 
-0.04433889042519163,0.4910760883234175,0.5145866285276766, 45222000000, 
-0.07689567299325181,0.315552114997016,0.5068356395573307, 45227000000, 
0.004510314335516782,0.3601058872245401,0.48621792074681125, 45232000000, 
-0.0964197107741836,0.35748621220562277,0.518575680658308, 45237000000, 
-0.03820596388494587,0.4167959282873309,0.5186581705713358, 45242000000, 
0.0017708455943198469,0.2867720561438093,0.5105255314308385, 45247000000, 
-0.12956902197345432,0.42698679061744993,0.5063382589132752, 45252000000, 
0.2916292565679128,0.3761748845548957,0.5127398010288886, 45257000000, 
-0.09018735053487299,0.37001214670864313,0.49259056893806086, 45262000000, 
-0.01707920911364557,0.365099300346905,0.4908384900774359, 45267000000, 
0.06663145448610228,0.3442271249434947,0.51012548266392, 45272000000, 
-0.2053111372959615,0.29523316773746955,0.48832073402877524, 45277000000, 
-0.1301976574365806,0.37885830409613513,0.5075722284828253, 45282000000, 
0.025922073555914693,0.3205861942494595,0.49990578178156825, 45287000000, 
0.2445036265220152,0.34458619968670573,0.5100095992059486, 45292000000, 
0.02533972244878474,0.37056587440732225,0.49848254634535355, 45298000000, 
-0.20226640776537605,0.26891052354283956,0.483346277020499, 45303000000, 
-0.012924600746366251,0.31831069472832363,0.5149126034102119, 45308000000, 
0.04021026149872866,0.41142533051664026,0.4991185371095659, 45313000000, 
-0.13882246753374788,0.3009081370491775,0.4917765165694099, 45318000000, 
-0.04533793430086527,0.27790988358311375,0.49939137022080116, 45323000000, 
0.06252803017556202,0.41229398162288566,0.48721344116830373, 45328000000, 
-0.2125801408766545,0.3421537555226014,0.48305181410181475, 45333000000, 
-0.03921777197617126,0.39404367818831726,0.517934029822814, 45338000000, 
0.07618156491291395,0.36697141848128695,0.5005986199628257, 45343000000, 
-0.135520218226138,0.3126502931349371,0.49484341256260433, 45348000000, 
-0.007719623853461331,0.28189565714473364,0.5054056983294152, 45353000000, 
0.11648171393484907,0.307894961434033,0.5034762338061705, 45358000000, 
0.068442639727651,0.31854963863683344,0.4829215053599813, 45363000000, 
0.016520201282724467,0.25067682549174497,0.516470231583137, 45368000000, 
-0.1445682206376555,0.35274242862231614,0.5100957558421249, 45373000000, 
-0.056843139122338994,0.37229872397433955,0.4987839756531426, 45379000000, 
-0.04234773197949113,0.3370010906842969,0.4893151339662412, 45384000000, 
-0.04751415164716415,0.31384288605583976,0.5111589787271186, 45389000000, 
0.37207113985858764,0.36748467242150085,0.4871448787149556, 45394000000, 
-0.1768831972938133,0.3171837865868053,0.5077719281345576, 45399000000, 
-0.0937135215525969,0.3926040103921845,0.5140120347019623, 45404000000, 
0.09813825797650072,0.36027468975581756,0.4791452834197977, 45409000000, 
-0.16903386716574914,0.3139266180459389,0.4915636634217087, 45414000000, 
-0.10591050512865394,0.29194954030574605,0.49759066176605876, 45419000000, 
-0.03983932042253531,0.37234628326052194,0.4965925179371008, 45424000000, 
-0.15370568184531877,0.2702282389913532,0.4999653828060697, 45429000000, 
-0.05914242546968958,0.23239502838095322,0.49916378854124727, 45434000000, 
-0.03952071399669148,0.26914752230801475,0.4861027225092356, 45439000000, 
-0.002630310311005399,0.3671334087173923,0.5009986213270848, 45444000000, 
-0.14041066920233525,0.41539599625504847,0.5212673411110168, 45449000000, 
-0.053592892246271964,0.4341914976934624,0.49933375826153487, 45454000000, 
-0.025515279129197366,0.44405760089028673,0.4986248624300303, 45459000000, 
0.19884149611958632,0.3427489684533548,0.4935095485629957, 45464000000, 
0.029901249287314413,0.317498230648964,0.5019109638319351, 45469000000, 
-0.043284691908895986,0.37450451330250545,0.4875573425236668, 45474000000, 
-0.13423168380137027,0.3395171170199992,0.5113059216762397, 45479000000, 
0.011483456208210566,0.25532515605190653,0.4977408262680359, 45484000000, 
-0.007364562043930836,0.3367545864507313,0.5383818213096465, 45489000000, 
0.13516130211292188,0.32346082275807964,0.5011515904131871, 45494000000, 
0.05117417615326561,0.49650319429550926,0.5141036571329715, 45499000000, 
-0.02264101047840656,0.3629243467269166,0.506288374468014, 45504000000, 
0.007173018321570426,0.35360287113835526,0.515706939544626, 45509000000, 
-0.11548790769536578,0.4180050128794132,0.5040187687432437, 45514000000, 
-0.05799481854161329,0.4244326898951859,0.506604583283298, 45519000000, 
-0.016350573774138528,0.29808173977973323,0.5158422307732258, 45524000000, 
-0.046032868178126754,0.3010908238744602,0.5262156061783441, 45529000000, 
-0.14533092324313895,0.34948456170147274,0.49786396970959196, 45534000000, 
0.04764661688802836,0.36331238505965646,0.5060777519394194, 45539000000, 
-0.05180058033672748,0.33944269649072045,0.5163849109730495, 45544000000, 
0.004069517820809601,0.30030107364904307,0.5133887148227101, 45549000000, 
-0.10066459131367858,0.3765331310878604,0.5075531194921579, 45554000000, 
-0.04500398927981346,0.27733386570927837,0.5180390565320043, 45559000000, 
0.28035135083392604,0.3592544330431007,0.5164285761853649, 45564000000, 
-0.11105513354537841,0.4149015620233008,0.5113738082165288, 45569000000, 
-0.0561054286120742,0.4506924623682443,0.4946937206275173, 45574000000, 
-0.051076901033211136,0.3144758856281757,0.5044611540992997, 45579000000, 
0.01661793541685945,0.3275002074680561,0.5102563699712964, 45584000000, 
-0.13160711102900724,0.32939821239762135,0.5048651187662216, 45589000000, 
-0.08355827221044838,0.3620708009807387,0.5014474190012328, 45594000000, 
0.4099048162844961,0.2928984788266521,0.5006564677393996, 45599000000, 
-0.09577441209508775,0.3103803534152805,0.521008949980976, 45604000000, 
-0.0074078957966530815,0.3968115974667277,0.48961029315415155, 45609000000, 
-0.056902513333890126,0.33088564184266556,0.49512673733234497, 45614000000, 
-0.09716760032934652,0.3552676851330064,0.5030578522252281, 45619000000, 
-0.07055339109983529,0.34835505429724223,0.5059742165174269, 45625000000, 
0.29313994869436266,0.3326874953369133,0.5076850898102535, 45630000000, 
-0.09071691195111778,0.34077996889772266,0.4816291689959835, 45635000000, 
-0.04725935240677393,0.3455745160131646,0.4959202544098383, 45640000000, 
-0.04087952921911539,0.35149569889300314,0.4886141151891779, 45645000000, 
-0.20358663600148216,0.35426247780647435,0.4957542591168708, 45650000000, 
-0.06262641330864943,0.39921003557633716,0.4995533734646979, 45655000000, 
-0.1378276558916223,0.33188470626168837,0.48668154116743095, 45660000000, 
-0.0683548834311377,0.36745960727673066,0.4871572036481095, 45665000000, 
0.06174401767553141,0.3196846287339577,0.5032574432815198, 45670000000, 
-0.2044763427045769,0.29462241253034127,0.4927216386346189, 45675000000, 
-0.04198329500639329,0.35902039700902594,0.5081381954965435, 45680000000, 
0.09967529408131193,0.37234726121570894,0.4930156152636371, 45685000000, 
-0.17552574470410365,0.44112673235748256,0.5039723088785173, 45690000000, 
-0.08233061283805704,0.33156959059887575,0.49272551759342637, 45695000000, 
0.38878816619681394,0.30895851747881653,0.494307440560828, 45700000000, 
-0.19574474381825896,0.35272503968884605,0.4972221378915433, 45705000000, 
-0.03548775561137963,0.3252816743930952,0.4947535696454368, 45710000000, 
0.020390178339098328,0.41183563828696435,0.5013617534052011, 45715000000, 
-0.04186354732631568,0.30531718960316423,0.523426524145397, 45720000000, 
0.09506036439334639,0.34464109415727573,0.5051708131596304, 45725000000, 
-0.14281066906092202,0.36148886047061385,0.4953079460943732, 45730000000, 
0.2915767710700181,0.24875892231540864,0.5163295270695794, 45735000000, 
0.016852063982746694,0.36503824988352435,0.5068770890993569, 45740000000, 
-0.11824944662777566,0.3873482626013923,0.4936329878091636, 45745000000, 
-0.05610343714886039,0.38017808027591427,0.49840634823764524, 45750000000, 
-0.10069172135971943,0.3635231216819495,0.5114008992807574, 45755000000, 
-0.12287645887108394,0.2451713781836889,0.5061061477080296, 45760000000, 
-0.0653435335381482,0.3847798660637521,0.4862453380607931, 45765000000, 
0.3022414684797979,0.38054983950903787,0.5052640582764713, 45770000000, 
-0.10846716193683557,0.36796355541735354,0.4977191981018074, 45775000000, 
-0.03635054329328103,0.3344680974800859,0.5233788440734627, 45780000000, 
-0.1093132742125632,0.34343478261057003,0.4925813481996799, 45786000000, 
-0.04703587255840082,0.36018887847377185,0.4800923826121022, 45791000000, 
-0.11556710336991764,0.35183334953879164,0.5012629664000439, 45796000000, 
-0.033771139677925666,0.3656398323632969,0.5140551981127939, 45801000000, 
-0.1408722210218238,0.3939705534626744,0.5064166654679207, 45806000000, 
-0.060226479100268945,0.42206541747756837,0.5230235931090961, 45811000000, 
-0.012800867434638414,0.28762477993304403,0.5006799458165259, 45816000000, 
0.04116278773664918,0.3052972424958025,0.5124119086676857, 45821000000, 
-0.08331288820167322,0.4038834575158617,0.48884164401934815, 45826000000, 
-0.049240979229426995,0.34431091982210016,0.5048840478272586, 45831000000, 
0.24724794611315135,0.36573129250167163,0.5051839332123922, 45836000000, 
-0.014708781032725143,0.37725625730715845,0.5255428518133554, 45841000000, 
-0.25062511386489134,0.29825330520846094,0.5179478383873314, 45846000000, 
-0.018244679105877085,0.46490333308696813,0.5094505611225354, 45851000000, 
-0.03419039039630567,0.3341932071417112,0.5081624013301508, 45856000000, 
-0.014404623494779402,0.30302728568881304,0.5107697795785775, 45861000000, 
-0.13549781041466938,0.40516545370975865,0.5231930611308685, 45866000000, 
0.310487633265693,0.3909220606034387,0.5074398757683846, 45871000000, 
-0.005481324341547335,0.31410187924983557,0.50062765858842, 45876000000, 
0.029536356304715072,0.3835644456152616,0.5013091177669645, 45881000000, 
-0.009294092597779085,0.32456613208232804,0.5022181109155697, 45886000000, 
-0.08833656171100393,0.3932062335202634,0.5067704404853501, 45891000000, 
0.009642142688957467,0.3784405552139175,0.49398593412827024, 45896000000, 
0.06488210332836802,0.25701518798640477,0.49902717321133666, 45901000000, 
-0.1763410016941897,0.3570506418962639,0.49485648223396644, 45906000000, 
-0.04806566118027989,0.3992902001029599,0.4997692735429007, 45911000000, 
0.07058196830953388,0.24240750902824576,0.5165922319104624, 45916000000, 
-0.1387696794984375,0.3478932989169597,0.49748790338892923, 45921000000, 
-0.1035835939317385,0.2957687791551184,0.4921718933565504, 45926000000, 
0.021008299305555186,0.3436263266765027,0.5163431194392162, 45931000000, 
0.11460295847539442,0.40749259406911753,0.49628750039028346, 45936000000, 
-0.023718340108080643,0.3075216277635144,0.4892700577647941, 45941000000, 
0.07946528515894219,0.29191887135862815,0.5082651060747537, 45946000000, 
-0.13433394271521898,0.3993424070122094,0.488238381532828, 45951000000, 
-0.009301291745511885,0.3268147345271823,0.5079016335120521, 45956000000, 
-0.02075855203862503,0.42413825730461513,0.4961493584557645, 45961000000, 
-0.0699250141755571,0.36943774787009526,0.5000686473412086, 45966000000, 
0.38323295601272755,0.2751389604862307,0.4970953839908933, 45971000000, 
-0.16087933889417086,0.37161182046658037,0.4898878578929626, 45976000000, 
-0.022766080218975568,0.32819844147394145,0.4895442427100942, 45981000000, 
0.06312485166249975,0.31360776205031493,0.5009535048942817, 45986000000, 
-0.1635824344113839,0.3930522871917489,0.49223100663807473, 45991000000, 
0.0720842695034078,0.2759887310250138,0.5087060229719833, 45996000000, 
-0.21431113928470172,0.3515819951284321,0.4924997315503788, 46001000000, 
-0.01970643279941069,0.370444521660318,0.501776758714974, 46006000000, 
0.10876037693551052,0.27250849426111584,0.505417972162617, 46011000000, 
-0.2299815039336045,0.352369374794192,0.49704332526793155, 46016000000, 
-0.08280610848150699,0.3182580725132956,0.4943045041486699, 46021000000, 
0.12032718719483862,0.266554482797313,0.49902476514970023, 46026000000, 
-0.2867656344820351,0.46730415021186716,0.5003709074300451, 46031000000, 
-0.019409642943355204,0.41806948894133855,0.48788795467053625, 46036000000, 
0.3719768653982887,0.38220748648621594,0.4940807218134653, 46041000000, 
-0.09352901329429558,0.39055258786162467,0.5080906095564496, 46046000000, 
-0.05103324392339914,0.37901067396904614,0.4846414684413057, 46051000000, 
-0.08338039732367464,0.3113352019878805,0.48964685140788416, 46056000000, 
-0.09749461468054185,0.37278735621181597,0.4999018014688717, 46061000000, 
-0.10874390537274421,0.26812332861426724,0.5102711237191604, 46066000000, 
0.004992613322914896,0.38118358648904965,0.5027135500228205, 46071000000, 
0.2124846328131207,0.3447788535539449,0.5211298951423451, 46076000000, 
-0.09843551303795486,0.3718014911237222,0.5052342966628622, 46081000000, 
-0.020403940033687593,0.3595442175887572,0.5040549863394362, 46086000000, 
-0.10793582279979307,0.28492310404043986,0.5106743879131055, 46091000000, 
-0.036513169016145,0.30815778963504936,0.5200514218304403, 46096000000, 
-0.14348824360824158,0.38492771740288734,0.4954918517631745, 46101000000, 
0.22659972499048286,0.24940477120370752,0.5143252989275959, 46106000000, 
0.052306462275934634,0.29499385106007553,0.5199548283452181, 46111000000, 
-0.021372477704657854,0.3998523579715231,0.5156866935356764, 46116000000, 
-0.17186142235694443,0.3701258633998803,0.5041595260989883, 46121000000, 
0.012259990025508588,0.23980341755492776,0.4981703886029195, 46126000000, 
0.04291048036784838,0.2709519640008234,0.5022520123471212, 46131000000, 
-0.08067106341791455,0.3381226303455304,0.5240377499947918, 46136000000, 
-0.15840716222939383,0.389424250994168,0.491450256067678, 46141000000, 
-0.02423323603250412,0.37542290912404974,0.5054271676553476, 46146000000, 
-0.0808744763056822,0.2878102022864423,0.510561748704693, 46151000000, 
-0.13269142123425354,0.33991512005628793,0.5015477428323263, 46156000000, 
-0.11815447249013754,0.36573353476688725,0.518464617262133, 46161000000, 
0.12067170961353854,0.4112018732413939,0.5193751880650334, 46166000000, 
-0.08818711319928892,0.28238150186722977,0.508799761969002, 46171000000, 
0.29377906915173874,0.4736836540389351,0.5182372777766824, 46176000000, 
-0.017576296945656402,0.549644919647813,0.49530558033112515, 46181000000, 
0.05251261279475694,0.1847283204757379,0.5060442240678329, 46186000000, 
-0.03378430423840795,0.43281265892627946,0.5336213893523787, 46191000000, 
-0.09534942577699393,0.3804514639726328,0.520310347534384, 46196000000, 
-0.12140769533048806,0.43794308202836685,0.5213011565893377, 46201000000, 
0.022787794342197402,0.28488489727230804,0.5244835043989061, 46206000000, 
0.23267683319475804,0.5085718295826204,0.5307196614227081, 46211000000, 
-0.0652512957356497,0.5597904651190974,0.5131001754454158, 46216000000, 
-0.08172051942183627,0.09367332285644457,0.5005953605432215, 46221000000, 
-0.15414234643321037,0.3717091708045586,0.5163523658904713, 46226000000, 
-0.03621451256622542,0.5782873341117138,0.5167723443345698, 46231000000, 
-0.11569762744570641,0.24803041466092085,0.5033738632823516, 46236000000, 
-0.06352754451758351,0.33244992792176886,0.507061887511364, 46241000000, 
-0.0965516981758505,0.4084394759404427,0.5188190985350704, 46246000000, 
-0.01734684296368704,0.39889793139349317,0.4978180000645658, 46251000000, 
-0.16000861026129928,0.5527622275199141,0.505517966628471, 46256000000, 
-0.10217679150887699,0.17465881620844745,0.5155797128780792, 46261000000, 
-0.045670812993334,0.36964836392623696,0.49885831886264964, 46266000000, 
-0.12390711908577175,0.4592964477139368,0.5128559460704797, 46271000000, 
0.20225832313877237,0.2424568465438306,0.5146096025485343, 46276000000, 
-0.034798846816590276,0.5143395640922988,0.5125550428507502, 46281000000, 
-0.06981799737000693,0.2574057877167072,0.509075016668326, 46286000000, 
-0.03708361145481376,0.327334393059581,0.5049610484219748, 46291000000, 
-0.054229391297324715,0.5385095642992115,0.4866229570080367, 46296000000, 
-0.07077435591769624,0.2801368226703427,0.47526468363899554, 46301000000, 
-0.047660748011018446,0.51526755223038,0.48249948332706794, 46306000000, 
0.22711254999858707,0.16125460914052203,0.5068892288699784, 46311000000, 
-0.0386983037842697,0.3527332307272179,0.4964733278884024, 46316000000, 
-0.07833964792132017,0.5657534305440259,0.49746242053277895, 46321000000, 
-0.06511504455884173,0.23573843308605588,0.49630798991213443, 46326000000, 
-0.05398350738113237,0.47347852494978626,0.49063244101907166, 46331000000, 
-0.07831323264041819,0.20517611966316607,0.5065506861237435, 46336000000, 
-0.014415183934828824,0.5002108790825722,0.514790212125072, 46341000000, 
-0.13764273594110338,0.22456644110813373,0.5009217515687625, 46346000000, 
-0.003964787466714862,0.4159854198900124,0.4892875046663388, 46351000000, 
-0.06559289373127605,0.5561523674186093,0.488931286637602, 46356000000, 
0.019968486645675687,0.22034327844374155,0.4930099025313756, 46361000000, 
-0.08520764155716919,0.4831335320773161,0.4965240257780486, 46366000000, 
-0.12782106204897592,0.2357012197182629,0.507338365039009, 46371000000, 
0.009754066200582242,0.3329837141251511,0.5172008986442745, 46376000000, 
0.2562918729680611,0.49621650491901187,0.488354400699873, 46381000000, 
-0.011150769682892301,0.2220861773541229,0.5129252501522196, 46386000000, 
-0.12244951595184594,0.4106835576086562,0.4968955635860558, 46391000000, 
-0.05319804727044179,0.26105769075372354,0.49791345383142427, 46396000000, 
-0.07941231798479104,0.3828556885105496,0.5136660986250796, 46401000000, 
-0.08098023022835237,0.5110598678894529,0.49464839282746065, 46406000000, 
0.007172839241908404,0.23788278826346673,0.5158314219353892, 46411000000, 
0.18528943581025592,0.39207764987845817,0.512951283833498, 46416000000, 
-0.021446170214502916,0.48263613257765847,0.5108489425247292, 46421000000, 
-0.10958652061480427,0.2312102367361402,0.5143739533327187, 46426000000, 
-0.12009134933062207,0.4161825127038272,0.5115677827558971, 46431000000, 
0.004057477350527833,0.3876169372142729,0.5175005864262163, 46436000000, 
-0.00261102857913368,0.2925176135815107,0.5071141765304868, 46441000000, 
0.14231709199246068,0.47334301596193795,0.511616120808283, 46446000000, 
-0.027202529834706425,0.553812906120103,0.515552782210643, 46451000000, 
-0.06097654004616366,0.2854330552332218,0.5186865356285747, 46456000000, 
-0.12374910330365332,0.44412901803856386,0.5309847995116264, 46461000000, 
-0.07236311291651644,0.4635220928584237,0.519557727355851, 46466000000, 
-0.09423537015426213,0.3428950897256342,0.5162710286768676, 46471000000, 
-0.006361437191545256,0.4585093707687533,0.5160822325553438, 46476000000, 
-0.07156019137673725,0.24151768065550303,0.5100146063996052, 46481000000, 
-0.06610967517395838,0.34849887065735663,0.5172690825291689, 46486000000, 
-0.04335897964593632,0.4407070559189552,0.512119744800958, 46491000000, 
0.002405306309080868,0.20330428215061816,0.5166649240513635, 46496000000, 
-0.13962872061484027,0.41677611315159274,0.5258513861749202, 46501000000, 
0.006636397151424875,0.5860584760972921,0.5209757070072555, 46506000000, 
-0.056010984448342405,0.2695709991320744,0.5175206187331564, 46511000000, 
0.29606931656677443,0.36732135198862104,0.5096440600336652, 46516000000, 
-0.025155530550784337,0.4411159952967864,0.5204099218222855, 46521000000, 
-0.07185729857900847,0.23337932500839464,0.5122679434704532, 46526000000, 
-0.143499764132269,0.4737075056922849,0.5171432850979356, 46531000000, 
-0.042474755513578905,0.48736273888913667,0.5216156685705372, 46536000000, 
-0.02621597179669106,0.3186025670378972,0.5351820926319036, 46542000000, 
-0.09063730799960061,0.47838430110322755,0.5055964069404473, 46547000000, 
0.32650471711598755,0.3359076663076381,0.536447490018472, 46552000000, 
-0.049247446950893975,0.2590420089042681,0.5076026124259921, 46557000000, 
-0.02919380831384071,0.4589485172667298,0.5172322373257167, 46562000000, 
-0.059074361412669946,0.1920998658902603,0.5266110627062939, 46567000000, 
-0.08535884690879791,0.3988941123968522,0.5081348049648037, 46572000000, 
-0.10608152800906151,0.41615174245019376,0.5088431261432712, 46577000000, 
0.25757529657445893,0.2256149138198849,0.5104833698260667, 46582000000, 
-0.07108326299358787,0.3886393917824261,0.491842216250606, 46587000000, 
0.0611717473551102,0.4470636714484801,0.5024469909834346, 46592000000, 
-0.0350764133825018,0.3142276035888078,0.502409131897608, 46597000000, 
-0.0760804829842882,0.36935890664548976,0.5123639165441255, 46602000000, 
-0.047669731879004085,0.41423977865399564,0.5145673201984204, 46607000000, 
-0.029499647042944853,0.32167596087659533,0.5095726834782393, 46612000000, 
-0.044883762688038314,0.3776188568178928,0.5188449161267011, 46617000000, 
-0.12406379475564548,0.3988365580296568,0.5169285458483426, 46622000000, 
0.03068655702649718,0.5233797422409122,0.5207239844451705, 46627000000, 
-0.0432191193391256,0.279684531481696,0.5213444992517094, 46632000000, 
-0.07694172277212255,0.39384890206184014,0.5090874723384474, 46637000000, 
0.018400599240437375,0.46996287927002267,0.5025661561445878, 46642000000, 
0.013224481144643852,0.2731398674666245,0.5265675532693818, 46647000000, 
0.17281465602537607,0.42712724894403103,0.5253945145179219, 46652000000, 
-0.05408507468131439,0.5217447258856304,0.5257951296865304, 46657000000, 
-0.005631437930400612,0.40512615187646206,0.5234757512981405, 46662000000, 
-0.0358384337719984,0.2992402905928642,0.5143647266989507, 46667000000, 
-0.12295233112898551,0.40455356213347543,0.5083468538613667, 46672000000, 
-0.0028236313218428025,0.510004202101392,0.5069410901075466, 46677000000, 
0.004048284714500109,0.2888696232843431,0.505187419679466, 46682000000, 
0.20995366647714075,0.37706431427260434,0.5104561422734957, 46688000000, 
-0.159114197430898,0.3416006261234345,0.519637815145838, 46693000000, 
0.020902962230524985,0.3363666090406433,0.5074893523881677, 46698000000, 
-0.09402686996855233,0.3673924914646158,0.522005396708357, 46703000000, 
-0.14913520757046234,0.3825572441311655,0.5121139897218792, 46708000000, 
-0.053427253826602614,0.40649348259918366,0.5063792798302301, 46713000000, 
-0.0030130400057394764,0.4124480625981758,0.5167081598227048, 46718000000, 
-0.018299491778915458,0.28380743208199954,0.5182673584070162, 46723000000, 
-0.08015609172499567,0.4062756649790947,0.5152790824747603, 46728000000, 
-0.13455952359374568,0.3578918997073236,0.5128769639899781, 46733000000, 
-0.045249614984583617,0.3690501232481536,0.5067019843295242, 46738000000, 
-0.07003197181472572,0.480721050822976,0.5065773163877495, 46743000000, 
-0.10088546492784237,0.32905082618186,0.5298692417059164, 46748000000, 
0.30910681027757336,0.4970436792194755,0.5110104822903718, 46753000000, 
-0.010524570514962386,0.30788328111457075,0.5219616830860212, 46758000000, 
-0.09954523954751875,0.3852597682479518,0.5399237858603725, 46763000000, 
-0.02867274155029967,0.3969337104514107,0.5204191202669889, 46768000000, 
-0.0094015499373322,0.27232430635538835,0.5201143044993655, 46773000000, 
-0.0695671534175048,0.448567971067213,0.5260553004329236, 46778000000, 
-0.08158768439480396,0.3977296732849642,0.5157635672172677, 46783000000, 
0.30209206096151514,0.42943132491485153,0.5183949885593259, 46788000000, 
-0.03535845199333288,0.3573652959406681,0.5281256656332586, 46793000000, 
-0.15065935155717583,0.3208143815646141,0.5452645382427721, 46798000000, 
0.058571224880097285,0.4437323170616554,0.5203259583853519, 46803000000, 
-0.04072089915937187,0.3775367835579518,0.5191613127217027, 46808000000, 
-0.08464144517177097,0.3496832363333508,0.5183047377417495, 46813000000, 
-0.015319470993952812,0.46551114285336714,0.5013054093161442, 46818000000, 
0.007312726925854912,0.2860994806072066,0.5092903219018995, 46823000000, 
-0.08211795877387697,0.41269370860511967,0.516691418076908, 46828000000, 
-0.06281695523271347,0.41365306876834307,0.5049722127526703, 46833000000, 
-0.06583234910455472,0.36500143453934003,0.5203928527713505, 46838000000, 
-0.0016580026983889495,0.42413258055177944,0.5169924882963606, 46843000000, 
-0.09572619648336063,0.3549536925822632,0.5223131245445809, 46848000000, 
-0.024526054727384314,0.4458592688749266,0.5313500715482844, 46853000000, 
0.2932746049561211,0.347570776202293,0.5128223177129653, 46858000000, 
-0.05109430352804083,0.36665468651678135,0.5335643848412305, 46863000000, 
-0.05420002344976027,0.4369573959356244,0.5161104854904575, 46868000000, 
-0.09000349730184262,0.3964597601169676,0.5026614163274639, 46873000000, 
-0.05520620844463929,0.47462357817952777,0.5120080741446923, 46878000000, 
-0.0358231758728519,0.4515517929769957,0.5189196935968188, 46883000000, 
0.24426634995722263,0.30118911839894075,0.5120326077364222, 46888000000, 
-0.09120360799459927,0.43884369170600124,0.5254865110801944, 46893000000, 
0.001776645748899179,0.4752121942031652,0.5154845394616056, 46898000000, 
-0.055876709889914646,0.32628320912642883,0.5191813190788044, 46903000000, 
-0.07552039379431331,0.32353764315124334,0.5204245117653659, 46908000000, 
-0.004996742883994862,0.5537446646302155,0.5432451637901339, 46913000000, 
-0.005404845845002042,0.2567539449068757,0.5187502722578397, 46918000000, 
-0.10635914357312012,0.37194006978325245,0.5147023430608464, 46923000000, 
-0.0040027673289227345,0.5005956327615374,0.5197403103173853, 46928000000, 
-0.057311958560787274,0.36145751167497125,0.5258385705969042, 46933000000, 
-0.146843038748497,0.3461668233731093,0.5240881962500336, 46938000000, 
0.002999632975665675,0.4784441785201658,0.51488712879875, 46943000000, 
-0.07071932477432338,0.36285099306366403,0.5239478451989059, 46948000000, 
-0.09477673151747668,0.35175982257270555,0.5054061259657108, 46953000000, 
0.3857039855918707,0.3896112931882101,0.5135638351030435, 46958000000, 
-0.17639354324708378,0.2551411565686628,0.5135634808428033, 46963000000, 
-0.12981981869967565,0.38747843615171845,0.5246629657033919, 46968000000, 
0.023242376517425844,0.5128955893841026,0.502302531776987, 46973000000, 
-0.0892216500345091,0.30751333143357984,0.5027497868147885, 46978000000, 
-0.11824327410578282,0.3764059774625009,0.5167725677500312, 46983000000, 
0.052703244327385074,0.461884350004635,0.5189814995757123, 46988000000, 
0.22463515208726198,0.30353777824986267,0.5249174817682901, 46993000000, 
-0.08283213476221667,0.4005592329548024,0.5111374843885275, 46998000000, 
-0.05813411140166887,0.43449457597806723,0.5044372510087123, 47003000000, 
-0.002994111252844475,0.28711759627199857,0.5118411605167281, 47008000000, 
-0.11426585676767134,0.3958934808215757,0.5220431798853783, 47013000000, 
0.026506835542857703,0.5195929669091831,0.4919849194381856, 47018000000, 
-0.07716031619478449,0.39786009312331216,0.5210177325760935, 47023000000, 
0.20123682700341178,0.43014408645209723,0.5268663761353323, 47028000000, 
0.053489743582137796,0.43315042254792874,0.5100314245233821, 47033000000, 
-0.034715751293936344,0.3142219853936739,0.5146710174630545, 47038000000, 
-0.1611349208522997,0.3440752639324388,0.5302281331628208, 47043000000, 
-0.036988594102717154,0.4475943034993511,0.5294340793558922, 47048000000, 
-0.06079074006587794,0.3360823033756159,0.5201144688966383, 47053000000, 
-0.12432642349739532,0.37059091344310524,0.5199583647788856, 47058000000, 
-0.07676231776912,0.45839180908891375,0.5209240527998265, 47063000000, 
0.004569384457307705,0.3323873630053109,0.5070817400889294, 47068000000, 
-0.18043548905030637,0.4493767510776141,0.5030941938685549, 47073000000, 
-0.0287161781726851,0.4513396321339764,0.5350631091300913, 47078000000, 
-0.04130340424934761,0.36855454414285005,0.5064024995283658, 47083000000, 
-0.07655348462912157,0.44845347869643604,0.5135234006535956, 47088000000, 
0.36878913272148856,0.49678466559451623,0.5072434757921008, 47093000000, 
-0.06298286919155219,0.3569297157288037,0.5080547889011042, 47098000000, 
-0.07573123239375816,0.3151378489939509,0.5085754065805224, 47103000000, 
-0.0007207596147842665,0.4524205801833012,0.5217469381554992, 47108000000, 
-0.0962352502364831,0.3217812310584239,0.5077240893886119, 47113000000, 
-0.07954779028543581,0.37629788544322795,0.508145952593019, 47118000000, 
-0.019375268502178418,0.39179157718080104,0.5121951878727298, 47123000000, 
0.23180821708197802,0.34056213237474614,0.5100803414487677, 47128000000, 
-0.10287933190323384,0.36503905175295076,0.5209762246820632, 47133000000, 
0.01772467534074869,0.4610310443285511,0.5156764310984414, 47138000000, 
-0.043991125933078495,0.28968552434716954,0.5033232667940587, 47143000000, 
-0.10548833674330116,0.5196466152966788,0.5138253559388295, 47148000000, 
0.0011636313130228247,0.514087060587502,0.5130694177908233, 47153000000, 
-0.08850738263611621,0.35183112571074754,0.5017630856187351, 47158000000, 
0.30375704471426657,0.4463707789886676,0.517372486153623, 47163000000, 
-0.020351836228671552,0.31397539412589087,0.5236720346479098, 47168000000, 
-0.10844969318139287,0.35512570643279195,0.5273038886006306, 47173000000, 
-0.031912513620164146,0.386588737558159,0.5229536737871797, 47179000000, 
0.03068322285975455,0.39936407805856455,0.5193136799785962, 47184000000, 
-0.07404214637518255,0.4317556311503351,0.5192617804842294, 47189000000, 
-0.019677600484330458,0.41672572589634693,0.5071515309026724, 47194000000, 
-0.046863063106123086,0.30684510538109955,0.49897752159903197, 47199000000, 
-0.08485419342356447,0.44190751494842107,0.5232155197416034, 47204000000, 
-0.017887018608045306,0.4113718214702954,0.5341781976873566, 47209000000, 
-0.10870228047536484,0.29569593660040233,0.5074224510795498, 47214000000, 
-0.003511605877889859,0.40837055477822465,0.5180297737190129, 47219000000, 
-0.03423938337645367,0.4064714607618148,0.5100872006552147, 47224000000, 
0.2850109874886191,0.35920255033088994,0.5098509324088819, 47229000000, 
-0.038738537050359054,0.43299514795553695,0.503406558603204, 47234000000, 
-0.05640153530347714,0.4822902804029453,0.5173310756719657, 47239000000, 
-0.07011614628534805,0.3926265011406151,0.5136535479920368, 47244000000, 
-0.11720456481932767,0.3922253622916691,0.5129104453089939, 47249000000, 
0.0028735933519628276,0.37658118009408825,0.5173493034191768, 47254000000, 
-0.07956442636061967,0.41611206775854725,0.5020459078324302, 47259000000, 
0.30716531046442314,0.47510913293331647,0.5006212582910606, 47264000000, 
0.016583316652038008,0.5115538637749907,0.5238791300057865, 47269000000, 
-0.07150822381162332,0.4095846226157849,0.5231572963896906, 47274000000, 
-0.07136183606783265,0.4680925194482338,0.5137511835818865, 47279000000, 
-0.014771854746298592,0.5212714882263116,0.5139246621405944, 47284000000, 
-0.019234226835718446,0.3309831777417066,0.5070696751090672, 47289000000, 
-0.0974994913289975,0.40387371055622817,0.5145602769968357, 47294000000, 
-0.07120521950818569,0.4607081848752099,0.5175365635280381, 47299000000, 
-0.06538920756369208,0.35022367968069135,0.506853613924986, 47304000000, 
-0.023447171048453196,0.36979509176762565,0.5032741529147551, 47309000000, 
-0.1350298680613356,0.40035221555175293,0.5219297987711753, 47314000000, 
-0.044750353145498224,0.4143010678742356,0.5127230779178276, 47319000000, 
0.012413043051990742,0.2943870657377366,0.50820531475418, 47324000000, 
-0.10410473950824219,0.41415401232779375,0.5135848832979387, 47329000000, 
0.22774851593129689,0.45657991011469967,0.5117787940954277, 47334000000, 
-0.009293683519912752,0.35875515053945267,0.5228249505642096, 47340000000, 
-0.1292400995892248,0.4618852107115943,0.5117621316136715, 47345000000, 
-0.03902470926367365,0.45210637274858406,0.52152346952026, 47350000000, 
-0.08950667245641335,0.30671623845805224,0.49958032242123496, 47355000000, 
-0.06945526720509097,0.37946022398660434,0.5219323204881025, 47360000000, 
0.3196933904215406,0.39264252680674133,0.5060531800335301, 47365000000, 
-0.08375533716104887,0.3883126236845726,0.5016505231796506, 47370000000, 
-0.12756270072790793,0.4137996566543665,0.5354526190057924, 47375000000, 
-0.08775831722028755,0.4023484932341263,0.520274062794226, 47380000000, 
-0.024578028256698546,0.38243079720295264,0.5191325427713904, 47385000000, 
-0.13062395323646123,0.4170489828876239,0.5156112237700304, 47390000000, 
-0.07185555492925581,0.42454464544107573,0.5203111796886098, 47395000000, 
0.2938703613051197,0.4159989068006013,0.49373167060539774, 47400000000, 
-0.00010902956090379223,0.3781114678847054,0.5261570857381065, 47405000000, 
-0.06731469789047922,0.41021917169976685,0.4912568382503498, 47410000000, 
-0.04100180623328229,0.47748420087622523,0.5087053870558178, 47415000000, 
-0.06772966195162312,0.31422857784880937,0.5097929988143756, 47420000000, 
-0.12420593412490766,0.38292418519917304,0.512256246302672, 47425000000, 
0.017843125710830673,0.3930276624459313,0.5065183795888106, 47430000000, 
-0.15736627349705645,0.3379454233282853,0.5209605734896179, 47435000000, 
-0.07632374849439683,0.38328138833092446,0.516482640777316, 47440000000, 
-0.0034242632139541156,0.4946351459625855,0.5312106655815498, 47445000000, 
-0.07216248642359607,0.30784128721930487,0.5171904896631737, 47451000000, 
-0.08907216098228558,0.523851278453366,0.5163983723102789, 47456000000, 
-0.08762464569792902,0.47627560530357826,0.5173353924468221, 47462000000, 
0.25062954558431744,0.4065839678274418,0.52147710868782, 47468000000, 
-0.06173954765329649,0.49227407822186486,0.5246764134384624, 47473000000, 
0.0351792423635274,0.48840037064566655,0.5283536796703121, 47478000000, 
-0.05157088555511682,0.29548586775572594,0.511545274080347, 47483000000, 
-0.0962881660621922,0.40846020486852014,0.5253436406394199, 47488000000, 
0.03158554733984299,0.481661689339276,0.5242133126296783, 47493000000, 
-0.09835247857801488,0.316234447003304,0.5143163903344106, 47498000000, 
0.168397768022876,0.32911763652459636,0.5142864800572086, 47503000000, 
0.02051274642556417,0.4762170330406459,0.5213998843256206, 47508000000, 
-0.06727483300535228,0.3726166293398603,0.5057333458594873, 47513000000, 
-0.14266864847671648,0.4784299991427547,0.5328541705505517, 47518000000, 
0.021310545806348193,0.41893708393379264,0.5004590825438227, 47523000000, 
-0.015072133276256387,0.28666348304821393,0.5169671138690479, 47528000000, 
-0.10746686315074022,0.38730658966540965,0.518950010743205, 47533000000, 
-0.08246643385219633,0.432866399659149,0.5288285328954335, 47538000000, 
0.044143511346861224,0.35798571194396345,0.5199657854915618, 47543000000, 
-0.039235366114688294,0.24732427260902445,0.4923411753010504, 47548000000, 
-0.11183836494626645,0.37884290917233804,0.512074853938542, 47553000000, 
-0.049062359963484715,0.42691615307670927,0.5169905416458352, 47558000000, 
-0.07727193938674898,0.23999917748803917,0.5275718293899176, 47563000000, 
0.1462043451835134,0.44554214290641847,0.5264918847358349, 47568000000, 
-0.04908419082225816,0.32400128114345533,0.5311713490799982, 47573000000, 
-0.05629504473266584,0.37991151385651717,0.5290128860127489, 47578000000, 
-0.0437884251224787,0.2928794205073706,0.5173916410612515, 47583000000, 
-0.07379163562132623,0.4840479611071673,0.5149371495079395, 47588000000, 
0.020826640473216074,0.4141260017762997,0.5200679569148586, 47593000000, 
-0.1367855592779295,0.32231596561085935,0.5086983866061959, 47598000000, 
0.2532241586670559,0.43347233855324435,0.5243477920517944, 47603000000, 
-0.03636142978705508,0.4733129487651242,0.4908701284163073, 47608000000, 
-0.10628994689671951,0.3823702313837657,0.5009466933448747, 47613000000, 
-0.10211630124288269,0.41577711099876824,0.5298008556875062, 47618000000, 
-0.02449994353034489,0.3826301356496343,0.5102828640435007, 47623000000, 
-0.07998126393428334,0.3468782701820453,0.5049177810112228, 47628000000, 
-0.08983961118965415,0.4263069048340041,0.5194807475944965, 47633000000, 
-0.025139693274560823,0.4737809426606889,0.5204892965399135, 47638000000, 
-0.043089584532495076,0.29444541982966466,0.5217646428362765, 47643000000, 
-0.14308717698436757,0.41509672458438734,0.519794543577335, 47648000000, 
-0.0017756644310442035,0.40555578324177943,0.5118366684093557, 47653000000, 
-0.045282194478057716,0.3528721677259286,0.5304050751984737, 47658000000, 
-0.06331334822985174,0.4343354223478391,0.5176828066363759, 47663000000, 
0.0788506132124129,0.41188377471872945,0.5116983183296757, 47668000000, 
0.27876757525839924,0.3432967100342221,0.5034905124151765, 47673000000, 
-0.1499348074414603,0.4273031988306248,0.5223273331778087, 47678000000, 
0.03193867370101665,0.3417274986338688,0.5149241164469647, 47683000000, 
-0.08088249907291292,0.4710017807523065,0.5116949708598911, 47688000000, 
0.00015911369771722667,0.4696444034227232,0.4977299572474403, 47693000000, 
-0.10054850538126017,0.30517405731169855,0.5223293552715477, 47698000000, 
-0.06874981710249073,0.3996765302972682,0.5280736777964802, 47703000000, 
0.3227123434384772,0.47174845498619083,0.5175508725867063, 47708000000, 
-0.04192920432206571,0.3250240838982358,0.5099649046428211, 47713000000, 
-0.10668865679668767,0.409591913739222,0.5166617353751066, 47718000000, 
-0.05369631341573595,0.45625957972569925,0.5293928129480177, 47723000000, 
-0.043702474783438805,0.30979228883417304,0.521678097023743, 47728000000, 
-0.13945273211333806,0.4817866425747996,0.5099198914824163, 47733000000, 
0.007847849545118742,0.4466589424244591,0.4993821458851933, 47738000000, 
-0.04629337343749174,0.3753711707197096,0.5268441059344131, 47743000000, 
-0.13745828634672214,0.442249464377078,0.5253050314083797, 47748000000, 
0.004821152768264578,0.491335432533124,0.5381336292646155, 47753000000, 
-0.04285918697217414,0.36138655248974233,0.503106804064628, 47758000000, 
0.004031081893971736,0.42503639022462997,0.5241625601581102, 47763000000, 
-0.00102877414845233,0.5086949867544127,0.515068266147716, 47768000000, 
0.23020146100212327,0.2553868125802703,0.5190064069710558, 47773000000, 
-0.09827591521026671,0.3496220422004218,0.5264658582726266, 47778000000, 
-0.009318745554830365,0.49659265813772746,0.5068548142982386, 47783000000, 
-0.06889685878648898,0.22486799377669614,0.5222798390683348, 47788000000, 
-0.11521052135021048,0.5254542730695004,0.5063820208806908, 47793000000, 
-0.09843612217489649,0.48460154816447115,0.514735765747863, 47799000000, 
-0.049680287962139746,0.3683953792203889,0.5079810184010639, 47804000000, 
0.28816557427793155,0.31746520127593125,0.5205723160370401, 47809000000, 
-0.17664630441057125,0.4829468366256183,0.5206921348972865, 47814000000, 
0.07199439110818137,0.392541129918519,0.49808049435128077, 47819000000, 
-0.06619789650865568,0.3757016690780368,0.5245280043676582, 47824000000, 
-0.13207848123016336,0.5047219269808205,0.5099629275374341, 47829000000, 
-0.0169047774422994,0.36593293769050267,0.5195942984147425, 47834000000, 
-0.05461726914170664,0.2987230036034176,0.503068659700658, 47839000000, 
0.24026251018954753,0.362535973410569,0.520749318660281, 47844000000, 
-0.009139944345101722,0.4888793401146787,0.508740351672489, 47849000000, 
-0.0216712462614009,0.2890345497592889,0.5326192137030334, 47854000000, 
-0.14236414970757763,0.4516815764664429,0.5049703563096941, 47859000000, 
-0.0012405361120759835,0.3786720955011175,0.5000582539751169, 47864000000, 
-0.06423326868880765,0.40099761065244177,0.5270249976264287, 47869000000, 
-0.12603381322320878,0.42942216277260004,0.5240588238529867, 47874000000, 
0.018708395224352584,0.436787344891113,0.5101149559264785, 47879000000, 
-0.08392397878974969,0.30178904352476316,0.5161249674083556, 47884000000, 
-0.10532952456161063,0.4808341295510139,0.4961379801798274, 47889000000, 
-0.03405955838638043,0.4337738963995021,0.5122552571823503, 47894000000, 
-0.11902422158695938,0.42516347883783134,0.5077760669121396, 47899000000, 
-0.006084510361333527,0.35670354127180687,0.5156798060135929, 47904000000, 
0.2900267750311591,0.4785473887390709,0.5149297782080073, 47909000000, 
-0.0762622997417875,0.2965454523612596,0.5087531044444065, 47914000000, 
0.050051354037396516,0.42536159973844645,0.5080064374433391, 47919000000, 
-0.19758427467808845,0.45086296027250544,0.489782888369727, 47924000000, 
0.0015428548175934675,0.3922569556711897,0.4877534375220028, 47929000000, 
0.005096671612090778,0.41229913925048545,0.4915838736949599, 47934000000, 
-0.19082939834606885,0.3609724999504416,0.48510019311081454, 47939000000, 
0.31096348945324837,0.40216462159977723,0.5109138532191563, 47944000000, 
-0.13051134064228695,0.4078887436040023,0.5032828637881868, 47949000000, 
-0.05627053379985689,0.4227387984846226,0.4970798110945552, 47954000000, 
0.03836992922861761,0.41820760904284593,0.5052275459626907, 47959000000, 
-0.1275596024455601,0.31583421600970274,0.4881497195027208, 47964000000, 
0.028363486311556264,0.43133817300663035,0.5054910576479036, 47969000000, 
-0.16082389725662327,0.3734038170109071,0.48038156819972627, 47974000000, 
-0.04104828435875402,0.4332194404369405,0.5054890311628644, 47979000000, 
-0.047501566803947896,0.41095944766851106,0.5005697570117477, 47984000000, 
-0.09604444518470617,0.43057640711245393,0.49181452954862676, 47989000000, 
0.05826840922564823,0.4440836734405389,0.5115989938513419, 47994000000, 
-0.20053327564480228,0.3518152649021807,0.5299286797164261, 47999000000, 
-0.02902034000112094,0.35884402567735507,0.5147291514237203, 48004000000, 
0.11066207830392452,0.5235529497159986,0.4793932469997142, 48009000000, 
0.24470555107773206,0.3907005083593834,0.5113091298694022, 48014000000, 
-0.024477936814032805,0.5153726237407803,0.49276867044228806, 48019000000, 
-0.09168585149642926,0.35685795411681615,0.49248959861850033, 48024000000, 
-0.03286066970301088,0.36254883312328967,0.503867479677846, 48029000000, 
-0.08295345573207265,0.4202590299994865,0.48991033327253936, 48034000000, 
-0.11852598911745843,0.5125649985883867,0.504218664820372, 48039000000, 
0.17667308219284625,0.2743084236346586,0.5199765976904429, 48044000000, 
0.025832948458262638,0.4224635100097598,0.5037367507982791, 48049000000, 
-0.04336356730631021,0.49430599842611983,0.5011352988159922, 48054000000, 
-0.08667429212609797,0.2706114218256038,0.5074491312007358, 48059000000, 
0.05050461695568803,0.3818802188974929,0.514433072598836, 48064000000, 
-0.10349243583501926,0.45695325028399664,0.5017704054394314, 48069000000, 
-0.016859908892489485,0.4019617306071177,0.5067454465921922, 48074000000, 
-0.04654596782121758,0.36575761549289226,0.49858224779279625, 48079000000, 
-0.15565986669010384,0.3552104712705651,0.5162388462775985, 48084000000, 
-0.1429934915509778,0.40650436786476773,0.48864291783062913, 48089000000, 
-0.026991328900736168,0.48360438807211953,0.48947387558978983, 48094000000, 
0.021919247746005448,0.30005867321090035,0.5111897369371765, 48099000000, 
-0.11992325581543398,0.43216936856309973,0.5165779163250103, 48104000000, 
-0.04845933178944089,0.3797742718233846,0.5232212329706666, 48109000000, 
0.2778520066763893,0.4612924870617185,0.5207643663126648, 48114000000, 
0.0616804137349793,0.45747183397253777,0.5455201147543548, 48119000000, 
-0.008291221551988042,0.339225041911629,0.5194205218333448, 48124000000, 
-0.08379848255010681,0.4193170392648714,0.5257445209103686, 48129000000, 
-0.10440003288663871,0.41279181928639086,0.5292399899760739, 48134000000, 
-0.06800218434589761,0.4197286608834634,0.5211216554776468, 48139000000, 
-0.009709201769708357,0.42928816544456894,0.5074965666081989, 48144000000, 
0.2552051278565054,0.43289870221682203,0.5314199656053568, 48149000000, 
-0.009911820335827742,0.3693581079123655,0.5360223942197144, 48154000000, 
-0.09719349636325492,0.4003561944821755,0.5170522971775914, 48159000000, 
-0.11469909986189272,0.4459759114208959,0.5092790251194844, 48164000000, 
0.036316257841705266,0.4046172378923438,0.5255804097851255, 48169000000, 
-0.12780369709352393,0.4694196166003909,0.5284446907575091, 48174000000, 
-0.0676718669807993,0.4197409096465758,0.5309535106793183, 48179000000, 
0.2621291422631633,0.40448407769130185,0.5230911583015176, 48184000000, 
-0.07084133249479244,0.37462948527747536,0.5206868581476176, 48189000000, 
-0.03677094363639528,0.3039938754945016,0.5058922564805247, 48194000000, 
-0.07626223694775938,0.3924466154470219,0.5136235926102454, 48199000000, 
-0.06348972231102151,0.43523086452965265,0.5060044375957687, 48204000000, 
-0.04159103841494073,0.3295208661572402,0.5024217904941609, 48209000000, 
-0.010846449308237206,0.4253337639341363,0.5098199461315069, 48214000000, 
-0.11920488211360165,0.34446209662795835,0.49269554568219864, 48219000000, 
-0.025925957424153358,0.41293578055805136,0.519767360144529, 48224000000, 
-0.017031442032618326,0.459574874342481,0.5163184701680853, 48230000000, 
0.10729951494342656,0.4011958011755815,0.4890935223229581, 48235000000, 
-0.13644201907050107,0.35549498873861446,0.48800601533312926, 48240000000, 
-0.04356990911993299,0.41687827601130495,0.5123082606865665, 48245000000, 
0.3890207421003426,0.33824953613193853,0.4986806499944074, 48250000000, 
-0.20144777027779617,0.2812743767440358,0.49466613015565486, 48255000000, 
0.00601127095644504,0.4078423342775232,0.5091623055306386, 48260000000, 
-0.09120755127225903,0.288011677041897,0.4799000468279775, 48265000000, 
-0.08503360535936083,0.3941633505147512,0.503586834381955, 48270000000, 
0.08373243203231256,0.36230201443940024,0.4924177752524033, 48275000000, 
-0.21038230550839404,0.4199506627718563,0.5026620710508084, 48280000000, 
0.0634478313126695,0.3548331775296224,0.500677989027314, 48285000000, 
-0.18019148319345815,0.3799925934498124,0.48699382893738663, 48290000000, 
-0.05344165283180452,0.42590038566355864,0.48650439348060515, 48295000000, 
0.08320351989737937,0.4304456566608192,0.5064963143387265, 48300000000, 
-0.22230368915269094,0.327362670140554,0.4842609459208037, 48305000000, 
0.06841407099642376,0.38049451286618885,0.4925929207752271, 48310000000, 
-0.22401976852836464,0.36085662677974406,0.5032648427426731, 48315000000, 
0.291650274808921,0.38934651934655085,0.5017472757132471, 48320000000, 
0.067495210327847,0.45916164938300297,0.4932233510264761, 48325000000, 
-0.1834580997879557,0.35582001618583625,0.4962339682379957, 48330000000, 
-0.019335230633227993,0.4303653699216765,0.5159105204389801, 48335000000, 
0.052327456558593916,0.39702488484885207,0.5110200919490375, 48340000000, 
-0.15807873571085476,0.3313638888268525,0.49629194665276477, 48345000000, 
0.28529395233733795,0.4632867048363897,0.5086349044482664, 48350000000, 
0.0745587640835174,0.4079973939939512,0.48636501948523464, 48355000000, 
-0.20124560355432636,0.41369665776369197,0.5124110085512583, 48360000000, 
-0.07688232861945764,0.3795877338079042,0.48574825289412654, 48366000000, 
-0.15573252415110983,0.3587629628251468,0.5079566907343325, 48372000000, 
-0.006888215881911346,0.4505658103990548,0.5041865188968343, 48377000000, 
-0.11309324879041124,0.3894078196989777,0.4918357816796382, 48382000000, 
0.26212888225202696,0.38980445193937807,0.494490753251714, 48387000000, 
-0.026144674656933688,0.411887097754172,0.49768748446878336, 48392000000, 
-0.1381010298751957,0.36989278168378187,0.5005425553256341, 48397000000, 
-0.015635049867783066,0.4158962370609935,0.4972473799389445, 48402000000, 
-0.04917881299676847,0.4023238582029237,0.5159570561578266, 48407000000, 
-0.11640710625599202,0.4584200413353942,0.5063935125120315, 48412000000, 
-0.18417186027994245,0.4084727582682724,0.5105383112658389, 48417000000, 
-0.01999786619266348,0.4142682441100808,0.5042832622981128, 48422000000, 
-0.06620621740723931,0.3750115037404117,0.5125615791345838, 48427000000, 
-0.12198540921535107,0.4582489298376649,0.49931314795691395, 48432000000, 
0.012570973911506878,0.39898041564080655,0.510465927484568, 48437000000, 
-0.05309777148801219,0.4441298704164345,0.5136833372222439, 48442000000, 
-0.04322862776101179,0.3710043770473256,0.5170071374670591, 48447000000, 
0.16135116166900174,0.46427535457980995,0.5376800336296832, 48452000000, 
0.07970273012269576,0.4214328649855574,0.5138374194985648, 48458000000, 
-0.08204800292859973,0.3462740257998166,0.5354590073887975, 48463000000, 
-0.030609764562405457,0.41422769571418055,0.5236822880793703, 48468000000, 
-0.008982558862469625,0.507147920942558,0.5055454698896148, 48473000000, 
-0.023692230409492337,0.2676897387762861,0.507042745943147, 48478000000, 
-0.09392090895493259,0.43958040158594514,0.5143929106820996, 48483000000, 
0.23775393671147016,0.3759059752556054,0.5175876405985175, 48488000000, 
-0.06291802279634953,0.3645242820136135,0.5206666076218291, 48493000000, 
-0.04723609721116999,0.4333345482819444,0.5257636453214406, 48498000000, 
-0.043773485116331085,0.4977215340205611,0.5085821115617992, 48503000000, 
-0.08917883115766741,0.3461852717420772,0.5097395564136805, 48508000000, 
-0.15404113602994562,0.44613797384707726,0.4916659594471028, 48513000000, 
-0.03674371250077327,0.4908758947969358,0.505314168740647, 48518000000, 
0.3078458879276215,0.42108908087055485,0.5362062943084304, 48523000000, 
-0.16395679477873615,0.463129345997065,0.49722979090039066, 48529000000, 
-0.006797822539008114,0.4253137364849254,0.5193123330439805, 48534000000, 
-0.09676530803474129,0.46701744905765574,0.5190009911291212, 48539000000, 
-0.055602278492801305,0.4348364527803696,0.5101890776846505, 48544000000, 
-0.06350572023591039,0.40411875044551865,0.5266088514197957, 48549000000, 
-0.11798067915497581,0.39974219113566023,0.5108753290500394, 48554000000, 
-0.054582689593222614,0.4365407352631806,0.5165290887196834, 48559000000, 
-0.05848401153598928,0.3351105700840368,0.5218793049864521, 48564000000, 
-0.07085835889235426,0.38065949037198893,0.5021945875062027, 48569000000, 
0.010790411233239018,0.3919217798802701,0.5372765315068014, 48574000000, 
-0.1804180680715049,0.44855489599582576,0.5092209262658892, 48579000000, 
-0.016672269341035124,0.44647041801295834,0.5241802768752492, 48584000000, 
0.36280292942986575,0.5097764551853005,0.5125954994507997, 48589000000, 
-0.04896775530718165,0.37155925326983885,0.5224596987047577, 48594000000, 
-0.08943060553163446,0.5024230649725931,0.5083422681188987, 48599000000, 
0.0066545622689057685,0.5190517422534039,0.5124970099542311, 48604000000, 
0.0076464287755154715,0.4236905654219747,0.5080687107349389, 48609000000, 
-0.048394176219361776,0.5308202229321826,0.5164408519939372, 48614000000, 
-0.1516556447551737,0.3627639220989241,0.5291272056591809, 48619000000, 
0.3522224613756103,0.4433433712256583,0.5124425754187812, 48624000000, 
-0.034748468733053636,0.3843810429935367,0.5117300450959019, 48629000000, 
-0.07337612425345791,0.3361288819772574,0.5219755109657893, 48634000000, 
-0.05329671944473531,0.3385407860706245,0.5210857614261749, 48639000000, 
0.007428212403788912,0.4112074442902563,0.516076223038015, 48644000000, 
-0.019187519000382677,0.4822662121348084,0.5099969358406709, 48649000000, 
-0.07499762046144182,0.335467507066562,0.5129589862272856, 48654000000, 
-0.043010137840396936,0.4012502602117896,0.5176054236429573, 48660000000, 
0.0015068268500148512,0.4978051496449421,0.5211578553694552, 48665000000, 
-0.05903816305924662,0.38016607103225597,0.506185318486642, 48670000000, 
-0.18229604754511802,0.37899643248815235,0.5188562424032916, 48675000000, 
-0.08661458009973408,0.45063676064814917,0.5080898678544471, 48680000000, 
0.05062438930569813,0.42630666876150086,0.5217693139878615, 48685000000, 
0.3037279474103268,0.39093243402059025,0.5199922215431775, 48690000000, 
0.00808550844073722,0.47187110118982833,0.5126096108690833, 48696000000, 
-0.01607288546731408,0.4039036282528833,0.5249961448631126, 48701000000, 
-0.02361902452374906,0.453652784727713,0.5190390338984598, 48706000000, 
-0.07464523410360827,0.48581310980013664,0.5201880702586817, 48711000000, 
-0.11624932029412566,0.42906904226685255,0.517027733445432, 48716000000, 
-0.016581234253255056,0.4310013026406025,0.5256315972169284, 48721000000, 
0.4034160276117472,0.413681300316615,0.521150987744201, 48726000000, 
-0.10871064697828908,0.41318520817996646,0.5195536854037953, 48731000000, 
-0.08938871076603103,0.5022637802983883,0.5221512924125578, 48736000000, 
0.12444349198036446,0.4684315163990581,0.5282032383030782, 48741000000, 
-0.0804074912239296,0.41599309447126864,0.5280847491996641, 48746000000, 
-0.10292255606691735,0.37466948176860454,0.5230499210029191, 48751000000, 
-0.027812531042345507,0.39270536344584045,0.5314502433393326, 48756000000, 
0.3342959326505341,0.5261772262521941,0.530071822931894, 48761000000, 
-0.13112468882078582,0.36029586171067657,0.5181289397275815, 48766000000, 
0.024681029037091004,0.3836733666993038,0.5076099838123234, 48771000000, 
-0.12453561976328617,0.47923733996461987,0.5216288816189294, 48776000000, 
-0.0658759103361218,0.4541084130352866,0.5129578525507758, 48781000000, 
-0.022435172133035156,0.3370746085035797,0.505271157277605, 48786000000, 
-0.1103731537533857,0.40275601451455273,0.5180528408780357, 48791000000, 
-0.005941184622798766,0.37979835108269583,0.5146646443810396, 48796000000, 
-0.11522519736488634,0.3839087948916866,0.5046180990716147, 48801000000, 
-0.03613052073270207,0.4651950144044275,0.4822697927769172, 48807000000, 
0.06518059353399724,0.4099173333904697,0.511324170111418, 48812000000, 
0.030536776819056536,0.4325689436258286,0.5111331093725454, 48817000000, 
-0.15113382864469177,0.42157763156798844,0.511994119937117, 48822000000, 
0.3213535538054561,0.4567599810479762,0.4994690479363094, 48827000000, 
-0.03434118393256393,0.3697021928102454,0.5090302573304196, 48832000000, 
-0.08929021602491573,0.47354997653170816,0.4956505667348277, 48837000000, 
-0.04403815295394814,0.45733551921682436,0.49792431547204724, 48842000000, 
-0.09388982728680942,0.3300159099003671,0.5057951211290569, 48847000000, 
-0.09128517422143805,0.3844347417642738,0.4821123997638515, 48852000000, 
0.04760320060758034,0.3740113912779539,0.4985299733278417, 48857000000, 
0.13928897959761755,0.3905602585627651,0.4877817530002658, 48862000000, 
0.030054488265628537,0.41523034720258306,0.5009009913578913, 48867000000, 
-0.13422045427807947,0.44310265096495555,0.49800529727930076, 48872000000, 
0.0085300898918228,0.37517021941409096,0.519996693838046, 48877000000, 
0.06058432646976609,0.40494103855454044,0.48703184882838846, 48882000000, 
-0.2324741962513262,0.4184428060017704,0.5040134956718761, 48887000000, 
0.02553522468165149,0.3226804523641121,0.5072644941436544, 48892000000, 
-0.17549891891877814,0.4746183898470072,0.5064780958011332, 48897000000, 
0.008141858027204185,0.4409297894131215,0.5052714125414146, 48902000000, 
-0.02148586963965274,0.4125576381982541,0.5059533493701722, 48907000000, 
-0.08993134159392163,0.38961373011116796,0.4984445837364683, 48912000000, 
0.12258748766568665,0.34310316138504376,0.4976501565073278, 48917000000, 
-0.12764292384696715,0.46258242322344595,0.4981701456895092, 48923000000, 
0.295281379732932,0.4229859649914593,0.5024855535636987, 48928000000, 
0.09112415362241123,0.46517794003398943,0.509852051248927, 48933000000, 
-0.13759118098653825,0.43409292503199803,0.5052243027545866, 48938000000, 
-0.08223353152072008,0.4579226086676969,0.4913328216764516, 48943000000, 
-0.12610988277926186,0.3797708279405648,0.48477243887496957, 48948000000, 
0.01171241765951423,0.46633286623183184,0.4931057125091179, 48953000000, 
-0.08807033183867793,0.3914526568237723,0.49547718553148107, 48958000000, 
0.277418598693336,0.36012739383096204,0.5007118134870698, 48963000000, 
-0.04330763556015649,0.44048682572649306,0.506483205169763, 48968000000, 
-0.07922600319285267,0.4676505474332138,0.48837220866578546, 48973000000, 
-0.10656979294741015,0.36482149353431903,0.4971626125619517, 48978000000, 
-0.06576608169962164,0.4052158152765705,0.5067211625769364, 48983000000, 
-0.013870387266643403,0.45303223123066116,0.5040145063397939, 48988000000, 
-0.16510797381394426,0.39117910710650045,0.5113850266975638, 48993000000, 
0.3397121383354356,0.39934983706652327,0.5120113605653352, 48998000000, 
-0.012049836430991362,0.39104839248759893,0.5260593932517472, 49003000000, 
-0.07414319998289595,0.4326258907707003,0.5209240683840396, 49008000000, 
-0.188186614740261,0.32456965040952424,0.5269595988684354, 49013000000, 
0.04692776890815748,0.3539102640760586,0.5149669819359138, 49018000000, 
-0.018946092139374295,0.49758542893587143,0.518755671004745, 49023000000, 
0.0038777669528957184,0.47985341033725815,0.5209985109025999, 49028000000, 
-0.1402340125147259,0.3794097177480982,0.5218873270246432, 49037000000, 
0.0062677186564145185,0.44922313584981755,0.5261726966986452, 49042000000, 
0.018782577427726703,0.40833240886177036,0.5176709965817333, 49047000000, 
-0.13765154241723526,0.43114528898714116,0.52339449963925, 49052000000, 
-0.027352528320458862,0.4448038597275466,0.5032033757222939, 49057000000, 
-0.0007782407973129582,0.4220488670493078,0.5137981768243832, 49062000000, 
0.34894756217472284,0.4479629483493927,0.5084394941745153, 49067000000, 
-0.07397449784004266,0.40076594588825315,0.5203211497339137, 49072000000, 
-0.06702955599761806,0.3976841004144724,0.5147526410732051, 49077000000, 
0.09012459382309163,0.42942546157026135,0.5250060698325925, 49082000000, 
-0.099228168189785,0.4273877832438004,0.5018400376827356, 49087000000, 
-0.023965930216771833,0.4398768746563567,0.5154049684522438, 49092000000, 
0.03629158308872882,0.39933084267981417,0.5235707055328626, 49097000000, 
0.17849941933549412,0.45431622277543837,0.5091683830702552, 49104000000, 
-0.11182415738313378,0.4373141829542429,0.5029154936252374, 49109000000, 
-0.06374044365994565,0.3756362551424872,0.5053851879700176, 49114000000, 
-0.03014327125049801,0.39407533213685697,0.5257516396011305, 49119000000, 
-0.10867763894704127,0.5544758865585449,0.5005587908365473, 49124000000, 
-0.0463246993641064,0.4291863575869929,0.5016715491203142, 49129000000, 
-0.09164073977485152,0.3786884461932899,0.5062368232009227, 49134000000, 
-0.011079268561646104,0.32369430412788397,0.5232969083972374, 49139000000, 
-0.10067492472777936,0.45835400747327026,0.5158499667530305, 49144000000, 
-0.0273376374709622,0.4380370885059464,0.482920168016994, 49149000000, 
-0.08540708972704847,0.33684479927603184,0.522282062625264, 49154000000, 
-0.11284921065486553,0.4778049034297614,0.5092671415010611, 49159000000, 
-0.05311844182487748,0.4934372653278323,0.489549103169047, 49164000000, 
0.3266664937962971,0.35083716578146973,0.5004153670748559, 49169000000, 
-0.1034715508412078,0.4736286563151778,0.5136646565765874, 49174000000, 
0.006109967967900452,0.4068800259048954,0.4949139950750996, 49179000000, 
-0.10900791672566934,0.4153393388225467,0.49339503560820364, 49184000000, 
-0.05217329566816299,0.3574393195263942,0.48225519025748675, 49189000000, 
0.04194064697276616,0.4117506806896183,0.5106955476946005, 49194000000, 
-0.11111224094042088,0.4271938882937934,0.5005645273271273, 49199000000, 
0.4881024712097508,0.4061173302799847,0.48521727842982715, 49204000000, 
0.012076186349567456,0.3893679975356169,0.5082204154431207, 49209000000, 
-0.19628361767097113,0.47310058052218923,0.4946304954733144, 49214000000, 
-0.040639639265879664,0.41636648587299485,0.4896204988255796, 49219000000, 
-0.07611804770943029,0.4181244502141669,0.5092395642713562, 49224000000, 
-0.07537616790535734,0.43153720811979274,0.4986802786893102, 49229000000, 
0.33355998546091004,0.3774348332393764,0.5060086929827782, 49234000000, 
-0.13003342446646807,0.4419118974870776,0.4929148411982948, 49239000000, 
0.018573127045209668,0.40563809184172767,0.5140420211773857, 49244000000, 
-0.08665848620230834,0.44024346929811736,0.5044154321136537, 49249000000, 
-0.06512098522294969,0.3832520382575517,0.49704764742652124, 49254000000, 
0.030213386662393624,0.3135691742152647,0.4902042303250825, 49259000000, 
-0.1363251977214788,0.5340812316213883,0.5120226231163941, 49264000000, 
-0.08478159852017741,0.40143680549830424,0.5040037985878759, 49269000000, 
0.07993878500177011,0.4126330148905657,0.4881752908836543, 49274000000, 
-0.17782940841601094,0.5438782903076768,0.5054868629685366, 49279000000, 
-0.005425393770506957,0.36677904377498266,0.5076437190142666, 49284000000, 
-0.04088829988180379,0.4468091706612823,0.5035823653154091, 49289000000, 
-0.10937343498031261,0.3826140091395416,0.491172699144211, 49294000000, 
-0.09732646871231047,0.45456298873306833,0.49071453498477524, 49299000000, 
0.20643100012185633,0.433768515574492,0.5019978466828966, 49304000000, 
-0.08728904137653881,0.41907693320444256,0.5167792077174275, 49309000000, 
-0.013882285588013958,0.4693563654478119,0.5087074153099924, 49314000000, 
-0.01112259320770572,0.3433390234161681,0.5003452311888372, 49319000000, 
-0.0688145683846189,0.5481872866422489,0.5267787979306008, 49324000000, 
-0.026639026392825747,0.4062613153944893,0.4871201833855256, 49329000000, 
-0.09860103536158335,0.28379577382724325,0.49293804565146004, 49334000000, 
0.26606432838051364,0.5553040534746886,0.5179565217133871, 49339000000, 
-0.06804630787888441,0.34952969336124856,0.515645094295985, 49344000000, 
-0.1534417497148982,0.46740030951648515,0.4941813275451272, 49349000000, 
-0.03495373150635145,0.4785310120878489,0.5115015420914216, 49354000000, 
-0.0601185137558023,0.46517712696929203,0.5241186172135661, 49359000000, 
-0.13461317547552623,0.4346109916921655,0.4959778444762112, 49364000000, 
0.02286785884320194,0.37131557015099365,0.5256543885191397, 49369000000, 
-0.029153028928082393,0.6193125409377204,0.5157556812534237, 49374000000, 
-0.09509550329673272,0.3954102752019771,0.5225651846298489, 49379000000, 
-0.13782716661099476,0.45324566276473044,0.5117557721660073, 49384000000, 
-0.0054912434030377644,0.46745833480222765,0.5187207351662796, 49389000000, 
-0.06313298965585318,0.4619577125990598,0.533260817327042, 49394000000, 
-0.07706412291670861,0.42832739284736154,0.5217938858816099, 49399000000, 
0.27197794506195205,0.20873341921072938,0.5173427390817386, 49404000000, 
-0.02583448316808225,0.6456448495782249,0.5156096489951513, 49409000000, 
-0.08684087574839948,0.3239707134996419,0.529514493521531, 49414000000, 
-0.04711084499789373,0.4150672251850345,0.5079648522168961, 49419000000, 
0.021481586145073624,0.3500376069310814,0.5412507926280911, 49424000000, 
-0.06548424846914148,0.4923475225238077,0.523026901103643, 49429000000, 
0.004653646038682846,0.3309483005115651,0.5078969805965253, 49434000000, 
0.24096531792471498,0.4345379979580479,0.5268829312067943, 49439000000, 
0.036074859527526364,0.46465555751718784,0.49938090094049153, 49444000000, 
-0.08391041618052628,0.4122950671697916,0.5098927671909803, 49449000000, 
-0.08303607850176051,0.37462410550601516,0.5126760922522455, 49454000000, 
-0.03285188935423154,0.5031303601667032,0.5227969853051774, 49459000000, 
-0.11786942878754764,0.3981874663467343,0.518874364818768, 49464000000, 
-0.08249945482832324,0.3296687664776769,0.5097836144532977, 49469000000, 
0.05027850792691922,0.45406350898361203,0.5060835246141404, 49474000000, 
-0.05986137532397004,0.34390156136058075,0.5312999669248322, 49479000000, 
-0.08300964166163957,0.38617235057680294,0.5194397356657791, 49484000000, 
-0.07579203560614511,0.4528804079903138,0.5010729595563846, 49489000000, 
-0.052380230659113874,0.45587128333524196,0.5310443924484705, 49494000000, 
0.08309553646233214,0.40045096332993974,0.5117906186086484, 49499000000, 
-0.11081299235391373,0.4044718242958627,0.5104256387863867, 49504000000, 
0.29780536145511155,0.5650400307542045,0.5059389585217899, 49509000000, 
-0.06117883669800644,0.2595979940043905,0.528352395399491, 49514000000, 
-0.09625092051595112,0.4670517679464794,0.5057104455293822, 49519000000, 
-0.020127714228488164,0.367762948397897,0.5074938228797484, 49524000000, 
-0.021940090002213912,0.4232518263036874,0.4957462795967408, 49529000000, 
0.03136619221111821,0.46266980470156766,0.5016500182018118, 49534000000, 
-0.08135093890889084,0.3199310794158126,0.5066106146765988, 49539000000, 
0.24738956334933235,0.42409702904458485,0.51794229724085, 49544000000, 
0.0013480487571602903,0.46379458921677497,0.5260388519091005, 49549000000, 
-0.1393108320978396,0.3064749438635633,0.5028573705402706, 49554000000, 
-0.06545794145623024,0.45551360382367034,0.48736595826326423, 49559000000, 
-0.04353286767582655,0.3421806437173691,0.5181358738059327, 49564000000, 
-0.12322607614115852,0.4985389963940564,0.503254539015262, 49569000000, 
0.28449250740637283,0.25152264250678347,0.5061289157080807, 49574000000, 
-0.02404549039375911,0.5132083776250628,0.4964265924002714, 49579000000, 
-0.1467862351524339,0.5338263977767803,0.5179294729170247, 49584000000, 
0.02047143072434162,0.31310160324301073,0.5066444518058197, 49589000000, 
-0.12374775396466205,0.42675483270642317,0.5117806931780684, 49594000000, 
-0.04205401692781644,0.42801244046033843,0.5281756433167232, 49599000000, 
-0.05541588077909912,0.46902727558837787,0.5082036092044834, 49604000000, 
-0.06295387845845928,0.4428465754119542,0.5133804186865313, 49609000000, 
-0.013802327241549131,0.28286897468020983,0.5103700905498237, 49614000000, 
-0.06261084059243407,0.4472221764230445,0.5132034076956199, 49619000000, 
-0.11289403700731472,0.47775986804888687,0.5181926542865919, 49624000000, 
-0.1257002481870816,0.3666810583936313,0.5118751809777992, 49629000000, 
-0.15530039142725302,0.41374635183515684,0.5096019123140757, 49634000000, 
0.004374433386134292,0.3771657355478826,0.5072279333480044, 49639000000, 
0.3284862848186567,0.343737330938954,0.5004837056209975, 49644000000, 
-0.09992702903367687,0.3528935389058403,0.4921449758276949, 49649000000, 
-0.06817698180841046,0.5567678754324307,0.5114637817733194, 49654000000, 
-0.04993238881296422,0.4516921110358124,0.5106903298645812, 49659000000, 
-0.12732183986282558,0.37481901752493674,0.5122213688805137, 49664000000, 
-0.02549929262146189,0.5364954770501702,0.5207933424218741, 49669000000, 
-0.05987299258959597,0.4541192832707649,0.4942987162674272, 49674000000, 
0.24681443894974645,0.4360866146041198,0.517807166715759, 49679000000, 
-0.07150382049414616,0.4092607545434236,0.5154112020102227, 49684000000, 
-0.0911281137289951,0.4703105476517688,0.5285677456060934, 49690000000, 
-0.06738161093907075,0.5406001887944094,0.5077704309244198, 49695000000, 
-0.03792230397963447,0.47828708029239564,0.5099493808262141, 49700000000, 
-0.11791840466779,0.39616708987869154,0.5271394678927585, 49705000000, 
-0.09215952334305061,0.4799255233564119,0.5161136702290121, 49710000000, 
-0.14243597474293557,0.45207064859692847,0.5243427950520341, 49716000000, 
-0.10574580734985439,0.4033799885198115,0.5236422871857138, 49721000000, 
0.06593673406371411,0.4818575962447144,0.5324898094277097, 49726000000, 
-0.05702770064975762,0.3631512954514772,0.5105233558577255, 49731000000, 
0.018352085389998652,0.4992663003316935,0.5166782732667526, 49736000000, 
-0.06244787680951233,0.4270165580385561,0.5126139625729229, 49741000000, 
0.20662113573513996,0.4154714123848588,0.5115480513510768, 49746000000, 
-0.043412813371779616,0.5232007678793855,0.5153010435506924, 49751000000, 
-0.055135998350877465,0.3022168505263204,0.5238609213437495, 49756000000, 
-0.1595678556089951,0.4001099595981938,0.5178367903682309, 49761000000, 
-0.08491948682234146,0.513298918579316,0.5010763865817678, 49766000000, 
-0.07654068661900196,0.3196756548584534,0.5095615255843841, 49771000000, 
-0.10060338942822343,0.40536363431208644,0.5330304214899175, 49776000000, 
0.3301999685806059,0.5603322473077892,0.5042774691379, 49781000000, 
-0.01608509124162464,0.46164022605254307,0.5170243621848867, 49786000000, 
-0.006020503176616609,0.4559536143332155,0.5285383962745883, 49791000000, 
-0.11040650937239813,0.3465656619677278,0.5294983244271455, 49796000000, 
-0.11304415176027739,0.4904806228243092,0.5379763683552435, 49801000000, 
0.003625276365044422,0.4433497607900291,0.49213910154180907, 49806000000, 
-0.10011139648515992,0.39731061197304307,0.5277246919844097, 49811000000, 
0.3328639506460162,0.38523404835899744,0.5117784310882273, 49816000000, 
-0.05252585006592608,0.4802547572134408,0.5401297895777838, 49821000000, 
-0.10394002588552213,0.42511135662318267,0.5260756606961403, 49826000000, 
0.015758773263443656,0.47177549756502835,0.5215474195865525, 49831000000, 
-0.1295044143719623,0.37548796819491415,0.5093211090773847, 49836000000, 
-0.027625548695589128,0.4506285667907552,0.5360865979410465, 49841000000, 
0.06435649933359738,0.47538985006873175,0.5382937247746021, 49846000000, 
-0.022656230351098622,0.40270920903444296,0.5228295312208837, 49851000000, 
-0.03447896874207837,0.4494346774946733,0.5020292773711607, 49856000000, 
0.09540071733554664,0.49806042302516085,0.5245762317586147, 49861000000, 
-0.14204525548640964,0.41432364224258855,0.5190961780319268, 49866000000, 
-0.06924122781741483,0.4306470197182093,0.524877679290751, 49871000000, 
0.018490536228642773,0.5930327845312439,0.5123725906192459, 49876000000, 
0.3065734457992036,0.3913080453431243,0.5288816290176107, 49881000000, 
-0.09071759079777172,0.47433514385515435,0.5256464742196728, 49886000000, 
-0.0570145067697567,0.513045947894167,0.5135602737013026, 49891000000, 
-0.10025822392005801,0.4478959928319045,0.5119588346993855, 49896000000, 
-0.042661116293225214,0.3935678620143062,0.5225568176184342, 49901000000, 
0.023705912401898156,0.6070270823859101,0.539718243911151, 49906000000, 
-0.09045159132507184,0.3951205119614055,0.544221852993688, 49911000000, 
0.26674992530838815,0.3309302057427497,0.5266784183377338, 49916000000, 
-0.09854299486369686,0.46495989991973596,0.5406742876191949, 49921000000, 
-0.08792622606625382,0.41394392974932426,0.5223431428511338, 49926000000, 
-0.005962350553580232,0.4851044865243713,0.5222096783702285, 49931000000, 
-0.01808376165254065,0.4066059763634739,0.5192535943499541, 49936000000, 
-0.13817350125174066,0.4657114250837564,0.5171572547226527, 49941000000, 
0.0025824639522196583,0.5060290966954424,0.528893320209883, 49946000000, 
0.00959376447405999,0.41919456262812693,0.5118392442388863, 49951000000, 
-0.06177253514200844,0.43314646527535866,0.5049709522448936, 49956000000, 
-0.0476009614457709,0.4924995358806542,0.531342900931217, 49961000000, 
-0.05126008297995504,0.417688407928511,0.5412496023477568, 49966000000, 
-0.11144463704438476,0.48913655978427756,0.5203425113484289, 49971000000, 
-0.03747542204359243,0.3182662493779439,0.5097424440230327, 49976000000, 
0.04576982821509464,0.4748308876434899,0.5184156007281374, 49981000000, 
0.1898713376081787,0.471679986234994,0.5088602302842521, 49986000000, 
-0.04810083074719776,0.4044437850602532,0.5189192961402606, 49991000000, 
-0.05391354005145093,0.5641058723353451,0.5281983455052488, 49996000000, 
-0.0747339232839605,0.48876638505217507,0.5280091031854369, 50001000000, 
-0.03151410343536272,0.3520464086270919,0.5270705321640942, 50006000000, 
-0.05004236727946017,0.37191732242764985,0.5313819005358384, 50011000000, 
0.3293574936137698,0.5396904325307876,0.5227137020660725, 50016000000, 
-0.04593967073583404,0.3869845897365374,0.5143594497514108, 50021000000, 
-0.07556276943975346,0.3523992445649275,0.511176832745013, 50026000000, 
0.025374562480192694,0.5488770138442052,0.529896376292423, 50031000000, 
-0.07040071288496308,0.4671812142534302,0.5009132761564571, 50036000000, 
-0.04700712013337351,0.46572082878122695,0.5317926335547958, 50041000000, 
-0.008329453971239803,0.40257268321511264,0.5065758683269149, 50046000000, 
0.3673229756503236,0.5864501245896904,0.5295509673199169, 50051000000, 
-0.21394322972371782,0.4227063575943479,0.5277637312288564, 50056000000, 
-0.09306686278774064,0.44721771588186765,0.5199696056969004, 50061000000, 
-0.048651505706301876,0.43055241647772646,0.5116663476522204, 50066000000, 
0.04787936807953315,0.6180586119075929,0.4948287478701642, 50071000000, 
-0.11934352105867427,0.45748915797925793,0.5005222838420007, 50076000000, 
-0.04535063304457626,0.4703174715191304,0.5241835483540898, 50081000000, 
-0.12155099230870257,0.4475050062346257,0.5110809381156112, 50086000000, 
-0.00702467274335504,0.48434414948406224,0.5361952889837609, 50091000000, 
-0.06045501237105246,0.4089742334226604,0.5191302794156288, 50096000000, 
-0.024958515360974723,0.5298519416220872,0.504290013086498, 50101000000, 
-0.07734233366919074,0.4621034477479935,0.5106702983975557, 50106000000, 
-0.025533462603524605,0.43996072230403627,0.5143004396038535, 50111000000, 
0.0006415393208752257,0.4117557944825522,0.515946074935933, 50116000000, 
0.2939643777739419,0.40676239755252497,0.48379083478043083, 50121000000, 
-0.06826434709475734,0.4511462037392013,0.5074488045669336, 50126000000, 
-0.11002041932787146,0.3764311358669029,0.5118135580132287, 50131000000, 
0.03158541315261036,0.4523783646387033,0.5049730687967643, 50136000000, 
-0.05106980364041741,0.41940740629299667,0.5182041000608996, 50141000000, 
0.024441392271677232,0.5271126946959654,0.5219527327926714, 50146000000, 
-0.06392121151436017,0.38170259422919917,0.5059332892791932, 50151000000, 
0.2479977083199159,0.4762275672951316,0.5023650381859095, 50156000000, 
0.005121077631178771,0.5262873154503988,0.4887313955933396, 50161000000, 
-0.10683948177628355,0.46779478850603184,0.4861724003473823, 50166000000, 
-0.004447421173027818,0.5673930569518398,0.5020349224467661, 50171000000, 
-0.1752903584471234,0.29311358872479604,0.5009752667316172, 50176000000, 
-0.000853558598966131,0.4339576189194657,0.4976041512582628, 50181000000, 
0.25900415902433416,0.43614085573528016,0.4929504446421543, 50186000000, 
0.08276430918401208,0.4855088570280831,0.5142652732139362, 50191000000, 
-0.09735172794533056,0.38343951878561716,0.5058266498920525, 50196000000, 
-0.19466049410218045,0.43062485167083075,0.5085345954092121, 50201000000, 
0.05695264837324318,0.46876787912607126,0.5083686881669728, 50206000000, 
0.08782946260337302,0.5493859308531518,0.4993850733610751, 50211000000, 
-0.15555562743373985,0.37015122448293636,0.5095030940750386, 50217000000, 
-0.10212848659132254,0.4823763118282175,0.502085242183334, 50222000000, 
0.11695070606111774,0.49086127927257944,0.5011789026250818, 50227000000, 
-0.12513388810561185,0.35322980993218717,0.5321254727598951, 50232000000, 
-0.15113877119710412,0.46913703556946745,0.5141026116063914, 50237000000, 
0.046476240802174884,0.4757458923508976,0.49713732214452055, 50242000000, 
-0.11210743830922092,0.4013753104556875,0.5114713331369886, 50247000000, 
-0.09596733233005533,0.48951662241388505,0.5137030306621456, 50252000000, 
0.38110168266872346,0.5212417503884397,0.5030659236784051, 50257000000, 
-0.08470948782640333,0.3496400816793277,0.5055906375833763, 50262000000, 
0.01863078977355058,0.5213179193589439,0.5091961257816403, 50267000000, 
-0.06972145026265761,0.4535050833485466,0.5118585179999768, 50272000000, 
-0.007089072312532224,0.4666955861917461,0.5253861433578896, 50277000000, 
0.018346289645981118,0.5325347439676111,0.5286151856975232, 50282000000, 
-0.023921273800945848,0.3419198166279068,0.5229090081367835, 50287000000, 
0.21548369599831302,0.5260415339705982,0.5204746073466613, 50292000000, 
0.004795844893952263,0.4487520647114347,0.5167749965105531, 50297000000, 
-0.0950052617173117,0.3451349341629423,0.5140940298377709, 50302000000, 
-0.09040665553654689,0.46702589141016043,0.5130355707784087, 50307000000, 
-0.021416091285878285,0.5899854358374501,0.5175231891798283, 50312000000, 
-0.12147673793325785,0.39404949699639685,0.5292987375977809, 50317000000, 
-0.05144009250280061,0.5245569922433582,0.5090739646979184, 50322000000, 
-0.12185576500089276,0.40504639156065453,0.5225035534997623, 50327000000, 
-0.10721276780473,0.48639544806397983,0.5185008650822924, 50332000000, 
0.018928618116198122,0.5354166177522558,0.5205994430769751, 50337000000, 
-0.04127601943245025,0.3820684212272641,0.5174219353471871, 50342000000, 
-0.12858135514582197,0.5093802214856176,0.5176231028983386, 50347000000, 
-0.029713472015053425,0.482779094511721,0.5228312544486299, 50352000000, 
0.21834887795663294,0.397026347767507,0.5141808001295032, 50357000000, 
-0.045445456501635444,0.4952743764025939,0.5118920001833426, 50362000000, 
-0.09741862140378665,0.440008998542254,0.5053141319645155, 50367000000, 
-0.10624128194714517,0.32299226463379055,0.5161678687558134, 50372000000, 
0.00459045246447631,0.5575460490555257,0.5150579568457186, 50377000000, 
-0.10588316665030413,0.394666801840639,0.5165427730216952, 50382000000, 
-0.08755101884562715,0.47605734739555133,0.5219422472279406, 50387000000, 
0.36649363675459073,0.46091607849073585,0.5074016797651641, 50392000000, 
-0.09879946147895531,0.4066982704745082,0.5195509106251829, 50397000000, 
-0.11021468523176157,0.4591705827733388,0.5102105794964693, 50402000000, 
-0.022745412266671695,0.5216490234987377,0.5084169846106592, 50407000000, 
-0.09566497827524967,0.31060607415755065,0.5308295206778192, 50412000000, 
0.02384038665652059,0.5781001700098171,0.5206038174744286, 50419000000, 
-0.08306762311490387,0.33563183117634093,0.5207351825639537, 50424000000, 
-0.13599750661240098,0.4589252611565201,0.5229515383551339, 50429000000, 
0.10458331834128036,0.5929334864512836,0.5283587084798378, 50434000000, 
-0.15587777140547016,0.3645377346871459,0.519420234464223, 50439000000, 
-0.021381430957842514,0.5238422512165228,0.5185112608079856, 50444000000, 
0.11233007585340099,0.5429956940567704,0.5214541643027489, 50449000000, 
-0.1685448708825714,0.40760589173075457,0.5213107491093071, 50454000000, 
0.261460275460762,0.5361710010565544,0.5209723368149356, 50459000000, 
0.014092763690197956,0.4785475653302716,0.5239930897081517, 50464000000, 
-0.0796430575497694,0.412094383385413,0.5196364469971483, 50469000000, 
-0.032842491252362785,0.4010220204160145,0.5244864711966394, 50474000000, 
0.05017432338636224,0.5158694860939397,0.5202739498673649, 50479000000, 
-0.12482764513093866,0.41415666248501803,0.5209331040162917, 50484000000, 
-0.09754543013354897,0.5645418956424855,0.5151263902605969, 50489000000, 
0.36941780187317325,0.48483271454487525,0.5255598332181414, 50494000000, 
-0.06382870211300105,0.2965050422459633,0.5255448372094809, 50499000000, 
-0.12642834000550712,0.5903171178942315,0.5173379417802026, 50504000000, 
0.0001396020801045705,0.5761968878604554,0.5160548171042851, 50509000000, 
-0.09549694935185707,0.3787756034771617,0.49762638121923913, 50514000000, 
-0.09685874139365284,0.495639227572248,0.5343903278549312, 50519000000, 
0.04698019458334137,0.570785126731202,0.5253980595212754, 50524000000, 
0.27634006264979655,0.30974931987627274,0.496654287298038, 50529000000, 
-0.10942013555692098,0.4682305494874838,0.5001619736666008, 50534000000, 
-0.09248777532449996,0.5299472616806508,0.49938632794031856, 50539000000, 
0.04094010548538693,0.45845742723425265,0.508530122955045, 50544000000, 
-0.0716821284208525,0.45713978821898493,0.4980837167949237, 50549000000, 
-0.034243913556585424,0.52741617774707,0.5235828272461576, 50554000000, 
0.017732675278372977,0.49115896025156175,0.5185637426764153, 50559000000, 
-0.07012831203154098,0.3537710354925164,0.5275677282509881, 50564000000, 
-0.07702316316955923,0.46347855949989974,0.5366690833195222, 50569000000, 
-0.03339335907119521,0.5169060883453134,0.5275467645623683, 50574000000, 
-0.0635849557615945,0.49949978495099295,0.5246775731551355, 50579000000, 
-0.06533263541020831,0.39741129463354785,0.5323389239654004, 50584000000, 
-0.0780320995568477,0.4537955312664469,0.5074212495508291, 50589000000, 
0.32793781356033674,0.4948184774512339,0.508979678813354, 50594000000, 
0.024112897691357875,0.5790782361757576,0.5128733413562093, 50599000000, 
-0.033361698553557986,0.2683618179936008,0.5124494446778599, 50604000000, 
-0.1565099237382457,0.4920371456461988,0.5176879011080125, 50609000000, 
-0.10516509950069383,0.4407149856956682,0.5336729592409144, 50614000000, 
-0.07176881995548448,0.3930267547362734,0.5033711195077487, 50619000000, 
-0.01828903437688716,0.40895115481060296,0.5173229614544719, 50624000000, 
0.3197966166768704,0.4223711851238248,0.5352692530615822, 50629000000, 
-0.011977267960778838,0.5269903824036575,0.5275966670674228, 50634000000, 
-0.021367294630604054,0.48360093257879067,0.5254108486244873, 50639000000, 
-0.08056627051279629,0.3616003304778756,0.5407270906703606, 50644000000, 
-0.04888661533273669,0.4296734405832277,0.5055446517435827, 50649000000, 
0.022326848372098418,0.5502188385544583,0.5064007000281276, 50654000000, 
-0.07544666499618245,0.48902586954150845,0.5034143340812087, 50659000000, 
-0.03770379889955658,0.514421835643264,0.5114571095257233, 50664000000, 
-0.08240938462710418,0.36739375899077636,0.5278614022809897, 50669000000, 
-0.09795966658621992,0.5321190898674151,0.5218157691403819, 50674000000, 
-0.055847427062261826,0.44021462384777754,0.4926719085264552, 50679000000, 
-0.05821191312258111,0.5826232592006477,0.5103946949784914, 50684000000, 
-0.09533531483505528,0.46275929523756004,0.507504620740225, 50689000000, 
-0.05383413199802857,0.39642513259590556,0.5287280805584268, 50694000000, 
0.2968761910024528,0.6086700127179769,0.5172494072473816, 50699000000, 
0.04853340198725392,0.4596666503371061,0.525739253655764, 50704000000, 
0.09302328899648432,0.4518124502512343,0.5237734274651838, 50709000000, 
-0.11213044715250799,0.3113206429899015,0.5099315858474145, 50714000000, 
-0.03475300168868023,0.4708712878410951,0.5220397221781428, 50719000000, 
-0.04703931584639826,0.5168878806445583,0.5236942201884865, 50724000000, 
-0.005889286194121912,0.48948137010563464,0.5224180372339896, 50729000000, 
0.2265815733044903,0.32072802771619485,0.514044130196795, 50734000000, 
-0.09789366476077042,0.44102118289582926,0.532728163378003, 50739000000, 
-0.025558482520098673,0.4864472890335748,0.4988585091639161, 50744000000, 
-0.03759400305003463,0.5355138934192477,0.5137559718972347, 50749000000, 
-0.0385265540163706,0.5530219976048785,0.5107109831014556, 50754000000, 
-0.04861898230409682,0.30548709431471865,0.5008501829625729, 50759000000, 
-0.12997237579203264,0.4659739313079543,0.5066847565627877, 50764000000, 
-0.11297675771296237,0.47786323388676105,0.5121602843193767, 50769000000, 
0.016380245303562944,0.4166547267327371,0.5150569894149668, 50774000000, 
-0.09925882373975894,0.3209496137915033,0.5268934719980078, 50779000000, 
-0.04444313845017875,0.5474698741319229,0.50643646180104, 50784000000, 
-0.03635254495517269,0.5105457898228193,0.5096991856083475, 50789000000, 
-0.04186438657504182,0.4478697034563176,0.5080776456016058, 50794000000, 
0.3442568740193861,0.407062257850344,0.501267563029836, 50799000000, 
-0.04352800893902617,0.5851387870131454,0.5047407017015809, 50804000000, 
-0.03866669850232633,0.5220377840195912,0.5204660876046499, 50809000000, 
-0.10400974396081328,0.38599033963812257,0.5118840061073706, 50814000000, 
-0.08840419079813254,0.5375071768723457,0.5121800868419168, 50819000000, 
-0.007609973138466071,0.5006345250724089,0.5172051429127451, 50824000000, 
-0.10976017788402971,0.34251280069419765,0.5100292060084946, 50829000000, 
0.2824906900132171,0.612787146662801,0.5279595538036602, 50834000000, 
-0.10503868105093835,0.4614548937617896,0.5077345931293367, 50839000000, 
0.06029430510703279,0.475327161363609,0.503854188298029, 50844000000, 
-0.08110765630589391,0.3147064220913112,0.5237347660566637, 50849000000, 
-0.09385082497702094,0.6229179910611462,0.5013159657758269, 50854000000, 
0.00919314738831882,0.5124782382421447,0.5325890237002406, 50859000000, 
-0.09652188549303538,0.3247222831303744,0.5163458230717414, 50864000000, 
0.22318741488388197,0.6123781470761437,0.5098641005089275, 50869000000, 
0.05410617881859454,0.5202825271476724,0.5244812328015801, 50874000000, 
-0.09599724771992385,0.3490203496496979,0.5079032651460442, 50879000000, 
-0.1138463188328065,0.4853679074885028,0.5360380662301139, 50884000000, 
-0.06830442683707089,0.5352664006424018,0.4894248519158271, 50889000000, 
0.06565328363631376,0.5000447733196896,0.511539829906741, 50894000000, 
-0.11613934477585347,0.40504915915349543,0.5132460584114045, 50899000000, 
-0.027140941236223872,0.5849331049038989,0.5236777632312801, 50904000000, 
-0.09191901936919677,0.3962072216787834,0.5226819298903058, 50909000000, 
-0.039128570947374264,0.49923265933662253,0.5196073167123371, 50914000000, 
-0.08199625087698681,0.5623623263737002,0.510411145844514, 50919000000, 
0.031382813016347856,0.40477075395564444,0.5325631978576898, 50924000000, 
-0.13923239899105058,0.3770215025978283,0.5034006951789697, 50929000000, 
0.18621349256386613,0.566828655435229,0.5239700226233037, 50934000000, 
0.01735188854148026,0.4976502744779964,0.5069555040780824, 50939000000, 
-0.11936810001634103,0.45076324145412666,0.5075632014609021, 50944000000, 
0.07868740115674089,0.4803719542569992,0.5220821464692704, 50949000000, 
-0.08559365798461115,0.3345551903369045,0.514351675559184, 50954000000, 
-0.01234127996222744,0.6006442943462222,0.5249566207006127, 50959000000, 
-0.09860721623040326,0.35164440032595723,0.5133367477442258, 50964000000, 
0.1957787247511386,0.45731105324405835,0.5046216134114063, 50969000000, 
0.062008442924767856,0.42497155108290263,0.5126014978986715, 50974000000, 
-0.1591565464646981,0.42136371980983534,0.5074114458626215, 50979000000, 
-0.01248864819926837,0.5998836855341705,0.5248866600732334, 50984000000, 
-0.05287457564052311,0.28747475837158887,0.5154691807741795, 50989000000, 
-0.10592180283083975,0.6235835265947711,0.5084084793378082, 50994000000, 
0.024245869723723806,0.5230377930701794,0.4994601420178213, 50999000000, 
-0.08296385762559974,0.31470927648866803,0.5261105335986835, 51004000000, 
-0.08301488852841504,0.4849543462941291,0.5133302532218084, 51009000000, 
0.043496849518463554,0.6387539485448939,0.5191170778886159, 51014000000, 
-0.11314764461408208,0.34744373715843807,0.4982840701838521, 51019000000, 
-0.11626645196235323,0.5199429537682909,0.5058070726956803, 51024000000, 
0.05699600150116539,0.4346368585202316,0.5205368490173485, 51029000000, 
-0.18591460008210872,0.258173788104555,0.5090463275244211, 51034000000, 
0.22709275899043613,0.5794928353647248,0.5213231086823893, 51039000000, 
-0.008222868402871637,0.5326339916915639,0.5173906132827327, 51044000000, 
-0.06916304504852244,0.40245241364583095,0.5301499933389974, 51049000000, 
-0.07959012204046116,0.5186442519646265,0.5344279566001748, 51054000000, 
0.010191431137510282,0.5174058914733182,0.48018868441690027, 51059000000, 
-0.0980392190770645,0.43336074102384686,0.5189581773323995, 51064000000, 
-0.0735741438520358,0.538916968508668,0.5227857055923354, 51069000000, 
0.47156886549298416,0.5294737212934346,0.5198200573997299, 51074000000, 
-0.22081286489916663,0.38881823260830756,0.5209674355234631, 51079000000, 
-0.06754192709054863,0.6139727439485183,0.5304958494593075, 51084000000, 
0.05536702494284692,0.46540192906494676,0.5120731471571273, 51089000000, 
-0.13871592532431046,0.45875003789983043,0.5227264345949058, 51094000000, 
-0.06496254221363465,0.4952629136735209,0.5087427374345792, 51099000000, 
0.26596963877578983,0.44860524567888516,0.5031369486418631, 51104000000, 
-0.011145279423801255,0.430287372037262,0.5116047976747101, 51109000000, 
-0.0551610620152115,0.6037033211774989,0.5082389231538861, 51114000000, 
-0.11045682277774913,0.30342641687177,0.5188244805096583, 51119000000, 
-0.1028204908250992,0.45421940450430875,0.5023693417462599, 51124000000, 
0.012189256878088892,0.585418786279628,0.5033818739343017, 51129000000, 
0.0006745834493987538,0.37731678981272815,0.5016298146374669, 51134000000, 
-0.12840195250865946,0.5256934871012696,0.5182462837892753, 51139000000, 
-0.006373498094619574,0.48465755302792796,0.5026817268770921, 51144000000, 
-0.09815252480320574,0.42756727170610054,0.5094533071832548, 51149000000, 
-0.14034233128918136,0.5023404331049115,0.5110275716927953, 51154000000, 
0.0198882822303965,0.5158353656607513,0.5084107912071465, 51159000000, 
-0.0942852681717375,0.31993531387987734,0.5279822932204805, 51164000000, 
-0.11504861253990965,0.48042298930986876,0.5124641089189439, 51169000000, 
0.32556072490653626,0.5427426712472658,0.5256361102210284, 51174000000, 
-0.0835316310031868,0.3944025978026242,0.5239675541041329, 51179000000, 
-0.07443082253302029,0.5275140261855077,0.5074004005382129, 51184000000, 
-0.13261997536529235,0.4965080121680501,0.5298629151020616, 51189000000, 
0.02485332195378124,0.43553913541827594,0.5051053069048528, 51194000000, 
-0.05239313662031527,0.4854048217743616,0.5323387130114892, 51199000000, 
-0.12099484729455941,0.49738773608645404,0.5401820908652936, 51204000000, 
0.3153668599528535,0.4789706211942967,0.5257144473146598, 51209000000, 
-0.013991586436287451,0.3984222695077061,0.521253700593479, 51214000000, 
-0.16209679477747396,0.5418994030150209,0.4902095685353883, 51219000000, 
-0.12612816782762987,0.4211606576431187,0.5086842981799219, 51224000000, 
0.03629033190157652,0.36009615991562005,0.5104010143025824, 51229000000, 
-0.07630071362988991,0.47581838431246765,0.5315074031670606, 51234000000, 
-0.058890096983862814,0.566350673240044,0.5324365300356438, 51239000000, 
0.32693505676350487,0.3930687466830606,0.5212297443361988, 51244000000, 
-0.11048316008230286,0.4590281973759361,0.5018624115175889, 51249000000, 
-0.11689484707858441,0.5716182107657695,0.5047917128214212, 51254000000, 
0.08382269144069458,0.4473209413833074,0.5177721176743846, 51259000000, 
-0.015296801856753167,0.40630999688624236,0.5219911995163533, 51264000000, 
-0.16245457617080405,0.5740336602827196,0.5148709316098156, 51269000000, 
0.007025457671707534,0.5584078406000883,0.5071914674625168, 51274000000, 
-0.09003588364798182,0.345301406876595,0.520960977694184, 51279000000, 
-0.1374864727326566,0.5089927776342101,0.5210708648954182, 51284000000, 
-0.0862695657981794,0.4854207554023624,0.5166271084678593, 51289000000, 
0.04491503905750941,0.45352655763596067,0.5155526697505587, 51294000000, 
-0.032479342229478465,0.3001672263728709,0.5272968211825859, 51299000000, 
-0.11385561329044336,0.520156915476245,0.5172279661925204, 51304000000, 
0.26340410829750865,0.439370222003813,0.5309620993135475, 51309000000, 
0.02037362571578156,0.484881226948153,0.501941448629616, 51314000000, 
-0.10335408250467332,0.35489139099850775,0.51398535327106, 51319000000, 
-0.09057240879044962,0.5942034254839332,0.5114471821265867, 51324000000, 
-0.09714501267213789,0.4224804555609233,0.5114435309401748, 51329000000, 
0.06207113135592013,0.48986825841547005,0.5305607049612232, 51334000000, 
-0.035513153616531165,0.3698764986508097,0.5224483563408153, 51339000000, 
0.25637648768501625,0.4943049406920549,0.5148435945766547, 51344000000, 
-0.08091138292049545,0.4174877586353097,0.5022646999621503, 51349000000, 
0.09408306274762195,0.38465545337506307,0.5319529262420624, 51354000000, 
-0.08268500176650222,0.41673528761748196,0.5232923433159282, 51359000000, 
-0.18535917922109105,0.5140650765826618,0.526822694042031, 51364000000, 
-0.06167095321087888,0.49215835111164274,0.5055406658564328, 51369000000, 
-0.006205121107532435,0.5052557185057202,0.5102288737975321, 51374000000, 
0.35943568629421585,0.40434906621843103,0.5097554728702094, 51379000000, 
-0.08377788162022967,0.44485834493196336,0.5105872937487838, 51384000000, 
-0.12471260116272678,0.5022815516195357,0.5151318427829883, 51389000000, 
-0.01852811616090507,0.5406145638477102,0.52516843100861, 51394000000, 
-0.0672409847743903,0.4409324243897223,0.5124756661809531, 51399000000, 
-0.12678927308196813,0.4891990163222128,0.5160133281836786, 51404000000, 
-0.04885082920362495,0.4973750605002861,0.5100145809373396, 51409000000, 
0.05262320203591625,0.4133851177226339,0.517527886928129, 51414000000, 
-0.04127434884141509,0.3213782103386363,0.5168994414254676, 51419000000, 
-0.09121299408245644,0.4739652324208432,0.5077991851050402, 51424000000, 
-0.16244027170850414,0.47190475811772653,0.49513512581463787, 51429000000, 
0.07347887783741633,0.4675159546266622,0.5096087858377905, 51434000000, 
-0.0862943030045037,0.34789455728726765,0.5202602118070756, 51439000000, 
0.19479876439304827,0.4877811128901698,0.5148033895160429, 51444000000, 
-0.001971620785844605,0.525020438400054,0.5191336096498805, 51449000000, 
0.11149927921377219,0.42397825169629194,0.5218022598269628, 51454000000, 
-0.025372612657094194,0.4160937952720432,0.5210316678386469, 51459000000, 
-0.11935210493125663,0.4820581793431724,0.5324069696171168, 51464000000, 
-0.12234880591991538,0.4256892037130992,0.516882203903022, 51469000000, 
0.03403321061196632,0.48505548005763455,0.5117384870139591, 51474000000, 
0.3829558820734703,0.5306316266715603,0.5156676662482514, 51479000000, 
-0.189442096938291,0.4896429367811179,0.5031003779803974, 51484000000, 
-0.02846913878543658,0.46346943912173993,0.49837294723223513, 51489000000, 
0.03425527664652145,0.37429819564233113,0.5095031035199211, 51494000000, 
-0.1348586355725039,0.413774362833613,0.4977258370036601, 51501000000, 
0.13639139122538985,0.4483803182421976,0.5027023618814456, 51506000000, 
-0.18392608338180774,0.4843625905683319,0.501867423505991, 51511000000, 
0.11231907568444138,0.4668139893905995,0.49318869895077344, 51516000000, 
-0.12672332725600882,0.40463664763742246,0.5048782814381011, 51521000000, 
-0.051760458113213795,0.45410821845919425,0.499962855530988, 51526000000, 
0.10187980637113456,0.40038853034818156,0.49709724640009745, 51531000000, 
-0.17014664229287566,0.4640778611568762,0.4864237200144085, 51536000000, 
0.12178839348656526,0.41410169958851734,0.47832733932038635, 51541000000, 
0.1347222136821863,0.4827049505267632,0.48312328529334303, 51546000000, 
0.04599995332760969,0.5816007294038494,0.48460132371881615, 51551000000, 
-0.1967472578183119,0.4373478714448481,0.49047057823918716, 51556000000, 
-0.04038391597615104,0.41927841236403085,0.4887063179001651, 51561000000, 
0.03348268907712018,0.47777937964690964,0.49465402131442215, 51566000000, 
-0.18776984916706574,0.37505837534162234,0.49725150444898386, 51571000000, 
0.04498528153777691,0.407288662765144,0.5000423174955425, 51576000000, 
0.1941996802914765,0.48754069388640225,0.5084213085159193, 51581000000, 
-0.0770305562830157,0.5358248174030131,0.5070871836864599, 51586000000, 
0.025684728565627455,0.4740330750734707,0.5060731130604293, 51591000000, 
-0.21245932542648382,0.43986030972523343,0.5106950490257276, 51596000000, 
-0.07363534858332542,0.4496724476466296,0.49552421747811026, 51601000000, 
0.006255386377745236,0.4847471272341109,0.4947715685572242, 51606000000, 
-0.23400279676189784,0.3905141131221819,0.4981130713163078, 51611000000, 
0.35176467222956037,0.4046746140378446,0.48668928761080427, 51616000000, 
-0.16324332257715432,0.4856114835602107,0.4837007316949442, 51621000000, 
0.010048393674202967,0.442975143024342,0.49598282909416014, 51627000000, 
0.0022691190943337734,0.4406433497663021,0.4876739382945175, 51632000000, 
-0.1606125972740336,0.46259457404539905,0.503334027395518, 51637000000, 
-0.1070997988599541,0.49682895952107925,0.48633814154455124, 51642000000, 
-0.09814945466066606,0.5313001052691881,0.4980216435730074, 51647000000, 
-0.12100137301039784,0.42317263569222596,0.5221415918726209, 51652000000, 
-0.1025920055395392,0.48001905176139764,0.5096315577098528, 51657000000, 
-0.13266385147270576,0.4941084264655087,0.5167847029830844, 51662000000, 
-0.010307537327145339,0.3835459591955912,0.5227713784050736, 51667000000, 
0.03259990553321017,0.4230046532676822,0.51590148207148, 51672000000, 
-0.17943017957078597,0.4976940581274938,0.5156847053065639, 51677000000, 
0.21211976498748097,0.49344280065632296,0.5163715241607367, 51682000000, 
0.04373820225786237,0.3579669448763287,0.5313837008777259, 51687000000, 
-0.0934102273652241,0.43272360595559956,0.5203424159896168, 51692000000, 
-0.09014289254649216,0.44593870277481146,0.5299814127782678, 51697000000, 
0.05393652157154107,0.4482578463900013,0.5175474701819652, 51702000000, 
6.576874942085253e-05,0.4012055315140014,0.5275690557933655, 51707000000, 
-0.03470758458703684,0.5074848503080259,0.5264961230529548, 51712000000, 
0.2464985099871479,0.5120291960979445,0.5202213236790633, 51717000000, 
-0.07650274728930341,0.4664535977077312,0.5113884648581155, 51722000000, 
-0.04782787579527953,0.4629070513182993,0.5496492500198317, 51727000000, 
-0.07253966325817043,0.5628502899572977,0.5235011838838257, 51732000000, 
-0.06473277881458239,0.43058979469501646,0.5097632567372151, 51737000000, 
0.04812771629358097,0.4934876831496171,0.5044937334470436, 51742000000, 
-0.06678021369355457,0.4912696907179225,0.5095986155155019, 51747000000, 
-0.0720006461481673,0.44457587681289756,0.49411097493465855, 51752000000, 
-0.0856529175473002,0.4634267368040521,0.5181557293837404, 51757000000, 
-0.01416789879824399,0.5007694986055601,0.495342585634391, 51762000000, 
0.0011878908316385987,0.4215645779926302,0.5220731990600692, 51767000000, 
-0.12301869142231275,0.5117628444734051,0.503266225447843, 51772000000, 
-0.09302669107543624,0.5295317984309994,0.5036843477408519, 51778000000, 
0.027207672983372205,0.4834595306270686,0.5184549895640829, 51783000000, 
0.26233701186768843,0.3967742488775198,0.5305634658945639, 51788000000, 
-0.12256761540668411,0.48867976191248835,0.4898547392840784, 51793000000, 
0.021359946097680903,0.40307230812480355,0.5176928421905037, 51798000000, 
-0.1112030975834574,0.3771310836540909,0.49896674692132026, 51803000000, 
-0.1325216948528181,0.45923165439011476,0.5304722068454075, 51808000000, 
-0.0791972966998792,0.47127626042450804,0.525844414195375, 51813000000, 
0.3189774293041674,0.45757745457939375,0.5245965751715911, 51818000000, 
-0.04341637565446222,0.40230658121597035,0.5285272257222776, 51823000000, 
-0.17723984323848707,0.5059800530281734,0.4941399223789682, 51828000000, 
-0.10736172845267108,0.5374381406250068,0.5037133217412149, 51833000000, 
-0.008642548555731617,0.479918906308243,0.5104911835526504, 51838000000, 
-0.05096072703648516,0.4883551395530167,0.505062087574582, 51843000000, 
-0.10379416308372241,0.46826460642532874,0.5120105034631973, 51848000000, 
0.29918830306327004,0.47919751333112054,0.5280126681270638, 51853000000, 
-0.047055053035090916,0.45994609759307603,0.5157610436656022, 51858000000, 
-0.03889816388918288,0.4091412964287794,0.5217712446131952, 51863000000, 
-0.10441643777740803,0.5164613132591904,0.5020277071737326, 51868000000, 
-0.04771104989853775,0.4726361458334639,0.49584034836659135, 51873000000, 
-0.05209614697181383,0.4451754720794395,0.5228975070466871, 51878000000, 
-0.14346469555114774,0.5527179183133493,0.5236990867069461, 51883000000, 
0.03321235349087072,0.5321000036184018,0.5191709427911867, 51888000000, 
-0.13221554810166541,0.4528753920733853,0.515610471337268, 51893000000, 
-0.05974790397845642,0.4546865918262334,0.5079881915048226, 51898000000, 
-0.09080359514758193,0.52658628236298,0.5224191184991748, 51903000000, 
0.001526368949073308,0.4394063785710219,0.5178612141070873, 51908000000, 
-0.09491011841306282,0.4454997846152764,0.5234890927451219, 51913000000, 
-0.19107072724907082,0.4756455272458514,0.5157135818583384, 51918000000, 
0.2414833403774413,0.47861848389698797,0.5103059704559202, 51923000000, 
0.02251470341319775,0.4658143626072489,0.5285517368196256, 51928000000, 
0.01328459790851774,0.44294128309282893,0.5214394909265543, 51933000000, 
-0.14693111133690132,0.5106644870371596,0.5050788637573548, 51938000000, 
-0.12823644273564888,0.491481022279333,0.5228724999815143, 51943000000, 
0.0840808425882705,0.4745950201312614,0.4984384038519773, 51948000000, 
-0.06795410057856804,0.3838551844085892,0.5140118253314945, 51953000000, 
0.3267969262603594,0.417918473051348,0.5265671769702153, 51958000000, 
0.04845520766603978,0.43074243047673083,0.4920034649828477, 51963000000, 
-0.034264593301336424,0.4855358355941737,0.5102648803614721, 51968000000, 
-0.09861208185345446,0.42403420315291,0.5268196331921108, 51973000000, 
-0.023505527158051168,0.4833345437771719,0.5165402009490999, 51978000000, 
0.060505118042018344,0.5003612094618739,0.5218354113750547, 51983000000, 
0.23151392611144064,0.49320074775570855,0.5067443294615425, 51988000000, 
-0.01230293179112885,0.49890144564530553,0.5152683484900112, 51993000000, 
0.039776675277889424,0.47089652784100794,0.5195551716227625, 51998000000, 
-0.034795806283734104,0.48107149744034566,0.5005665756228072, 52003000000, 
-0.1441261891417662,0.5129340209372194,0.5140988029549274, 52008000000, 
0.020108337607812846,0.504561267962945,0.5133842899190582, 52013000000, 
-0.04914536706432994,0.5227458891130452,0.5110715883321298, 52018000000, 
-0.13414478312104092,0.554031521383482,0.5385898541527625, 52023000000, 
-0.01648212614590444,0.4894950462817136,0.5295530561601105, 52028000000, 
-0.07147672259066475,0.4448880125372837,0.5283768254710384, 52033000000, 
-0.05138062207144626,0.5189232145843774,0.49919933847612985, 52038000000, 
-0.173891133106304,0.5203737434585745,0.513969865768221, 52043000000, 
-0.02936607477506574,0.43070837676743245,0.5192825610999982, 52048000000, 
-0.1123480866174972,0.43935599927045293,0.5103929253997103, 52053000000, 
0.19298395417465966,0.5439835871002583,0.5155939285731824, 52058000000, 
0.051846621819595824,0.4524067365770402,0.5267295438209388, 52063000000, 
-0.11089784203112585,0.5041111230985458,0.5181258924842059, 52068000000, 
-0.12575237950298118,0.5074546621405771,0.5156423433781485, 52073000000, 
-0.017141669236326013,0.4070844910904657,0.5170269304143502, 52078000000, 
-0.07258591969782092,0.5377932699078453,0.5116424817604309, 52083000000, 
-0.11541404498306836,0.5233659160983176,0.5041952037399211, 52088000000, 
0.3434703030699193,0.4730985872385859,0.511686662705254, 52093000000, 
-0.03963776174122366,0.47400543065969547,0.5010940998276888, 52098000000, 
-0.1332736826099625,0.5669061477194521,0.5102144206187812, 52103000000, 
0.005916196678281305,0.49012354282236037,0.5006381296038508, 52108000000, 
0.017933719330751514,0.43215985420110914,0.524741512583515, 52113000000, 
-0.16840166440818832,0.47732695896778754,0.5049478519357635, 52118000000, 
0.03185540884023071,0.44552839989548776,0.5231390288036103, 52123000000, 
-0.027082457171272677,0.4036983493550015,0.5193045127853676, 52128000000, 
-0.17709519399300758,0.5056348760552593,0.5128166243204536, 52133000000, 
0.011719194569649961,0.538685900192582,0.5032009458522604, 52138000000, 
-0.13785641918395308,0.4762207378382188,0.5266432280562195, 52143000000, 
-0.056237820035773746,0.5279474433083055,0.5381299635354938, 52148000000, 
-0.0019367611360406496,0.47817796925482803,0.5078924396674162, 52153000000, 
0.20612819252069914,0.4438288449195667,0.5166938873587924, 52158000000, 
-0.06802374904168404,0.5153836282895335,0.5248608580823884, 52163000000, 
-0.0057130227341295305,0.4700896655864968,0.5192921879383525, 52168000000, 
-0.0448464124996261,0.5213741122521777,0.5260055802385138, 52173000000, 
-0.08199770964145559,0.3952870502060767,0.5164728783117942, 52178000000, 
-0.05018185557360347,0.4829011062253747,0.510436236235325, 52183000000, 
-0.0883502147580943,0.42406518068273286,0.5074212561249406, 52188000000, 
0.34925566906685546,0.5248896385831492,0.5047724291752292, 52193000000, 
-0.038617911711998534,0.3849640666800998,0.5106519266189702, 52198000000, 
-0.11148430060484733,0.4435065237543825,0.5063308990427527, 52203000000, 
-0.07283470687704668,0.5052119255536787,0.5113961202812765, 52208000000, 
0.027070101754325285,0.4847769394085114,0.5060507256837494, 52213000000, 
-0.03794531042132637,0.48549657978265603,0.5126129780971692, 52218000000, 
-0.10383862737127346,0.4472203569595093,0.5144415008993195, 52223000000, 
-0.04376600911982628,0.4816004070791808,0.5071917372111356, 52228000000, 
-0.05931497665628783,0.5383273053302823,0.4933729100416321, 52233000000, 
0.043295320947277866,0.46224846294096084,0.5007479263667093, 52238000000, 
-0.15904476433482365,0.47081493378411565,0.517992946148165, 52243000000, 
-0.06769363856916197,0.5018537927849785,0.5065591673658771, 52248000000, 
-0.05188031587920664,0.3640461198371432,0.4796698664007966, 52253000000, 
-0.15625939347138962,0.5014819816958832,0.4979510641456215, 52258000000, 
0.27843043554780483,0.5000302934047632,0.495042400090159, 52263000000, 
-0.1495040812744704,0.5293398805042488,0.4945262215899262, 52268000000, 
0.00019525825995530405,0.47998438486005063,0.49750543772240696, 52273000000, 
-0.007912506024595138,0.4504074672092086,0.5056583882754061, 52278000000, 
-0.14689304211010984,0.6010957519388694,0.5005368048805799, 52283000000, 
-0.04371116759727164,0.47404294333429964,0.48594266617874093, 52288000000, 
-0.062448454325576275,0.5400294417724867,0.494574365502357, 52293000000, 
0.20955664680372554,0.4818351232817745,0.5177654611783415, 52298000000, 
0.046822723106005444,0.40529901905950755,0.5024091837633267, 52303000000, 
-0.13597724523276294,0.4911016095336094,0.5013996260881889, 52309000000, 
-0.07152383159985734,0.48620388179047946,0.48706191717393743, 52314000000, 
-0.005334674902857086,0.44038944224346643,0.4866913379891982, 52319000000, 
-0.10705364829630727,0.5036587279253284,0.5179011243845695, 52324000000, 
-0.006251007531653413,0.5116481622422469,0.516077976330685, 52329000000, 
-0.002396128187565686,0.3815198433911002,0.48816006875059087, 52334000000, 
-0.10160834437067415,0.5853964390331334,0.5041231440336238, 52339000000, 
-0.029306147363440962,0.4957689467321774,0.4908973541894409, 52344000000, 
-0.022525623374416878,0.4615534968343373,0.4970012207962491, 52349000000, 
-0.18161283933051295,0.4662707022606656,0.5087353401687654, 52354000000, 
-0.012367643724267657,0.5095768532882274,0.4994384423495536, 52359000000, 
0.2798243028283066,0.4421744909647548,0.4853516931894313, 52364000000, 
-0.08277535545210901,0.5347536442482237,0.5023671351778688, 52369000000, 
0.005134194175633391,0.5037741098753672,0.5009687508877037, 52374000000, 
-0.11351903410217742,0.4523861340651706,0.4868330161588226, 52379000000, 
-0.10846875111725443,0.39872404407130824,0.501835683977213, 52384000000, 
-0.002784604324834572,0.41576101180970765,0.5154601077635608, 52389000000, 
-0.0291182343828824,0.42955459458435696,0.5029746138701493, 52394000000, 
0.17874084483895045,0.5270868012270928,0.5225064128488401, 52399000000, 
-0.014835559480395869,0.519788460602738,0.510943594060288, 52404000000, 
0.039336483398266106,0.4709489657058215,0.5039137981976334, 52409000000, 
-0.1504371435189287,0.556817316767736,0.5016996983946518, 52414000000, 
-0.20171711292651284,0.49229843989983113,0.5200749879623585, 52419000000, 
0.019063140941996033,0.387303562324175,0.5083912228261718, 52424000000, 
0.005928421682059641,0.47476035580433384,0.49848236364522536, 52429000000, 
0.25474473837603717,0.4623253671669598,0.5202811358922542, 52434000000, 
-0.12569560031089758,0.5352231772057826,0.5172949845233671, 52439000000, 
-0.01530597668554512,0.45595343075696315,0.5370244150909089, 52444000000, 
-0.04230815406259382,0.5295203290375078,0.5164292912401275, 52449000000, 
-0.057350180573141396,0.46224118657980223,0.5116399531872216, 52454000000, 
-0.1737675120447163,0.5302381399688852,0.5064901704701923, 52459000000, 
-0.04140608385337215,0.48214643230474535,0.5101403447004969, 52464000000, 
-0.030293915090310423,0.559502832424955,0.5121428143701401, 52469000000, 
-0.004835306063629571,0.4612370334531353,0.49470924401660676, 52474000000, 
-0.10988971456135514,0.5023489167638759,0.507659886416569, 52479000000, 
-0.00871669542376284,0.39511476100942117,0.5091926806625853, 52484000000, 
0.058940754142078826,0.4094665435510258,0.5186021684930407, 52489000000, 
-0.13329091540131288,0.39218974273928403,0.5210699551400633, 52494000000, 
0.3179037360644069,0.45788566467787434,0.5184653800703964, 52499000000, 
-0.035951445905412244,0.48965620616745326,0.5179279876795156, 52504000000, 
-0.046454844295975004,0.4148731945703144,0.5085623424693498, 52510000000, 
-0.02181349268576211,0.3667677976532337,0.5068042005202675, 52515000000, 
-0.050814383672627285,0.5687851586706713,0.5126065680913584, 52520000000, 
0.04290106308475476,0.4445345720626003,0.5197626332135015, 52526000000, 
0.0029214323637132243,0.46521968845548134,0.512308652691272, 52531000000, 
0.14852973267062466,0.5551339739661789,0.520462705600007, 52536000000, 
0.03750050152643401,0.44806699043356224,0.514528955327038, 52541000000, 
0.09467841441436635,0.40571373238204234,0.4995480046467508, 52546000000, 
-0.15760082001102138,0.6141373721101456,0.5029390227418533, 52551000000, 
-0.010172252563919997,0.5096341232537097,0.4974650944565143, 52556000000, 
-0.05936196585808144,0.471493453177237,0.5108567597237537, 52561000000, 
0.13366540154770945,0.49939294937136597,0.4976886109435875, 52566000000, 
0.02246728006700051,0.46573521052378947,0.5016025773752444, 52571000000, 
0.08489481221680015,0.48911548626998613,0.48028389365526525, 52576000000, 
-0.10877150720104922,0.6365144090654031,0.4909830981310527, 52581000000, 
-0.09631511684307051,0.44208650487198814,0.4976402213680367, 52586000000, 
0.06997955252080365,0.43087199014008043,0.497373550519008, 52591000000, 
-0.2123987619764224,0.5283407170064297,0.5027888108063289, 52596000000, 
-0.08541977150782096,0.4122054147761919,0.499081901830774, 52601000000, 
0.06569197369401307,0.4659297905739158,0.5089823960816761, 52606000000, 
-0.149614615721672,0.44538427454990404,0.4870135856081116, 52611000000, 
-0.022384398102085628,0.3831053603021458,0.4907841077662057, 52616000000, 
-0.0061195205070105115,0.5077374534915801,0.4788761459304064, 52621000000, 
-0.13881232159018622,0.471168323709233,0.48856744266353985, 52626000000, 
-0.013292138420066865,0.40414848510903434,0.5009137223256496, 52631000000, 
0.3393854955827539,0.4764236636400317,0.49625062457113694, 52636000000, 
-0.10314961839191049,0.43149024641430056,0.5078344791713686, 52641000000, 
0.010939220746857967,0.4622159060208331,0.5112120387009716, 52646000000, 
-0.057283668985175076,0.4466381975011585,0.5213220727155995, 52651000000, 
-0.031597977578423475,0.38311833354412067,0.507191555052838, 52656000000, 
-0.021883090817513797,0.43730654614334113,0.5012660127116837, 52661000000, 
-0.16363843163691716,0.5030556970163654,0.49804254152084054, 52666000000, 
0.3484679322114118,0.4341828982819302,0.5283568844228651, 52671000000, 
-0.074175751408031,0.621909289629984,0.5124108669270994, 52676000000, 
-0.06670120741379632,0.3781091679769916,0.5004229511178335, 52681000000, 
0.00516700728676105,0.583410793130336,0.501618421674663, 52686000000, 
-0.1291353050418816,0.6706564843885996,0.5120186879845224, 52691000000, 
-0.008118194183223876,0.32902385665336265,0.5266714513346168, 52696000000, 
-0.09787759501466917,0.5781034816773001,0.5117297113642827, 52701000000, 
-0.09650794243802946,0.6112264214811136,0.5102730561889011, 52706000000, 
0.005993193614936714,0.4401055390707547,0.5014973614396525, 52711000000, 
0.0011807328736962788,0.44977928736241146,0.5230167538350052, 52716000000, 
-0.11074881099279879,0.5001851373308027,0.5119314058273311, 52721000000, 
0.0025215238362987086,0.68132898975812,0.5142142823946101, 52726000000, 
0.004780816513029241,0.3544867557135002,0.5203790261243293, 52731000000, 
0.17792179191257437,0.5447264848477403,0.5110922654240916, 52736000000, 
0.018655666365941837,0.6252232985595125,0.5030900011710373, 52741000000, 
-0.04683920687941158,0.39167237840844393,0.5126085803459242, 52746000000, 
-0.06961301391529312,0.5288028851741059,0.5157133362835689, 52751000000, 
-0.05980761125480453,0.6344175817873703,0.517053563731023, 52756000000, 
-0.07763731499670377,0.3652708494484748,0.51904092518487, 52761000000, 
-0.05952125254101936,0.5012571806147371,0.5124594432763475, 52766000000, 
0.3201438734546522,0.5882618905515121,0.49991764025725316, 52771000000, 
-0.05091844924722113,0.34509926562001686,0.5334756942347525, 52776000000, 
-0.11015186658676995,0.5231009991485849,0.5249463453935423, 52781000000, 
-0.11477496527476931,0.5750487536840164,0.526112423335712, 52786000000, 
-0.1572260326890942,0.3917142291033397,0.5276830031620098, 52791000000, 
-0.133633909802186,0.5303387012034909,0.5071319729470195, 52796000000, 
-0.026651488118122534,0.4736400545895071,0.5136887056527609, 52801000000, 
-0.07131393165403085,0.5237312768730956,0.520848197319796, 52806000000, 
0.003336370603811256,0.6289280149247422,0.4949343844575538, 52811000000, 
-0.10964860287394478,0.3701585339847053,0.5117937355638987, 52816000000, 
-0.08078288577908947,0.397934404268822,0.518022137670824, 52821000000, 
-0.0038849565464491066,0.6353332573475937,0.52169323921825, 52826000000, 
-0.13557251577539695,0.26611846602904377,0.5137274669075942, 52831000000, 
-0.13509199838682276,0.45269477476832315,0.5144548814831834, 52836000000, 
0.30590066366583873,0.5698619130397069,0.522278104690319, 52841000000, 
-0.046143587568889845,0.43908947204335164,0.533946721871532, 52846000000, 
-0.10215516202381708,0.5067544785468261,0.5137226276540414, 52851000000, 
-0.0370157988930505,0.5307625934324102,0.5154183099522156, 52856000000, 
0.01817693972885651,0.4307446606391509,0.5199404037712099, 52861000000, 
-0.0979122616045514,0.47738364080762064,0.5342169621326192, 52866000000, 
0.02301013352086005,0.5727612293002105,0.5209975405076964, 52871000000, 
0.289881571420306,0.3540106821990996,0.5352217236189559, 52876000000, 
-0.13909076269382764,0.4992848936179142,0.5030377904665334, 52881000000, 
0.02750010162156698,0.642791775871428,0.5330866903780801, 52886000000, 
0.03298460111936024,0.4516378903321479,0.5148995131856242, 52891000000, 
-0.13556140886673318,0.48790676731965554,0.5141442491962116, 52896000000, 
-0.028227520750054694,0.5647814878580136,0.517227958981028, 52901000000, 
0.20057919726698653,0.35229745727495687,0.5212808099471008, 52906000000, 
-0.030290275616946243,0.44250130033894175,0.5005692293843066, 52911000000, 
-0.01027478273364473,0.5861252316431027,0.5066463844325271, 52916000000, 
-0.028371126667432776,0.40012296629811817,0.5140319163372544, 52921000000, 
-0.04613450772073417,0.5930306700642322,0.4930692046705685, 52926000000, 
-0.023791260468398853,0.5529710672980105,0.5159538935457197, 52931000000, 
-0.15928961809640801,0.43677563133492614,0.5058745618522176, 52936000000, 
-0.06837460889951824,0.5546572073111344,0.51062771746442, 52941000000, 
-0.04858820483999174,0.4328302314002043,0.5154735123120069, 52946000000, 
-0.056636091037690184,0.4796265553511532,0.5077183795767547, 52951000000, 
-0.030613913241482583,0.5771906156724474,0.5164388641155302, 52956000000, 
-0.07776096610842129,0.4329257725097518,0.51232373908507, 52961000000, 
-0.04974352643652946,0.5454907745569245,0.5367862746865285, 52966000000, 
-0.04846952679868548,0.5401467731938051,0.5300714065241453, 52971000000, 
0.37193026978949023,0.40173113591977033,0.5140653583976168, 52976000000, 
-0.1027559877346506,0.434048110468529,0.5271393763149715, 52981000000, 
-0.11024090176538721,0.5729531581845141,0.5063968978805847, 52986000000, 
-0.0998566874629454,0.3182038838813237,0.4987053005079904, 52991000000, 
-0.1288803030947413,0.4746803202626849,0.5125194232822577, 52996000000, 
-0.07169797486594705,0.5929225344930551,0.5084064853511173, 53002000000, 
-0.07474594191813329,0.42478499405928444,0.49401291655539575, 53007000000, 
0.3179707267378057,0.6044943947959293,0.5213238286351243, 53012000000, 
-0.10942120075044351,0.4575230740793641,0.519273261934636, 53017000000, 
-0.0544584854858601,0.43776992261078757,0.5249335945979217, 53022000000, 
-0.025582229926727824,0.5714155647349556,0.5221041132632093, 53027000000, 
-0.11097246612711166,0.42413223511367687,0.5313869799727627, 53032000000, 
-0.09917386307908828,0.5461927646844305,0.5198597474137436, 53037000000, 
0.26414300808110963,0.5614549792990262,0.5162772488178513, 53042000000, 
0.07184023242538257,0.39724333890464797,0.5065931192490336, 53047000000, 
-0.10010169849539878,0.47304742134260613,0.5042180241341916, 53052000000, 
-0.021308731502167007,0.5780697897607912,0.5079201371326331, 53057000000, 
-0.09031024384726336,0.42750951637274953,0.5219228895245906, 53062000000, 
-0.06435660052558131,0.5330417303213465,0.5243957873078717, 53067000000, 
0.017276735638421966,0.6289678852214206,0.49867871411980774, 53072000000, 
-0.008786143854371625,0.4897758110522727,0.5256616877008301, 53077000000, 
-0.1556992872364097,0.4939111479951201,0.49713681458753556, 53082000000, 
0.006194921531883106,0.48045812979821034,0.5192237108729172, 53087000000, 
0.16069243882805453,0.5273307397693427,0.5164876669259187, 53092000000, 
-0.17370762584023625,0.41719835332839383,0.5119245399168855, 53097000000, 
0.02087349591432759,0.4895622415838072,0.5249920852381663, 53102000000, 
-0.034110929109132646,0.5309663930895727,0.5233729765512967, 53107000000, 
0.35656149662479664,0.655882823009419,0.5114915314303375, 53112000000, 
-0.1347118071925689,0.4760307876101813,0.5157407082629802, 53117000000, 
-0.07476784874312604,0.5016917132247475,0.5180023226879347, 53122000000, 
-0.05627489227979073,0.5706057347400534,0.5158164127363788, 53127000000, 
0.0070945799957384675,0.5498899088771146,0.5113469111333052, 53132000000, 
-0.04868784142063417,0.37251256158074214,0.4880642574654303, 53137000000, 
-0.05305500968937715,0.506417709342431,0.5128006180154422, 53142000000, 
0.3278655836518981,0.5591183617201073,0.5025596113251689, 53147000000, 
0.016948157953546667,0.5165688016016169,0.5061628464809677, 53152000000, 
-0.0932349017009155,0.4693753527414902,0.5153892923021025, 53157000000, 
