ranges, angle_increment, stamp, 
array('f', [inf, inf, inf, inf, inf, inf, inf, inf, inf, inf, inf, inf, inf, inf, inf, inf, inf, inf, inf, inf, inf, inf, inf, inf, inf, inf, inf, inf, inf, inf, inf, inf, inf, 3.470743179321289, 3.4769294261932373, inf, inf, inf, inf, inf, inf, inf, 3.458326816558838, 3.4051296710968018, 3.388784885406494, 3.3257124423980713, 3.280454635620117, 3.260474681854248, 3.2350170612335205, 3.201627492904663, 3.178468942642212, 3.150317907333374, 3.097614049911499, 3.0838615894317627, 3.0585904121398926, 3.044016122817993, 3.018476963043213, 3.0214600563049316, 2.962315797805786, 2.9609200954437256, 2.9368481636047363, 2.925417184829712, 2.9228732585906982, 2.913306474685669, 2.8901877403259277, 2.867506742477417, 2.86503267288208, 2.8407466411590576, 2.8588883876800537, 2.8413705825805664, 2.8300094604492188, 2.811251401901245, 2.801089286804199, 2.8152809143066406, 2.8067493438720703, 2.8015146255493164, 2.806445598602295, 2.7976739406585693, 2.8017561435699463, 2.7999892234802246, 2.7938919067382812, 2.793602705001831, 2.810112237930298, 2.8184525966644287, 2.812600612640381, 2.820314884185791, 2.8222131729125977, 2.8176662921905518, 2.8367955684661865, 2.858891248703003, 2.8578720092773438, 2.88669490814209, 2.880868673324585, 2.8859856128692627, 2.905710220336914, 2.9171907901763916, 2.956608533859253, 2.961899757385254, 2.9850475788116455, 3.001662254333496, 3.0155253410339355, 3.046630620956421, 3.0718350410461426, 3.0892817974090576, 3.1112496852874756, 3.144300699234009, 3.1545751094818115, 3.177905321121216, 3.2389204502105713, 3.2674522399902344, 3.2940590381622314, 3.341413974761963, 3.3858437538146973, 3.4174726009368896, 3.4540483951568604, inf, inf, inf, inf, inf, inf, inf, inf, inf, inf, inf, inf, inf, inf, inf, inf, inf, inf, inf, inf, inf, inf, inf, inf, inf, inf, inf, inf, inf, inf, inf, inf, inf, inf, inf, inf, inf, inf, inf, inf, inf, inf, inf, inf, inf, inf, inf, inf, inf, inf, inf, inf, inf, inf, inf, inf, inf, inf, inf, inf, inf, inf, inf, inf, inf, inf, inf, inf, inf, inf, inf, inf, inf, inf, inf, inf, inf, inf, inf, inf, inf, inf, inf, inf, inf, inf, inf, inf, inf, inf, inf, inf, inf, inf, inf, inf, inf, inf, inf, inf, inf, inf, inf, inf, inf, inf, inf, inf, inf, inf, inf, inf, inf, inf, inf, inf, inf, inf, inf, inf, inf, inf, inf, inf, inf, inf, inf, inf, inf, inf, inf, inf, inf, inf, inf, inf, inf, inf, inf, inf, inf, inf, inf, inf, inf, inf, inf, inf, inf, inf, inf, inf, inf, inf, inf, inf, inf, inf, inf, inf, inf, inf, inf, inf, inf, inf, inf, inf, inf, inf, inf, inf, inf, inf, inf, inf, inf, inf, inf, inf, inf, inf, inf, inf, inf, inf, inf, inf, inf, inf, inf, inf, inf, inf, inf, inf, inf, inf, inf, inf, inf, inf, inf, inf, inf, inf, inf, inf, inf, inf, inf, inf, inf, inf, inf, inf, inf, inf, inf, inf, inf, inf, inf, inf, inf, inf, inf, inf, inf, inf, inf, inf, inf, inf, inf, inf, inf, inf, inf, inf, inf, inf, inf, inf, inf]), 0.01749303564429283, 26405000000, 
array('f', [inf, inf, inf, inf, inf, inf, inf, inf, inf, inf, inf, inf, inf, inf, inf, inf, inf, inf, inf, inf, inf, inf, inf, inf, inf, inf, inf, inf, inf, 3.440333843231201, inf, inf, inf, inf, inf, inf, inf, inf, 3.4448046684265137, 3.3964083194732666, 3.3863916397094727, 3.3254785537719727, 3.3171579837799072, 3.2551729679107666, 3.2210042476654053, 3.198945999145508, 3.156470537185669, 3.154393434524536, 3.0947344303131104, 3.0912039279937744, 3.0619592666625977, 3.0179331302642822, 3.007230520248413, 2.973416805267334, 2.981562376022339, 2.969775676727295, 2.938770055770874, 2.940523624420166, 2.907374620437622, 2.8785414695739746, 2.887401580810547, 2.8737380504608154, 2.8823959827423096, 2.840060234069824, 2.8378169536590576, 2.83534574508667, 2.81807804107666, 2.8241994380950928, 2.8141510486602783, 2.8167335987091064, 2.797426223754883, 2.795839309692383, 2.7928032875061035, 2.7769267559051514, 2.8019111156463623, 2.8142738342285156, 2.7800707817077637, 2.8074870109558105, 2.8080151081085205, 2.8074045181274414, 2.802062511444092, 2.824707269668579, 2.843158721923828, 2.832484006881714, 2.8382978439331055, 2.872347116470337, 2.8700029850006104, 2.8698511123657227, 2.8810672760009766, 2.8898367881774902, 2.912034273147583, 2.913555383682251, 2.9425528049468994, 2.9706902503967285, 2.9778800010681152, 3.0137851238250732, 3.016354560852051, 3.0548315048217773, 3.0756373405456543, 3.0798909664154053, 3.1053848266601562, 3.1534297466278076, 3.196887731552124, 3.216083288192749, 3.234358310699463, 3.267641305923462, 3.30079984664917, 3.3528292179107666, 3.3800833225250244, 3.425321102142334, 3.446852207183838, inf, inf, inf, inf, inf, inf, inf, inf, inf, inf, inf, inf, inf, inf, inf, inf, inf, inf, inf, inf, inf, inf, inf, inf, inf, inf, inf, inf, inf, inf, inf, inf, inf, inf, inf, inf, inf, inf, inf, inf, inf, inf, inf, inf, inf, inf, inf, inf, inf, inf, inf, inf, inf, inf, inf, inf, inf, inf, inf, inf, inf, inf, inf, inf, inf, inf, inf, inf, inf, inf, inf, inf, inf, inf, inf, inf, inf, inf, inf, inf, inf, inf, inf, inf, inf, inf, inf, inf, inf, inf, inf, inf, inf, inf, inf, inf, inf, inf, inf, inf, inf, inf, inf, inf, inf, inf, inf, inf, inf, inf, inf, inf, inf, inf, inf, inf, inf, inf, inf, inf, inf, inf, inf, inf, inf, inf, inf, inf, inf, inf, inf, inf, inf, inf, inf, inf, inf, inf, inf, inf, inf, inf, inf, inf, inf, inf, inf, inf, inf, inf, inf, inf, inf, inf, inf, inf, inf, inf, inf, inf, inf, inf, inf, inf, inf, inf, inf, inf, inf, inf, inf, inf, inf, inf, inf, inf, inf, inf, inf, inf, inf, inf, inf, inf, inf, inf, inf, inf, inf, inf, inf, inf, inf, inf, inf, inf, inf, inf, inf, inf, inf, inf, inf, inf, inf, inf, inf, inf, inf, inf, inf, inf, inf, inf, inf, inf, inf, inf, inf, inf, inf, inf, inf, inf, inf, inf, inf, inf, inf, inf, inf, inf, inf, inf, inf, inf, inf, inf, inf, inf, inf, inf, inf, inf, inf, inf, inf, inf, inf]), 0.01749303564429283, 26605000000, 
array('f', [inf, inf, inf, inf, inf, inf, inf, inf, inf, inf, inf, inf, inf, inf, inf, inf, inf, inf, inf, inf, inf, inf, inf, inf, 3.4663188457489014, inf, inf, inf, inf, inf, inf, inf, 3.4653754234313965, 3.4297196865081787, 3.3707830905914307, 3.3434898853302, 3.315098285675049, 3.273723602294922, 3.2458534240722656, 3.2127366065979004, 3.1913321018218994, 3.131171703338623, 3.1144115924835205, 3.0809428691864014, 3.0513904094696045, 3.051854372024536, 3.013654947280884, 3.0246286392211914, 2.9720654487609863, 2.9687817096710205, 2.9394288063049316, 2.931889772415161, 2.916809320449829, 2.905005931854248, 2.889554738998413, 2.8891847133636475, 2.864314317703247, 2.8753676414489746, 2.8381714820861816, 2.8372254371643066, 2.8295438289642334, 2.830625534057617, 2.823025703430176, 2.8164074420928955, 2.816473960876465, 2.8000082969665527, 2.80391001701355, 2.8005082607269287, 2.783001661300659, 2.794367551803589, 2.8049378395080566, 2.8055293560028076, 2.8116044998168945, 2.8130383491516113, 2.8140504360198975, 2.8079450130462646, 2.8252756595611572, 2.853642225265503, 2.842015027999878, 2.8522720336914062, 2.8880369663238525, 2.871497869491577, 2.8922853469848633, 2.8973000049591064, 2.9149081707000732, 2.9322292804718018, 2.9541220664978027, 2.9489316940307617, 2.9886937141418457, 2.991795301437378, 3.01452374458313, 3.045366048812866, 3.068848133087158, 3.101280450820923, 3.1225674152374268, 3.140915632247925, 3.148599863052368, 3.2102279663085938, 3.2236926555633545, 3.2792015075683594, 3.2949395179748535, 3.3301846981048584, 3.39373517036438, 3.432224750518799, 3.466381311416626, inf, inf, inf, inf, inf, inf, inf, inf, inf, inf, inf, inf, inf, inf, inf, inf, inf, inf, inf, inf, inf, inf, inf, inf, inf, inf, inf, inf, inf, inf, inf, inf, inf, inf, inf, inf, inf, inf, inf, inf, inf, inf, inf, inf, inf, inf, inf, inf, inf, inf, inf, inf, inf, inf, inf, inf, inf, inf, inf, inf, inf, inf, inf, inf, inf, inf, inf, inf, inf, inf, inf, inf, inf, inf, inf, inf, inf, inf, inf, inf, inf, inf, inf, inf, inf, inf, inf, inf, inf, inf, inf, inf, inf, inf, inf, inf, inf, inf, inf, inf, inf, inf, inf, inf, inf, inf, inf, inf, inf, inf, inf, inf, inf, inf, inf, inf, inf, inf, inf, inf, inf, inf, inf, inf, inf, inf, inf, inf, inf, inf, inf, inf, inf, inf, inf, inf, inf, inf, inf, inf, inf, inf, inf, inf, inf, inf, inf, inf, inf, inf, inf, inf, inf, inf, inf, inf, inf, inf, inf, inf, inf, inf, inf, inf, inf, inf, inf, inf, inf, inf, inf, inf, inf, inf, inf, inf, inf, inf, inf, inf, inf, inf, inf, inf, inf, inf, inf, inf, inf, inf, inf, inf, inf, inf, inf, inf, inf, inf, inf, inf, inf, inf, inf, inf, inf, inf, inf, inf, inf, inf, inf, inf, inf, inf, inf, inf, inf, inf, inf, inf, inf, inf, inf, inf, inf, inf, inf, inf, inf, inf, inf, inf, inf, inf, inf, inf, inf, inf, inf, inf, inf, inf, inf, inf, inf, inf, inf, inf, inf, inf, inf, inf, inf, inf, inf]), 0.01749303564429283, 26808000000, 
array('f', [inf, inf, inf, inf, inf, inf, inf, inf, inf, inf, inf, inf, inf, inf, inf, inf, inf, inf, 3.447746753692627, inf, inf, inf, inf, inf, inf, inf, 3.469245195388794, 3.43216609954834, 3.4027535915374756, 3.3724684715270996, 3.314112424850464, 3.279813766479492, 3.2510147094726562, 3.2114295959472656, 3.184751033782959, 3.1362438201904297, 3.129685401916504, 3.100675344467163, 3.078052520751953, 3.0526580810546875, 3.0150322914123535, 3.0059399604797363, 2.9883556365966797, 2.9720542430877686, 2.944733142852783, 2.929823875427246, 2.932356834411621, 2.906097888946533, 2.8930835723876953, 2.8810465335845947, 2.8823840618133545, 2.8423075675964355, 2.852839946746826, 2.840096950531006, 2.833944320678711, 2.8195481300354004, 2.806070327758789, 2.816898822784424, 2.804716110229492, 2.806791067123413, 2.807953357696533, 2.7824389934539795, 2.8058416843414307, 2.8140251636505127, 2.812157392501831, 2.80021333694458, 2.7947428226470947, 2.8168983459472656, 2.8151144981384277, 2.8295838832855225, 2.8316338062286377, 2.81758189201355, 2.835815191268921, 2.839134931564331, 2.865821123123169, 2.8539295196533203, 2.8825807571411133, 2.909740924835205, 2.898332357406616, 2.9374871253967285, 2.9474196434020996, 2.9608733654022217, 2.9880335330963135, 2.9921367168426514, 3.0204756259918213, 3.0364644527435303, 3.0693154335021973, 3.0934832096099854, 3.091573476791382, 3.1473922729492188, 3.1682918071746826, 3.1906256675720215, 3.231971502304077, 3.2569663524627686, 3.293252468109131, 3.3254122734069824, 3.384064197540283, 3.4139602184295654, 3.4641847610473633, 3.5, inf, inf, inf, inf, inf, inf, inf, inf, inf, inf, inf, inf, inf, inf, inf, inf, inf, inf, inf, inf, inf, inf, inf, inf, inf, inf, inf, inf, inf, inf, inf, inf, inf, inf, inf, inf, inf, inf, inf, inf, inf, inf, inf, inf, inf, inf, inf, inf, inf, inf, inf, inf, inf, inf, inf, inf, inf, inf, inf, inf, inf, inf, inf, inf, inf, inf, inf, inf, inf, inf, inf, inf, inf, inf, inf, inf, inf, inf, inf, inf, inf, inf, inf, inf, inf, inf, inf, inf, inf, inf, inf, inf, inf, inf, inf, inf, inf, inf, inf, inf, inf, inf, inf, inf, inf, inf, inf, inf, inf, inf, inf, inf, inf, inf, inf, inf, inf, inf, inf, inf, inf, inf, inf, inf, inf, inf, inf, inf, inf, inf, inf, inf, inf, inf, inf, inf, inf, inf, inf, inf, inf, inf, inf, inf, inf, inf, inf, inf, inf, inf, inf, inf, inf, inf, inf, inf, inf, inf, inf, inf, inf, inf, inf, inf, inf, inf, inf, inf, inf, inf, inf, inf, inf, inf, inf, inf, inf, inf, inf, inf, inf, inf, inf, inf, inf, inf, inf, inf, inf, inf, inf, inf, inf, inf, inf, inf, inf, inf, inf, inf, inf, inf, inf, inf, inf, inf, inf, inf, inf, inf, inf, inf, inf, inf, inf, inf, inf, inf, inf, inf, inf, inf, inf, inf, inf, inf, inf, inf, inf, inf, inf, inf, inf, inf, inf, inf, inf, inf, inf, inf, inf, inf, inf, inf, inf, inf, inf, inf, inf, inf, inf, inf, inf, inf, inf, inf, inf, inf, inf, inf]), 0.01749303564429283, 27006000000, 
array('f', [inf, inf, inf, inf, inf, inf, inf, inf, inf, inf, inf, inf, 3.458247184753418, inf, inf, inf, inf, inf, inf, inf, 3.5, 3.4442198276519775, 3.4231297969818115, 3.373096227645874, 3.3300681114196777, 3.298168182373047, 3.254828929901123, 3.2290971279144287, 3.1938159465789795, 3.164318799972534, 3.1377315521240234, 3.103679656982422, 3.105762004852295, 3.069368362426758, 3.028320074081421, 3.006479263305664, 2.9897079467773438, 2.979600191116333, 2.9530928134918213, 2.9451849460601807, 2.9240543842315674, 2.9044461250305176, 2.8985116481781006, 2.8788228034973145, 2.88327693939209, 2.8812096118927, 2.8463969230651855, 2.826986074447632, 2.828972578048706, 2.817333459854126, 2.8096439838409424, 2.8128960132598877, 2.810161828994751, 2.804959297180176, 2.804805040359497, 2.7952301502227783, 2.8073151111602783, 2.8009533882141113, 2.8259153366088867, 2.794405460357666, 2.810687780380249, 2.8165462017059326, 2.8259363174438477, 2.8295528888702393, 2.8239433765411377, 2.8362646102905273, 2.83227801322937, 2.8546254634857178, 2.863581895828247, 2.867657423019409, 2.902522563934326, 2.8951268196105957, 2.9019274711608887, 2.9166908264160156, 2.9365158081054688, 2.9677419662475586, 2.9647507667541504, 2.987107992172241, 3.013715982437134, 3.047433614730835, 3.058223009109497, 3.0882205963134766, 3.1100986003875732, 3.113510847091675, 3.1566214561462402, 3.1993939876556396, 3.20170259475708, 3.254905939102173, 3.2999322414398193, 3.3126537799835205, 3.3498382568359375, 3.3930580615997314, 3.4335479736328125, 3.4763591289520264, inf, inf, inf, inf, inf, inf, inf, inf, inf, inf, inf, inf, inf, inf, inf, inf, inf, inf, inf, inf, inf, inf, inf, inf, inf, inf, inf, inf, inf, inf, inf, inf, inf, inf, inf, inf, inf, inf, inf, inf, inf, inf, inf, inf, inf, inf, inf, inf, inf, inf, inf, inf, inf, inf, inf, inf, inf, inf, inf, inf, inf, inf, inf, inf, inf, inf, inf, inf, inf, inf, inf, inf, inf, inf, inf, inf, inf, inf, inf, inf, inf, inf, inf, inf, inf, inf, inf, inf, inf, inf, inf, inf, inf, inf, inf, inf, inf, inf, inf, inf, inf, inf, inf, inf, inf, inf, inf, inf, inf, inf, inf, inf, inf, inf, inf, inf, inf, inf, inf, inf, inf, inf, inf, inf, inf, inf, inf, inf, inf, inf, inf, inf, inf, inf, inf, inf, inf, inf, inf, inf, inf, inf, inf, inf, inf, inf, inf, inf, inf, inf, inf, inf, inf, inf, inf, inf, inf, inf, inf, inf, inf, inf, inf, inf, inf, inf, inf, inf, inf, inf, inf, inf, inf, inf, inf, inf, inf, inf, inf, inf, inf, inf, inf, inf, inf, inf, inf, inf, inf, inf, inf, inf, inf, inf, inf, inf, inf, inf, inf, inf, inf, inf, inf, inf, inf, inf, inf, inf, inf, inf, inf, inf, inf, inf, inf, inf, inf, inf, inf, inf, inf, inf, inf, inf, inf, inf, inf, inf, inf, inf, inf, inf, inf, inf, inf, inf, inf, inf, inf, inf, inf, inf, inf, inf, inf, inf, inf, inf, inf, inf, inf, inf, inf, inf, inf, inf, inf, inf, inf, inf, inf, inf, inf, inf, inf, inf]), 0.01749303564429283, 27206000000, 
array('f', [inf, inf, inf, inf, inf, inf, inf, 3.4342691898345947, inf, inf, inf, inf, inf, inf, inf, 3.4570443630218506, 3.4170782566070557, 3.365314483642578, 3.333343029022217, 3.309723138809204, 3.2528939247131348, 3.224515438079834, 3.2018027305603027, 3.166231393814087, 3.15653657913208, 3.092350721359253, 3.0692851543426514, 3.072577476501465, 3.0478200912475586, 3.0045676231384277, 2.9999825954437256, 2.9839682579040527, 2.97402286529541, 2.9574780464172363, 2.931224822998047, 2.9142913818359375, 2.9054837226867676, 2.9055635929107666, 2.8815510272979736, 2.873040199279785, 2.842031240463257, 2.8482604026794434, 2.833933115005493, 2.843492031097412, 2.8212621212005615, 2.8253817558288574, 2.810332775115967, 2.812617778778076, 2.797473192214966, 2.80722975730896, 2.7976484298706055, 2.7999374866485596, 2.7995691299438477, 2.799654722213745, 2.820712089538574, 2.8141872882843018, 2.8038790225982666, 2.8263909816741943, 2.8058738708496094, 2.848775863647461, 2.845322608947754, 2.8404314517974854, 2.856661081314087, 2.8748180866241455, 2.892909049987793, 2.887369155883789, 2.9115114212036133, 2.91983962059021, 2.92950439453125, 2.9448401927948, 2.975090742111206, 2.9937679767608643, 3.00715970993042, 3.020465135574341, 3.0419583320617676, 3.0696890354156494, 3.1110751628875732, 3.1239216327667236, 3.1578211784362793, 3.177356719970703, 3.2352373600006104, 3.245469093322754, 3.284893751144409, 3.3206980228424072, 3.364048480987549, 3.389713764190674, 3.429419994354248, 3.4717650413513184, inf, inf, inf, inf, inf, inf, inf, inf, inf, inf, inf, inf, inf, inf, inf, inf, inf, inf, inf, inf, inf, inf, inf, inf, inf, inf, inf, inf, inf, inf, inf, inf, inf, inf, inf, inf, inf, inf, inf, inf, inf, inf, inf, inf, inf, inf, inf, inf, inf, inf, inf, inf, inf, inf, inf, inf, inf, inf, inf, inf, inf, inf, inf, inf, inf, inf, inf, inf, inf, inf, inf, inf, inf, inf, inf, inf, inf, inf, inf, inf, inf, inf, inf, inf, inf, inf, inf, inf, inf, inf, inf, inf, inf, inf, inf, inf, inf, inf, inf, inf, inf, inf, inf, inf, inf, inf, inf, inf, inf, inf, inf, inf, inf, inf, inf, inf, inf, inf, inf, inf, inf, inf, inf, inf, inf, inf, inf, inf, inf, inf, inf, inf, inf, inf, inf, inf, inf, inf, inf, inf, inf, inf, inf, inf, inf, inf, inf, inf, inf, inf, inf, inf, inf, inf, inf, inf, inf, inf, inf, inf, inf, inf, inf, inf, inf, inf, inf, inf, inf, inf, inf, inf, inf, inf, inf, inf, inf, inf, inf, inf, inf, inf, inf, inf, inf, inf, inf, inf, inf, inf, inf, inf, inf, inf, inf, inf, inf, inf, inf, inf, inf, inf, inf, inf, inf, inf, inf, inf, inf, inf, inf, inf, inf, inf, inf, inf, inf, inf, inf, inf, inf, inf, inf, inf, inf, inf, inf, inf, inf, inf, inf, inf, inf, inf, inf, inf, inf, inf, inf, inf, inf, inf, inf, inf, inf, inf, inf, inf, inf, inf, inf, inf, inf, inf, inf, inf, inf, inf, inf, inf, inf, inf, inf, inf, inf, inf, inf, inf, inf, inf, inf, inf]), 0.01749303564429283, 27407000000, 
array('f', [inf, 3.4228453636169434, inf, inf, inf, inf, inf, inf, inf, 3.4715158939361572, 3.415132522583008, 3.3880960941314697, 3.3435237407684326, 3.315387487411499, 3.278313398361206, 3.243692636489868, 3.2153539657592773, 3.1749019622802734, 3.147261142730713, 3.134685754776001, 3.0858707427978516, 3.0788583755493164, 3.0402870178222656, 3.0163753032684326, 3.003838539123535, 2.976043939590454, 2.9487459659576416, 2.963852882385254, 2.945610761642456, 2.9102797508239746, 2.9120121002197266, 2.8974342346191406, 2.8745949268341064, 2.85575270652771, 2.8614752292633057, 2.855180263519287, 2.8544092178344727, 2.8321611881256104, 2.827239751815796, 2.828382730484009, 2.824758768081665, 2.817922592163086, 2.7868731021881104, 2.8110740184783936, 2.794157028198242, 2.8152267932891846, 2.8072428703308105, 2.7999227046966553, 2.7974932193756104, 2.8137738704681396, 2.8128840923309326, 2.80956768989563, 2.814993143081665, 2.8357598781585693, 2.8313329219818115, 2.8386197090148926, 2.837493419647217, 2.857304573059082, 2.86396861076355, 2.8802945613861084, 2.921276092529297, 2.891300916671753, 2.9244940280914307, 2.9411087036132812, 2.9425649642944336, 2.9816393852233887, 2.986647605895996, 3.0000152587890625, 3.0438172817230225, 3.08168625831604, 3.0889089107513428, 3.108886480331421, 3.1166880130767822, 3.1572158336639404, 3.2048985958099365, 3.2272098064422607, 3.2782130241394043, 3.279576063156128, 3.3474690914154053, 3.3487870693206787, 3.4245548248291016, 3.4519920349121094, 3.4823083877563477, inf, inf, inf, inf, inf, inf, inf, inf, inf, inf, inf, inf, inf, inf, inf, inf, inf, inf, inf, inf, inf, inf, inf, inf, inf, inf, inf, inf, inf, inf, inf, inf, inf, inf, inf, inf, inf, inf, inf, inf, inf, inf, inf, inf, inf, inf, inf, inf, inf, inf, inf, inf, inf, inf, inf, inf, inf, inf, inf, inf, inf, inf, inf, inf, inf, inf, inf, inf, inf, inf, inf, inf, inf, inf, inf, inf, inf, inf, inf, inf, inf, inf, inf, inf, inf, inf, inf, inf, inf, inf, inf, inf, inf, inf, inf, inf, inf, inf, inf, inf, inf, inf, inf, inf, inf, inf, inf, inf, inf, inf, inf, inf, inf, inf, inf, inf, inf, inf, inf, inf, inf, inf, inf, inf, inf, inf, inf, inf, inf, inf, inf, inf, inf, inf, inf, inf, inf, inf, inf, inf, inf, inf, inf, inf, inf, inf, inf, inf, inf, inf, inf, inf, inf, inf, inf, inf, inf, inf, inf, inf, inf, inf, inf, inf, inf, inf, inf, inf, inf, inf, inf, inf, inf, inf, inf, inf, inf, inf, inf, inf, inf, inf, inf, inf, inf, inf, inf, inf, inf, inf, inf, inf, inf, inf, inf, inf, inf, inf, inf, inf, inf, inf, inf, inf, inf, inf, inf, inf, inf, inf, inf, inf, inf, inf, inf, inf, inf, inf, inf, inf, inf, inf, inf, inf, inf, inf, inf, inf, inf, inf, inf, inf, inf, inf, inf, inf, inf, inf, inf, inf, inf, inf, inf, inf, inf, inf, inf, inf, inf, inf, inf, inf, inf, inf, inf, inf, inf, inf, inf, inf, inf, inf, inf, inf, inf, inf, inf, inf, inf, inf, inf, inf, inf, inf, inf, inf, inf]), 0.01749303564429283, 27606000000, 
array('f', [inf, inf, inf, 3.473843574523926, 3.4465203285217285, 3.389697551727295, 3.364227771759033, 3.3060824871063232, 3.299334764480591, 3.240314245223999, 3.20275616645813, 3.195927381515503, 3.127127170562744, 3.124516725540161, 3.0945749282836914, 3.0763838291168213, 3.053694248199463, 3.034766435623169, 3.0101876258850098, 2.9928112030029297, 2.976116180419922, 2.9573585987091064, 2.9332783222198486, 2.9140849113464355, 2.891122579574585, 2.8849825859069824, 2.887253761291504, 2.871613025665283, 2.8606696128845215, 2.8482260704040527, 2.8487725257873535, 2.8145289421081543, 2.827573776245117, 2.821232795715332, 2.820485830307007, 2.823122024536133, 2.794527053833008, 2.802990198135376, 2.7890899181365967, 2.784959554672241, 2.8047196865081787, 2.7988662719726562, 2.798865556716919, 2.801410675048828, 2.7940070629119873, 2.810248374938965, 2.811440944671631, 2.81618595123291, 2.8115692138671875, 2.828298568725586, 2.8575093746185303, 2.855564594268799, 2.873243570327759, 2.8675291538238525, 2.8855669498443604, 2.898179769515991, 2.907240629196167, 2.9257891178131104, 2.9491093158721924, 2.9579098224639893, 3.008652687072754, 3.0010342597961426, 3.0176689624786377, 3.0382168292999268, 3.0783448219299316, 3.094855308532715, 3.1246321201324463, 3.169816255569458, 3.182142734527588, 3.2155306339263916, 3.2562193870544434, 3.2752020359039307, 3.3340868949890137, 3.3278889656066895, 3.3807802200317383, 3.421980142593384, 3.46736216545105, inf, inf, inf, inf, inf, inf, inf, inf, inf, inf, inf, inf, inf, inf, inf, inf, inf, inf, inf, inf, inf, inf, inf, inf, inf, inf, inf, inf, inf, inf, inf, inf, inf, inf, inf, inf, inf, inf, inf, inf, inf, inf, inf, inf, inf, inf, inf, inf, inf, inf, inf, inf, inf, inf, inf, inf, inf, inf, inf, inf, inf, inf, inf, inf, inf, inf, inf, inf, inf, inf, inf, inf, inf, inf, inf, inf, inf, inf, inf, inf, inf, inf, inf, inf, inf, inf, inf, inf, inf, inf, inf, inf, inf, inf, inf, inf, inf, inf, inf, inf, inf, inf, inf, inf, inf, inf, inf, inf, inf, inf, inf, inf, inf, inf, inf, inf, inf, inf, inf, inf, inf, inf, inf, inf, inf, inf, inf, inf, inf, inf, inf, inf, inf, inf, inf, inf, inf, inf, inf, inf, inf, inf, inf, inf, inf, inf, inf, inf, inf, inf, inf, inf, inf, inf, inf, inf, inf, inf, inf, inf, inf, inf, inf, inf, inf, inf, inf, inf, inf, inf, inf, inf, inf, inf, inf, inf, inf, inf, inf, inf, inf, inf, inf, inf, inf, inf, inf, inf, inf, inf, inf, inf, inf, inf, inf, inf, inf, inf, inf, inf, inf, inf, inf, inf, inf, inf, inf, inf, inf, inf, inf, inf, inf, inf, inf, inf, inf, inf, inf, inf, inf, inf, inf, inf, inf, inf, inf, inf, inf, inf, inf, inf, inf, inf, inf, inf, inf, inf, inf, inf, inf, inf, inf, inf, inf, inf, inf, inf, inf, inf, inf, inf, inf, inf, inf, inf, inf, inf, inf, inf, inf, inf, inf, inf, inf, inf, inf, inf, inf, inf, inf, inf, inf, inf, inf, inf, inf, inf, 3.4427318572998047, inf, inf, inf, inf]), 0.01749303564429283, 27806000000, 
array('f', [3.359506130218506, 3.3212833404541016, 3.296602487564087, 3.2464182376861572, 3.216339111328125, 3.180927038192749, 3.149933099746704, 3.1220204830169678, 3.0762805938720703, 3.0657029151916504, 3.060391426086426, 3.0069148540496826, 3.011171817779541, 2.984961748123169, 2.9575679302215576, 2.9377365112304688, 2.9175198078155518, 2.920417070388794, 2.906487226486206, 2.86407208442688, 2.8664779663085938, 2.8596408367156982, 2.8571066856384277, 2.815197706222534, 2.829450845718384, 2.8306593894958496, 2.8237671852111816, 2.8062541484832764, 2.8145549297332764, 2.7884936332702637, 2.799031972885132, 2.7991292476654053, 2.7800638675689697, 2.787992238998413, 2.7905430793762207, 2.8014888763427734, 2.794186592102051, 2.7703163623809814, 2.8065762519836426, 2.810866117477417, 2.8065855503082275, 2.8041138648986816, 2.8106727600097656, 2.8259589672088623, 2.8187198638916016, 2.8449904918670654, 2.8568215370178223, 2.8492629528045654, 2.8893959522247314, 2.8922739028930664, 2.9087462425231934, 2.930424213409424, 2.929049015045166, 2.9522171020507812, 2.981839179992676, 2.995988130569458, 3.0244128704071045, 3.0492866039276123, 3.058675527572632, 3.0667381286621094, 3.105008602142334, 3.1218338012695312, 3.173245429992676, 3.1905899047851562, 3.216132879257202, 3.274980068206787, 3.3151497840881348, 3.334667921066284, 3.361456871032715, 3.4161911010742188, 3.47019624710083, inf, inf, inf, inf, inf, inf, inf, inf, inf, inf, inf, inf, inf, inf, inf, inf, inf, inf, inf, inf, inf, inf, inf, inf, inf, inf, inf, inf, inf, inf, inf, inf, inf, inf, inf, inf, inf, inf, inf, inf, inf, inf, inf, inf, inf, inf, inf, inf, inf, inf, inf, inf, inf, inf, inf, inf, inf, inf, inf, inf, inf, inf, inf, inf, inf, inf, inf, inf, inf, inf, inf, inf, inf, inf, inf, inf, inf, inf, inf, inf, inf, inf, inf, inf, inf, inf, inf, inf, inf, inf, inf, inf, inf, inf, inf, inf, inf, inf, inf, inf, inf, inf, inf, inf, inf, inf, inf, inf, inf, inf, inf, inf, inf, inf, inf, inf, inf, inf, inf, inf, inf, inf, inf, inf, inf, inf, inf, inf, inf, inf, inf, inf, inf, inf, inf, inf, inf, inf, inf, inf, inf, inf, inf, inf, inf, inf, inf, inf, inf, inf, inf, inf, inf, inf, inf, inf, inf, inf, inf, inf, inf, inf, inf, inf, inf, inf, inf, inf, inf, inf, inf, inf, inf, inf, inf, inf, inf, inf, inf, inf, inf, inf, inf, inf, inf, inf, inf, inf, inf, inf, inf, inf, inf, inf, inf, inf, inf, inf, inf, inf, inf, inf, inf, inf, inf, inf, inf, inf, inf, inf, inf, inf, inf, inf, inf, inf, inf, inf, inf, inf, inf, inf, inf, inf, inf, inf, inf, inf, inf, inf, inf, inf, inf, inf, inf, inf, inf, inf, inf, inf, inf, inf, inf, inf, inf, inf, inf, inf, inf, inf, inf, inf, inf, inf, inf, inf, inf, inf, inf, inf, inf, inf, inf, inf, inf, inf, inf, inf, inf, inf, inf, inf, inf, inf, inf, inf, inf, inf, 3.4157705307006836, inf, inf, inf, inf, inf, inf, 3.5, 3.45531964302063, 3.419844627380371, 3.370896100997925]), 0.01749303564429283, 28006000000, 
array('f', [3.147841691970825, 3.132838249206543, 3.0942838191986084, 3.076996088027954, 3.03804349899292, 3.0373685359954834, 2.983546018600464, 2.974072217941284, 2.950144052505493, 2.9369938373565674, 2.909229040145874, 2.8941359519958496, 2.9141042232513428, 2.8736660480499268, 2.859598398208618, 2.858781576156616, 2.8327343463897705, 2.8279080390930176, 2.8259129524230957, 2.805882692337036, 2.7925233840942383, 2.8099989891052246, 2.8067710399627686, 2.7875614166259766, 2.7864954471588135, 2.773696184158325, 2.7851336002349854, 2.760403871536255, 2.776533603668213, 2.778050184249878, 2.784719467163086, 2.785837411880493, 2.7752256393432617, 2.7924771308898926, 2.7786872386932373, 2.8042595386505127, 2.8094706535339355, 2.834455728530884, 2.8233137130737305, 2.83634090423584, 2.8257367610931396, 2.861898422241211, 2.8562114238739014, 2.8784193992614746, 2.9006550312042236, 2.9050381183624268, 2.9099442958831787, 2.9703187942504883, 2.9419496059417725, 2.9589028358459473, 2.9969217777252197, 3.0259368419647217, 3.04006290435791, 3.074096918106079, 3.0946497917175293, 3.1254239082336426, 3.159445285797119, 3.190619468688965, 3.231135845184326, 3.2352681159973145, 3.2753634452819824, 3.3050668239593506, 3.3426573276519775, 3.389960765838623, 3.4537923336029053, 3.4834096431732178, inf, inf, inf, inf, inf, inf, inf, inf, inf, inf, inf, inf, inf, inf, inf, inf, inf, inf, inf, inf, inf, inf, inf, inf, inf, inf, inf, inf, inf, inf, inf, inf, inf, inf, inf, inf, inf, inf, inf, inf, inf, inf, inf, inf, inf, inf, inf, inf, inf, inf, inf, inf, inf, inf, inf, inf, inf, inf, inf, inf, inf, inf, inf, inf, inf, inf, inf, inf, inf, inf, inf, inf, inf, inf, inf, inf, inf, inf, inf, inf, inf, inf, inf, inf, inf, inf, inf, inf, inf, inf, inf, inf, inf, inf, inf, inf, inf, inf, inf, inf, inf, inf, inf, inf, inf, inf, inf, inf, inf, inf, inf, inf, inf, inf, inf, inf, inf, inf, inf, inf, inf, inf, inf, inf, inf, inf, inf, inf, inf, inf, inf, inf, inf, inf, inf, inf, inf, inf, inf, inf, inf, inf, inf, inf, inf, inf, inf, inf, inf, inf, inf, inf, inf, inf, inf, inf, inf, inf, inf, inf, inf, inf, inf, inf, inf, inf, inf, inf, inf, inf, inf, inf, inf, inf, inf, inf, inf, inf, inf, inf, inf, inf, inf, inf, inf, inf, inf, inf, inf, inf, inf, inf, inf, inf, inf, inf, inf, inf, inf, inf, inf, inf, inf, inf, inf, inf, inf, inf, inf, inf, inf, inf, inf, inf, inf, inf, inf, inf, inf, inf, inf, inf, inf, inf, inf, inf, inf, inf, inf, inf, inf, inf, inf, inf, inf, inf, inf, inf, inf, inf, inf, inf, inf, inf, inf, inf, inf, inf, inf, inf, inf, inf, inf, inf, inf, inf, inf, inf, inf, inf, inf, inf, inf, inf, inf, inf, inf, inf, inf, inf, inf, inf, inf, inf, inf, inf, inf, 3.392571449279785, inf, inf, inf, inf, inf, inf, 3.493267774581909, 3.4410107135772705, 3.394556999206543, 3.374326229095459, 3.333799123764038, 3.289891004562378, 3.2810540199279785, 3.2141153812408447, 3.1959221363067627, 3.156909465789795]), 0.01749303564429283, 28206000000, 
array('f', [2.9969704151153564, 2.969731092453003, 2.9470877647399902, 2.9456634521484375, 2.911139488220215, 2.9101130962371826, 2.872145652770996, 2.85958194732666, 2.861079692840576, 2.852898597717285, 2.836456537246704, 2.8323616981506348, 2.823725461959839, 2.8061485290527344, 2.8033692836761475, 2.8016512393951416, 2.7817721366882324, 2.7803540229797363, 2.7898190021514893, 2.7783360481262207, 2.7727653980255127, 2.767857551574707, 2.7800588607788086, 2.7869887351989746, 2.76499605178833, 2.749626874923706, 2.7717533111572266, 2.770866632461548, 2.8030598163604736, 2.783980131149292, 2.7806923389434814, 2.7999277114868164, 2.817650079727173, 2.8233370780944824, 2.8181240558624268, 2.8342347145080566, 2.850163459777832, 2.871340274810791, 2.877119779586792, 2.9012537002563477, 2.9162113666534424, 2.9177489280700684, 2.9499640464782715, 2.9504997730255127, 2.9805710315704346, 2.999976634979248, 3.0305333137512207, 3.0506579875946045, 3.0794565677642822, 3.093069553375244, 3.1400656700134277, 3.1552298069000244, 3.1940810680389404, 3.2285544872283936, 3.242093086242676, 3.2802960872650146, 3.3145899772644043, 3.392245054244995, 3.4256279468536377, 3.452376365661621, inf, inf, inf, inf, inf, inf, inf, inf, inf, inf, inf, inf, inf, inf, inf, inf, inf, inf, inf, inf, inf, inf, inf, inf, inf, inf, inf, inf, inf, inf, inf, inf, inf, inf, inf, inf, inf, inf, inf, inf, inf, inf, inf, inf, inf, inf, inf, inf, inf, inf, inf, inf, inf, inf, inf, inf, inf, inf, inf, inf, inf, inf, inf, inf, inf, inf, inf, inf, inf, inf, inf, inf, inf, inf, inf, inf, inf, inf, inf, inf, inf, inf, inf, inf, inf, inf, inf, inf, inf, inf, inf, inf, inf, inf, inf, inf, inf, inf, inf, inf, inf, inf, inf, inf, inf, inf, inf, inf, inf, inf, inf, inf, inf, inf, inf, inf, inf, inf, inf, inf, inf, inf, inf, inf, inf, inf, inf, inf, inf, inf, inf, inf, inf, inf, inf, inf, inf, inf, inf, inf, inf, inf, inf, inf, inf, inf, inf, inf, inf, inf, inf, inf, inf, inf, inf, inf, inf, inf, inf, inf, inf, inf, inf, inf, inf, inf, inf, inf, inf, inf, inf, inf, inf, inf, inf, inf, inf, inf, inf, inf, inf, inf, inf, inf, inf, inf, inf, inf, inf, inf, inf, inf, inf, inf, inf, inf, inf, inf, inf, inf, inf, inf, inf, inf, inf, inf, inf, inf, inf, inf, inf, inf, inf, inf, inf, inf, inf, inf, inf, inf, inf, inf, inf, inf, inf, inf, inf, inf, inf, inf, inf, inf, inf, inf, inf, inf, inf, inf, inf, inf, inf, inf, inf, inf, inf, inf, inf, inf, inf, inf, inf, inf, inf, inf, inf, inf, inf, inf, inf, inf, inf, inf, inf, inf, inf, inf, inf, inf, inf, inf, inf, inf, inf, inf, inf, inf, inf, 3.3753702640533447, inf, inf, inf, inf, inf, inf, 3.5, 3.44077467918396, 3.418412446975708, 3.3602240085601807, 3.3464455604553223, 3.2933928966522217, 3.2644145488739014, 3.2301385402679443, 3.182142734527588, 3.1529884338378906, 3.1205594539642334, 3.097130060195923, 3.0771753787994385, 3.0677967071533203, 3.024041175842285, 3.006498098373413]), 0.01749303564429283, 28406000000, 
array('f', [2.8662796020507812, 2.8557772636413574, 2.8382272720336914, 2.8411684036254883, 2.8306026458740234, 2.8169870376586914, 2.810532808303833, 2.7935585975646973, 2.7922658920288086, 2.7939577102661133, 2.7647287845611572, 2.7610409259796143, 2.7542121410369873, 2.7614850997924805, 2.7452616691589355, 2.7561492919921875, 2.765901803970337, 2.7525503635406494, 2.775259494781494, 2.762723684310913, 2.7645339965820312, 2.7553164958953857, 2.7932798862457275, 2.7873857021331787, 2.769991636276245, 2.7934799194335938, 2.7937190532684326, 2.7979888916015625, 2.8140487670898438, 2.819460153579712, 2.8294942378997803, 2.8541440963745117, 2.85884690284729, 2.8705317974090576, 2.8923912048339844, 2.8866775035858154, 2.9263298511505127, 2.9426183700561523, 2.9545199871063232, 2.980865478515625, 2.9981799125671387, 3.026869535446167, 3.030869722366333, 3.084953546524048, 3.112415313720703, 3.140826940536499, 3.1710944175720215, 3.200260639190674, 3.22501802444458, 3.2737784385681152, 3.3145811557769775, 3.336254596710205, 3.3947629928588867, 3.435528039932251, 3.4682295322418213, inf, inf, inf, inf, inf, inf, inf, inf, inf, inf, inf, inf, inf, inf, inf, inf, inf, inf, inf, inf, inf, inf, inf, inf, inf, inf, inf, inf, inf, inf, inf, inf, inf, inf, inf, inf, inf, inf, inf, inf, inf, inf, inf, inf, inf, inf, inf, inf, inf, inf, inf, inf, inf, inf, inf, inf, inf, inf, inf, inf, inf, inf, inf, inf, inf, inf, inf, inf, inf, inf, inf, inf, inf, inf, inf, inf, inf, inf, inf, inf, inf, inf, inf, inf, inf, inf, inf, inf, inf, inf, inf, inf, inf, inf, inf, inf, inf, inf, inf, inf, inf, inf, inf, inf, inf, inf, inf, inf, inf, inf, inf, inf, inf, inf, inf, inf, inf, inf, inf, inf, inf, inf, inf, inf, inf, inf, inf, inf, inf, inf, inf, inf, inf, inf, inf, inf, inf, inf, inf, inf, inf, inf, inf, inf, inf, inf, inf, inf, inf, inf, inf, inf, inf, inf, inf, inf, inf, inf, inf, inf, inf, inf, inf, inf, inf, inf, inf, inf, inf, inf, inf, inf, inf, inf, inf, inf, inf, inf, inf, inf, inf, inf, inf, inf, inf, inf, inf, inf, inf, inf, inf, inf, inf, inf, inf, inf, inf, inf, inf, inf, inf, inf, inf, inf, inf, inf, inf, inf, inf, inf, inf, inf, inf, inf, inf, inf, inf, inf, inf, inf, inf, inf, inf, inf, inf, inf, inf, inf, inf, inf, inf, inf, inf, inf, inf, inf, inf, inf, inf, inf, inf, inf, inf, inf, inf, inf, inf, inf, inf, inf, inf, inf, inf, inf, inf, inf, inf, inf, inf, inf, inf, inf, inf, inf, inf, inf, inf, inf, inf, inf, inf, inf, inf, inf, inf, inf, inf, 3.395498514175415, inf, inf, inf, inf, inf, inf, 3.448470115661621, 3.40710711479187, 3.366786003112793, 3.3097758293151855, 3.288790225982666, 3.237761974334717, 3.2006373405456543, 3.177605628967285, 3.1526787281036377, 3.119119644165039, 3.102351427078247, 3.071338653564453, 3.0388340950012207, 3.0217905044555664, 3.004519462585449, 2.9673259258270264, 2.9878973960876465, 2.916834592819214, 2.9278814792633057, 2.903855323791504, 2.866964340209961]), 0.01749303564429283, 28606000000, 
array('f', [2.798107862472534, 2.798922300338745, 2.7670350074768066, 2.767674446105957, 2.760091781616211, 2.752155303955078, 2.746750593185425, 2.7259397506713867, 2.7609689235687256, 2.7362430095672607, 2.7541873455047607, 2.7445435523986816, 2.753788471221924, 2.7500336170196533, 2.752869129180908, 2.745753049850464, 2.7520248889923096, 2.758011817932129, 2.773979902267456, 2.7622697353363037, 2.771085262298584, 2.7795498371124268, 2.7806637287139893, 2.7986600399017334, 2.8295373916625977, 2.81180739402771, 2.8466622829437256, 2.843951463699341, 2.850160598754883, 2.8814754486083984, 2.914379596710205, 2.9221763610839844, 2.935579776763916, 2.9533700942993164, 2.9890830516815186, 3.0008487701416016, 3.0153439044952393, 3.082289934158325, 3.087350606918335, 3.122314691543579, 3.144739866256714, 3.1682207584381104, 3.204791307449341, 3.2375099658966064, 3.286388874053955, 3.3154854774475098, 3.364192247390747, 3.392970323562622, 3.421903133392334, 3.4886555671691895, inf, inf, inf, inf, inf, inf, inf, inf, inf, inf, inf, inf, inf, inf, inf, inf, inf, inf, inf, inf, inf, inf, inf, inf, inf, inf, inf, inf, inf, inf, inf, inf, inf, inf, inf, inf, inf, inf, inf, inf, inf, inf, inf, inf, inf, inf, inf, inf, inf, inf, inf, inf, inf, inf, inf, inf, inf, inf, inf, inf, inf, inf, inf, inf, inf, inf, inf, inf, inf, inf, inf, inf, inf, inf, inf, inf, inf, inf, inf, inf, inf, inf, inf, inf, inf, inf, inf, inf, inf, inf, inf, inf, inf, inf, inf, inf, inf, inf, inf, inf, inf, inf, inf, inf, inf, inf, inf, inf, inf, inf, inf, inf, inf, inf, inf, inf, inf, inf, inf, inf, inf, inf, inf, inf, inf, inf, inf, inf, inf, inf, inf, inf, inf, inf, inf, inf, inf, inf, inf, inf, inf, inf, inf, inf, inf, inf, inf, inf, inf, inf, inf, inf, inf, inf, inf, inf, inf, inf, inf, inf, inf, inf, inf, inf, inf, inf, inf, inf, inf, inf, inf, inf, inf, inf, inf, inf, inf, inf, inf, inf, inf, inf, inf, inf, inf, inf, inf, inf, inf, inf, inf, inf, inf, inf, inf, inf, inf, inf, inf, inf, inf, inf, inf, inf, inf, inf, inf, inf, inf, inf, inf, inf, inf, inf, inf, inf, inf, inf, inf, inf, inf, inf, inf, inf, inf, inf, inf, inf, inf, inf, inf, inf, inf, inf, inf, inf, inf, inf, inf, inf, inf, inf, inf, inf, inf, inf, inf, inf, inf, inf, inf, inf, inf, inf, inf, inf, inf, inf, inf, inf, inf, inf, inf, inf, inf, inf, inf, inf, inf, inf, inf, inf, inf, inf, inf, inf, 3.3486111164093018, inf, inf, inf, inf, inf, inf, 3.4358229637145996, 3.394996166229248, 3.3382365703582764, 3.332149028778076, 3.2593719959259033, 3.2284767627716064, 3.1967086791992188, 3.1789422035217285, 3.1395673751831055, 3.1028451919555664, 3.0951833724975586, 3.0665299892425537, 3.014850616455078, 3.003068208694458, 2.9895401000976562, 2.9534876346588135, 2.9498720169067383, 2.9336845874786377, 2.8893520832061768, 2.8817074298858643, 2.860229730606079, 2.853994131088257, 2.8175249099731445, 2.8329858779907227, 2.8152899742126465, 2.815805673599243, 2.802794933319092]), 0.01749303564429283, 28807000000, 
array('f', [2.7463767528533936, 2.7386937141418457, 2.715731382369995, 2.7322213649749756, 2.747560739517212, 2.729332208633423, 2.7350268363952637, 2.7311527729034424, 2.725903272628784, 2.7388179302215576, 2.717803955078125, 2.7417514324188232, 2.7465035915374756, 2.754380941390991, 2.7423059940338135, 2.7633090019226074, 2.7693605422973633, 2.7955634593963623, 2.7995378971099854, 2.818399667739868, 2.8125948905944824, 2.8349525928497314, 2.8453474044799805, 2.8556628227233887, 2.8809664249420166, 2.913456916809082, 2.91961407661438, 2.9123494625091553, 2.9630720615386963, 2.990408420562744, 3.015568494796753, 3.0402209758758545, 3.0627739429473877, 3.068356990814209, 3.1059367656707764, 3.142771005630493, 3.159241199493408, 3.205538034439087, 3.257242441177368, 3.2780864238739014, 3.331942081451416, 3.3720548152923584, 3.414976119995117, 3.4471261501312256, inf, inf, inf, inf, inf, inf, inf, inf, inf, inf, inf, inf, inf, inf, inf, inf, inf, inf, inf, inf, inf, inf, inf, inf, inf, inf, inf, inf, inf, inf, inf, inf, inf, inf, inf, inf, inf, inf, inf, inf, inf, inf, inf, inf, inf, inf, inf, inf, inf, inf, inf, inf, inf, inf, inf, inf, inf, inf, inf, inf, inf, inf, inf, inf, inf, inf, inf, inf, inf, inf, inf, inf, inf, inf, inf, inf, inf, inf, inf, inf, inf, inf, inf, inf, inf, inf, inf, inf, inf, inf, inf, inf, inf, inf, inf, inf, inf, inf, inf, inf, inf, inf, inf, inf, inf, inf, inf, inf, inf, inf, inf, inf, inf, inf, inf, inf, inf, inf, inf, inf, inf, inf, inf, inf, inf, inf, inf, inf, inf, inf, inf, inf, inf, inf, inf, inf, inf, inf, inf, inf, inf, inf, inf, inf, inf, inf, inf, inf, inf, inf, inf, inf, inf, inf, inf, inf, inf, inf, inf, inf, inf, inf, inf, inf, inf, inf, inf, inf, inf, inf, inf, inf, inf, inf, inf, inf, inf, inf, inf, inf, inf, inf, inf, inf, inf, inf, inf, inf, inf, inf, inf, inf, inf, inf, inf, inf, inf, inf, inf, inf, inf, inf, inf, inf, inf, inf, inf, inf, inf, inf, inf, inf, inf, inf, inf, inf, inf, inf, inf, inf, inf, inf, inf, inf, inf, inf, inf, inf, inf, inf, inf, inf, inf, inf, inf, inf, inf, inf, inf, inf, inf, inf, inf, inf, inf, inf, inf, inf, inf, inf, inf, inf, inf, inf, inf, inf, inf, inf, inf, inf, inf, inf, inf, inf, inf, inf, inf, inf, inf, inf, inf, inf, inf, inf, inf, inf, 3.3253283500671387, inf, inf, inf, inf, inf, inf, 3.4391393661499023, 3.389972448348999, 3.337289571762085, 3.315685749053955, 3.2797839641571045, 3.2525696754455566, 3.198866367340088, 3.1654841899871826, 3.147082805633545, 3.11000657081604, 3.0608417987823486, 3.042518377304077, 3.0101962089538574, 2.9840073585510254, 2.969818592071533, 2.949270725250244, 2.941232681274414, 2.899376392364502, 2.8789799213409424, 2.8717458248138428, 2.8493621349334717, 2.8559956550598145, 2.8283190727233887, 2.8129353523254395, 2.8092901706695557, 2.8039722442626953, 2.770890951156616, 2.756460666656494, 2.7596888542175293, 2.756527900695801, 2.7491893768310547, 2.747959852218628, 2.747880220413208]), 0.01749303564429283, 29006000000, 
array('f', [2.706007719039917, 2.715491533279419, 2.7194297313690186, 2.7001607418060303, 2.7380595207214355, 2.712878465652466, 2.717203140258789, 2.745487689971924, 2.7184648513793945, 2.7529358863830566, 2.7577972412109375, 2.775486469268799, 2.775876760482788, 2.786785364151001, 2.785583972930908, 2.8067092895507812, 2.8207836151123047, 2.8348467350006104, 2.852564573287964, 2.869539260864258, 2.886228322982788, 2.9224438667297363, 2.940943956375122, 2.9598751068115234, 2.9726734161376953, 2.9942667484283447, 3.034972906112671, 3.060323476791382, 3.0955896377563477, 3.109532356262207, 3.145681619644165, 3.183590888977051, 3.2023866176605225, 3.2476603984832764, 3.2953994274139404, 3.3487350940704346, 3.371721029281616, 3.415306329727173, 3.4759292602539062, inf, inf, inf, inf, inf, inf, inf, inf, inf, inf, inf, inf, inf, inf, inf, inf, inf, inf, inf, inf, inf, inf, inf, inf, inf, inf, inf, inf, inf, inf, inf, inf, inf, inf, inf, inf, inf, inf, inf, inf, inf, inf, inf, inf, inf, inf, inf, inf, inf, inf, inf, inf, inf, inf, inf, inf, inf, inf, inf, inf, inf, inf, inf, inf, inf, inf, inf, inf, inf, inf, inf, inf, inf, inf, inf, inf, inf, inf, inf, inf, inf, inf, inf, inf, inf, inf, inf, inf, inf, inf, inf, inf, inf, inf, inf, inf, inf, inf, inf, inf, inf, inf, inf, inf, inf, inf, inf, inf, inf, inf, inf, inf, inf, inf, inf, inf, inf, inf, inf, inf, inf, inf, inf, inf, inf, inf, inf, inf, inf, inf, inf, inf, inf, inf, inf, inf, inf, inf, inf, inf, inf, inf, inf, inf, inf, inf, inf, inf, inf, inf, inf, inf, inf, inf, inf, inf, inf, inf, inf, inf, inf, inf, inf, inf, inf, inf, inf, inf, inf, inf, inf, inf, inf, inf, inf, inf, inf, inf, inf, inf, inf, inf, inf, inf, inf, inf, inf, inf, inf, inf, inf, inf, inf, inf, inf, inf, inf, inf, inf, inf, inf, inf, inf, inf, inf, inf, inf, inf, inf, inf, inf, inf, inf, inf, inf, inf, inf, inf, inf, inf, inf, inf, inf, inf, inf, inf, inf, inf, inf, inf, inf, inf, inf, inf, inf, inf, inf, inf, inf, inf, inf, inf, inf, inf, inf, inf, inf, inf, inf, inf, inf, inf, inf, inf, inf, inf, inf, inf, inf, inf, inf, inf, inf, inf, inf, inf, inf, inf, inf, inf, inf, inf, inf, inf, inf, 3.318796157836914, inf, inf, inf, inf, inf, inf, 3.4350223541259766, 3.3702101707458496, 3.333911180496216, 3.2881691455841064, 3.26871395111084, 3.205962657928467, 3.182647943496704, 3.1433069705963135, 3.1283276081085205, 3.0965607166290283, 3.0594587326049805, 3.026787519454956, 3.0164549350738525, 2.983121395111084, 2.960484266281128, 2.9359347820281982, 2.921802043914795, 2.8898684978485107, 2.8706045150756836, 2.8419597148895264, 2.831800699234009, 2.8220055103302, 2.816812515258789, 2.807586431503296, 2.7991535663604736, 2.7746400833129883, 2.7709553241729736, 2.7669808864593506, 2.750098943710327, 2.7345149517059326, 2.717071771621704, 2.7347211837768555, 2.7117838859558105, 2.7248315811157227, 2.6987383365631104, 2.7147138118743896, 2.7063655853271484, 2.7084503173828125, 2.6905272006988525]), 0.01749303564429283, 29207000000, 
array('f', [2.7152249813079834, 2.693639039993286, 2.722698211669922, 2.719560146331787, 2.7343602180480957, 2.7420926094055176, 2.7417452335357666, 2.774406909942627, 2.7711942195892334, 2.783541202545166, 2.8040611743927, 2.8025102615356445, 2.8505167961120605, 2.8508644104003906, 2.865518093109131, 2.8852295875549316, 2.899190902709961, 2.904762029647827, 2.9646356105804443, 2.993859052658081, 2.9860644340515137, 2.997100591659546, 3.065364360809326, 3.1000282764434814, 3.1227543354034424, 3.1361374855041504, 3.186586380004883, 3.1894640922546387, 3.246706485748291, 3.284344434738159, 3.3309619426727295, 3.37572979927063, 3.412764310836792, 3.472532033920288, inf, inf, inf, inf, inf, inf, inf, inf, inf, inf, inf, inf, inf, inf, inf, inf, inf, inf, inf, inf, inf, inf, inf, inf, inf, inf, inf, inf, inf, inf, inf, inf, inf, inf, inf, inf, inf, inf, inf, inf, inf, inf, inf, inf, inf, inf, inf, inf, inf, inf, inf, inf, inf, inf, inf, inf, inf, inf, inf, inf, inf, inf, inf, inf, inf, inf, inf, inf, inf, inf, inf, inf, inf, inf, inf, inf, inf, inf, inf, inf, inf, inf, inf, inf, inf, inf, inf, inf, inf, inf, inf, inf, inf, inf, inf, inf, inf, inf, inf, inf, inf, inf, inf, inf, inf, inf, inf, inf, inf, inf, inf, inf, inf, inf, inf, inf, inf, inf, inf, inf, inf, inf, inf, inf, inf, inf, inf, inf, inf, inf, inf, inf, inf, inf, inf, inf, inf, inf, inf, inf, inf, inf, inf, inf, inf, inf, inf, inf, inf, inf, inf, inf, inf, inf, inf, inf, inf, inf, inf, inf, inf, inf, inf, inf, inf, inf, inf, inf, inf, inf, inf, inf, inf, inf, inf, inf, inf, inf, inf, inf, inf, inf, inf, inf, inf, inf, inf, inf, inf, inf, inf, inf, inf, inf, inf, inf, inf, inf, inf, inf, inf, inf, inf, inf, inf, inf, inf, inf, inf, inf, inf, inf, inf, inf, inf, inf, inf, inf, inf, inf, inf, inf, inf, inf, inf, inf, inf, inf, inf, inf, inf, inf, inf, inf, inf, inf, inf, inf, inf, inf, inf, inf, inf, inf, inf, inf, inf, inf, inf, inf, inf, inf, inf, inf, inf, inf, inf, inf, inf, inf, inf, inf, inf, inf, inf, inf, inf, inf, inf, inf, inf, inf, inf, inf, 3.3279571533203125, inf, inf, inf, inf, inf, inf, 3.3931844234466553, 3.3569064140319824, 3.3204197883605957, 3.290243148803711, 3.2445497512817383, 3.2025530338287354, 3.1620309352874756, 3.139758825302124, 3.0938193798065186, 3.076704740524292, 3.0493736267089844, 3.0250675678253174, 2.9803833961486816, 2.9822375774383545, 2.9542133808135986, 2.9043421745300293, 2.8879940509796143, 2.8989031314849854, 2.8546764850616455, 2.844421863555908, 2.8295910358428955, 2.817323684692383, 2.804511785507202, 2.7768421173095703, 2.7562525272369385, 2.7805674076080322, 2.7729105949401855, 2.7437405586242676, 2.7259135246276855, 2.740673542022705, 2.716539144515991, 2.713468074798584, 2.7050201892852783, 2.6983041763305664, 2.697178840637207, 2.6836209297180176, 2.6979029178619385, 2.686680316925049, 2.6842312812805176, 2.6857833862304688, 2.6760082244873047, 2.6855220794677734, 2.7051620483398438, 2.706571578979492, 2.699028730392456]), 0.01749303564429283, 29406000000, 
array('f', [2.7264256477355957, 2.730168342590332, 2.73966908454895, 2.7579233646392822, 2.77052640914917, 2.794459581375122, 2.7974796295166016, 2.8321034908294678, 2.8325724601745605, 2.8559887409210205, 2.882643699645996, 2.9057843685150146, 2.923110246658325, 2.9306116104125977, 2.973443031311035, 2.9989266395568848, 3.0192646980285645, 3.047887086868286, 3.0819196701049805, 3.1059486865997314, 3.155780076980591, 3.1982219219207764, 3.228296995162964, 3.2594261169433594, 3.3113951683044434, 3.346076250076294, 3.3790948390960693, 3.431523561477661, 3.498011589050293, inf, inf, inf, inf, inf, inf, inf, inf, inf, inf, inf, inf, inf, inf, inf, inf, inf, inf, inf, inf, inf, inf, inf, inf, inf, inf, inf, inf, inf, inf, inf, inf, inf, inf, inf, inf, inf, inf, inf, inf, inf, inf, inf, inf, inf, inf, inf, inf, inf, inf, inf, inf, inf, inf, inf, inf, inf, inf, inf, inf, inf, inf, inf, inf, inf, inf, inf, inf, inf, inf, inf, inf, inf, inf, inf, inf, inf, inf, inf, inf, inf, inf, inf, inf, inf, inf, inf, inf, inf, inf, inf, inf, inf, inf, inf, inf, inf, inf, inf, inf, inf, inf, inf, inf, inf, inf, inf, inf, inf, inf, inf, inf, inf, inf, inf, inf, inf, inf, inf, inf, inf, inf, inf, inf, inf, inf, inf, inf, inf, inf, inf, inf, inf, inf, inf, inf, inf, inf, inf, inf, inf, inf, inf, inf, inf, inf, inf, inf, inf, inf, inf, inf, inf, inf, inf, inf, inf, inf, inf, inf, inf, inf, inf, inf, inf, inf, inf, inf, inf, inf, inf, inf, inf, inf, inf, inf, inf, inf, inf, inf, inf, inf, inf, inf, inf, inf, inf, inf, inf, inf, inf, inf, inf, inf, inf, inf, inf, inf, inf, inf, inf, inf, inf, inf, inf, inf, inf, inf, inf, inf, inf, inf, inf, inf, inf, inf, inf, inf, inf, inf, inf, inf, inf, inf, inf, inf, inf, inf, inf, inf, inf, inf, inf, inf, inf, inf, inf, inf, inf, inf, inf, inf, inf, inf, inf, inf, inf, inf, inf, inf, inf, inf, inf, inf, inf, inf, inf, inf, inf, inf, inf, inf, inf, inf, inf, inf, inf, inf, inf, inf, inf, inf, inf, 3.2929487228393555, inf, inf, inf, inf, inf, inf, 3.3869550228118896, 3.3782942295074463, 3.319962739944458, 3.2666900157928467, 3.2331790924072266, 3.1867427825927734, 3.1610333919525146, 3.1160216331481934, 3.082571506500244, 3.046161413192749, 3.0297226905822754, 3.0142388343811035, 2.9716784954071045, 2.947589874267578, 2.9086265563964844, 2.9129157066345215, 2.8641157150268555, 2.8680779933929443, 2.8626341819763184, 2.8354392051696777, 2.8070313930511475, 2.7995553016662598, 2.790144443511963, 2.76326060295105, 2.750704050064087, 2.7401747703552246, 2.735651731491089, 2.7171592712402344, 2.7241718769073486, 2.6953353881835938, 2.685528516769409, 2.7010371685028076, 2.691622257232666, 2.693035364151001, 2.6597909927368164, 2.666273355484009, 2.673489809036255, 2.655884265899658, 2.663560628890991, 2.6772308349609375, 2.6666178703308105, 2.6609394550323486, 2.6630609035491943, 2.662409543991089, 2.6644203662872314, 2.667419672012329, 2.6825168132781982, 2.720053195953369, 2.702322483062744, 2.7220089435577393, 2.729578733444214]), 0.01749303564429283, 29606000000, 
array('f', [2.7590179443359375, 2.796621084213257, 2.793022394180298, 2.8221986293792725, 2.849578857421875, 2.877225875854492, 2.890501022338867, 2.909032106399536, 2.9299659729003906, 2.9512877464294434, 3.0011532306671143, 3.0249879360198975, 3.0373237133026123, 3.079636573791504, 3.0912928581237793, 3.1474337577819824, 3.189425468444824, 3.2089877128601074, 3.2628867626190186, 3.2886886596679688, 3.3530335426330566, 3.4019742012023926, 3.4431848526000977, 3.483704090118408, inf, inf, inf, inf, inf, inf, inf, inf, inf, inf, inf, inf, inf, inf, inf, inf, inf, inf, inf, inf, inf, inf, inf, inf, inf, inf, inf, inf, inf, inf, inf, inf, inf, inf, inf, inf, inf, inf, inf, inf, inf, inf, inf, inf, inf, inf, inf, inf, inf, inf, inf, inf, inf, inf, inf, inf, inf, inf, inf, inf, inf, inf, inf, inf, inf, inf, inf, inf, inf, inf, inf, inf, inf, inf, inf, inf, inf, inf, inf, inf, inf, inf, inf, inf, inf, inf, inf, inf, inf, inf, inf, inf, inf, inf, inf, inf, inf, inf, inf, inf, inf, inf, inf, inf, inf, inf, inf, inf, inf, inf, inf, inf, inf, inf, inf, inf, inf, inf, inf, inf, inf, inf, inf, inf, inf, inf, inf, inf, inf, inf, inf, inf, inf, inf, inf, inf, inf, inf, inf, inf, inf, inf, inf, inf, inf, inf, inf, inf, inf, inf, inf, inf, inf, inf, inf, inf, inf, inf, inf, inf, inf, inf, inf, inf, inf, inf, inf, inf, inf, inf, inf, inf, inf, inf, inf, inf, inf, inf, inf, inf, inf, inf, inf, inf, inf, inf, inf, inf, inf, inf, inf, inf, inf, inf, inf, inf, inf, inf, inf, inf, inf, inf, inf, inf, inf, inf, inf, inf, inf, inf, inf, inf, inf, inf, inf, inf, inf, inf, inf, inf, inf, inf, inf, inf, inf, inf, inf, inf, inf, inf, inf, inf, inf, inf, inf, inf, inf, inf, inf, inf, inf, inf, inf, inf, inf, inf, inf, inf, inf, inf, inf, inf, inf, inf, inf, inf, inf, inf, inf, inf, inf, inf, inf, inf, inf, inf, inf, inf, inf, inf, inf, inf, 3.3022875785827637, inf, inf, inf, inf, inf, inf, 3.392754554748535, 3.3429250717163086, 3.285804510116577, 3.264862537384033, 3.208191156387329, 3.195064067840576, 3.1517186164855957, 3.105836868286133, 3.0856523513793945, 3.045137405395508, 2.9933583736419678, 2.9881093502044678, 2.963733673095703, 2.9331319332122803, 2.908169984817505, 2.88468337059021, 2.869478464126587, 2.8428571224212646, 2.818629264831543, 2.815436601638794, 2.7767083644866943, 2.7620675563812256, 2.7624146938323975, 2.7371726036071777, 2.7274677753448486, 2.719330072402954, 2.712411403656006, 2.70666241645813, 2.6875381469726562, 2.671842098236084, 2.680659770965576, 2.6720316410064697, 2.681368827819824, 2.6514313220977783, 2.6636855602264404, 2.6633973121643066, 2.634868621826172, 2.6480119228363037, 2.6429967880249023, 2.6438493728637695, 2.642699718475342, 2.6572349071502686, 2.6532721519470215, 2.6387546062469482, 2.660806179046631, 2.6533634662628174, 2.6687026023864746, 2.6870944499969482, 2.6894381046295166, 2.687457799911499, 2.702167510986328, 2.71860408782959, 2.7210376262664795, 2.7199575901031494, 2.7531628608703613, 2.7564730644226074, 2.7687926292419434]), 0.01749303564429283, 29806000000, 
array('f', [2.8749563694000244, 2.8707821369171143, 2.8946304321289062, 2.921841621398926, 2.9507813453674316, 2.9723081588745117, 3.0094919204711914, 3.0433883666992188, 3.0704336166381836, 3.099241256713867, 3.1446633338928223, 3.167348861694336, 3.2328715324401855, 3.256754159927368, 3.3061726093292236, 3.3505637645721436, 3.3957924842834473, 3.4380388259887695, 3.5, inf, inf, inf, inf, inf, inf, inf, inf, inf, inf, inf, inf, inf, inf, inf, inf, inf, inf, inf, inf, inf, inf, inf, inf, inf, inf, inf, inf, inf, inf, inf, inf, inf, inf, inf, inf, inf, inf, inf, inf, inf, inf, inf, inf, inf, inf, inf, inf, inf, inf, inf, inf, inf, inf, inf, inf, inf, inf, inf, inf, inf, inf, inf, inf, inf, inf, inf, inf, inf, inf, inf, inf, inf, inf, inf, inf, inf, inf, inf, inf, inf, inf, inf, inf, inf, inf, inf, inf, inf, inf, inf, inf, inf, inf, inf, inf, inf, inf, inf, inf, inf, inf, inf, inf, inf, inf, inf, inf, inf, inf, inf, inf, inf, inf, inf, inf, inf, inf, inf, inf, inf, inf, inf, inf, inf, inf, inf, inf, inf, inf, inf, inf, inf, inf, inf, inf, inf, inf, inf, inf, inf, inf, inf, inf, inf, inf, inf, inf, inf, inf, inf, inf, inf, inf, inf, inf, inf, inf, inf, inf, inf, inf, inf, inf, inf, inf, inf, inf, inf, inf, inf, inf, inf, inf, inf, inf, inf, inf, inf, inf, inf, inf, inf, inf, inf, inf, inf, inf, inf, inf, inf, inf, inf, inf, inf, inf, inf, inf, inf, inf, inf, inf, inf, inf, inf, inf, inf, inf, inf, inf, inf, inf, inf, inf, inf, inf, inf, inf, inf, inf, inf, inf, inf, inf, inf, inf, inf, inf, inf, inf, inf, inf, inf, inf, inf, inf, inf, inf, inf, inf, inf, inf, inf, inf, inf, inf, inf, inf, inf, inf, inf, inf, inf, inf, inf, inf, inf, inf, inf, inf, inf, inf, inf, inf, inf, inf, inf, inf, inf, inf, inf, 3.2546818256378174, inf, inf, inf, inf, inf, inf, 3.361943483352661, 3.3225595951080322, 3.274855613708496, 3.226485252380371, 3.2054591178894043, 3.168365001678467, 3.1287283897399902, 3.0799286365509033, 3.0429251194000244, 3.025053024291992, 3.00150728225708, 2.9562089443206787, 2.9506850242614746, 2.913461923599243, 2.888615369796753, 2.862948417663574, 2.8541340827941895, 2.82460355758667, 2.799316644668579, 2.7870895862579346, 2.7750587463378906, 2.767209053039551, 2.739781618118286, 2.722529888153076, 2.7198057174682617, 2.7158236503601074, 2.6657137870788574, 2.6647567749023438, 2.6526167392730713, 2.656970739364624, 2.646838426589966, 2.629758834838867, 2.6502745151519775, 2.6307497024536133, 2.6269443035125732, 2.6285130977630615, 2.614450693130493, 2.5898001194000244, 2.6219449043273926, 2.6356453895568848, 2.6101908683776855, 2.6297338008880615, 2.6085805892944336, 2.618557929992676, 2.608171224594116, 2.6228365898132324, 2.636059045791626, 2.64790940284729, 2.6488382816314697, 2.6764421463012695, 2.690798282623291, 2.6788923740386963, 2.710603713989258, 2.6849570274353027, 2.7083053588867188, 2.7341365814208984, 2.7506542205810547, 2.7537121772766113, 2.784290313720703, 2.7954325675964355, 2.821758508682251, 2.842999219894409, 2.839948892593384]), 0.01749303564429283, 30006000000, 
array('f', [2.956348419189453, 3.018127202987671, 3.043901205062866, 3.076786994934082, 3.1119472980499268, 3.1526498794555664, 3.163544178009033, 3.2251713275909424, 3.2554662227630615, 3.3104074001312256, 3.3530759811401367, 3.424445152282715, 3.4461302757263184, inf, inf, inf, inf, inf, inf, inf, inf, inf, inf, inf, inf, inf, inf, inf, inf, inf, inf, inf, inf, inf, inf, inf, inf, inf, inf, inf, inf, inf, inf, inf, inf, inf, inf, inf, inf, inf, inf, inf, inf, inf, inf, inf, inf, inf, inf, inf, inf, inf, inf, inf, inf, inf, inf, inf, inf, inf, inf, inf, inf, inf, inf, inf, inf, inf, inf, inf, inf, inf, inf, inf, inf, inf, inf, inf, inf, inf, inf, inf, inf, inf, inf, inf, inf, inf, inf, inf, inf, inf, inf, inf, inf, inf, inf, inf, inf, inf, inf, inf, inf, inf, inf, inf, inf, inf, inf, inf, inf, inf, inf, inf, inf, inf, inf, inf, inf, inf, inf, inf, inf, inf, inf, inf, inf, inf, inf, inf, inf, inf, inf, inf, inf, inf, inf, inf, inf, inf, inf, inf, inf, inf, inf, inf, inf, inf, inf, inf, inf, inf, inf, inf, inf, inf, inf, inf, inf, inf, inf, inf, inf, inf, inf, inf, inf, inf, inf, inf, inf, inf, inf, inf, inf, inf, inf, inf, inf, inf, inf, inf, inf, inf, inf, inf, inf, inf, inf, inf, inf, inf, inf, inf, inf, inf, inf, inf, inf, inf, inf, inf, inf, inf, inf, inf, inf, inf, inf, inf, inf, inf, inf, inf, inf, inf, inf, inf, inf, inf, inf, inf, inf, inf, inf, inf, inf, inf, inf, inf, inf, inf, inf, inf, inf, inf, inf, inf, inf, inf, inf, inf, inf, inf, inf, inf, inf, inf, inf, inf, inf, inf, inf, inf, inf, inf, inf, inf, inf, inf, inf, inf, inf, inf, inf, inf, inf, inf, inf, inf, inf, inf, inf, inf, 3.23899507522583, inf, inf, inf, inf, inf, inf, 3.3510563373565674, 3.2682743072509766, 3.267976999282837, 3.2170746326446533, 3.1662590503692627, 3.137089490890503, 3.0917129516601562, 3.0631651878356934, 3.0308268070220947, 3.0160763263702393, 2.9573490619659424, 2.934591770172119, 2.9108693599700928, 2.8797242641448975, 2.8750972747802734, 2.8318519592285156, 2.832122325897217, 2.7964677810668945, 2.776038646697998, 2.759047031402588, 2.7444167137145996, 2.744563579559326, 2.7031455039978027, 2.6875829696655273, 2.711308002471924, 2.682544231414795, 2.642854928970337, 2.6498889923095703, 2.6492466926574707, 2.649892568588257, 2.6370999813079834, 2.619878053665161, 2.637033700942993, 2.613126039505005, 2.605982542037964, 2.5883829593658447, 2.617706537246704, 2.6098029613494873, 2.5902717113494873, 2.5945475101470947, 2.606210947036743, 2.5975801944732666, 2.588876485824585, 2.59212064743042, 2.6202430725097656, 2.609926462173462, 2.613154411315918, 2.610698938369751, 2.620706081390381, 2.6245615482330322, 2.643378734588623, 2.6584627628326416, 2.6714000701904297, 2.666224718093872, 2.689192533493042, 2.6971967220306396, 2.717695713043213, 2.720994710922241, 2.765005350112915, 2.766444444656372, 2.7700448036193848, 2.8076603412628174, 2.805999994277954, 2.8464324474334717, 2.8683924674987793, 2.8905701637268066, 2.8986358642578125, 2.9294753074645996, 2.9551336765289307]), 0.01749303564429283, 30206000000, 
array('f', [3.1355056762695312, 3.1637864112854004, 3.234926700592041, 3.267829179763794, 3.2906570434570312, 3.3522839546203613, 3.398401975631714, 3.4644675254821777, inf, inf, inf, inf, inf, inf, inf, inf, inf, inf, inf, inf, inf, inf, inf, inf, inf, inf, inf, inf, inf, inf, inf, inf, inf, inf, inf, inf, inf, inf, inf, inf, inf, inf, inf, inf, inf, inf, inf, inf, inf, inf, inf, inf, inf, inf, inf, inf, inf, inf, inf, inf, inf, inf, inf, inf, inf, inf, inf, inf, inf, inf, inf, inf, inf, inf, inf, inf, inf, inf, inf, inf, inf, inf, inf, inf, inf, inf, inf, inf, inf, inf, inf, inf, inf, inf, inf, inf, inf, inf, inf, inf, inf, inf, inf, inf, inf, inf, inf, inf, inf, inf, inf, inf, inf, inf, inf, inf, inf, inf, inf, inf, inf, inf, inf, inf, inf, inf, inf, inf, inf, inf, inf, inf, inf, inf, inf, inf, inf, inf, inf, inf, inf, inf, inf, inf, inf, inf, inf, inf, inf, inf, inf, inf, inf, inf, inf, inf, inf, inf, inf, inf, inf, inf, inf, inf, inf, inf, inf, inf, inf, inf, inf, inf, inf, inf, inf, inf, inf, inf, inf, inf, inf, inf, inf, inf, inf, inf, inf, inf, inf, inf, inf, inf, inf, inf, inf, inf, inf, inf, inf, inf, inf, inf, inf, inf, inf, inf, inf, inf, inf, inf, inf, inf, inf, inf, inf, inf, inf, inf, inf, inf, inf, inf, inf, inf, inf, inf, inf, inf, inf, inf, inf, inf, inf, inf, inf, inf, inf, inf, inf, inf, inf, inf, inf, inf, inf, inf, inf, inf, inf, inf, inf, inf, inf, inf, inf, inf, inf, inf, inf, inf, inf, inf, inf, inf, inf, inf, inf, inf, inf, inf, inf, inf, inf, inf, inf, inf, inf, inf, 3.249058723449707, inf, inf, inf, inf, inf, inf, 3.3527634143829346, 3.289855718612671, 3.2523844242095947, 3.177534580230713, 3.1706299781799316, 3.1249780654907227, 3.093541383743286, 3.044771671295166, 3.0261340141296387, 2.970557451248169, 2.9535436630249023, 2.9270403385162354, 2.9044206142425537, 2.874964952468872, 2.8522143363952637, 2.8210573196411133, 2.8119053840637207, 2.7806568145751953, 2.7819411754608154, 2.742304563522339, 2.7279112339019775, 2.702472686767578, 2.7073445320129395, 2.6840732097625732, 2.6608872413635254, 2.6650211811065674, 2.650407552719116, 2.6309473514556885, 2.6265878677368164, 2.6111576557159424, 2.6031908988952637, 2.5933072566986084, 2.602510690689087, 2.5935003757476807, 2.5686447620391846, 2.5771982669830322, 2.5760183334350586, 2.5775146484375, 2.5752153396606445, 2.5826430320739746, 2.5743303298950195, 2.56199312210083, 2.591846466064453, 2.5639514923095703, 2.5878732204437256, 2.5878119468688965, 2.594595432281494, 2.602091073989868, 2.6188623905181885, 2.6037070751190186, 2.602062940597534, 2.6347246170043945, 2.643972158432007, 2.6412930488586426, 2.6504218578338623, 2.6536262035369873, 2.6797754764556885, 2.6987295150756836, 2.7090790271759033, 2.7138683795928955, 2.744764804840088, 2.781741142272949, 2.788576602935791, 2.795651435852051, 2.843743324279785, 2.8471734523773193, 2.872281551361084, 2.895364999771118, 2.911123037338257, 2.9437897205352783, 2.98667049407959, 3.014409303665161, 3.0530078411102295, 3.0780391693115234, 3.141575336456299]), 0.01749303564429283, 30406000000, 
array('f', [3.3653740882873535, 3.4056150913238525, 3.452674388885498, inf, inf, inf, inf, inf, inf, inf, inf, inf, inf, inf, inf, inf, inf, inf, inf, inf, inf, inf, inf, inf, inf, inf, inf, inf, inf, inf, inf, inf, inf, inf, inf, inf, inf, inf, inf, inf, inf, inf, inf, inf, inf, inf, inf, inf, inf, inf, inf, inf, inf, inf, inf, inf, inf, inf, inf, inf, inf, inf, inf, inf, inf, inf, inf, inf, inf, inf, inf, inf, inf, inf, inf, inf, inf, inf, inf, inf, inf, inf, inf, inf, inf, inf, inf, inf, inf, inf, inf, inf, inf, inf, inf, inf, inf, inf, inf, inf, inf, inf, inf, inf, inf, inf, inf, inf, inf, inf, inf, inf, inf, inf, inf, inf, inf, inf, inf, inf, inf, inf, inf, inf, inf, inf, inf, inf, inf, inf, inf, inf, inf, inf, inf, inf, inf, inf, inf, inf, inf, inf, inf, inf, inf, inf, inf, inf, inf, inf, inf, inf, inf, inf, inf, inf, inf, inf, inf, inf, inf, inf, inf, inf, inf, inf, inf, inf, inf, inf, inf, inf, inf, inf, inf, inf, inf, inf, inf, inf, inf, inf, inf, inf, inf, inf, inf, inf, inf, inf, inf, inf, inf, inf, inf, inf, inf, inf, inf, inf, inf, inf, inf, inf, inf, inf, inf, inf, inf, inf, inf, inf, inf, inf, inf, inf, inf, inf, inf, inf, inf, inf, inf, inf, inf, inf, inf, inf, inf, inf, inf, inf, inf, inf, inf, inf, inf, inf, inf, inf, inf, inf, inf, inf, inf, inf, inf, inf, inf, inf, inf, inf, inf, inf, inf, inf, inf, inf, inf, inf, inf, inf, inf, inf, inf, inf, inf, inf, inf, inf, inf, inf, 3.2404215335845947, inf, inf, inf, inf, inf, inf, 3.314646005630493, 3.263404130935669, 3.2186131477355957, 3.1630802154541016, 3.1545674800872803, 3.0859408378601074, 3.072321653366089, 3.0451860427856445, 2.9999303817749023, 2.9652822017669678, 2.9251389503479004, 2.904531240463257, 2.885786533355713, 2.8691844940185547, 2.8199081420898438, 2.807758331298828, 2.790348529815674, 2.748605966567993, 2.7557480335235596, 2.7245864868164062, 2.701540946960449, 2.7039878368377686, 2.67284893989563, 2.6700937747955322, 2.6490211486816406, 2.642543077468872, 2.6190030574798584, 2.606043815612793, 2.596555709838867, 2.606952428817749, 2.6025848388671875, 2.5821850299835205, 2.5811784267425537, 2.5523593425750732, 2.5643043518066406, 2.5747623443603516, 2.5314056873321533, 2.5429527759552, 2.5723679065704346, 2.5605149269104004, 2.5455899238586426, 2.5387561321258545, 2.557060956954956, 2.5589957237243652, 2.5512192249298096, 2.5619823932647705, 2.5560758113861084, 2.570497989654541, 2.560134172439575, 2.588397264480591, 2.586430549621582, 2.6077346801757812, 2.599790573120117, 2.631333351135254, 2.614867687225342, 2.6570687294006348, 2.676588296890259, 2.650005340576172, 2.677914619445801, 2.6955580711364746, 2.6992533206939697, 2.7478737831115723, 2.7452216148376465, 2.7459559440612793, 2.7787888050079346, 2.804438829421997, 2.854447603225708, 2.864617109298706, 2.906144142150879, 2.9232654571533203, 2.9554283618927, 2.9908015727996826, 3.0040760040283203, 3.0394222736358643, 3.108217477798462, 3.131047248840332, 3.167325019836426, 3.21136212348938, 3.2442052364349365, 3.2913365364074707, 3.3276400566101074]), 0.01749303564429283, 30606000000, 
array('f', [inf, inf, inf, inf, inf, inf, inf, inf, inf, inf, inf, inf, inf, inf, inf, inf, inf, inf, inf, inf, inf, inf, inf, inf, inf, inf, inf, inf, inf, inf, inf, inf, inf, inf, inf, inf, inf, inf, inf, inf, inf, inf, inf, inf, inf, inf, inf, inf, inf, inf, inf, inf, inf, inf, inf, inf, inf, inf, inf, inf, inf, inf, inf, inf, inf, inf, inf, inf, inf, inf, inf, inf, inf, inf, inf, inf, inf, inf, inf, inf, inf, inf, inf, inf, inf, inf, inf, inf, inf, inf, inf, inf, inf, inf, inf, inf, inf, inf, inf, inf, inf, inf, inf, inf, inf, inf, inf, inf, inf, inf, inf, inf, inf, inf, inf, inf, inf, inf, inf, inf, inf, inf, inf, inf, inf, inf, inf, inf, inf, inf, inf, inf, inf, inf, inf, inf, inf, inf, inf, inf, inf, inf, inf, inf, inf, inf, inf, inf, inf, inf, inf, inf, inf, inf, inf, inf, inf, inf, inf, inf, inf, inf, inf, inf, inf, inf, inf, inf, inf, inf, inf, inf, inf, inf, inf, inf, inf, inf, inf, inf, inf, inf, inf, inf, inf, inf, inf, inf, inf, inf, inf, inf, inf, inf, inf, inf, inf, inf, inf, inf, inf, inf, inf, inf, inf, inf, inf, inf, inf, inf, inf, inf, inf, inf, inf, inf, inf, inf, inf, inf, inf, inf, inf, inf, inf, inf, inf, inf, inf, inf, inf, inf, inf, inf, inf, inf, inf, inf, inf, inf, inf, inf, inf, inf, inf, inf, inf, inf, inf, inf, inf, inf, inf, inf, inf, inf, inf, inf, inf, inf, inf, inf, inf, inf, inf, 3.2642078399658203, inf, inf, inf, inf, inf, inf, inf, 3.2899744510650635, 3.238983154296875, 3.206814765930176, 3.1604013442993164, 3.1227340698242188, 3.070950508117676, 3.0430362224578857, 3.012599229812622, 3.002885341644287, 2.9483630657196045, 2.9330246448516846, 2.8947935104370117, 2.8520431518554688, 2.832379102706909, 2.8272459506988525, 2.8034861087799072, 2.744443655014038, 2.744677782058716, 2.7450015544891357, 2.6841585636138916, 2.6708502769470215, 2.6640923023223877, 2.6449098587036133, 2.6493749618530273, 2.631647825241089, 2.607727527618408, 2.589693069458008, 2.59370493888855, 2.5744473934173584, 2.591524839401245, 2.552354097366333, 2.5658771991729736, 2.5628933906555176, 2.5433130264282227, 2.5637950897216797, 2.525718927383423, 2.5149545669555664, 2.5234806537628174, 2.528991460800171, 2.535745859146118, 2.5254769325256348, 2.515688896179199, 2.535964012145996, 2.539412260055542, 2.512666702270508, 2.5136590003967285, 2.529066801071167, 2.5335605144500732, 2.562087059020996, 2.568157196044922, 2.5679984092712402, 2.569641590118408, 2.602727174758911, 2.5912528038024902, 2.6044628620147705, 2.6190762519836426, 2.625056266784668, 2.630798101425171, 2.656797409057617, 2.673755645751953, 2.7012181282043457, 2.7023420333862305, 2.7252838611602783, 2.759244680404663, 2.7719342708587646, 2.800774097442627, 2.807079315185547, 2.830833673477173, 2.8394081592559814, 2.8770315647125244, 2.9151387214660645, 2.9454245567321777, 3.0025227069854736, 3.0173745155334473, 3.0523552894592285, 3.081143379211426, 3.105745792388916, 3.169680595397949, 3.2171294689178467, 3.253826379776001, 3.2871172428131104, 3.358591079711914, 3.390044689178467, 3.4821650981903076, inf, inf, inf]), 0.01749303564429283, 30806000000, 
array('f', [inf, inf, inf, inf, inf, inf, inf, inf, inf, inf, inf, inf, inf, inf, inf, inf, inf, inf, inf, inf, inf, inf, inf, inf, inf, inf, inf, inf, inf, inf, inf, inf, inf, inf, inf, inf, inf, inf, inf, inf, inf, inf, inf, inf, inf, inf, inf, inf, inf, inf, inf, inf, inf, inf, inf, inf, inf, inf, inf, inf, inf, inf, inf, inf, inf, inf, inf, inf, inf, inf, inf, inf, inf, inf, inf, inf, inf, inf, inf, inf, inf, inf, inf, inf, inf, inf, inf, inf, inf, inf, inf, inf, inf, inf, inf, inf, inf, inf, inf, inf, inf, inf, inf, inf, inf, inf, inf, inf, inf, inf, inf, inf, inf, inf, inf, inf, inf, inf, inf, inf, inf, inf, inf, inf, inf, inf, inf, inf, inf, inf, inf, inf, inf, inf, inf, inf, inf, inf, inf, inf, inf, inf, inf, inf, inf, inf, inf, inf, inf, inf, inf, inf, inf, inf, inf, inf, inf, inf, inf, inf, inf, inf, inf, inf, inf, inf, inf, inf, inf, inf, inf, inf, inf, inf, inf, inf, inf, inf, inf, inf, inf, inf, inf, inf, inf, inf, inf, inf, inf, inf, inf, inf, inf, inf, inf, inf, inf, inf, inf, inf, inf, inf, inf, inf, inf, inf, inf, inf, inf, inf, inf, inf, inf, inf, inf, inf, inf, inf, inf, inf, inf, inf, inf, inf, inf, inf, inf, inf, inf, inf, inf, inf, inf, inf, inf, inf, inf, inf, inf, inf, inf, inf, inf, inf, inf, inf, inf, inf, inf, inf, inf, inf, inf, inf, inf, inf, inf, inf, inf, 3.234510898590088, inf, inf, inf, inf, inf, inf, 3.335160255432129, 3.2918319702148438, 3.233419418334961, 3.193723440170288, 3.1401519775390625, 3.0950331687927246, 3.0650219917297363, 3.0364227294921875, 2.9915952682495117, 2.9597973823547363, 2.9284870624542236, 2.887221336364746, 2.865708351135254, 2.843827247619629, 2.8021175861358643, 2.7789878845214844, 2.7575299739837646, 2.7598183155059814, 2.7221767902374268, 2.7125608921051025, 2.7018754482269287, 2.67388916015625, 2.655467987060547, 2.6331498622894287, 2.6009037494659424, 2.609828233718872, 2.5912673473358154, 2.582390308380127, 2.582705497741699, 2.5638513565063477, 2.5538032054901123, 2.5408129692077637, 2.5364112854003906, 2.5453402996063232, 2.531834363937378, 2.520554780960083, 2.5107815265655518, 2.513841390609741, 2.512904167175293, 2.5036706924438477, 2.495309591293335, 2.516688108444214, 2.517843008041382, 2.513653516769409, 2.5208699703216553, 2.508415699005127, 2.5195281505584717, 2.5246076583862305, 2.512756586074829, 2.510686159133911, 2.522979736328125, 2.526587724685669, 2.558913230895996, 2.5752146244049072, 2.570533514022827, 2.57417631149292, 2.584017753601074, 2.6028494834899902, 2.6037495136260986, 2.6276357173919678, 2.6568427085876465, 2.645531177520752, 2.681112766265869, 2.69392991065979, 2.712782621383667, 2.723137855529785, 2.7361347675323486, 2.7775614261627197, 2.8063712120056152, 2.8159501552581787, 2.8552088737487793, 2.879305601119995, 2.932832956314087, 2.939527750015259, 2.9902396202087402, 3.0231614112854004, 3.0509204864501953, 3.094073534011841, 3.1390433311462402, 3.168240785598755, 3.2059085369110107, 3.248708963394165, 3.3071563243865967, 3.367095947265625, 3.4170331954956055, 3.473057746887207, inf, inf, inf, inf, inf, inf, inf, inf]), 0.01749303564429283, 31006000000, 
array('f', [inf, inf, inf, inf, inf, inf, inf, inf, inf, inf, inf, inf, inf, inf, inf, inf, inf, inf, inf, inf, inf, inf, inf, inf, inf, inf, inf, inf, inf, inf, inf, inf, inf, inf, inf, inf, inf, inf, inf, inf, inf, inf, inf, inf, inf, inf, inf, inf, inf, inf, inf, inf, inf, inf, inf, inf, inf, inf, inf, inf, inf, inf, inf, inf, inf, inf, inf, inf, inf, inf, inf, inf, inf, inf, inf, inf, inf, inf, inf, inf, inf, inf, inf, inf, inf, inf, inf, inf, inf, inf, inf, inf, inf, inf, inf, inf, inf, inf, inf, inf, inf, inf, inf, inf, inf, inf, inf, inf, inf, inf, inf, inf, inf, inf, inf, inf, inf, inf, inf, inf, inf, inf, inf, inf, inf, inf, inf, inf, inf, inf, inf, inf, inf, inf, inf, inf, inf, inf, inf, inf, inf, inf, inf, inf, inf, inf, inf, inf, inf, inf, inf, inf, inf, inf, inf, inf, inf, inf, inf, inf, inf, inf, inf, inf, inf, inf, inf, inf, inf, inf, inf, inf, inf, inf, inf, inf, inf, inf, inf, inf, inf, inf, inf, inf, inf, inf, inf, inf, inf, inf, inf, inf, inf, inf, inf, inf, inf, inf, inf, inf, inf, inf, inf, inf, inf, inf, inf, inf, inf, inf, inf, inf, inf, inf, inf, inf, inf, inf, inf, inf, inf, inf, inf, inf, inf, inf, inf, inf, inf, inf, inf, inf, inf, inf, inf, inf, inf, inf, inf, inf, inf, inf, inf, inf, inf, inf, inf, inf, inf, inf, inf, inf, inf, 3.2278170585632324, inf, inf, inf, inf, inf, inf, 3.3088152408599854, 3.2811765670776367, 3.2225587368011475, 3.1859922409057617, 3.1234917640686035, 3.089214563369751, 3.051481246948242, 2.9984538555145264, 2.9797568321228027, 2.9523069858551025, 2.9033844470977783, 2.8820157051086426, 2.859715461730957, 2.8144593238830566, 2.792593240737915, 2.774176597595215, 2.744124174118042, 2.72045636177063, 2.692111015319824, 2.6778018474578857, 2.678571939468384, 2.645570755004883, 2.6193182468414307, 2.6137940883636475, 2.5943984985351562, 2.5914502143859863, 2.587263822555542, 2.5484366416931152, 2.5342390537261963, 2.5369842052459717, 2.522444725036621, 2.5262577533721924, 2.50849986076355, 2.5154857635498047, 2.5049240589141846, 2.485649824142456, 2.4874508380889893, 2.479313373565674, 2.4853196144104004, 2.495481252670288, 2.47109055519104, 2.4936089515686035, 2.4814329147338867, 2.496086597442627, 2.4668362140655518, 2.480320692062378, 2.47566556930542, 2.4852490425109863, 2.4984185695648193, 2.4957239627838135, 2.515472650527954, 2.5247373580932617, 2.5162196159362793, 2.529667377471924, 2.5475175380706787, 2.540416955947876, 2.5672245025634766, 2.5689165592193604, 2.5846519470214844, 2.601245403289795, 2.6045360565185547, 2.6292381286621094, 2.643723726272583, 2.668060779571533, 2.6732943058013916, 2.7009048461914062, 2.717463493347168, 2.748166561126709, 2.784348964691162, 2.8002965450286865, 2.855363368988037, 2.87093448638916, 2.877692222595215, 2.896469831466675, 2.9325358867645264, 2.9839284420013428, 3.023808717727661, 3.046832799911499, 3.075826406478882, 3.1030642986297607, 3.1697661876678467, 3.211590528488159, 3.2775542736053467, 3.309999942779541, 3.376708507537842, 3.4176836013793945, 3.5, inf, inf, inf, inf, inf, inf, inf, inf, inf, inf, inf, inf, inf]), 0.01749303564429283, 31206000000, 
array('f', [inf, inf, inf, inf, inf, inf, inf, inf, inf, inf, inf, inf, inf, inf, inf, inf, inf, inf, inf, inf, 3.4912633895874023, 3.484827756881714, 3.495161533355713, 3.4678120613098145, 3.485569715499878, 3.4746296405792236, 3.4660484790802, 3.4943249225616455, 3.4723472595214844, 3.474349021911621, 3.472299814224243, 3.471038579940796, 3.499232769012451, inf, inf, inf, inf, inf, inf, inf, inf, inf, inf, inf, inf, inf, inf, inf, inf, inf, inf, inf, inf, inf, inf, inf, inf, inf, inf, inf, inf, inf, inf, inf, inf, inf, inf, inf, inf, inf, inf, inf, inf, inf, inf, inf, inf, inf, inf, inf, inf, inf, inf, inf, inf, inf, inf, inf, inf, inf, inf, inf, inf, inf, inf, inf, inf, inf, inf, inf, inf, inf, inf, inf, inf, inf, inf, inf, inf, inf, inf, inf, inf, inf, inf, inf, inf, inf, inf, inf, inf, inf, inf, inf, inf, inf, inf, inf, inf, inf, inf, inf, inf, inf, inf, inf, inf, inf, inf, inf, inf, inf, inf, inf, inf, inf, inf, inf, inf, inf, inf, inf, inf, inf, inf, inf, inf, inf, inf, inf, inf, inf, inf, inf, inf, inf, inf, inf, inf, inf, inf, inf, inf, inf, inf, inf, inf, inf, inf, inf, inf, inf, inf, inf, inf, inf, inf, inf, inf, inf, inf, inf, inf, inf, inf, inf, inf, inf, inf, inf, inf, inf, inf, inf, inf, inf, inf, inf, inf, inf, inf, inf, inf, inf, inf, inf, inf, inf, inf, inf, inf, inf, inf, inf, inf, inf, inf, inf, inf, inf, inf, inf, inf, inf, inf, inf, inf, inf, inf, inf, inf, inf, inf, inf, inf, inf, inf, 3.2639901638031006, inf, inf, inf, inf, inf, inf, 3.305866241455078, 3.2357089519500732, 3.192410707473755, 3.1602671146392822, 3.112290143966675, 3.0664079189300537, 3.0442051887512207, 3.0068371295928955, 2.9754552841186523, 2.9184303283691406, 2.9008564949035645, 2.855762004852295, 2.8279666900634766, 2.8188767433166504, 2.787776231765747, 2.756706476211548, 2.7350754737854004, 2.7164831161499023, 2.6912004947662354, 2.640133857727051, 2.6504077911376953, 2.6222574710845947, 2.6248514652252197, 2.6021933555603027, 2.5903501510620117, 2.5819084644317627, 2.557227373123169, 2.5389039516448975, 2.5398154258728027, 2.511737108230591, 2.508033275604248, 2.5330424308776855, 2.490907907485962, 2.4819955825805664, 2.4849178791046143, 2.4844672679901123, 2.497669219970703, 2.4635095596313477, 2.4822540283203125, 2.4722988605499268, 2.463653326034546, 2.475463390350342, 2.4621670246124268, 2.4524126052856445, 2.4672675132751465, 2.483004331588745, 2.4547624588012695, 2.4672183990478516, 2.4747684001922607, 2.477618932723999, 2.4786784648895264, 2.5011234283447266, 2.506420373916626, 2.5068912506103516, 2.513540029525757, 2.5339601039886475, 2.5474486351013184, 2.5581648349761963, 2.557818651199341, 2.5984866619110107, 2.597222328186035, 2.5991344451904297, 2.6351771354675293, 2.6363842487335205, 2.6618359088897705, 2.6789488792419434, 2.6885948181152344, 2.7362778186798096, 2.7408063411712646, 2.766568422317505, 2.77410888671875, 2.8172507286071777, 2.8558690547943115, 2.869678497314453, 2.907735824584961, 2.94193696975708, 2.981174945831299, 3.0313289165496826, 3.0700457096099854, 3.0904221534729004, 3.1335575580596924, 3.2062883377075195, 3.2412893772125244, 3.2752954959869385, 3.3299829959869385, 3.370328187942505, 3.437636375427246, inf, inf, inf, inf, inf, inf, inf, inf, inf, inf, inf, inf, inf, inf, inf, inf, inf, inf, inf]), 0.01749303564429283, 31407000000, 
array('f', [inf, inf, inf, inf, inf, inf, inf, inf, inf, inf, inf, 3.4995193481445312, 3.4926810264587402, 3.4767799377441406, 3.467047929763794, 3.4873745441436768, 3.4618284702301025, 3.467930555343628, 3.442305564880371, 3.4410758018493652, 3.4422004222869873, 3.4260189533233643, 3.4417872428894043, 3.451007604598999, 3.464611053466797, 3.4547417163848877, 3.4453845024108887, 3.4680769443511963, 3.461155891418457, 3.4865610599517822, 3.4991261959075928, inf, inf, inf, inf, inf, inf, inf, inf, inf, inf, inf, inf, inf, inf, inf, inf, inf, inf, inf, inf, inf, inf, inf, inf, inf, inf, inf, inf, inf, inf, inf, inf, inf, inf, inf, inf, inf, inf, inf, inf, inf, inf, inf, inf, inf, inf, inf, inf, inf, inf, inf, inf, inf, inf, inf, inf, inf, inf, inf, inf, inf, inf, inf, inf, inf, inf, inf, inf, inf, inf, inf, inf, inf, inf, inf, inf, inf, inf, inf, inf, inf, inf, inf, inf, inf, inf, inf, inf, inf, inf, inf, inf, inf, inf, inf, inf, inf, inf, inf, inf, inf, inf, inf, inf, inf, inf, inf, inf, inf, inf, inf, inf, inf, inf, inf, inf, inf, inf, inf, inf, inf, inf, inf, inf, inf, inf, inf, inf, inf, inf, inf, inf, inf, inf, inf, inf, inf, inf, inf, inf, inf, inf, inf, inf, inf, inf, inf, inf, inf, inf, inf, inf, inf, inf, inf, inf, inf, inf, inf, inf, inf, inf, inf, inf, inf, inf, inf, inf, inf, inf, inf, inf, inf, inf, inf, inf, inf, inf, inf, inf, inf, inf, inf, inf, inf, inf, inf, inf, inf, inf, inf, inf, inf, inf, inf, inf, inf, inf, inf, inf, inf, inf, inf, inf, inf, inf, inf, inf, inf, 3.2691662311553955, inf, inf, inf, inf, inf, inf, inf, 3.3114688396453857, 3.2635371685028076, 3.200300693511963, 3.164100408554077, 3.1309072971343994, 3.0609800815582275, 3.013225555419922, 2.9947502613067627, 2.9561405181884766, 2.9155595302581787, 2.8847408294677734, 2.8531007766723633, 2.8136348724365234, 2.8238890171051025, 2.775019884109497, 2.7629480361938477, 2.725471019744873, 2.6998703479766846, 2.671696186065674, 2.654696464538574, 2.6402077674865723, 2.6319096088409424, 2.6014363765716553, 2.583609104156494, 2.562588691711426, 2.5418686866760254, 2.543830394744873, 2.52358078956604, 2.510789155960083, 2.520030975341797, 2.4910366535186768, 2.4857099056243896, 2.4841959476470947, 2.493232011795044, 2.4788269996643066, 2.473421812057495, 2.449326276779175, 2.4650793075561523, 2.453249216079712, 2.4621431827545166, 2.4360878467559814, 2.445769786834717, 2.4327104091644287, 2.441767930984497, 2.4477689266204834, 2.444021224975586, 2.4541823863983154, 2.4376373291015625, 2.4584522247314453, 2.4613935947418213, 2.469256639480591, 2.4576828479766846, 2.4707868099212646, 2.489687919616699, 2.497325897216797, 2.5293800830841064, 2.5403051376342773, 2.5558412075042725, 2.552011728286743, 2.558821201324463, 2.577153205871582, 2.594358444213867, 2.5964879989624023, 2.6130361557006836, 2.6419804096221924, 2.670071601867676, 2.6792876720428467, 2.6850149631500244, 2.72373104095459, 2.7463343143463135, 2.762355327606201, 2.7826318740844727, 2.81838059425354, 2.8303134441375732, 2.878164291381836, 2.890134572982788, 2.9471099376678467, 2.986743211746216, 3.026963710784912, 3.0843749046325684, 3.1020305156707764, 3.14318585395813, 3.1881015300750732, 3.2499678134918213, 3.2832794189453125, 3.3387200832366943, 3.3957173824310303, 3.4467742443084717, inf, inf, inf, inf, inf, inf, inf, inf, inf, inf, inf, inf, inf, inf, inf, inf, inf, inf, inf, inf, inf, inf, inf, inf]), 0.01749303564429283, 31607000000, 
array('f', [inf, inf, inf, 3.4966702461242676, 3.4555153846740723, 3.489006757736206, 3.460298538208008, 3.432635545730591, 3.4363415241241455, 3.416485548019409, 3.406998634338379, 3.4339473247528076, 3.4100277423858643, 3.38981294631958, 3.4146888256073, 3.413909912109375, 3.4096686840057373, 3.429749011993408, 3.4298839569091797, 3.4204862117767334, 3.416349411010742, 3.4184436798095703, 3.4234836101531982, 3.446190118789673, 3.464477300643921, 3.4838008880615234, 3.497023820877075, 3.4781389236450195, inf, inf, inf, inf, inf, inf, inf, inf, inf, inf, inf, inf, inf, inf, inf, inf, inf, inf, inf, inf, inf, inf, inf, inf, inf, inf, inf, inf, inf, inf, inf, inf, inf, inf, inf, inf, inf, inf, inf, inf, inf, inf, inf, inf, inf, inf, inf, inf, inf, inf, inf, inf, inf, inf, inf, inf, inf, inf, inf, inf, inf, inf, inf, inf, inf, inf, inf, inf, inf, inf, inf, inf, inf, inf, inf, inf, inf, inf, inf, inf, inf, inf, inf, inf, inf, inf, inf, inf, inf, inf, inf, inf, inf, inf, inf, inf, inf, inf, inf, inf, inf, inf, inf, inf, inf, inf, inf, inf, inf, inf, inf, inf, inf, inf, inf, inf, inf, inf, inf, inf, inf, inf, inf, inf, inf, inf, inf, inf, inf, inf, inf, inf, inf, inf, inf, inf, inf, inf, inf, inf, inf, inf, inf, inf, inf, inf, inf, inf, inf, inf, inf, inf, inf, inf, inf, inf, inf, inf, inf, inf, inf, inf, inf, inf, inf, inf, inf, inf, inf, inf, inf, inf, inf, inf, inf, inf, inf, inf, inf, inf, inf, inf, inf, inf, inf, inf, inf, inf, inf, inf, inf, inf, inf, inf, inf, inf, inf, inf, inf, inf, inf, inf, inf, inf, inf, inf, 3.2750308513641357, inf, inf, inf, inf, inf, inf, 3.350283145904541, 3.3101985454559326, 3.2584779262542725, 3.197840690612793, 3.1362946033477783, 3.1017937660217285, 3.059560537338257, 3.0326967239379883, 2.986607551574707, 2.960582971572876, 2.916134834289551, 2.8843071460723877, 2.8258514404296875, 2.8153462409973145, 2.797149181365967, 2.7480356693267822, 2.7509868144989014, 2.7088160514831543, 2.6998002529144287, 2.6564512252807617, 2.6579930782318115, 2.63199782371521, 2.612788677215576, 2.591472625732422, 2.582683801651001, 2.568132162094116, 2.5381669998168945, 2.5355117321014404, 2.5212881565093994, 2.5174078941345215, 2.5000133514404297, 2.474738597869873, 2.489036798477173, 2.479724168777466, 2.4639267921447754, 2.4584646224975586, 2.4618401527404785, 2.437030792236328, 2.4321391582489014, 2.454582691192627, 2.4336328506469727, 2.438594102859497, 2.434091329574585, 2.4107418060302734, 2.432008743286133, 2.4423203468322754, 2.4387357234954834, 2.4293079376220703, 2.4405412673950195, 2.4497663974761963, 2.443696975708008, 2.477851390838623, 2.4608120918273926, 2.4608285427093506, 2.481020212173462, 2.4856066703796387, 2.510378837585449, 2.485775947570801, 2.495999336242676, 2.506089925765991, 2.5484983921051025, 2.539091110229492, 2.5710971355438232, 2.570021152496338, 2.5925698280334473, 2.5920820236206055, 2.6271841526031494, 2.659179449081421, 2.6707570552825928, 2.715817928314209, 2.7321228981018066, 2.734280586242676, 2.7737269401550293, 2.799031972885132, 2.8410251140594482, 2.8672983646392822, 2.886706590652466, 2.928389072418213, 2.963700294494629, 2.99118971824646, 3.0480926036834717, 3.0695903301239014, 3.1267919540405273, 3.1712937355041504, 3.198084831237793, 3.264974594116211, 3.291370153427124, 3.3583035469055176, 3.421534538269043, 3.4927830696105957, inf, inf, inf, inf, inf, inf, inf, inf, inf, inf, inf, inf, inf, inf, inf, inf, inf, inf, inf, inf, inf, inf, inf, inf, inf, inf, inf, inf, inf]), 0.01749303564429283, 31807000000, 
array('f', [3.4251532554626465, 3.4115259647369385, 3.401543378829956, 3.4129655361175537, 3.392380714416504, 3.406064748764038, 3.382275342941284, 3.3819949626922607, 3.356440782546997, 3.3796167373657227, 3.3655917644500732, 3.3806869983673096, 3.372274160385132, 3.3686914443969727, 3.3938682079315186, 3.397904634475708, 3.3962838649749756, 3.3923535346984863, 3.4174368381500244, 3.4273407459259033, 3.4444360733032227, 3.450892210006714, 3.46346378326416, 3.4571714401245117, 3.4735238552093506, inf, inf, inf, inf, inf, inf, inf, inf, inf, inf, inf, inf, inf, inf, inf, inf, inf, inf, inf, inf, inf, inf, inf, inf, inf, inf, inf, inf, inf, inf, inf, inf, inf, inf, inf, inf, inf, inf, inf, inf, inf, inf, inf, inf, inf, inf, inf, inf, inf, inf, inf, inf, inf, inf, inf, inf, inf, inf, inf, inf, inf, inf, inf, inf, inf, inf, inf, inf, inf, inf, inf, inf, inf, inf, inf, inf, inf, inf, inf, inf, inf, inf, inf, inf, inf, inf, inf, inf, inf, inf, inf, inf, inf, inf, inf, inf, inf, inf, inf, inf, inf, inf, inf, inf, inf, inf, inf, inf, inf, inf, inf, inf, inf, inf, inf, inf, inf, inf, inf, inf, inf, inf, inf, inf, inf, inf, inf, inf, inf, inf, inf, inf, inf, inf, inf, inf, inf, inf, inf, inf, inf, inf, inf, inf, inf, inf, inf, inf, inf, inf, inf, inf, inf, inf, inf, inf, inf, inf, inf, inf, inf, inf, inf, inf, inf, inf, inf, inf, inf, inf, inf, inf, inf, inf, inf, inf, inf, inf, inf, inf, inf, inf, inf, inf, inf, inf, inf, inf, inf, inf, inf, inf, inf, inf, inf, inf, inf, inf, inf, inf, inf, inf, inf, 3.317004680633545, inf, inf, inf, inf, inf, inf, 3.342064619064331, 3.2993714809417725, 3.2392570972442627, 3.1931228637695312, 3.1592531204223633, 3.1072254180908203, 3.057436943054199, 3.015110492706299, 2.977649450302124, 2.951498508453369, 2.907926082611084, 2.866827964782715, 2.8525993824005127, 2.8076295852661133, 2.7814061641693115, 2.751925230026245, 2.721266508102417, 2.7091705799102783, 2.6803171634674072, 2.6746678352355957, 2.6332552433013916, 2.605689764022827, 2.607630491256714, 2.5912442207336426, 2.572446584701538, 2.565645694732666, 2.5282554626464844, 2.525843858718872, 2.4837329387664795, 2.4956533908843994, 2.4913036823272705, 2.4928979873657227, 2.4683189392089844, 2.4661426544189453, 2.45699143409729, 2.443044900894165, 2.4300589561462402, 2.4428207874298096, 2.4312002658843994, 2.423255443572998, 2.4124739170074463, 2.431490421295166, 2.4116177558898926, 2.433718204498291, 2.4225990772247314, 2.4307539463043213, 2.407362699508667, 2.412322998046875, 2.423297643661499, 2.4250636100769043, 2.428128719329834, 2.463696002960205, 2.4369630813598633, 2.4438107013702393, 2.4389190673828125, 2.488063097000122, 2.463991403579712, 2.4809348583221436, 2.5007970333099365, 2.502957820892334, 2.5362930297851562, 2.5568041801452637, 2.5359768867492676, 2.5696024894714355, 2.58301043510437, 2.6058661937713623, 2.6149039268493652, 2.6449594497680664, 2.672153949737549, 2.6951632499694824, 2.7086970806121826, 2.731377124786377, 2.7606899738311768, 2.786539316177368, 2.7903642654418945, 2.834282875061035, 2.8652424812316895, 2.89622163772583, 2.923961639404297, 2.95615291595459, 3.0090584754943848, 3.02844500541687, 3.09367036819458, 3.1437344551086426, 3.185633659362793, 3.205447196960449, 3.3024332523345947, 3.3398869037628174, 3.393338441848755, 3.4507439136505127, inf, inf, inf, inf, inf, inf, inf, inf, inf, inf, inf, inf, inf, inf, inf, inf, inf, inf, inf, inf, inf, inf, inf, inf, inf, inf, inf, inf, inf, 3.492417097091675, 3.4617083072662354, 3.463526487350464, 3.4306280612945557, 3.44734263420105, 3.4312405586242676]), 0.01749303564429283, 32007000000, 
array('f', [3.350180149078369, 3.3497631549835205, 3.33294677734375, 3.3210418224334717, 3.328866481781006, 3.3383560180664062, 3.3581838607788086, 3.3478569984436035, 3.3468704223632812, 3.369980573654175, 3.3615572452545166, 3.360992908477783, 3.3694581985473633, 3.392184019088745, 3.39574933052063, 3.4088122844696045, 3.4252853393554688, 3.434770345687866, 3.439671516418457, 3.464850425720215, 3.4721133708953857, inf, inf, inf, inf, inf, inf, inf, inf, inf, inf, inf, inf, inf, inf, inf, inf, inf, inf, inf, inf, inf, inf, inf, inf, inf, inf, inf, inf, inf, inf, inf, inf, inf, inf, inf, inf, inf, inf, inf, inf, inf, inf, inf, inf, inf, inf, inf, inf, inf, inf, inf, inf, inf, inf, inf, inf, inf, inf, inf, inf, inf, inf, inf, inf, inf, inf, inf, inf, inf, inf, inf, inf, inf, inf, inf, inf, inf, inf, inf, inf, inf, inf, inf, inf, inf, inf, inf, inf, inf, inf, inf, inf, inf, inf, inf, inf, inf, inf, inf, inf, inf, inf, inf, inf, inf, inf, inf, inf, inf, inf, inf, inf, inf, inf, inf, inf, inf, inf, inf, inf, inf, inf, inf, inf, inf, inf, inf, inf, inf, inf, inf, inf, inf, inf, inf, inf, inf, inf, inf, inf, inf, inf, inf, inf, inf, inf, inf, inf, inf, inf, inf, inf, inf, inf, inf, inf, inf, inf, inf, inf, inf, inf, inf, inf, inf, inf, inf, inf, inf, inf, inf, inf, inf, inf, inf, inf, inf, inf, inf, inf, inf, inf, inf, inf, inf, inf, inf, inf, inf, inf, inf, inf, inf, inf, inf, inf, inf, inf, inf, inf, inf, 3.3471333980560303, inf, inf, inf, inf, inf, inf, 3.3505449295043945, 3.2943837642669678, 3.2423906326293945, 3.1956114768981934, 3.141333818435669, 3.1219944953918457, 3.0548250675201416, 3.00626277923584, 2.973597764968872, 2.948166608810425, 2.8950417041778564, 2.8742992877960205, 2.8556175231933594, 2.804421901702881, 2.7805628776550293, 2.7430200576782227, 2.734506368637085, 2.7008163928985596, 2.674018621444702, 2.651761293411255, 2.6493146419525146, 2.632708787918091, 2.601553440093994, 2.5805962085723877, 2.562912940979004, 2.5518627166748047, 2.5243747234344482, 2.5217442512512207, 2.510347843170166, 2.520191192626953, 2.477830410003662, 2.4661660194396973, 2.466686725616455, 2.452636957168579, 2.44976806640625, 2.4394092559814453, 2.4324870109558105, 2.4171457290649414, 2.436082124710083, 2.424886703491211, 2.4158079624176025, 2.419201135635376, 2.410890579223633, 2.419245481491089, 2.42323899269104, 2.410029172897339, 2.406076431274414, 2.4134902954101562, 2.4212465286254883, 2.4286320209503174, 2.43705153465271, 2.443054437637329, 2.4413418769836426, 2.442599296569824, 2.44624924659729, 2.461587429046631, 2.4705116748809814, 2.4714298248291016, 2.5017006397247314, 2.4794108867645264, 2.5211589336395264, 2.5253021717071533, 2.5488507747650146, 2.5560572147369385, 2.5543415546417236, 2.585747718811035, 2.5950591564178467, 2.6121883392333984, 2.6295056343078613, 2.675889730453491, 2.6775476932525635, 2.7292280197143555, 2.7318880558013916, 2.7573556900024414, 2.8021485805511475, 2.800265073776245, 2.869225025177002, 2.8853397369384766, 2.9237794876098633, 2.959374189376831, 2.994997501373291, 3.0296881198883057, 3.0886056423187256, 3.115973472595215, 3.1522133350372314, 3.2047441005706787, 3.267942428588867, 3.312237501144409, 3.358018636703491, 3.406339168548584, 3.470954179763794, inf, inf, inf, inf, inf, inf, inf, inf, inf, inf, inf, inf, inf, inf, inf, inf, inf, inf, inf, inf, inf, inf, inf, inf, inf, inf, 3.485762357711792, 3.4668493270874023, 3.4545629024505615, 3.44398832321167, 3.418025016784668, 3.40411114692688, 3.3966078758239746, 3.3924849033355713, 3.39375901222229, 3.3755204677581787, 3.360687494277954, 3.3536479473114014, 3.3566150665283203, 3.3233089447021484]), 0.01749303564429283, 32207000000, 
array('f', [3.2989635467529297, 3.307539701461792, 3.2951557636260986, 3.3007683753967285, 3.3072633743286133, 3.3052561283111572, 3.340923309326172, 3.3295536041259766, 3.3432648181915283, 3.378101110458374, 3.3712656497955322, 3.3970210552215576, 3.4242355823516846, 3.4280500411987305, 3.443054437637329, 3.4578137397766113, 3.483494758605957, 3.5, inf, inf, inf, inf, inf, inf, inf, inf, inf, inf, inf, inf, inf, inf, inf, inf, inf, inf, inf, inf, inf, inf, inf, inf, inf, inf, inf, inf, inf, inf, inf, inf, inf, inf, inf, inf, inf, inf, inf, inf, inf, inf, inf, inf, inf, inf, inf, inf, inf, inf, inf, inf, inf, inf, inf, inf, inf, inf, inf, inf, inf, inf, inf, inf, inf, inf, inf, inf, inf, inf, inf, inf, inf, inf, inf, inf, inf, inf, inf, inf, inf, inf, inf, inf, inf, inf, inf, inf, inf, inf, inf, inf, inf, inf, inf, inf, inf, inf, inf, inf, inf, inf, inf, inf, inf, inf, inf, inf, inf, inf, inf, inf, inf, inf, inf, inf, inf, inf, inf, inf, inf, inf, inf, inf, inf, inf, inf, inf, inf, inf, inf, inf, inf, inf, inf, inf, inf, inf, inf, inf, inf, inf, inf, inf, inf, inf, inf, inf, inf, inf, inf, inf, inf, inf, inf, inf, inf, inf, inf, inf, inf, inf, inf, inf, inf, inf, inf, inf, inf, inf, inf, inf, inf, inf, inf, inf, inf, inf, inf, inf, inf, inf, inf, inf, inf, inf, inf, inf, inf, inf, inf, inf, inf, inf, inf, inf, inf, 3.381089210510254, inf, inf, inf, inf, inf, inf, 3.427288770675659, 3.353806734085083, 3.305466413497925, 3.261162281036377, 3.198148727416992, 3.146993398666382, 3.1013834476470947, 3.0756618976593018, 3.0206403732299805, 2.988029956817627, 2.949666976928711, 2.911268472671509, 2.877573251724243, 2.8469398021698, 2.8173418045043945, 2.7988662719726562, 2.758082866668701, 2.7327780723571777, 2.7183303833007812, 2.7017791271209717, 2.6795642375946045, 2.6286544799804688, 2.604922294616699, 2.614898443222046, 2.581090211868286, 2.5562992095947266, 2.5503463745117188, 2.5312225818634033, 2.5183627605438232, 2.5033118724823, 2.5010440349578857, 2.512044906616211, 2.4631621837615967, 2.4460554122924805, 2.457042932510376, 2.4456605911254883, 2.452862501144409, 2.434483528137207, 2.431155204772949, 2.4174087047576904, 2.408289670944214, 2.413365364074707, 2.417024612426758, 2.414668321609497, 2.4098446369171143, 2.4225270748138428, 2.3971896171569824, 2.4067599773406982, 2.408237934112549, 2.4159915447235107, 2.422954797744751, 2.419119358062744, 2.4231560230255127, 2.431788682937622, 2.428292989730835, 2.4501991271972656, 2.446420907974243, 2.4677531719207764, 2.4513959884643555, 2.4676976203918457, 2.500410795211792, 2.50421142578125, 2.5394771099090576, 2.5267717838287354, 2.527902841567993, 2.5736043453216553, 2.5757322311401367, 2.6026816368103027, 2.6281182765960693, 2.635765314102173, 2.6631107330322266, 2.6740493774414062, 2.70094895362854, 2.733114004135132, 2.7570390701293945, 2.7745373249053955, 2.797105073928833, 2.8384974002838135, 2.884148120880127, 2.918515205383301, 2.9443578720092773, 2.979635715484619, 2.992279052734375, 3.048194408416748, 3.088789701461792, 3.1393208503723145, 3.194201946258545, 3.239720582962036, 3.2928810119628906, 3.3341867923736572, 3.4041051864624023, 3.4501442909240723, inf, inf, inf, inf, inf, inf, inf, inf, inf, inf, inf, inf, inf, inf, inf, inf, inf, inf, inf, inf, inf, inf, inf, inf, 3.490755319595337, 3.466538429260254, 3.4604177474975586, 3.42600417137146, 3.410785436630249, 3.405491352081299, 3.3851449489593506, 3.382420301437378, 3.3683981895446777, 3.3542587757110596, 3.3346779346466064, 3.3393185138702393, 3.329308032989502, 3.3170576095581055, 3.304715156555176, 3.311532735824585, 3.3076114654541016, 3.3005433082580566, 3.29565167427063, 3.3182804584503174, 3.297466516494751, 3.303241014480591]), 0.01749303564429283, 32407000000, 
array('f', [3.2835066318511963, 3.2772669792175293, 3.308668613433838, 3.303638458251953, 3.3372786045074463, 3.346818208694458, 3.3732869625091553, 3.373227119445801, 3.3936760425567627, 3.4088497161865234, 3.42307186126709, 3.4430155754089355, 3.470144271850586, 3.4880752563476562, inf, inf, inf, inf, inf, inf, inf, inf, inf, inf, inf, inf, inf, inf, inf, inf, inf, inf, inf, inf, inf, inf, inf, inf, inf, inf, inf, inf, inf, inf, inf, inf, inf, inf, inf, inf, inf, inf, inf, inf, inf, inf, inf, inf, inf, inf, inf, inf, inf, inf, inf, inf, inf, inf, inf, inf, inf, inf, inf, inf, inf, inf, inf, inf, inf, inf, inf, inf, inf, inf, inf, inf, inf, inf, inf, inf, inf, inf, inf, inf, inf, inf, inf, inf, inf, inf, inf, inf, inf, inf, inf, inf, inf, inf, inf, inf, inf, inf, inf, inf, inf, inf, inf, inf, inf, inf, inf, inf, inf, inf, inf, inf, inf, inf, inf, inf, inf, inf, inf, inf, inf, inf, inf, inf, inf, inf, inf, inf, inf, inf, inf, inf, inf, inf, inf, inf, inf, inf, inf, inf, inf, inf, inf, inf, inf, inf, inf, inf, inf, inf, inf, inf, inf, inf, inf, inf, inf, inf, inf, inf, inf, inf, inf, inf, inf, inf, inf, inf, inf, inf, inf, inf, inf, inf, inf, inf, inf, inf, inf, inf, inf, inf, inf, inf, inf, inf, inf, inf, inf, inf, inf, inf, inf, inf, inf, 3.373307943344116, inf, inf, inf, inf, inf, inf, 3.4339756965637207, 3.393139600753784, 3.324472427368164, 3.270636796951294, 3.2132654190063477, 3.172116994857788, 3.128039836883545, 3.088871717453003, 3.0454611778259277, 3.0082366466522217, 2.9544484615325928, 2.9358086585998535, 2.880852222442627, 2.842677116394043, 2.82377028465271, 2.784404993057251, 2.771860122680664, 2.737760543823242, 2.718022346496582, 2.7013089656829834, 2.6760904788970947, 2.639052391052246, 2.6392674446105957, 2.6016147136688232, 2.5975759029388428, 2.575547695159912, 2.5551021099090576, 2.5439445972442627, 2.507838726043701, 2.5273969173431396, 2.5076026916503906, 2.492838144302368, 2.4765119552612305, 2.4666521549224854, 2.4515926837921143, 2.4400787353515625, 2.455003023147583, 2.4362549781799316, 2.4210379123687744, 2.4259488582611084, 2.4185914993286133, 2.4152753353118896, 2.4211790561676025, 2.4044978618621826, 2.428915500640869, 2.413891315460205, 2.428030490875244, 2.409656286239624, 2.423938274383545, 2.4171459674835205, 2.4120216369628906, 2.4256179332733154, 2.429102897644043, 2.430929660797119, 2.4318227767944336, 2.4488208293914795, 2.455716848373413, 2.4625625610351562, 2.448397636413574, 2.488962411880493, 2.4886128902435303, 2.49241042137146, 2.517462968826294, 2.5366766452789307, 2.5347237586975098, 2.538513660430908, 2.5754406452178955, 2.5987141132354736, 2.5942630767822266, 2.6338672637939453, 2.661411762237549, 2.6816365718841553, 2.6945371627807617, 2.7010209560394287, 2.73112416267395, 2.7530362606048584, 2.7782232761383057, 2.812643527984619, 2.8557963371276855, 2.894535541534424, 2.922185182571411, 2.958077907562256, 3.0076611042022705, 3.039032459259033, 3.088327407836914, 3.119319200515747, 3.171363115310669, 3.2262322902679443, 3.2603800296783447, 3.3344407081604004, 3.4012317657470703, 3.4497761726379395, inf, inf, inf, inf, inf, inf, inf, inf, inf, inf, inf, inf, inf, inf, inf, inf, inf, inf, inf, inf, inf, inf, 3.4977567195892334, 3.4857985973358154, 3.4558839797973633, 3.445972204208374, 3.4027600288391113, 3.412233591079712, 3.3683602809906006, 3.367983341217041, 3.3538525104522705, 3.3296914100646973, 3.3105385303497314, 3.3048789501190186, 3.2793877124786377, 3.3028218746185303, 3.2746756076812744, 3.2657470703125, 3.268683433532715, 3.242328405380249, 3.2508909702301025, 3.2472431659698486, 3.2647788524627686, 3.2432494163513184, 3.2505924701690674, 3.260183334350586, 3.256840705871582, 3.2697625160217285, 3.266740560531616, 3.267686605453491, 3.2811825275421143, 3.2885959148406982]), 0.01749303564429283, 32607000000, 
array('f', [3.296916961669922, 3.3140828609466553, 3.3366968631744385, 3.355449914932251, 3.3696420192718506, 3.38907790184021, 3.4074583053588867, 3.4405126571655273, 3.465059995651245, inf, inf, inf, inf, inf, inf, inf, inf, inf, inf, inf, inf, inf, inf, inf, inf, inf, inf, inf, inf, inf, inf, inf, inf, inf, inf, inf, inf, inf, inf, inf, inf, inf, inf, inf, inf, inf, inf, inf, inf, inf, inf, inf, inf, inf, inf, inf, inf, inf, inf, inf, inf, inf, inf, inf, inf, inf, inf, inf, inf, inf, inf, inf, inf, inf, inf, inf, inf, inf, inf, inf, inf, inf, inf, inf, inf, inf, inf, inf, inf, inf, inf, inf, inf, inf, inf, inf, inf, inf, inf, inf, inf, inf, inf, inf, inf, inf, inf, inf, inf, inf, inf, inf, inf, inf, inf, inf, inf, inf, inf, inf, inf, inf, inf, inf, inf, inf, inf, inf, inf, inf, inf, inf, inf, inf, inf, inf, inf, inf, inf, inf, inf, inf, inf, inf, inf, inf, inf, inf, inf, inf, inf, inf, inf, inf, inf, inf, inf, inf, inf, inf, inf, inf, inf, inf, inf, inf, inf, inf, inf, inf, inf, inf, inf, inf, inf, inf, inf, inf, inf, inf, inf, inf, inf, inf, inf, inf, inf, inf, inf, inf, inf, inf, inf, inf, inf, inf, inf, inf, inf, inf, inf, inf, inf, 3.418149948120117, inf, inf, inf, inf, inf, inf, 3.4708926677703857, 3.395106315612793, 3.33640456199646, 3.290834903717041, 3.2519772052764893, 3.202676296234131, 3.1391501426696777, 3.109804630279541, 3.0527331829071045, 3.008183002471924, 2.973505973815918, 2.918976306915283, 2.893907070159912, 2.8737075328826904, 2.8499114513397217, 2.8020553588867188, 2.7882027626037598, 2.7469356060028076, 2.7261009216308594, 2.6955220699310303, 2.670592784881592, 2.6699612140655518, 2.6490302085876465, 2.6404941082000732, 2.590386152267456, 2.582242965698242, 2.5687363147735596, 2.552964448928833, 2.541870355606079, 2.5010178089141846, 2.5032312870025635, 2.4958715438842773, 2.5066826343536377, 2.4671401977539062, 2.4734723567962646, 2.4486007690429688, 2.4556503295898438, 2.445858955383301, 2.434218645095825, 2.4335312843322754, 2.420344829559326, 2.4252514839172363, 2.4216668605804443, 2.415424108505249, 2.421621561050415, 2.406127452850342, 2.4178824424743652, 2.421219825744629, 2.4169344902038574, 2.399799108505249, 2.440169334411621, 2.417980432510376, 2.4168224334716797, 2.4457526206970215, 2.429659128189087, 2.4561333656311035, 2.4506797790527344, 2.462139844894409, 2.4706549644470215, 2.4614813327789307, 2.482140302658081, 2.509575366973877, 2.5043764114379883, 2.5294458866119385, 2.551309108734131, 2.5591745376586914, 2.5780649185180664, 2.585277557373047, 2.6080596446990967, 2.6354613304138184, 2.6616013050079346, 2.6686201095581055, 2.687487840652466, 2.719944715499878, 2.736351728439331, 2.7572667598724365, 2.784234046936035, 2.8147778511047363, 2.8694944381713867, 2.90818452835083, 2.9246184825897217, 2.9566121101379395, 3.010291337966919, 3.0375452041625977, 3.073099374771118, 3.1152360439300537, 3.155100107192993, 3.2160861492156982, 3.27380633354187, 3.3143815994262695, 3.3771770000457764, 3.4377923011779785, 3.5, inf, inf, inf, inf, inf, inf, inf, inf, inf, inf, inf, inf, inf, inf, inf, inf, inf, inf, inf, inf, 3.470383644104004, 3.461073875427246, 3.423222541809082, 3.4013497829437256, 3.389940023422241, 3.3686254024505615, 3.34885835647583, 3.34989595413208, 3.3286123275756836, 3.3048512935638428, 3.294950246810913, 3.2773289680480957, 3.2668137550354004, 3.251826524734497, 3.248731851577759, 3.2474169731140137, 3.227959394454956, 3.2468836307525635, 3.2382261753082275, 3.2243428230285645, 3.2236874103546143, 3.208874464035034, 3.221585988998413, 3.197065830230713, 3.2263193130493164, 3.2290351390838623, 3.2148311138153076, 3.215820550918579, 3.22152042388916, 3.2415549755096436, 3.2347328662872314, 3.2551145553588867, 3.252714157104492, 3.2548937797546387, 3.2722253799438477, 3.2900948524475098, 3.299278497695923]), 0.01749303564429283, 32807000000, 
array('f', [3.3621106147766113, 3.3800039291381836, 3.3863418102264404, 3.439995527267456, inf, inf, inf, inf, inf, inf, inf, inf, inf, inf, inf, inf, inf, inf, inf, inf, inf, inf, inf, inf, inf, inf, inf, inf, inf, inf, inf, inf, inf, inf, inf, inf, inf, inf, inf, inf, inf, inf, inf, inf, inf, inf, inf, inf, inf, inf, inf, inf, inf, inf, inf, inf, inf, inf, inf, inf, inf, inf, inf, inf, inf, inf, inf, inf, inf, inf, inf, inf, inf, inf, inf, inf, inf, inf, inf, inf, inf, inf, inf, inf, inf, inf, inf, inf, inf, inf, inf, inf, inf, inf, inf, inf, inf, inf, inf, inf, inf, inf, inf, inf, inf, inf, inf, inf, inf, inf, inf, inf, inf, inf, inf, inf, inf, inf, inf, inf, inf, inf, inf, inf, inf, inf, inf, inf, inf, inf, inf, inf, inf, inf, inf, inf, inf, inf, inf, inf, inf, inf, inf, inf, inf, inf, inf, inf, inf, inf, inf, inf, inf, inf, inf, inf, inf, inf, inf, inf, inf, inf, inf, inf, inf, inf, inf, inf, inf, inf, inf, inf, inf, inf, inf, inf, inf, inf, inf, inf, inf, inf, inf, inf, inf, inf, inf, inf, inf, inf, inf, inf, inf, inf, inf, inf, inf, 3.4815280437469482, inf, inf, inf, inf, inf, inf, 3.4925992488861084, 3.4237213134765625, 3.38997745513916, 3.3338146209716797, 3.2665884494781494, 3.2205729484558105, 3.1738638877868652, 3.1247305870056152, 3.0837771892547607, 3.0545921325683594, 3.006776809692383, 2.955082416534424, 2.9351236820220947, 2.89485239982605, 2.8765411376953125, 2.8448939323425293, 2.817580223083496, 2.7870538234710693, 2.7600996494293213, 2.7243857383728027, 2.6954855918884277, 2.6802661418914795, 2.6616406440734863, 2.6256895065307617, 2.62223482131958, 2.5848336219787598, 2.611182689666748, 2.5913589000701904, 2.5599827766418457, 2.5266668796539307, 2.5270323753356934, 2.510146141052246, 2.5138566493988037, 2.479419469833374, 2.472468852996826, 2.4644510746002197, 2.47864031791687, 2.4503438472747803, 2.4433279037475586, 2.4465863704681396, 2.4428653717041016, 2.4335691928863525, 2.4303741455078125, 2.428074836730957, 2.420747756958008, 2.411154270172119, 2.421760320663452, 2.4273273944854736, 2.416041135787964, 2.4218568801879883, 2.425873041152954, 2.4417877197265625, 2.4519829750061035, 2.4440925121307373, 2.447392702102661, 2.448923110961914, 2.4397847652435303, 2.469069242477417, 2.480894088745117, 2.481624126434326, 2.483182430267334, 2.4996039867401123, 2.5158069133758545, 2.5495924949645996, 2.5596792697906494, 2.5632591247558594, 2.5799832344055176, 2.6008503437042236, 2.6053762435913086, 2.62509822845459, 2.666703701019287, 2.653085947036743, 2.698151111602783, 2.7119839191436768, 2.735191822052002, 2.7676050662994385, 2.8072824478149414, 2.82338285446167, 2.875426769256592, 2.8989362716674805, 2.9295551776885986, 2.968973398208618, 2.9944164752960205, 3.0181307792663574, 3.0721495151519775, 3.105598211288452, 3.1727213859558105, 3.197730302810669, 3.2700228691101074, 3.316626787185669, 3.3712761402130127, 3.4440674781799316, 3.5, inf, inf, inf, inf, inf, inf, inf, inf, inf, inf, inf, inf, inf, inf, inf, inf, inf, inf, 3.4891932010650635, 3.4733641147613525, 3.446485996246338, 3.411933183670044, 3.387213706970215, 3.372525453567505, 3.3695261478424072, 3.3241491317749023, 3.3135008811950684, 3.286081075668335, 3.268822431564331, 3.2612226009368896, 3.2674524784088135, 3.2243752479553223, 3.2175393104553223, 3.2331676483154297, 3.2271902561187744, 3.2061290740966797, 3.18561053276062, 3.173229455947876, 3.1781561374664307, 3.1817328929901123, 3.1921091079711914, 3.182128667831421, 3.1664466857910156, 3.165144681930542, 3.173611879348755, 3.1557695865631104, 3.169276237487793, 3.1840322017669678, 3.1849498748779297, 3.172488212585449, 3.1986100673675537, 3.205779552459717, 3.215756893157959, 3.227078914642334, 3.242954730987549, 3.25105619430542, 3.259917974472046, 3.2890868186950684, 3.2650718688964844, 3.3090527057647705, 3.3270256519317627, 3.353220224380493, 3.3585379123687744]), 0.01749303564429283, 33007000000, 
array('f', [inf, inf, inf, inf, inf, inf, inf, inf, inf, inf, inf, inf, inf, inf, inf, inf, inf, inf, inf, inf, inf, inf, inf, inf, inf, inf, inf, inf, inf, inf, inf, inf, inf, inf, inf, inf, inf, inf, inf, inf, inf, inf, inf, inf, inf, inf, inf, inf, inf, inf, inf, inf, inf, inf, inf, inf, inf, inf, inf, inf, inf, inf, inf, inf, inf, inf, inf, inf, inf, inf, inf, inf, inf, inf, inf, inf, inf, inf, inf, inf, inf, inf, inf, inf, inf, inf, inf, inf, inf, inf, inf, inf, inf, inf, inf, inf, inf, inf, inf, inf, inf, inf, inf, inf, inf, inf, inf, inf, inf, inf, inf, inf, inf, inf, inf, inf, inf, inf, inf, inf, inf, inf, inf, inf, inf, inf, inf, inf, inf, inf, inf, inf, inf, inf, inf, inf, inf, inf, inf, inf, inf, inf, inf, inf, inf, inf, inf, inf, inf, inf, inf, inf, inf, inf, inf, inf, inf, inf, inf, inf, inf, inf, inf, inf, inf, inf, inf, inf, inf, inf, inf, inf, inf, inf, inf, inf, inf, inf, inf, inf, inf, inf, inf, inf, inf, inf, inf, inf, inf, inf, inf, inf, inf, inf, inf, inf, inf, inf, inf, 3.4829535484313965, 3.419656276702881, 3.362060070037842, 3.29376482963562, 3.237200975418091, 3.2035071849823, 3.1697304248809814, 3.111814498901367, 3.065761089324951, 3.0408427715301514, 2.9857065677642822, 2.961951732635498, 2.9445645809173584, 2.8975400924682617, 2.8547239303588867, 2.8333375453948975, 2.7974774837493896, 2.769390106201172, 2.737053155899048, 2.7450711727142334, 2.7027366161346436, 2.6834208965301514, 2.6643621921539307, 2.629014492034912, 2.6013264656066895, 2.59928297996521, 2.5872726440429688, 2.5778541564941406, 2.552678108215332, 2.5185999870300293, 2.5170111656188965, 2.520259380340576, 2.5105063915252686, 2.498412847518921, 2.4745147228240967, 2.4619784355163574, 2.4705798625946045, 2.469069004058838, 2.4671084880828857, 2.440934896469116, 2.4427926540374756, 2.4598612785339355, 2.4192264080047607, 2.4466912746429443, 2.447213888168335, 2.431121349334717, 2.4470067024230957, 2.4206600189208984, 2.4433510303497314, 2.4563775062561035, 2.447556495666504, 2.4464786052703857, 2.461015224456787, 2.448841094970703, 2.462498903274536, 2.4788875579833984, 2.4674012660980225, 2.4951257705688477, 2.4973950386047363, 2.5069727897644043, 2.5094077587127686, 2.5397417545318604, 2.5441713333129883, 2.5817863941192627, 2.5843234062194824, 2.5963780879974365, 2.6161534786224365, 2.624124050140381, 2.643190860748291, 2.657851457595825, 2.6765034198760986, 2.7076845169067383, 2.7223775386810303, 2.760150909423828, 2.7608582973480225, 2.8149054050445557, 2.847240924835205, 2.868513822555542, 2.8938820362091064, 2.930816650390625, 2.951467275619507, 2.9915616512298584, 3.0445923805236816, 3.0824637413024902, 3.127779722213745, 3.188710927963257, 3.2209017276763916, 3.2642223834991455, 3.3294897079467773, 3.381455898284912, 3.4362897872924805, 3.5, inf, inf, inf, inf, inf, inf, inf, inf, inf, inf, inf, inf, inf, inf, inf, inf, inf, 3.4752800464630127, 3.449903964996338, 3.420517683029175, 3.4146430492401123, 3.3750619888305664, 3.35841965675354, 3.3378565311431885, 3.2889232635498047, 3.29388427734375, 3.263404607772827, 3.254971981048584, 3.225196599960327, 3.2124454975128174, 3.222928524017334, 3.203083038330078, 3.1811540126800537, 3.172555446624756, 3.1665802001953125, 3.163027763366699, 3.142397165298462, 3.1538078784942627, 3.1275479793548584, 3.127528667449951, 3.136575937271118, 3.121447801589966, 3.115919589996338, 3.145033597946167, 3.1235733032226562, 3.1272740364074707, 3.1369307041168213, 3.140094518661499, 3.149407148361206, 3.136110782623291, 3.1538939476013184, 3.1527748107910156, 3.160440444946289, 3.17574405670166, 3.1785876750946045, 3.200754404067993, 3.197057008743286, 3.1996004581451416, 3.2415435314178467, 3.2635536193847656, 3.27380108833313, 3.287994623184204, 3.3015799522399902, 3.328612804412842, 3.358344316482544, 3.3798763751983643, inf, inf, inf]), 0.01749303564429283, 33207000000, 
array('f', [inf, inf, inf, inf, inf, inf, inf, inf, inf, inf, inf, inf, inf, inf, inf, inf, inf, inf, inf, inf, inf, inf, inf, inf, inf, inf, inf, inf, inf, inf, inf, inf, inf, inf, inf, inf, inf, inf, inf, inf, inf, inf, inf, inf, inf, inf, inf, inf, inf, inf, inf, inf, inf, inf, inf, inf, inf, inf, inf, inf, inf, inf, inf, inf, inf, inf, inf, inf, inf, inf, inf, inf, inf, inf, inf, inf, inf, inf, inf, inf, inf, inf, inf, inf, inf, inf, inf, inf, inf, inf, inf, inf, inf, inf, inf, inf, inf, inf, inf, inf, inf, inf, inf, inf, inf, inf, inf, inf, inf, inf, inf, inf, inf, inf, inf, inf, inf, inf, inf, inf, inf, inf, inf, inf, inf, inf, inf, inf, inf, inf, inf, inf, inf, inf, inf, inf, inf, inf, inf, inf, inf, inf, inf, inf, inf, inf, inf, inf, inf, inf, inf, inf, inf, inf, inf, inf, inf, inf, inf, inf, inf, inf, inf, inf, inf, inf, inf, inf, inf, inf, inf, inf, inf, inf, inf, inf, inf, inf, inf, inf, inf, inf, inf, inf, inf, inf, inf, inf, inf, inf, inf, inf, inf, inf, 3.451340675354004, 3.404045820236206, 3.3409910202026367, 3.294674873352051, 3.2500181198120117, 3.196178913116455, 3.1413166522979736, 3.1044111251831055, 3.073852300643921, 3.0067520141601562, 2.9938387870788574, 2.9483158588409424, 2.93650221824646, 2.8956642150878906, 2.861767292022705, 2.823303461074829, 2.816175937652588, 2.778850555419922, 2.7616333961486816, 2.7267990112304688, 2.7182140350341797, 2.689589738845825, 2.6530935764312744, 2.652250289916992, 2.618509531021118, 2.61376953125, 2.591287851333618, 2.603252410888672, 2.5712084770202637, 2.542083263397217, 2.532900333404541, 2.517108201980591, 2.517510175704956, 2.5187270641326904, 2.5119786262512207, 2.489488124847412, 2.4890949726104736, 2.4858875274658203, 2.4774951934814453, 2.4642441272735596, 2.4622738361358643, 2.450465440750122, 2.4560508728027344, 2.4547841548919678, 2.4513039588928223, 2.4496209621429443, 2.4469950199127197, 2.4620113372802734, 2.473161220550537, 2.4753363132476807, 2.478705883026123, 2.477527141571045, 2.475125551223755, 2.4842007160186768, 2.491795063018799, 2.4953203201293945, 2.499368190765381, 2.521958827972412, 2.5343384742736816, 2.5491178035736084, 2.552767038345337, 2.5636403560638428, 2.5775532722473145, 2.572974443435669, 2.593505859375, 2.6294686794281006, 2.636437177658081, 2.6665239334106445, 2.6662988662719727, 2.6863327026367188, 2.7101504802703857, 2.7358784675598145, 2.7678046226501465, 2.7964041233062744, 2.818218946456909, 2.8460893630981445, 2.9005887508392334, 2.8927786350250244, 2.931947946548462, 2.986098289489746, 3.024747610092163, 3.0581023693084717, 3.10272479057312, 3.15081787109375, 3.177773952484131, 3.231518030166626, 3.2826483249664307, 3.335217237472534, 3.4018986225128174, 3.4364640712738037, inf, inf, inf, inf, inf, inf, inf, inf, inf, inf, inf, inf, inf, inf, inf, inf, inf, 3.4781222343444824, 3.4411213397979736, 3.42261004447937, 3.3921823501586914, 3.3550832271575928, 3.3379411697387695, 3.3095779418945312, 3.2945220470428467, 3.272608995437622, 3.2622485160827637, 3.219022035598755, 3.212531805038452, 3.2070326805114746, 3.1918532848358154, 3.157172918319702, 3.153010129928589, 3.1697967052459717, 3.131699323654175, 3.1364877223968506, 3.1187875270843506, 3.10961651802063, 3.109225034713745, 3.1028409004211426, 3.1006174087524414, 3.0880777835845947, 3.0769779682159424, 3.0752971172332764, 3.102752685546875, 3.076516628265381, 3.0828778743743896, 3.0906739234924316, 3.0926761627197266, 3.1030020713806152, 3.1115920543670654, 3.109774351119995, 3.1115972995758057, 3.1197845935821533, 3.1272761821746826, 3.1397364139556885, 3.1299991607666016, 3.139874219894409, 3.1684305667877197, 3.1756534576416016, 3.215698003768921, 3.2176356315612793, 3.2255024909973145, 3.2585291862487793, 3.2763030529022217, 3.2828168869018555, 3.3126742839813232, 3.344609498977661, inf, inf, inf, inf, inf, inf, inf, inf]), 0.01749303564429283, 33407000000, 
array('f', [inf, inf, inf, inf, inf, inf, inf, inf, inf, inf, inf, inf, inf, inf, inf, inf, inf, inf, inf, inf, inf, inf, inf, inf, inf, inf, inf, inf, inf, inf, inf, inf, inf, inf, inf, inf, inf, inf, inf, inf, inf, inf, inf, inf, inf, inf, inf, inf, inf, inf, inf, inf, inf, inf, inf, inf, inf, inf, inf, inf, inf, inf, inf, inf, inf, inf, inf, inf, inf, inf, inf, inf, inf, inf, inf, inf, inf, inf, inf, inf, inf, inf, inf, inf, inf, inf, inf, inf, inf, inf, inf, inf, inf, inf, inf, inf, inf, inf, inf, inf, inf, inf, inf, inf, inf, inf, inf, inf, inf, inf, inf, inf, inf, inf, inf, inf, inf, inf, inf, inf, inf, inf, inf, inf, inf, inf, inf, inf, inf, inf, inf, inf, inf, inf, inf, inf, inf, inf, inf, inf, inf, inf, inf, inf, inf, inf, inf, inf, inf, inf, inf, inf, inf, inf, inf, inf, inf, inf, inf, inf, inf, inf, inf, inf, inf, inf, inf, inf, inf, inf, inf, inf, inf, inf, inf, inf, inf, inf, inf, inf, inf, inf, inf, inf, inf, inf, inf, inf, inf, 3.4548115730285645, 3.385460376739502, 3.325550079345703, 3.2746167182922363, 3.2430014610290527, 3.184089422225952, 3.1515109539031982, 3.1077449321746826, 3.0731258392333984, 3.0458812713623047, 2.9877238273620605, 2.9711759090423584, 2.917285203933716, 2.895845651626587, 2.8772549629211426, 2.8472814559936523, 2.810581922531128, 2.795928716659546, 2.7557554244995117, 2.7452893257141113, 2.734304666519165, 2.6804120540618896, 2.6734156608581543, 2.6671864986419678, 2.6378819942474365, 2.6282238960266113, 2.6108782291412354, 2.6003053188323975, 2.5870862007141113, 2.5588836669921875, 2.5630156993865967, 2.557568073272705, 2.539670467376709, 2.515089988708496, 2.5164988040924072, 2.5206105709075928, 2.5142881870269775, 2.5101022720336914, 2.4944064617156982, 2.503364324569702, 2.485132932662964, 2.4916293621063232, 2.475487470626831, 2.4941439628601074, 2.4760079383850098, 2.49082088470459, 2.4903252124786377, 2.491576910018921, 2.4971237182617188, 2.5076968669891357, 2.512713670730591, 2.5024449825286865, 2.497049331665039, 2.513249397277832, 2.520453453063965, 2.5231704711914062, 2.5460405349731445, 2.53301739692688, 2.572929620742798, 2.569319009780884, 2.5884246826171875, 2.6085972785949707, 2.636157274246216, 2.61836838722229, 2.6448850631713867, 2.6506500244140625, 2.680466413497925, 2.685915231704712, 2.702653169631958, 2.751720905303955, 2.7639245986938477, 2.7732880115509033, 2.8205456733703613, 2.8469676971435547, 2.8739945888519287, 2.8997321128845215, 2.9128758907318115, 2.9649107456207275, 3.0159456729888916, 3.028629779815674, 3.0709426403045654, 3.1036150455474854, 3.156473398208618, 3.206167697906494, 3.2495031356811523, 3.3143770694732666, 3.3670854568481445, 3.411635160446167, 3.439328908920288, inf, inf, inf, inf, inf, inf, inf, inf, inf, inf, inf, inf, inf, inf, inf, inf, 3.463866710662842, 3.4369349479675293, 3.4029593467712402, 3.3862037658691406, 3.360245704650879, 3.347897529602051, 3.3066444396972656, 3.2705678939819336, 3.2485389709472656, 3.232248544692993, 3.223541259765625, 3.2037692070007324, 3.1728105545043945, 3.163809299468994, 3.159705638885498, 3.1111671924591064, 3.121150493621826, 3.1182587146759033, 3.086071014404297, 3.090097188949585, 3.0784964561462402, 3.051724910736084, 3.0685875415802, 3.035996913909912, 3.043609857559204, 3.039038896560669, 3.0499861240386963, 3.040844440460205, 3.0399510860443115, 3.0536723136901855, 3.0438241958618164, 3.0462331771850586, 3.0479931831359863, 3.0516068935394287, 3.0609521865844727, 3.060192346572876, 3.0780863761901855, 3.06661057472229, 3.0844738483428955, 3.0852575302124023, 3.0974154472351074, 3.11612606048584, 3.1270229816436768, 3.1389482021331787, 3.125434160232544, 3.1499123573303223, 3.1758034229278564, 3.2352187633514404, 3.235818386077881, 3.2579197883605957, 3.2772912979125977, 3.2901976108551025, inf, inf, inf, inf, inf, inf, inf, inf, inf, inf, inf, inf, inf, inf]), 0.01749303564429283, 33607000000, 
array('f', [inf, inf, inf, inf, inf, inf, inf, inf, inf, inf, inf, inf, inf, inf, inf, inf, inf, inf, inf, inf, inf, inf, inf, inf, inf, inf, inf, inf, inf, inf, inf, inf, inf, inf, inf, inf, inf, inf, inf, inf, inf, inf, inf, inf, inf, inf, inf, inf, inf, inf, inf, inf, inf, inf, inf, inf, inf, inf, inf, inf, inf, inf, inf, inf, inf, inf, inf, inf, inf, inf, inf, inf, inf, inf, inf, inf, inf, inf, inf, inf, inf, inf, inf, inf, inf, inf, inf, inf, inf, inf, inf, inf, inf, inf, inf, inf, inf, inf, inf, inf, inf, inf, inf, inf, inf, inf, inf, inf, inf, inf, inf, inf, inf, inf, inf, inf, inf, inf, inf, inf, inf, inf, inf, inf, inf, inf, inf, inf, inf, inf, inf, inf, inf, inf, inf, inf, inf, inf, inf, inf, inf, inf, inf, inf, inf, inf, inf, inf, inf, inf, inf, inf, inf, inf, inf, inf, inf, inf, inf, inf, inf, inf, inf, inf, inf, inf, inf, inf, inf, inf, inf, inf, inf, inf, inf, inf, inf, inf, inf, inf, inf, inf, inf, inf, 3.456176280975342, 3.3873281478881836, 3.3292510509490967, 3.273045539855957, 3.2405917644500732, 3.1936862468719482, 3.154832124710083, 3.12343692779541, 3.0822598934173584, 3.035285711288452, 2.9967312812805176, 2.972789764404297, 2.937025547027588, 2.9148311614990234, 2.8834261894226074, 2.8495898246765137, 2.836261749267578, 2.7876410484313965, 2.7781426906585693, 2.7648391723632812, 2.7337374687194824, 2.730377435684204, 2.681867837905884, 2.669764280319214, 2.6426708698272705, 2.6429178714752197, 2.6572048664093018, 2.6290359497070312, 2.6009206771850586, 2.594198226928711, 2.5714638233184814, 2.5517919063568115, 2.5617380142211914, 2.5374550819396973, 2.55511736869812, 2.5520718097686768, 2.5441198348999023, 2.5397555828094482, 2.4975314140319824, 2.525217294692993, 2.519355535507202, 2.5159761905670166, 2.5070641040802, 2.53025221824646, 2.497436761856079, 2.5109307765960693, 2.511594533920288, 2.5087192058563232, 2.5193610191345215, 2.516545534133911, 2.5350213050842285, 2.5338988304138184, 2.535881996154785, 2.5574400424957275, 2.5443899631500244, 2.562739133834839, 2.572664499282837, 2.598783493041992, 2.6038904190063477, 2.593733310699463, 2.63187313079834, 2.6285572052001953, 2.6560492515563965, 2.683168649673462, 2.7118477821350098, 2.692539691925049, 2.7401890754699707, 2.7497119903564453, 2.7765698432922363, 2.7888994216918945, 2.822676420211792, 2.8381876945495605, 2.858809471130371, 2.8857901096343994, 2.922226667404175, 2.967536687850952, 2.9766767024993896, 3.0268054008483887, 3.0485973358154297, 3.100817918777466, 3.1431045532226562, 3.193387985229492, 3.22944974899292, 3.280564785003662, 3.32500958442688, 3.3825173377990723, 3.43230938911438, 3.492030143737793, inf, inf, inf, inf, inf, inf, inf, inf, inf, inf, inf, inf, inf, inf, inf, 3.4527907371520996, 3.4505796432495117, 3.409313678741455, 3.3644227981567383, 3.335536003112793, 3.2970287799835205, 3.290876626968384, 3.2687594890594482, 3.2282094955444336, 3.2090890407562256, 3.1875433921813965, 3.1714627742767334, 3.146498203277588, 3.1481564044952393, 3.142674684524536, 3.0995025634765625, 3.0950305461883545, 3.087991952896118, 3.0592150688171387, 3.026613235473633, 3.05437970161438, 3.0313456058502197, 3.01861572265625, 3.033184766769409, 3.0053720474243164, 3.0114521980285645, 3.010715961456299, 3.000239610671997, 3.007556915283203, 2.996401071548462, 3.0136048793792725, 2.9992854595184326, 2.9942798614501953, 3.010479688644409, 3.0000674724578857, 3.0124971866607666, 3.0213167667388916, 3.0204238891601562, 3.0330429077148438, 3.040468692779541, 3.0582621097564697, 3.059642791748047, 3.081183433532715, 3.062082052230835, 3.094207525253296, 3.0941758155822754, 3.118279457092285, 3.14983868598938, 3.139850616455078, 3.168971538543701, 3.2009952068328857, 3.2146239280700684, 3.236147403717041, inf, inf, inf, inf, inf, inf, inf, inf, inf, inf, inf, inf, inf, inf, inf, inf, inf, inf, inf, inf]), 0.01749303564429283, 33807000000, 
array('f', [inf, inf, inf, inf, inf, inf, inf, inf, inf, inf, inf, inf, inf, inf, inf, inf, inf, inf, inf, inf, inf, inf, inf, inf, inf, inf, inf, inf, inf, inf, inf, inf, inf, inf, inf, inf, inf, inf, inf, inf, inf, inf, inf, inf, inf, inf, inf, inf, inf, inf, inf, inf, inf, inf, inf, inf, inf, inf, inf, inf, inf, inf, inf, inf, inf, inf, inf, inf, inf, inf, inf, inf, inf, inf, inf, inf, inf, inf, inf, inf, inf, inf, inf, inf, inf, inf, inf, inf, inf, inf, inf, inf, inf, inf, inf, inf, inf, inf, inf, inf, inf, inf, inf, inf, inf, inf, inf, inf, inf, inf, inf, inf, inf, inf, inf, inf, inf, inf, inf, inf, inf, inf, inf, inf, inf, inf, inf, inf, inf, inf, inf, inf, inf, inf, inf, inf, inf, inf, inf, inf, inf, inf, inf, inf, inf, inf, inf, inf, inf, inf, inf, inf, inf, inf, inf, inf, inf, inf, inf, inf, inf, inf, inf, inf, inf, inf, inf, inf, inf, inf, inf, inf, inf, inf, inf, inf, inf, inf, inf, 3.4648613929748535, 3.4107320308685303, 3.3514931201934814, 3.3125555515289307, 3.2389028072357178, 3.221283197402954, 3.1900293827056885, 3.1394548416137695, 3.0785481929779053, 3.052046298980713, 3.0252277851104736, 3.0084922313690186, 2.955735921859741, 2.9305238723754883, 2.883491277694702, 2.8612442016601562, 2.8588123321533203, 2.8268353939056396, 2.7815744876861572, 2.760262966156006, 2.767152786254883, 2.7358174324035645, 2.7242696285247803, 2.718543767929077, 2.69246768951416, 2.6931447982788086, 2.662914991378784, 2.6448593139648438, 2.6366705894470215, 2.606294631958008, 2.611959218978882, 2.6103270053863525, 2.6051979064941406, 2.5568575859069824, 2.5707788467407227, 2.5590415000915527, 2.5421979427337646, 2.564890146255493, 2.5493290424346924, 2.554009437561035, 2.5654361248016357, 2.5479543209075928, 2.54677414894104, 2.5407540798187256, 2.5591633319854736, 2.5451910495758057, 2.5526626110076904, 2.5356225967407227, 2.5485870838165283, 2.5770881175994873, 2.5679233074188232, 2.5676965713500977, 2.5736820697784424, 2.594587564468384, 2.61049747467041, 2.62447190284729, 2.6220052242279053, 2.646132230758667, 2.620084762573242, 2.6532843112945557, 2.667423725128174, 2.6649723052978516, 2.668226718902588, 2.703183174133301, 2.7344906330108643, 2.7507693767547607, 2.7773795127868652, 2.805072546005249, 2.8298327922821045, 2.8291168212890625, 2.864849328994751, 2.8880722522735596, 2.9237632751464844, 2.977419853210449, 2.9747366905212402, 3.020806074142456, 3.077794075012207, 3.0850183963775635, 3.1398661136627197, 3.1477749347686768, 3.20332932472229, 3.2486648559570312, 3.304581642150879, 3.3611574172973633, 3.4212470054626465, 3.470874547958374, inf, inf, inf, inf, inf, inf, inf, inf, inf, inf, inf, inf, inf, inf, inf, 3.458186388015747, 3.427809476852417, 3.4002974033355713, 3.358680009841919, 3.330673933029175, 3.3005406856536865, 3.2705914974212646, 3.2497501373291016, 3.233776807785034, 3.204575777053833, 3.1913139820098877, 3.1419365406036377, 3.1340365409851074, 3.1301774978637695, 3.0920650959014893, 3.089630126953125, 3.0658934116363525, 3.0388858318328857, 3.0426437854766846, 3.0232627391815186, 3.0024330615997314, 3.0098979473114014, 2.9980082511901855, 2.9760327339172363, 2.978233814239502, 2.9837586879730225, 2.982938528060913, 2.9695138931274414, 2.9684839248657227, 2.960191011428833, 2.9717652797698975, 2.960317611694336, 2.958617925643921, 2.959573268890381, 2.9392004013061523, 2.9482383728027344, 2.987189769744873, 2.9768409729003906, 2.979182004928589, 2.976166009902954, 2.98054838180542, 2.990915060043335, 3.018725872039795, 3.0191776752471924, 3.0447800159454346, 3.0467207431793213, 3.0580780506134033, 3.0591282844543457, 3.103178024291992, 3.1245250701904297, 3.1149396896362305, 3.133877992630005, 3.1799328327178955, 3.1744296550750732, inf, inf, inf, inf, inf, inf, inf, inf, inf, inf, inf, inf, inf, inf, inf, inf, inf, inf, inf, inf, inf, inf, inf, inf, inf, inf]), 0.01749303564429283, 34007000000, 
array('f', [inf, inf, inf, inf, inf, inf, inf, inf, inf, inf, inf, inf, inf, inf, inf, inf, inf, inf, inf, inf, inf, inf, inf, inf, inf, inf, inf, inf, inf, inf, inf, inf, inf, inf, inf, inf, inf, inf, inf, inf, inf, inf, inf, inf, inf, inf, inf, inf, inf, inf, inf, inf, inf, inf, inf, inf, inf, inf, inf, inf, inf, inf, inf, inf, inf, inf, inf, inf, inf, inf, inf, inf, inf, inf, inf, inf, inf, inf, inf, inf, inf, inf, inf, inf, inf, inf, inf, inf, inf, inf, inf, inf, inf, inf, inf, inf, inf, inf, inf, inf, inf, inf, inf, inf, inf, inf, inf, inf, inf, inf, inf, inf, inf, inf, inf, inf, inf, inf, inf, inf, inf, inf, inf, inf, inf, inf, inf, inf, inf, inf, inf, inf, inf, inf, inf, inf, inf, inf, inf, inf, inf, inf, inf, inf, inf, inf, inf, inf, inf, inf, inf, inf, inf, inf, inf, inf, inf, inf, inf, inf, inf, inf, inf, inf, inf, inf, inf, inf, inf, inf, inf, inf, inf, inf, 3.4593122005462646, 3.4087820053100586, 3.3685812950134277, 3.3284895420074463, 3.283336639404297, 3.2365238666534424, 3.1956546306610107, 3.1416308879852295, 3.111201524734497, 3.0844223499298096, 3.052751302719116, 3.0275120735168457, 2.9928669929504395, 2.9416723251342773, 2.9319331645965576, 2.8784706592559814, 2.863440752029419, 2.836179256439209, 2.829200267791748, 2.8031811714172363, 2.779482126235962, 2.755472183227539, 2.746866464614868, 2.7265098094940186, 2.710050582885742, 2.7005560398101807, 2.6961512565612793, 2.672393560409546, 2.6881322860717773, 2.647385597229004, 2.6437904834747314, 2.616614580154419, 2.6314175128936768, 2.61015248298645, 2.60624098777771, 2.6133816242218018, 2.591417074203491, 2.578134298324585, 2.575723886489868, 2.5886082649230957, 2.5889317989349365, 2.587632656097412, 2.574235200881958, 2.588557481765747, 2.579399347305298, 2.5916383266448975, 2.60577392578125, 2.6135785579681396, 2.587902069091797, 2.627558469772339, 2.6189420223236084, 2.606795072555542, 2.6459858417510986, 2.629425525665283, 2.645244836807251, 2.6569459438323975, 2.6743369102478027, 2.6688072681427, 2.6913771629333496, 2.7174947261810303, 2.705767869949341, 2.7304015159606934, 2.7638015747070312, 2.7555222511291504, 2.800136089324951, 2.81628680229187, 2.8331639766693115, 2.8598721027374268, 2.8863332271575928, 2.911923885345459, 2.9442923069000244, 2.968000888824463, 2.997774124145508, 3.021468162536621, 3.0642178058624268, 3.099031925201416, 3.1189396381378174, 3.1652297973632812, 3.220463991165161, 3.261073112487793, 3.2930948734283447, 3.336500883102417, 3.3843576908111572, 3.4233200550079346, 3.4992733001708984, inf, inf, inf, inf, inf, inf, inf, inf, inf, inf, inf, inf, inf, inf, 3.4728193283081055, 3.4389398097991943, 3.3965930938720703, 3.3559670448303223, 3.3343069553375244, 3.298346519470215, 3.2697300910949707, 3.252763271331787, 3.2093474864959717, 3.195300340652466, 3.165184497833252, 3.1493918895721436, 3.1185667514801025, 3.1111888885498047, 3.0961718559265137, 3.056567430496216, 3.0411689281463623, 3.0283541679382324, 3.017566442489624, 3.003936290740967, 3.001129627227783, 3.00295090675354, 2.972851276397705, 2.9589550495147705, 2.950108528137207, 2.9513468742370605, 2.9530246257781982, 2.932776927947998, 2.945183753967285, 2.933159589767456, 2.917910099029541, 2.922556161880493, 2.9420082569122314, 2.9040472507476807, 2.9187591075897217, 2.9360456466674805, 2.915961503982544, 2.929990768432617, 2.9380500316619873, 2.9454119205474854, 2.962233781814575, 2.968414306640625, 2.9785099029541016, 2.9800169467926025, 2.9675121307373047, 2.9769980907440186, 3.0190861225128174, 3.0292601585388184, 3.042166233062744, 3.0338008403778076, 3.0759549140930176, 3.079798936843872, 3.1085927486419678, 3.1337015628814697, 3.143393039703369, inf, inf, inf, inf, inf, inf, inf, inf, inf, inf, inf, inf, inf, inf, inf, inf, inf, inf, inf, inf, inf, inf, inf, inf, inf, inf, inf, inf, inf, inf, inf, inf]), 0.01749303564429283, 34207000000, 
array('f', [inf, inf, inf, inf, inf, inf, inf, inf, inf, inf, inf, inf, inf, inf, inf, inf, inf, inf, inf, inf, inf, inf, inf, inf, inf, inf, inf, inf, inf, inf, inf, inf, inf, inf, inf, inf, inf, inf, inf, inf, inf, inf, inf, inf, inf, inf, inf, inf, inf, inf, inf, inf, inf, inf, inf, inf, inf, inf, inf, inf, inf, inf, inf, inf, inf, inf, inf, inf, inf, inf, inf, inf, inf, inf, inf, inf, inf, inf, inf, inf, inf, inf, inf, inf, inf, inf, inf, inf, inf, inf, inf, inf, inf, inf, inf, inf, inf, inf, inf, inf, inf, inf, inf, inf, inf, inf, inf, inf, inf, inf, inf, inf, inf, inf, inf, inf, inf, inf, inf, inf, inf, inf, inf, inf, inf, inf, inf, inf, inf, inf, inf, inf, inf, inf, inf, inf, inf, inf, inf, inf, inf, inf, inf, inf, inf, inf, inf, inf, inf, inf, inf, inf, inf, inf, inf, inf, inf, inf, inf, inf, inf, inf, inf, inf, inf, inf, inf, inf, inf, 3.488241672515869, 3.4415194988250732, 3.395099639892578, 3.3469929695129395, 3.3003158569335938, 3.2493622303009033, 3.2157604694366455, 3.174835205078125, 3.130624771118164, 3.1276113986968994, 3.073148488998413, 3.044542074203491, 2.9936611652374268, 2.9780690670013428, 2.9406609535217285, 2.9296178817749023, 2.8929989337921143, 2.871018886566162, 2.8551342487335205, 2.840696096420288, 2.8234734535217285, 2.812854766845703, 2.7995951175689697, 2.7589190006256104, 2.741495370864868, 2.7358903884887695, 2.7365024089813232, 2.6999385356903076, 2.6934797763824463, 2.6785285472869873, 2.6809000968933105, 2.6655526161193848, 2.6504299640655518, 2.655546188354492, 2.6419408321380615, 2.6487438678741455, 2.6522514820098877, 2.6319992542266846, 2.63261342048645, 2.6578919887542725, 2.6173667907714844, 2.6193606853485107, 2.619579792022705, 2.6299376487731934, 2.61511492729187, 2.640547037124634, 2.6237192153930664, 2.6431753635406494, 2.6542716026306152, 2.658421516418457, 2.656226873397827, 2.6670169830322266, 2.6782493591308594, 2.697667360305786, 2.705164909362793, 2.7075321674346924, 2.7297494411468506, 2.7414355278015137, 2.752358913421631, 2.759230613708496, 2.7807862758636475, 2.779818534851074, 2.835568904876709, 2.821100950241089, 2.8776695728302, 2.8724265098571777, 2.8960886001586914, 2.9562509059906006, 2.9439406394958496, 2.9864320755004883, 3.008729934692383, 3.039036989212036, 3.066924571990967, 3.0997350215911865, 3.14656138420105, 3.188455581665039, 3.1985867023468018, 3.2543625831604004, 3.3027775287628174, 3.3293893337249756, 3.3835458755493164, 3.444857358932495, 3.474865674972534, inf, inf, inf, inf, inf, inf, inf, inf, inf, inf, inf, inf, inf, inf, 3.4847068786621094, 3.449716806411743, 3.417816638946533, 3.349247932434082, 3.332770586013794, 3.3184683322906494, 3.2867846488952637, 3.220963478088379, 3.208897352218628, 3.1755287647247314, 3.1712794303894043, 3.148880958557129, 3.122662305831909, 3.0984795093536377, 3.0850167274475098, 3.061748743057251, 3.034074306488037, 3.022139072418213, 3.0089640617370605, 2.9744133949279785, 2.9813642501831055, 2.9858384132385254, 2.935192823410034, 2.961794137954712, 2.9433820247650146, 2.9111087322235107, 2.9171292781829834, 2.903369903564453, 2.9018776416778564, 2.9115777015686035, 2.8900303840637207, 2.895437479019165, 2.897731304168701, 2.9049458503723145, 2.9023520946502686, 2.9057064056396484, 2.8919084072113037, 2.9063665866851807, 2.8814456462860107, 2.908743143081665, 2.9064066410064697, 2.8987674713134766, 2.9362287521362305, 2.933027744293213, 2.940864324569702, 2.958683490753174, 2.9507505893707275, 2.9709653854370117, 2.9942684173583984, 3.005221366882324, 3.01255464553833, 3.037999391555786, 3.025797128677368, 3.045151948928833, 3.0929439067840576, 3.09867262840271, inf, inf, inf, inf, inf, inf, inf, inf, inf, inf, inf, inf, inf, inf, inf, inf, inf, inf, inf, inf, inf, inf, inf, inf, inf, inf, inf, inf, inf, inf, inf, inf, inf, inf, inf, inf, inf, inf]), 0.01749303564429283, 34407000000, 
array('f', [inf, inf, inf, inf, inf, inf, inf, inf, inf, inf, inf, inf, inf, inf, inf, inf, inf, inf, inf, inf, inf, inf, inf, inf, inf, inf, inf, inf, inf, inf, inf, inf, inf, inf, inf, inf, inf, inf, inf, inf, inf, inf, inf, inf, inf, inf, inf, inf, inf, inf, inf, inf, inf, inf, inf, inf, inf, inf, inf, inf, inf, inf, inf, inf, inf, inf, inf, inf, inf, inf, inf, inf, inf, inf, inf, inf, inf, inf, inf, inf, inf, inf, inf, inf, inf, inf, inf, inf, inf, inf, inf, inf, inf, inf, inf, inf, inf, inf, inf, inf, inf, inf, inf, inf, inf, inf, inf, inf, inf, inf, inf, inf, inf, inf, inf, inf, inf, inf, inf, inf, inf, inf, inf, inf, inf, inf, inf, inf, inf, inf, inf, inf, inf, inf, inf, inf, inf, inf, inf, inf, inf, inf, inf, inf, inf, inf, inf, inf, inf, inf, inf, inf, inf, inf, inf, inf, inf, inf, inf, inf, inf, inf, inf, inf, inf, 3.467487096786499, 3.4168083667755127, 3.3780195713043213, 3.3226592540740967, 3.2636451721191406, 3.240187644958496, 3.204888343811035, 3.1706929206848145, 3.142038106918335, 3.108118772506714, 3.092353105545044, 3.0608084201812744, 3.0114846229553223, 2.999566078186035, 2.9685468673706055, 2.9202423095703125, 2.9135501384735107, 2.8927149772644043, 2.880518674850464, 2.8578240871429443, 2.8602676391601562, 2.8286452293395996, 2.8108434677124023, 2.784287214279175, 2.7591400146484375, 2.7756052017211914, 2.759416103363037, 2.760202169418335, 2.7327587604522705, 2.7243740558624268, 2.7013916969299316, 2.720482110977173, 2.689337968826294, 2.685330629348755, 2.696808338165283, 2.6862549781799316, 2.67275071144104, 2.6758475303649902, 2.673970937728882, 2.67936635017395, 2.670910596847534, 2.691108465194702, 2.6904399394989014, 2.6712634563446045, 2.6768417358398438, 2.704050064086914, 2.685422658920288, 2.6947035789489746, 2.6967201232910156, 2.712294101715088, 2.727341890335083, 2.718212842941284, 2.7646689414978027, 2.7594523429870605, 2.7723777294158936, 2.7920424938201904, 2.7770962715148926, 2.7980496883392334, 2.8406834602355957, 2.8242034912109375, 2.8500232696533203, 2.882582664489746, 2.9039993286132812, 2.9099795818328857, 2.957737445831299, 2.9864513874053955, 3.0067431926727295, 3.0192511081695557, 3.0319626331329346, 3.0768330097198486, 3.113816261291504, 3.1307785511016846, 3.1755449771881104, 3.2091376781463623, 3.262265682220459, 3.3007662296295166, 3.349486827850342, 3.3612489700317383, 3.4226958751678467, 3.4802656173706055, inf, inf, inf, inf, inf, inf, inf, inf, inf, inf, inf, inf, inf, inf, inf, 3.453448534011841, 3.417896032333374, 3.3765246868133545, 3.3351569175720215, 3.3252580165863037, 3.2775697708129883, 3.249572515487671, 3.2300474643707275, 3.191192388534546, 3.1564698219299316, 3.144728660583496, 3.103334426879883, 3.084184169769287, 3.0821709632873535, 3.0554301738739014, 3.036778211593628, 2.9956414699554443, 3.0060482025146484, 2.977146625518799, 2.9645931720733643, 2.9534687995910645, 2.940324068069458, 2.9312009811401367, 2.9218175411224365, 2.9053213596343994, 2.9015660285949707, 2.8769991397857666, 2.880488872528076, 2.882838010787964, 2.8844711780548096, 2.8758726119995117, 2.865887403488159, 2.8747472763061523, 2.849470853805542, 2.865017890930176, 2.8665215969085693, 2.8557960987091064, 2.853687047958374, 2.865614891052246, 2.8589773178100586, 2.8843345642089844, 2.8865668773651123, 2.8830106258392334, 2.8839662075042725, 2.925564765930176, 2.927248001098633, 2.9210219383239746, 2.927699089050293, 2.946035146713257, 2.9565603733062744, 2.9670324325561523, 2.9846694469451904, 2.9999754428863525, 3.023393154144287, 3.0647428035736084, inf, inf, inf, inf, inf, inf, inf, inf, inf, inf, inf, inf, inf, inf, inf, inf, inf, inf, inf, inf, inf, inf, inf, inf, inf, inf, inf, inf, inf, inf, inf, inf, inf, inf, inf, inf, inf, inf, inf, inf, inf, inf, inf, inf, inf]), 0.01749303564429283, 34607000000, 
array('f', [inf, inf, inf, inf, inf, inf, inf, inf, inf, inf, inf, inf, inf, inf, inf, inf, inf, inf, inf, inf, inf, inf, inf, inf, inf, inf, inf, inf, inf, inf, inf, inf, inf, inf, inf, inf, inf, inf, inf, inf, inf, inf, inf, inf, inf, inf, inf, inf, inf, inf, inf, inf, inf, inf, inf, inf, inf, inf, inf, inf, inf, inf, inf, inf, inf, inf, inf, inf, inf, inf, inf, inf, inf, inf, inf, inf, inf, inf, inf, inf, inf, inf, inf, inf, inf, inf, inf, inf, inf, inf, inf, inf, inf, inf, inf, inf, inf, inf, inf, inf, inf, inf, inf, inf, inf, inf, inf, inf, inf, inf, inf, inf, inf, inf, inf, inf, inf, inf, inf, inf, inf, inf, inf, inf, inf, inf, inf, inf, inf, inf, inf, inf, inf, inf, inf, inf, inf, inf, inf, inf, inf, inf, inf, inf, inf, inf, inf, inf, inf, inf, inf, inf, inf, inf, inf, inf, inf, inf, inf, inf, 3.5, 3.449294090270996, 3.395367383956909, 3.366455554962158, 3.313983678817749, 3.278979778289795, 3.238050699234009, 3.2169198989868164, 3.162571430206299, 3.1322128772735596, 3.105278491973877, 3.0984609127044678, 3.0491132736206055, 3.02343487739563, 3.010511636734009, 2.966310739517212, 2.980783462524414, 2.940990447998047, 2.921983480453491, 2.9022839069366455, 2.875472068786621, 2.8520348072052, 2.8450255393981934, 2.836517095565796, 2.8265650272369385, 2.810746908187866, 2.7976768016815186, 2.781708002090454, 2.771345376968384, 2.7833683490753174, 2.7658021450042725, 2.7587931156158447, 2.7490525245666504, 2.7612085342407227, 2.727539539337158, 2.731114149093628, 2.725281238555908, 2.723498582839966, 2.7220797538757324, 2.742280960083008, 2.716249465942383, 2.7154898643493652, 2.743317127227783, 2.744415044784546, 2.750103235244751, 2.747811794281006, 2.76188063621521, 2.766399383544922, 2.773037910461426, 2.781078815460205, 2.7937967777252197, 2.82273530960083, 2.7926907539367676, 2.8021490573883057, 2.8263680934906006, 2.820662021636963, 2.8535711765289307, 2.886061429977417, 2.885401964187622, 2.9210360050201416, 2.9235000610351562, 2.941040277481079, 2.9850707054138184, 2.9892096519470215, 3.011941432952881, 3.0559182167053223, 3.0812535285949707, 3.1003406047821045, 3.1294825077056885, 3.1576836109161377, 3.2102932929992676, 3.236790180206299, 3.2646913528442383, 3.2996890544891357, 3.3570361137390137, 3.3789005279541016, 3.441556930541992, 3.4840924739837646, inf, inf, inf, inf, inf, inf, inf, inf, inf, inf, inf, inf, inf, inf, inf, 3.49021315574646, 3.437840700149536, 3.4169251918792725, 3.3690011501312256, 3.3273231983184814, 3.296051502227783, 3.255221128463745, 3.2407822608947754, 3.202697992324829, 3.1590259075164795, 3.1632916927337646, 3.099506378173828, 3.1133882999420166, 3.0796356201171875, 3.0551376342773438, 3.0312652587890625, 2.9860594272613525, 2.9929168224334717, 2.980292320251465, 2.947591781616211, 2.939861297607422, 2.9244532585144043, 2.923198699951172, 2.897427558898926, 2.906080484390259, 2.8877484798431396, 2.8702425956726074, 2.8545289039611816, 2.8685097694396973, 2.8487517833709717, 2.836925745010376, 2.843336582183838, 2.8522636890411377, 2.8583335876464844, 2.8380649089813232, 2.839693546295166, 2.834929943084717, 2.852726936340332, 2.825070381164551, 2.82839035987854, 2.8415651321411133, 2.849167585372925, 2.8585500717163086, 2.867936134338379, 2.8723292350769043, 2.880502700805664, 2.87796950340271, 2.8945908546447754, 2.9001402854919434, 2.918166160583496, 2.9549150466918945, 2.9497969150543213, 2.957288980484009, 2.9853100776672363, 2.985372304916382, 3.0282602310180664, inf, inf, inf, inf, inf, inf, inf, inf, inf, inf, inf, inf, inf, inf, inf, inf, inf, inf, inf, inf, inf, inf, inf, inf, inf, inf, inf, inf, inf, inf, inf, inf, inf, inf, inf, inf, inf, inf, inf, inf, inf, inf, inf, inf, inf, inf, inf, inf, inf, inf, inf]), 0.01749303564429283, 34807000000, 
array('f', [inf, inf, inf, inf, inf, inf, inf, inf, inf, inf, inf, inf, inf, inf, inf, inf, inf, inf, inf, inf, inf, inf, inf, inf, inf, inf, inf, inf, inf, inf, inf, inf, inf, inf, inf, inf, inf, inf, inf, inf, inf, inf, inf, inf, inf, inf, inf, inf, inf, inf, inf, inf, inf, inf, inf, inf, inf, inf, inf, inf, inf, inf, inf, inf, inf, inf, inf, inf, inf, inf, inf, inf, inf, inf, inf, inf, inf, inf, inf, inf, inf, inf, inf, inf, inf, inf, inf, inf, inf, inf, inf, inf, inf, inf, inf, inf, inf, inf, inf, inf, inf, inf, inf, inf, inf, inf, inf, inf, inf, inf, inf, inf, inf, inf, inf, inf, inf, inf, inf, inf, inf, inf, inf, inf, inf, inf, inf, inf, inf, inf, inf, inf, inf, inf, inf, inf, inf, inf, inf, inf, inf, inf, inf, inf, inf, inf, inf, inf, inf, inf, inf, inf, inf, inf, inf, inf, 3.467363119125366, 3.425089120864868, 3.406754970550537, 3.3746755123138428, 3.3105385303497314, 3.278691053390503, 3.247993230819702, 3.216179370880127, 3.183875799179077, 3.142697811126709, 3.1222267150878906, 3.085420608520508, 3.095062494277954, 3.0471484661102295, 3.0204575061798096, 3.0100395679473877, 2.979605197906494, 2.9583518505096436, 2.9514529705047607, 2.9301633834838867, 2.90474009513855, 2.8917486667633057, 2.872981071472168, 2.8618171215057373, 2.866942882537842, 2.8349153995513916, 2.8465075492858887, 2.824136257171631, 2.8227717876434326, 2.8057405948638916, 2.8052377700805664, 2.799718141555786, 2.7953295707702637, 2.789687156677246, 2.773005485534668, 2.788696050643921, 2.7725443840026855, 2.8039474487304688, 2.7804675102233887, 2.7918622493743896, 2.801194906234741, 2.787780284881592, 2.796215534210205, 2.8014163970947266, 2.8067281246185303, 2.836167573928833, 2.8188765048980713, 2.8311641216278076, 2.840404748916626, 2.8474528789520264, 2.8566930294036865, 2.8904409408569336, 2.891158103942871, 2.889983892440796, 2.9146714210510254, 2.914250135421753, 2.9461703300476074, 2.9554402828216553, 3.0004589557647705, 2.9979400634765625, 3.01993989944458, 3.0518927574157715, 3.054011344909668, 3.1014816761016846, 3.129159927368164, 3.1438403129577637, 3.188375473022461, 3.2193009853363037, 3.2629940509796143, 3.288480758666992, 3.3358519077301025, 3.360222578048706, 3.395155191421509, 3.439394474029541, 3.4975337982177734, inf, inf, inf, inf, inf, inf, inf, inf, inf, inf, inf, inf, inf, inf, inf, inf, 3.4875717163085938, 3.438368558883667, 3.4014060497283936, 3.3544669151306152, 3.2942864894866943, 3.26046085357666, 3.236082077026367, 3.2188096046447754, 3.179243564605713, 3.1634674072265625, 3.1427690982818604, 3.103194236755371, 3.074829578399658, 3.0474853515625, 3.033444881439209, 3.001615524291992, 3.026221990585327, 2.9742941856384277, 2.964702844619751, 2.960437059402466, 2.93011212348938, 2.9026291370391846, 2.9054298400878906, 2.878297805786133, 2.8884894847869873, 2.8645923137664795, 2.8684654235839844, 2.848083019256592, 2.8320047855377197, 2.8084821701049805, 2.8321073055267334, 2.8284177780151367, 2.833555221557617, 2.7913262844085693, 2.816103935241699, 2.811908721923828, 2.843186855316162, 2.8226540088653564, 2.8286654949188232, 2.8372976779937744, 2.8150084018707275, 2.842803478240967, 2.843510627746582, 2.8390674591064453, 2.841261625289917, 2.8489511013031006, 2.875230073928833, 2.8871541023254395, 2.890882730484009, 2.8939943313598633, 2.9209954738616943, 2.926262140274048, 2.9228458404541016, 2.9555044174194336, 2.999159574508667, inf, inf, inf, inf, inf, inf, inf, inf, inf, inf, inf, inf, inf, inf, inf, inf, inf, inf, inf, inf, inf, inf, inf, inf, inf, inf, inf, inf, inf, inf, inf, inf, inf, inf, inf, inf, inf, inf, inf, inf, inf, inf, inf, inf, inf, inf, inf, inf, inf, inf, inf, inf, inf, inf, inf, inf, inf, inf]), 0.01749303564429283, 35007000000, 
array('f', [inf, inf, inf, inf, inf, inf, inf, inf, inf, inf, inf, inf, inf, inf, inf, inf, inf, inf, inf, inf, inf, inf, inf, inf, inf, inf, inf, inf, inf, inf, inf, inf, inf, inf, inf, inf, inf, inf, inf, inf, inf, inf, inf, inf, inf, inf, inf, inf, inf, inf, inf, inf, inf, inf, inf, inf, inf, inf, inf, inf, inf, inf, inf, inf, inf, inf, inf, inf, inf, inf, inf, inf, inf, inf, inf, inf, inf, inf, inf, inf, inf, inf, inf, inf, inf, inf, inf, inf, inf, inf, inf, inf, inf, inf, inf, inf, inf, inf, inf, inf, inf, inf, inf, inf, inf, inf, inf, inf, inf, inf, inf, inf, inf, inf, inf, inf, inf, inf, inf, inf, inf, inf, inf, inf, inf, inf, inf, inf, inf, inf, inf, inf, inf, inf, inf, inf, inf, inf, inf, inf, inf, inf, inf, inf, inf, inf, inf, inf, inf, inf, inf, inf, 3.4570937156677246, 3.4333536624908447, 3.4032363891601562, 3.3639070987701416, 3.3161864280700684, 3.296421766281128, 3.252377510070801, 3.2309682369232178, 3.1846797466278076, 3.166107654571533, 3.123732566833496, 3.13217830657959, 3.0960023403167725, 3.056820869445801, 3.029397964477539, 3.0227324962615967, 2.9990174770355225, 3.003296375274658, 2.9599177837371826, 2.953688144683838, 2.945051431655884, 2.919238805770874, 2.921938180923462, 2.900449752807617, 2.8881983757019043, 2.886837959289551, 2.8887526988983154, 2.8598153591156006, 2.8556594848632812, 2.870384454727173, 2.8716065883636475, 2.850121259689331, 2.853926181793213, 2.841970920562744, 2.8283560276031494, 2.8371033668518066, 2.8412258625030518, 2.85163950920105, 2.842402219772339, 2.8636438846588135, 2.8527042865753174, 2.8659512996673584, 2.859954833984375, 2.864464521408081, 2.9040727615356445, 2.8756821155548096, 2.901005744934082, 2.8850715160369873, 2.924161195755005, 2.936933755874634, 2.94378924369812, 2.9550395011901855, 2.9751222133636475, 2.990431308746338, 3.0038158893585205, 3.025937557220459, 3.037067413330078, 3.0599727630615234, 3.0822408199310303, 3.107072114944458, 3.1257975101470947, 3.15303111076355, 3.196326494216919, 3.206550121307373, 3.2584388256073, 3.268132209777832, 3.3236708641052246, 3.3633525371551514, 3.388099431991577, 3.4238271713256836, 3.4523091316223145, inf, inf, inf, inf, inf, inf, inf, inf, inf, inf, inf, inf, inf, inf, inf, inf, inf, inf, 3.4642348289489746, 3.4154562950134277, 3.406536102294922, 3.335577964782715, 3.31561279296875, 3.277543067932129, 3.247377872467041, 3.2274818420410156, 3.1720385551452637, 3.157015323638916, 3.1176180839538574, 3.0897486209869385, 3.066990613937378, 3.0458171367645264, 3.0351662635803223, 3.0186657905578613, 2.989988327026367, 2.97004771232605, 2.956974744796753, 2.9321117401123047, 2.9335854053497314, 2.9071502685546875, 2.8861701488494873, 2.8724522590637207, 2.8622961044311523, 2.851954698562622, 2.856055736541748, 2.8404693603515625, 2.837583541870117, 2.8382394313812256, 2.8154842853546143, 2.8271474838256836, 2.824477195739746, 2.813981533050537, 2.806925058364868, 2.8202521800994873, 2.801933765411377, 2.803689479827881, 2.7971620559692383, 2.7889068126678467, 2.8145623207092285, 2.8228602409362793, 2.8041837215423584, 2.8351547718048096, 2.8450658321380615, 2.859814167022705, 2.850127696990967, 2.8726806640625, 2.878669261932373, 2.8801989555358887, 2.8808672428131104, 2.902033567428589, 2.894645929336548, 2.927987813949585, inf, inf, inf, inf, inf, inf, inf, inf, inf, inf, inf, inf, inf, inf, inf, inf, inf, inf, inf, inf, inf, inf, inf, inf, inf, inf, inf, inf, inf, inf, inf, inf, inf, inf, inf, inf, inf, inf, inf, inf, inf, inf, inf, inf, inf, inf, inf, inf, inf, inf, inf, inf, inf, inf, inf, inf, inf, inf, inf, inf, inf, inf, inf, inf, inf]), 0.01749303564429283, 35207000000, 
array('f', [inf, inf, inf, inf, inf, inf, inf, inf, inf, inf, inf, inf, inf, inf, inf, inf, inf, inf, inf, inf, inf, inf, inf, inf, inf, inf, inf, inf, inf, inf, inf, inf, inf, inf, inf, inf, inf, inf, inf, inf, inf, inf, inf, inf, inf, inf, inf, inf, inf, inf, inf, inf, inf, inf, inf, inf, inf, inf, inf, inf, inf, inf, inf, inf, inf, inf, inf, inf, inf, inf, inf, inf, inf, inf, inf, inf, inf, inf, inf, inf, inf, inf, inf, inf, inf, inf, inf, inf, inf, inf, inf, inf, inf, inf, inf, inf, inf, inf, inf, inf, inf, inf, inf, inf, inf, inf, inf, inf, inf, inf, inf, inf, inf, inf, inf, inf, inf, inf, inf, inf, inf, inf, inf, inf, inf, inf, inf, inf, inf, inf, inf, inf, inf, inf, inf, inf, inf, inf, inf, inf, inf, inf, inf, inf, inf, inf, inf, inf, 3.4841458797454834, 3.4486734867095947, 3.396247148513794, 3.33621883392334, 3.321831226348877, 3.304908037185669, 3.2554993629455566, 3.2295234203338623, 3.199932098388672, 3.189262628555298, 3.153515338897705, 3.129202127456665, 3.113276720046997, 3.080740451812744, 3.085200548171997, 3.068403482437134, 3.042515516281128, 3.0308151245117188, 3.010471820831299, 2.9998044967651367, 2.9941163063049316, 2.969881534576416, 2.9568328857421875, 2.9639596939086914, 2.9497668743133545, 2.9310290813446045, 2.9283339977264404, 2.900987386703491, 2.934861898422241, 2.9004201889038086, 2.9243154525756836, 2.9187676906585693, 2.8896944522857666, 2.8995816707611084, 2.9064061641693115, 2.8928091526031494, 2.9230573177337646, 2.8933095932006836, 2.902547836303711, 2.912675380706787, 2.9281678199768066, 2.908848524093628, 2.9282476902008057, 2.9599039554595947, 2.940164089202881, 2.9689362049102783, 2.9893264770507812, 2.9791276454925537, 2.997112274169922, 3.0050337314605713, 3.012118101119995, 3.041597366333008, 3.074218273162842, 3.0807976722717285, 3.116981267929077, 3.1209070682525635, 3.141989231109619, 3.1560893058776855, 3.180202007293701, 3.212949275970459, 3.2389602661132812, 3.2761635780334473, 3.2972750663757324, 3.342885971069336, 3.3759148120880127, 3.426607608795166, 3.4523801803588867, 3.490535259246826, inf, inf, inf, inf, inf, inf, inf, inf, inf, inf, inf, inf, inf, inf, inf, inf, inf, inf, inf, 3.4818100929260254, 3.422602415084839, 3.3987417221069336, 3.3440232276916504, 3.302661657333374, 3.2740516662597656, 3.239053249359131, 3.2111668586730957, 3.1880574226379395, 3.1393144130706787, 3.128476142883301, 3.088723659515381, 3.0485310554504395, 3.036367893218994, 3.0054423809051514, 3.0162432193756104, 2.9921672344207764, 2.979857921600342, 2.944368362426758, 2.9307701587677, 2.9146056175231934, 2.8926711082458496, 2.8921995162963867, 2.8743042945861816, 2.8585901260375977, 2.847053289413452, 2.839376211166382, 2.8540709018707275, 2.8241028785705566, 2.809260129928589, 2.8142848014831543, 2.816176652908325, 2.789033889770508, 2.8004798889160156, 2.809812545776367, 2.7919833660125732, 2.776484489440918, 2.8062806129455566, 2.802551746368408, 2.7993180751800537, 2.7996323108673096, 2.812889337539673, 2.812112808227539, 2.809572458267212, 2.827944278717041, 2.83292555809021, 2.8523967266082764, 2.8498971462249756, 2.8549513816833496, 2.8866941928863525, 2.88912296295166, 2.8951830863952637, 2.8957221508026123, 2.925251007080078, inf, inf, inf, inf, inf, inf, inf, inf, inf, inf, inf, inf, inf, inf, inf, inf, inf, inf, inf, inf, inf, inf, inf, inf, inf, inf, inf, inf, inf, inf, inf, inf, inf, inf, inf, inf, inf, inf, inf, inf, inf, inf, inf, inf, inf, inf, inf, inf, inf, inf, inf, inf, inf, inf, inf, inf, inf, inf, inf, inf, inf, inf, inf, inf, inf, inf, inf, inf, inf, inf, inf]), 0.01749303564429283, 35407000000, 
array('f', [inf, inf, inf, inf, inf, inf, inf, inf, inf, inf, inf, inf, inf, inf, inf, inf, inf, inf, inf, inf, inf, inf, inf, inf, inf, inf, inf, inf, inf, inf, inf, inf, inf, inf, inf, inf, inf, inf, inf, inf, inf, inf, inf, inf, inf, inf, inf, inf, inf, inf, inf, inf, inf, inf, inf, inf, inf, inf, inf, inf, inf, inf, inf, inf, inf, inf, inf, inf, inf, inf, inf, inf, inf, inf, inf, inf, inf, inf, inf, inf, inf, inf, inf, inf, inf, inf, inf, inf, inf, inf, inf, inf, inf, inf, inf, inf, inf, inf, inf, inf, inf, inf, inf, inf, inf, inf, inf, inf, inf, inf, inf, inf, inf, inf, inf, inf, inf, inf, inf, inf, inf, inf, inf, inf, inf, inf, inf, inf, inf, inf, inf, inf, inf, inf, inf, inf, inf, inf, inf, inf, inf, inf, inf, inf, 3.4695167541503906, 3.4577202796936035, 3.4022159576416016, 3.401177406311035, 3.3579306602478027, 3.313547372817993, 3.287226915359497, 3.2555437088012695, 3.2410378456115723, 3.2192258834838867, 3.213031530380249, 3.1588282585144043, 3.1472957134246826, 3.1229631900787354, 3.1017704010009766, 3.109649896621704, 3.0837819576263428, 3.07146954536438, 3.0551187992095947, 3.029688596725464, 3.0456037521362305, 3.020129442214966, 3.0121665000915527, 3.0036895275115967, 2.9858295917510986, 2.9820618629455566, 2.9777493476867676, 2.9592275619506836, 2.977372646331787, 2.9555246829986572, 2.9720637798309326, 2.9657487869262695, 2.971449375152588, 2.9784810543060303, 2.968855619430542, 2.963144540786743, 2.9690051078796387, 2.965883255004883, 2.98929762840271, 2.997401237487793, 2.9988436698913574, 3.0136561393737793, 3.000089406967163, 3.0346477031707764, 3.050668239593506, 3.0510053634643555, 3.0599238872528076, 3.063138961791992, 3.088134527206421, 3.108921527862549, 3.129491090774536, 3.1444573402404785, 3.1655967235565186, 3.178326368331909, 3.1909406185150146, 3.235731840133667, 3.266404628753662, 3.28991436958313, 3.330993413925171, 3.3310351371765137, 3.3606395721435547, 3.3726322650909424, 3.4177229404449463, 3.4721477031707764, inf, inf, inf, inf, inf, inf, inf, inf, inf, inf, inf, inf, inf, inf, inf, inf, inf, inf, inf, inf, inf, 3.4702539443969727, 3.4384586811065674, 3.396272659301758, 3.3574442863464355, 3.313035726547241, 3.25696063041687, 3.252286672592163, 3.2184338569641113, 3.199472665786743, 3.1610233783721924, 3.1311161518096924, 3.0986216068267822, 3.0729269981384277, 3.0386672019958496, 3.0128839015960693, 3.010042905807495, 2.9786174297332764, 2.968477964401245, 2.943382740020752, 2.9334969520568848, 2.907675266265869, 2.9074971675872803, 2.8752880096435547, 2.8762691020965576, 2.857060670852661, 2.846008777618408, 2.8344786167144775, 2.82112979888916, 2.8436148166656494, 2.8266615867614746, 2.7968273162841797, 2.8171546459198, 2.819066047668457, 2.805757761001587, 2.796130657196045, 2.80271315574646, 2.7989354133605957, 2.7759671211242676, 2.797551393508911, 2.7960948944091797, 2.786708116531372, 2.8132483959198, 2.798168659210205, 2.809044122695923, 2.833103656768799, 2.8372485637664795, 2.834836721420288, 2.8393614292144775, 2.8599517345428467, 2.860502004623413, 2.8865578174591064, 2.895829916000366, 2.918910026550293, inf, inf, inf, inf, inf, inf, inf, inf, inf, inf, inf, inf, inf, inf, inf, inf, inf, inf, inf, inf, inf, inf, inf, inf, inf, inf, inf, inf, inf, inf, inf, inf, inf, inf, inf, inf, inf, inf, inf, inf, inf, inf, inf, inf, inf, inf, inf, inf, inf, inf, inf, inf, inf, inf, inf, inf, inf, inf, inf, inf, inf, inf, inf, inf, inf, inf, inf, inf, inf, inf, inf, inf, inf, inf, inf, inf, inf, inf]), 0.01749303564429283, 35607000000, 
array('f', [inf, inf, inf, inf, inf, inf, inf, inf, inf, inf, inf, inf, inf, inf, inf, inf, inf, inf, inf, inf, inf, inf, inf, inf, inf, inf, inf, inf, inf, inf, inf, inf, inf, inf, inf, inf, inf, inf, inf, inf, inf, inf, inf, inf, inf, inf, inf, inf, inf, inf, inf, inf, inf, inf, inf, inf, inf, inf, inf, inf, inf, inf, inf, inf, inf, inf, inf, inf, inf, inf, inf, inf, inf, inf, inf, inf, inf, inf, inf, inf, inf, inf, inf, inf, inf, inf, inf, inf, inf, inf, inf, inf, inf, inf, inf, inf, inf, inf, inf, inf, inf, inf, inf, inf, inf, inf, inf, inf, inf, inf, inf, inf, inf, inf, inf, inf, inf, inf, inf, inf, inf, inf, inf, inf, inf, inf, inf, inf, inf, inf, inf, inf, inf, inf, inf, inf, inf, inf, inf, inf, 3.483698606491089, 3.467743158340454, 3.411986827850342, 3.4038171768188477, 3.3590099811553955, 3.345202922821045, 3.336785316467285, 3.2842063903808594, 3.2665438652038574, 3.247957706451416, 3.2307016849517822, 3.2036283016204834, 3.1808197498321533, 3.1834301948547363, 3.1553993225097656, 3.132058620452881, 3.119971513748169, 3.1091935634613037, 3.094832181930542, 3.074420928955078, 3.0932488441467285, 3.081981658935547, 3.056227207183838, 3.043807029724121, 3.031435012817383, 3.033024549484253, 3.027134418487549, 3.0289688110351562, 3.0153913497924805, 3.0111169815063477, 3.0282132625579834, 3.02815842628479, 3.0353429317474365, 3.0363614559173584, 3.037545680999756, 3.036496639251709, 3.0347609519958496, 3.0510621070861816, 3.0684168338775635, 3.067352533340454, 3.07132887840271, 3.092318058013916, 3.0945980548858643, 3.1088297367095947, 3.126821517944336, 3.1451332569122314, 3.1463334560394287, 3.163213014602661, 3.1970229148864746, 3.216606855392456, 3.219602108001709, 3.245116710662842, 3.2691617012023926, 3.2860968112945557, 3.351341962814331, 3.342440605163574, 3.3809311389923096, 3.4174892902374268, 3.444594383239746, 3.4808526039123535, inf, inf, inf, inf, inf, inf, inf, inf, inf, inf, inf, inf, inf, inf, inf, inf, inf, inf, inf, inf, inf, inf, inf, 3.487894296646118, 3.442800521850586, 3.4256482124328613, 3.3809876441955566, 3.328913927078247, 3.309514284133911, 3.2609901428222656, 3.212951898574829, 3.2022573947906494, 3.170482635498047, 3.1375279426574707, 3.108879327774048, 3.0768790245056152, 3.051151990890503, 3.0297915935516357, 2.994260311126709, 2.9888997077941895, 2.964651107788086, 2.9603357315063477, 2.936256170272827, 2.922236919403076, 2.899759292602539, 2.8984768390655518, 2.889437437057495, 2.871277093887329, 2.85138201713562, 2.852860927581787, 2.8595967292785645, 2.835141658782959, 2.850435972213745, 2.8158395290374756, 2.8112337589263916, 2.800801992416382, 2.804227590560913, 2.7812631130218506, 2.8017942905426025, 2.784766912460327, 2.8182623386383057, 2.812333106994629, 2.8024649620056152, 2.802384376525879, 2.810364007949829, 2.8186733722686768, 2.8119921684265137, 2.818606376647949, 2.8311033248901367, 2.8405487537384033, 2.838791608810425, 2.858049154281616, 2.8642325401306152, 2.897550344467163, 2.8684847354888916, inf, inf, inf, inf, inf, inf, inf, inf, inf, inf, inf, inf, inf, inf, inf, inf, inf, inf, inf, inf, inf, inf, inf, inf, inf, inf, inf, inf, inf, inf, inf, inf, inf, inf, inf, inf, inf, inf, inf, inf, inf, inf, inf, inf, inf, inf, inf, inf, inf, inf, inf, inf, inf, inf, inf, inf, inf, inf, inf, inf, inf, inf, inf, inf, inf, inf, inf, inf, inf, inf, inf, inf, inf, inf, inf, inf, inf, inf, inf, inf, inf, inf, inf, inf, inf]), 0.01749303564429283, 35807000000, 
array('f', [inf, inf, inf, inf, inf, inf, inf, inf, inf, inf, inf, inf, inf, inf, inf, inf, inf, inf, inf, inf, inf, inf, inf, inf, inf, inf, inf, inf, inf, inf, inf, inf, inf, inf, inf, inf, inf, inf, inf, inf, inf, inf, inf, inf, inf, inf, inf, inf, inf, inf, inf, inf, inf, inf, inf, inf, inf, inf, inf, inf, inf, inf, inf, inf, inf, inf, inf, inf, inf, inf, inf, inf, inf, inf, inf, inf, inf, inf, inf, inf, inf, inf, inf, inf, inf, inf, inf, inf, inf, inf, inf, inf, inf, inf, inf, inf, inf, inf, inf, inf, inf, inf, inf, inf, inf, inf, inf, inf, inf, inf, inf, inf, inf, inf, inf, inf, inf, inf, inf, inf, inf, inf, inf, inf, inf, inf, inf, inf, inf, inf, inf, inf, inf, inf, inf, inf, inf, 3.4820916652679443, 3.4329323768615723, 3.4251177310943604, 3.388601303100586, 3.365830183029175, 3.3296658992767334, 3.3190441131591797, 3.304810047149658, 3.2875311374664307, 3.2585458755493164, 3.2530677318573, 3.2241523265838623, 3.1999425888061523, 3.186217784881592, 3.1655986309051514, 3.1583054065704346, 3.1495628356933594, 3.14076566696167, 3.13368821144104, 3.1264584064483643, 3.1006500720977783, 3.105640172958374, 3.1164119243621826, 3.087836265563965, 3.0893394947052, 3.087740421295166, 3.098578691482544, 3.1022658348083496, 3.090759038925171, 3.0862417221069336, 3.093223810195923, 3.091003656387329, 3.1066651344299316, 3.1185686588287354, 3.1201374530792236, 3.1140215396881104, 3.125438690185547, 3.1257824897766113, 3.1559903621673584, 3.167288303375244, 3.1740283966064453, 3.1850383281707764, 3.195711612701416, 3.213413953781128, 3.236356735229492, 3.2353453636169434, 3.281956195831299, 3.2813000679016113, 3.301013946533203, 3.33125901222229, 3.346224546432495, 3.3777692317962646, 3.414642572402954, 3.4313161373138428, 3.4630274772644043, 3.5, inf, inf, inf, inf, inf, inf, inf, inf, inf, inf, inf, inf, inf, inf, inf, inf, inf, inf, inf, inf, inf, inf, inf, inf, inf, 3.487592935562134, 3.4266719818115234, 3.4049572944641113, 3.3499717712402344, 3.3230233192443848, 3.28094220161438, 3.2622671127319336, 3.225372076034546, 3.1906838417053223, 3.168893814086914, 3.1445152759552, 3.1053972244262695, 3.078519344329834, 3.0567572116851807, 3.0353643894195557, 3.0177724361419678, 2.9755451679229736, 2.981463670730591, 2.9382452964782715, 2.9355545043945312, 2.9426932334899902, 2.9262022972106934, 2.8980748653411865, 2.8819186687469482, 2.8722352981567383, 2.8776984214782715, 2.853036880493164, 2.854459762573242, 2.848109483718872, 2.8273427486419678, 2.8420889377593994, 2.8086037635803223, 2.8243050575256348, 2.7981345653533936, 2.8194692134857178, 2.8239047527313232, 2.8180603981018066, 2.8096463680267334, 2.8130037784576416, 2.8159680366516113, 2.8313233852386475, 2.820558786392212, 2.827179193496704, 2.8395419120788574, 2.830061674118042, 2.840726137161255, 2.853825807571411, 2.8392333984375, 2.881669759750366, 2.892303943634033, inf, inf, inf, inf, inf, inf, inf, inf, inf, inf, inf, inf, inf, inf, inf, inf, inf, inf, inf, inf, inf, inf, inf, inf, inf, inf, inf, inf, inf, inf, inf, inf, inf, inf, inf, inf, inf, inf, inf, inf, inf, inf, inf, inf, inf, inf, inf, inf, inf, inf, inf, inf, inf, inf, inf, inf, inf, inf, inf, inf, inf, inf, inf, inf, inf, inf, inf, inf, inf, inf, inf, inf, inf, inf, inf, inf, inf, inf, inf, inf, inf, inf, inf, inf, inf, inf, inf, inf, inf, inf, inf, inf]), 0.01749303564429283, 36007000000, 
array('f', [inf, inf, inf, inf, inf, inf, inf, inf, inf, inf, inf, inf, inf, inf, inf, inf, inf, inf, inf, inf, inf, inf, inf, inf, inf, inf, inf, inf, inf, inf, inf, inf, inf, inf, inf, inf, inf, inf, inf, inf, inf, inf, inf, inf, inf, inf, inf, inf, inf, inf, inf, inf, inf, inf, inf, inf, inf, inf, inf, inf, inf, inf, inf, inf, inf, inf, inf, inf, inf, inf, inf, inf, inf, inf, inf, inf, inf, inf, inf, inf, inf, inf, inf, inf, inf, inf, inf, inf, inf, inf, inf, inf, inf, inf, inf, inf, inf, inf, inf, inf, inf, inf, inf, inf, inf, inf, inf, inf, inf, inf, inf, inf, inf, inf, inf, inf, inf, inf, inf, inf, inf, inf, inf, inf, inf, inf, inf, inf, inf, inf, inf, inf, inf, 3.5, 3.4825680255889893, 3.432177782058716, 3.409634590148926, 3.3801045417785645, 3.368962287902832, 3.3618712425231934, 3.316974401473999, 3.3004150390625, 3.2879951000213623, 3.272017002105713, 3.2704455852508545, 3.2391631603240967, 3.2230966091156006, 3.2291576862335205, 3.2009475231170654, 3.2043449878692627, 3.189573287963867, 3.1879937648773193, 3.1788907051086426, 3.179248094558716, 3.1611342430114746, 3.1645615100860596, 3.1580450534820557, 3.161402463912964, 3.1435182094573975, 3.143049478530884, 3.157296657562256, 3.1640262603759766, 3.162165641784668, 3.1548149585723877, 3.1829051971435547, 3.1910035610198975, 3.1749608516693115, 3.166914939880371, 3.2015480995178223, 3.2222211360931396, 3.212346076965332, 3.2376387119293213, 3.2477807998657227, 3.2564380168914795, 3.2871439456939697, 3.3014636039733887, 3.314054250717163, 3.317929744720459, 3.3400027751922607, 3.374361038208008, 3.4052329063415527, 3.4248201847076416, 3.449185371398926, 3.4807941913604736, 3.5, inf, inf, inf, inf, inf, inf, inf, inf, inf, inf, inf, inf, inf, inf, inf, inf, inf, inf, inf, inf, inf, inf, inf, inf, inf, inf, inf, inf, 3.4632463455200195, 3.42480206489563, 3.3852787017822266, 3.3427412509918213, 3.3010103702545166, 3.278441905975342, 3.231975555419922, 3.2189860343933105, 3.194413900375366, 3.1594886779785156, 3.1271872520446777, 3.0952253341674805, 3.077324390411377, 3.0746331214904785, 3.0426511764526367, 3.0173816680908203, 3.0133886337280273, 2.9885244369506836, 2.9766528606414795, 2.946908950805664, 2.9208860397338867, 2.9226276874542236, 2.9097938537597656, 2.9019558429718018, 2.887552499771118, 2.869009017944336, 2.8769311904907227, 2.8637685775756836, 2.8536782264709473, 2.844378709793091, 2.8504202365875244, 2.8433735370635986, 2.836038827896118, 2.83742618560791, 2.83581805229187, 2.8381967544555664, 2.8278417587280273, 2.8311495780944824, 2.8450980186462402, 2.8290834426879883, 2.837780237197876, 2.830561876296997, 2.8288614749908447, 2.877218723297119, 2.8618080615997314, 2.861851453781128, 2.874178886413574, 2.881483554840088, inf, inf, inf, inf, inf, inf, inf, inf, inf, inf, inf, inf, inf, inf, inf, inf, inf, inf, inf, inf, inf, inf, inf, inf, inf, inf, inf, inf, inf, inf, inf, inf, inf, inf, inf, inf, inf, inf, inf, inf, inf, inf, inf, inf, inf, inf, inf, inf, inf, inf, inf, inf, inf, inf, inf, inf, inf, inf, inf, inf, inf, inf, inf, inf, inf, inf, inf, inf, inf, inf, inf, inf, inf, inf, inf, inf, inf, inf, inf, inf, inf, inf, inf, inf, inf, inf, inf, inf, inf, inf, inf, inf, inf, inf, inf, inf, inf, inf, inf]), 0.01749303564429283, 36207000000, 
array('f', [inf, inf, inf, inf, inf, inf, inf, inf, inf, inf, inf, inf, inf, inf, inf, inf, inf, inf, inf, inf, inf, inf, inf, inf, inf, inf, inf, inf, inf, inf, inf, inf, inf, inf, inf, inf, inf, inf, inf, inf, inf, inf, inf, inf, inf, inf, inf, inf, inf, inf, inf, inf, inf, inf, inf, inf, inf, inf, inf, inf, inf, inf, inf, inf, inf, inf, inf, inf, inf, inf, inf, inf, inf, inf, inf, inf, inf, inf, inf, inf, inf, inf, inf, inf, inf, inf, inf, inf, inf, inf, inf, inf, inf, inf, inf, inf, inf, inf, inf, inf, inf, inf, inf, inf, inf, inf, inf, inf, inf, inf, inf, inf, inf, inf, inf, inf, inf, inf, inf, inf, inf, inf, inf, inf, inf, inf, inf, inf, inf, inf, 3.489685535430908, 3.4694511890411377, 3.445875644683838, 3.42592716217041, 3.4013636112213135, 3.375593423843384, 3.3563475608825684, 3.3422935009002686, 3.328591823577881, 3.3132078647613525, 3.2957510948181152, 3.2845652103424072, 3.282899856567383, 3.2634692192077637, 3.267639636993408, 3.26142954826355, 3.2386581897735596, 3.2410967350006104, 3.240109920501709, 3.2108700275421143, 3.232804775238037, 3.23740291595459, 3.220845937728882, 3.2197744846343994, 3.213024854660034, 3.222752809524536, 3.230194568634033, 3.229736804962158, 3.229097366333008, 3.2366111278533936, 3.2545320987701416, 3.2439205646514893, 3.2668089866638184, 3.280871868133545, 3.280165195465088, 3.306295871734619, 3.3011298179626465, 3.3398256301879883, 3.3402764797210693, 3.3420002460479736, 3.3719000816345215, 3.392808437347412, 3.413517713546753, 3.4176509380340576, 3.46329402923584, 3.4815311431884766, inf, inf, inf, inf, inf, inf, inf, inf, inf, inf, inf, inf, inf, inf, inf, inf, inf, inf, inf, inf, inf, inf, inf, inf, inf, inf, inf, inf, inf, inf, inf, inf, 3.4587182998657227, 3.4411940574645996, 3.4006409645080566, 3.347299098968506, 3.2998974323272705, 3.2878518104553223, 3.236164093017578, 3.2200775146484375, 3.181298017501831, 3.1678757667541504, 3.134981870651245, 3.1192867755889893, 3.085904121398926, 3.08202862739563, 3.0567939281463623, 3.0162665843963623, 3.008673667907715, 2.9814977645874023, 2.9841103553771973, 2.9546632766723633, 2.9334254264831543, 2.939845323562622, 2.9378833770751953, 2.905564308166504, 2.8891968727111816, 2.9069747924804688, 2.892287015914917, 2.879195213317871, 2.8817100524902344, 2.8705735206604004, 2.8600573539733887, 2.844341993331909, 2.8574321269989014, 2.8567473888397217, 2.860715389251709, 2.8535284996032715, 2.851625442504883, 2.871490955352783, 2.8601129055023193, 2.850313901901245, 2.875312328338623, 2.882929563522339, 2.8664677143096924, 2.8830435276031494, 2.9045774936676025, 2.8844785690307617, inf, inf, inf, inf, inf, inf, inf, inf, inf, inf, inf, inf, inf, inf, inf, inf, inf, inf, inf, inf, inf, inf, inf, inf, inf, inf, inf, inf, inf, inf, inf, inf, inf, inf, inf, inf, inf, inf, inf, inf, inf, inf, inf, inf, inf, inf, inf, inf, inf, inf, inf, inf, inf, inf, inf, inf, inf, inf, inf, inf, inf, inf, inf, inf, inf, inf, inf, inf, inf, inf, inf, inf, inf, inf, inf, inf, inf, inf, inf, inf, inf, inf, inf, inf, inf, inf, inf, inf, inf, inf, inf, inf, inf, inf, inf, inf, inf, inf, inf, inf, inf, inf, inf, inf, inf, inf]), 0.01749303564429283, 36407000000, 
array('f', [inf, inf, inf, inf, inf, inf, inf, inf, inf, inf, inf, inf, inf, inf, inf, inf, inf, inf, inf, inf, inf, inf, inf, inf, inf, inf, inf, inf, inf, inf, inf, inf, inf, inf, inf, inf, inf, inf, inf, inf, inf, inf, inf, inf, inf, inf, inf, inf, inf, inf, inf, inf, inf, inf, inf, inf, inf, inf, inf, inf, inf, inf, inf, inf, inf, inf, inf, inf, inf, inf, inf, inf, inf, inf, inf, inf, inf, inf, inf, inf, inf, inf, inf, inf, inf, inf, inf, inf, inf, inf, inf, inf, inf, inf, inf, inf, inf, inf, inf, inf, inf, inf, inf, inf, inf, inf, inf, inf, inf, inf, inf, inf, inf, inf, inf, inf, inf, inf, inf, inf, inf, inf, inf, inf, inf, inf, inf, 3.4919357299804688, 3.463153600692749, 3.4340028762817383, 3.4207513332366943, 3.4243698120117188, 3.387132406234741, 3.3758552074432373, 3.3882906436920166, 3.3598010540008545, 3.3475849628448486, 3.317441463470459, 3.326436758041382, 3.3167545795440674, 3.309136152267456, 3.2971112728118896, 3.3139944076538086, 3.3137259483337402, 3.2851486206054688, 3.266206741333008, 3.2880256175994873, 3.298330068588257, 3.2709856033325195, 3.277153253555298, 3.306837558746338, 3.293238878250122, 3.294240713119507, 3.306612253189087, 3.3083019256591797, 3.3132498264312744, 3.308528423309326, 3.3213746547698975, 3.3518590927124023, 3.3496975898742676, 3.367805242538452, 3.374685049057007, 3.3927838802337646, 3.4082415103912354, 3.4209253787994385, 3.432734489440918, 3.484067916870117, 3.497828722000122, inf, inf, inf, inf, inf, inf, inf, inf, inf, inf, inf, inf, inf, inf, inf, inf, inf, inf, inf, inf, inf, inf, inf, inf, inf, inf, inf, inf, inf, inf, inf, inf, inf, inf, inf, 3.479301929473877, 3.4464826583862305, 3.386695384979248, 3.3515055179595947, 3.327430248260498, 3.296373128890991, 3.2636311054229736, 3.231424331665039, 3.2160606384277344, 3.185797929763794, 3.1645753383636475, 3.1164801120758057, 3.1017911434173584, 3.099534511566162, 3.07090163230896, 3.0482919216156006, 3.0153961181640625, 3.0238656997680664, 2.980048179626465, 2.974257707595825, 2.9631216526031494, 2.960002899169922, 2.9502923488616943, 2.954662322998047, 2.919978380203247, 2.915696859359741, 2.9343924522399902, 2.9221718311309814, 2.8989193439483643, 2.8910012245178223, 2.8986175060272217, 2.891094207763672, 2.880964756011963, 2.876084804534912, 2.901482343673706, 2.8771090507507324, 2.886570930480957, 2.90640926361084, 2.887798309326172, 2.9083478450775146, 2.908250093460083, 2.910013198852539, 2.9017698764801025, inf, inf, inf, inf, inf, inf, inf, inf, inf, inf, inf, inf, inf, inf, inf, inf, inf, inf, inf, inf, inf, inf, inf, inf, inf, inf, inf, inf, inf, inf, inf, inf, inf, inf, inf, inf, inf, inf, inf, inf, inf, inf, inf, inf, inf, inf, inf, inf, inf, inf, inf, inf, inf, inf, inf, inf, inf, inf, inf, inf, inf, inf, inf, inf, inf, inf, inf, inf, inf, inf, inf, inf, inf, inf, inf, inf, inf, inf, inf, inf, inf, inf, inf, inf, inf, inf, inf, inf, inf, inf, inf, inf, inf, inf, inf, inf, inf, inf, inf, inf, inf, inf, inf, inf, inf, inf, inf, inf, inf, inf, inf, inf, inf, inf]), 0.01749303564429283, 36610000000, 
array('f', [inf, inf, inf, inf, inf, inf, inf, inf, inf, inf, inf, inf, inf, inf, inf, inf, inf, inf, inf, inf, inf, inf, inf, inf, inf, inf, inf, inf, inf, inf, inf, inf, inf, inf, inf, inf, inf, inf, inf, inf, inf, inf, inf, inf, inf, inf, inf, inf, inf, inf, inf, inf, inf, inf, inf, inf, inf, inf, inf, inf, inf, inf, inf, inf, inf, inf, inf, inf, inf, inf, inf, inf, inf, inf, inf, inf, inf, inf, inf, inf, inf, inf, inf, inf, inf, inf, inf, inf, inf, inf, inf, inf, inf, inf, inf, inf, inf, inf, inf, inf, inf, inf, inf, inf, inf, inf, inf, inf, inf, inf, inf, inf, inf, inf, inf, inf, inf, inf, inf, inf, inf, inf, inf, inf, 3.5, 3.474630355834961, 3.465362310409546, 3.455069065093994, 3.425468921661377, 3.4346067905426025, 3.415456771850586, 3.3982927799224854, 3.384460210800171, 3.379185199737549, 3.3715481758117676, 3.3594207763671875, 3.3628501892089844, 3.3327748775482178, 3.3384320735931396, 3.322922945022583, 3.325995683670044, 3.338052272796631, 3.3507728576660156, 3.3461079597473145, 3.3485524654388428, 3.3405418395996094, 3.3419299125671387, 3.352994918823242, 3.344219446182251, 3.3532826900482178, 3.375889539718628, 3.3776187896728516, 3.4007394313812256, 3.426351308822632, 3.4258878231048584, 3.445002555847168, 3.4503469467163086, 3.4673054218292236, 3.470064640045166, inf, inf, inf, inf, inf, inf, inf, inf, inf, inf, inf, inf, inf, inf, inf, inf, inf, inf, inf, inf, inf, inf, inf, inf, inf, inf, inf, inf, inf, inf, inf, inf, inf, inf, inf, inf, inf, inf, inf, 3.492680311203003, 3.458752155303955, 3.4255433082580566, 3.385366201400757, 3.3480565547943115, 3.3082261085510254, 3.2929084300994873, 3.2415032386779785, 3.2228176593780518, 3.212085008621216, 3.1834771633148193, 3.1467080116271973, 3.139289617538452, 3.129854917526245, 3.093090057373047, 3.0834217071533203, 3.0541739463806152, 3.055593490600586, 3.0068776607513428, 2.9965410232543945, 2.995588541030884, 2.998436450958252, 2.978170156478882, 2.9690160751342773, 2.9565587043762207, 2.9512691497802734, 2.9398257732391357, 2.948326826095581, 2.9257125854492188, 2.9248387813568115, 2.9230148792266846, 2.9250612258911133, 2.9375500679016113, 2.927442789077759, 2.9174511432647705, 2.9306113719940186, 2.930666923522949, 2.913663864135742, 2.9371321201324463, 2.935979127883911, 2.9497005939483643, inf, inf, inf, inf, inf, inf, inf, inf, inf, inf, inf, inf, inf, inf, inf, inf, inf, inf, inf, inf, inf, inf, inf, inf, inf, inf, inf, inf, inf, inf, inf, inf, inf, inf, inf, inf, inf, inf, inf, inf, inf, inf, inf, inf, inf, inf, inf, inf, inf, inf, inf, inf, inf, inf, inf, inf, inf, inf, inf, inf, inf, inf, inf, inf, inf, inf, inf, inf, inf, inf, inf, inf, inf, inf, inf, inf, inf, inf, inf, inf, inf, inf, inf, inf, inf, inf, inf, inf, inf, inf, inf, inf, inf, inf, inf, inf, inf, inf, inf, inf, inf, inf, inf, inf, inf, inf, inf, inf, inf, inf, inf, inf, inf, inf, inf, inf, inf, inf, inf, inf, inf]), 0.01749303564429283, 36809000000, 
array('f', [inf, inf, inf, inf, inf, inf, inf, inf, inf, inf, inf, inf, inf, inf, inf, inf, inf, inf, inf, inf, inf, inf, inf, inf, inf, inf, inf, inf, inf, inf, inf, inf, inf, inf, inf, inf, inf, inf, inf, inf, inf, inf, inf, inf, inf, inf, inf, inf, inf, inf, inf, inf, inf, inf, inf, inf, inf, inf, inf, inf, inf, inf, inf, inf, inf, inf, inf, inf, inf, inf, inf, inf, inf, inf, inf, inf, inf, inf, inf, inf, inf, inf, inf, inf, inf, inf, inf, inf, inf, inf, inf, inf, inf, inf, inf, inf, inf, inf, inf, inf, inf, inf, inf, inf, inf, inf, inf, inf, inf, inf, inf, inf, inf, inf, inf, inf, inf, inf, inf, inf, inf, inf, 3.479156255722046, 3.4793384075164795, 3.483574151992798, 3.4727070331573486, 3.442841053009033, 3.4185638427734375, 3.4346556663513184, 3.417346239089966, 3.4064860343933105, 3.416548490524292, 3.3970799446105957, 3.404247999191284, 3.4044222831726074, 3.3867435455322266, 3.3969790935516357, 3.402327060699463, 3.384112596511841, 3.4027347564697266, 3.3975284099578857, 3.414027690887451, 3.4039227962493896, 3.425153970718384, 3.4225807189941406, 3.4447836875915527, 3.452409029006958, 3.471449136734009, 3.4628562927246094, 3.477384090423584, inf, inf, inf, inf, inf, inf, inf, inf, inf, inf, inf, inf, inf, inf, inf, inf, inf, inf, inf, inf, inf, inf, inf, inf, inf, inf, inf, inf, inf, inf, inf, inf, inf, inf, inf, inf, inf, inf, inf, inf, inf, inf, inf, inf, 3.4799752235412598, 3.446765422821045, 3.418870210647583, 3.378093957901001, 3.3492846488952637, 3.3044283390045166, 3.2852284908294678, 3.257948637008667, 3.231842517852783, 3.2056217193603516, 3.1804466247558594, 3.1976234912872314, 3.1460111141204834, 3.1337900161743164, 3.125591993331909, 3.0984644889831543, 3.081624746322632, 3.0493640899658203, 3.0593225955963135, 3.0615365505218506, 3.028629779815674, 3.019599676132202, 3.011650800704956, 2.998002767562866, 3.00186824798584, 2.969125509262085, 2.9910948276519775, 2.9795703887939453, 2.9832191467285156, 2.9804396629333496, 2.95564603805542, 2.9744837284088135, 2.956190824508667, 2.9928932189941406, 2.958294153213501, 2.957534074783325, 2.988044500350952, 2.9892637729644775, 2.989880323410034, inf, inf, inf, inf, inf, inf, inf, inf, inf, inf, inf, inf, inf, inf, inf, inf, inf, inf, inf, inf, inf, inf, inf, inf, inf, inf, inf, inf, inf, inf, inf, inf, inf, inf, inf, inf, inf, inf, inf, inf, inf, inf, inf, inf, inf, inf, inf, inf, inf, inf, inf, inf, inf, inf, inf, inf, inf, inf, inf, inf, inf, inf, inf, inf, inf, inf, inf, inf, inf, inf, inf, inf, inf, inf, inf, inf, inf, inf, inf, inf, inf, inf, inf, inf, inf, inf, inf, inf, inf, inf, inf, inf, inf, inf, inf, inf, inf, inf, inf, inf, inf, inf, inf, inf, inf, inf, inf, inf, inf, inf, inf, inf, inf, inf, inf, inf, inf, inf, inf, inf, inf, inf, inf, inf, inf, inf, inf]), 0.01749303564429283, 37009000000, 
array('f', [inf, inf, inf, inf, inf, inf, inf, inf, inf, inf, inf, inf, inf, inf, inf, inf, inf, inf, inf, inf, inf, inf, inf, inf, inf, inf, inf, inf, inf, inf, inf, inf, inf, inf, inf, inf, inf, inf, inf, inf, inf, inf, inf, inf, inf, inf, inf, inf, inf, inf, inf, inf, inf, inf, inf, inf, inf, inf, inf, inf, inf, inf, inf, inf, inf, inf, inf, inf, inf, inf, inf, inf, inf, inf, inf, inf, inf, inf, inf, inf, inf, inf, inf, inf, inf, inf, inf, inf, inf, inf, inf, inf, inf, inf, inf, inf, inf, inf, inf, inf, inf, inf, inf, inf, inf, inf, inf, inf, inf, inf, inf, inf, inf, inf, inf, inf, inf, inf, inf, inf, 3.4920012950897217, 3.478698492050171, 3.485163688659668, 3.4593312740325928, 3.4749977588653564, 3.4612672328948975, 3.453153371810913, 3.466179609298706, 3.4515793323516846, 3.456228494644165, 3.4541447162628174, 3.448931932449341, 3.4448370933532715, 3.460110664367676, 3.4539802074432373, 3.481875419616699, 3.471757411956787, 3.472618818283081, 3.469804525375366, 3.4846460819244385, inf, inf, inf, inf, inf, inf, inf, inf, inf, inf, inf, inf, inf, inf, inf, inf, inf, inf, inf, inf, inf, inf, inf, inf, inf, inf, inf, inf, inf, inf, inf, inf, inf, inf, inf, inf, inf, inf, inf, inf, inf, inf, inf, inf, inf, inf, inf, inf, inf, inf, 3.458763599395752, 3.426736354827881, 3.3886525630950928, 3.3834898471832275, 3.3349127769470215, 3.3228437900543213, 3.3101720809936523, 3.280508041381836, 3.2448649406433105, 3.2189853191375732, 3.21113920211792, 3.2046213150024414, 3.1716091632843018, 3.1460628509521484, 3.1343331336975098, 3.128967523574829, 3.103712320327759, 3.102092981338501, 3.0792644023895264, 3.06612491607666, 3.0480823516845703, 3.0499048233032227, 3.0469441413879395, 3.0429656505584717, 3.0350804328918457, 3.029787302017212, 3.01761794090271, 3.0174570083618164, 3.0294790267944336, 3.0125911235809326, 3.01086163520813, 3.006767749786377, 3.031548023223877, 3.0179009437561035, 3.0357820987701416, 3.037411689758301, inf, inf, inf, inf, inf, inf, inf, inf, inf, inf, inf, inf, inf, inf, inf, inf, inf, inf, inf, inf, inf, inf, inf, inf, inf, inf, inf, inf, inf, inf, inf, inf, inf, inf, inf, inf, inf, inf, inf, inf, inf, inf, inf, inf, inf, inf, inf, inf, inf, inf, inf, inf, inf, inf, inf, inf, inf, inf, inf, inf, inf, inf, inf, inf, inf, inf, inf, inf, inf, inf, inf, inf, inf, inf, inf, inf, inf, inf, inf, inf, inf, inf, inf, inf, inf, inf, inf, inf, inf, inf, inf, inf, inf, inf, inf, inf, inf, inf, inf, inf, inf, inf, inf, inf, inf, inf, inf, inf, inf, inf, inf, inf, inf, inf, inf, inf, inf, inf, inf, inf, inf, inf, inf, inf, inf, inf, inf, inf, inf, inf, inf, inf, inf, inf]), 0.01749303564429283, 37209000000, 
array('f', [inf, inf, inf, inf, inf, inf, inf, inf, inf, inf, inf, inf, inf, inf, inf, inf, inf, inf, inf, inf, inf, inf, inf, inf, inf, inf, inf, inf, inf, inf, inf, inf, inf, inf, inf, inf, inf, inf, inf, inf, inf, inf, inf, inf, inf, inf, inf, inf, inf, inf, inf, inf, inf, inf, inf, inf, inf, inf, inf, inf, inf, inf, inf, inf, inf, inf, inf, inf, inf, inf, inf, inf, inf, inf, inf, inf, inf, inf, inf, inf, inf, inf, inf, inf, inf, inf, inf, inf, inf, inf, inf, inf, inf, inf, inf, inf, inf, inf, inf, inf, inf, inf, inf, inf, inf, inf, inf, inf, inf, inf, inf, inf, inf, inf, inf, inf, inf, inf, inf, inf, inf, 3.4929871559143066, 3.4985077381134033, 3.485844612121582, 3.497859239578247, 3.4804937839508057, 3.4879517555236816, 3.4888193607330322, inf, inf, inf, inf, inf, inf, inf, inf, inf, inf, inf, inf, inf, inf, inf, inf, inf, inf, inf, inf, inf, inf, inf, inf, inf, inf, inf, inf, inf, inf, inf, inf, inf, inf, inf, inf, inf, inf, inf, inf, inf, inf, inf, inf, inf, inf, inf, inf, inf, inf, inf, inf, inf, inf, inf, inf, inf, inf, 3.4908945560455322, 3.4480104446411133, 3.423535108566284, 3.410623073577881, 3.366680383682251, 3.3327643871307373, 3.3207809925079346, 3.297903299331665, 3.275585889816284, 3.2524302005767822, 3.223653793334961, 3.217230796813965, 3.202200174331665, 3.1947731971740723, 3.182260036468506, 3.1542892456054688, 3.1329517364501953, 3.1327197551727295, 3.1136362552642822, 3.118623971939087, 3.097787857055664, 3.0726351737976074, 3.0724270343780518, 3.091996908187866, 3.074028491973877, 3.071167230606079, 3.085195302963257, 3.0738582611083984, 3.0698957443237305, 3.089320182800293, 3.083890676498413, 3.080976724624634, 3.0897769927978516, inf, inf, inf, inf, inf, inf, inf, inf, inf, inf, inf, inf, inf, inf, inf, inf, inf, inf, inf, inf, inf, inf, inf, inf, inf, inf, inf, inf, inf, inf, inf, inf, inf, inf, inf, inf, inf, inf, inf, inf, inf, inf, inf, inf, inf, inf, inf, inf, inf, inf, inf, inf, inf, inf, inf, inf, inf, inf, inf, inf, inf, inf, inf, inf, inf, inf, inf, inf, inf, inf, inf, inf, inf, inf, inf, inf, inf, inf, inf, inf, inf, inf, inf, inf, inf, inf, inf, inf, inf, inf, inf, inf, inf, inf, inf, inf, inf, inf, inf, inf, inf, inf, inf, inf, inf, inf, inf, inf, inf, inf, inf, inf, inf, inf, inf, inf, inf, inf, inf, inf, inf, inf, inf, inf, inf, inf, inf, inf, inf, inf, inf, inf, inf, inf, inf, inf, inf, inf, inf, inf, inf]), 0.01749303564429283, 37409000000, 
array('f', [inf, inf, inf, inf, inf, inf, inf, inf, inf, inf, inf, inf, inf, inf, inf, inf, inf, inf, inf, inf, inf, inf, inf, inf, inf, inf, inf, inf, inf, inf, inf, inf, inf, inf, inf, inf, inf, inf, inf, inf, inf, inf, inf, inf, inf, inf, inf, inf, inf, inf, inf, inf, inf, inf, inf, inf, inf, inf, inf, inf, inf, inf, inf, inf, inf, inf, inf, inf, inf, inf, inf, inf, inf, inf, inf, inf, inf, inf, inf, inf, inf, inf, inf, inf, inf, inf, inf, inf, inf, inf, inf, inf, inf, inf, inf, inf, inf, inf, inf, inf, inf, inf, inf, inf, inf, inf, inf, inf, inf, inf, inf, inf, inf, inf, inf, inf, inf, inf, inf, inf, inf, inf, inf, inf, inf, inf, inf, inf, inf, inf, inf, inf, inf, inf, inf, inf, inf, inf, inf, inf, inf, inf, inf, inf, inf, inf, inf, inf, inf, inf, inf, inf, inf, inf, inf, inf, inf, inf, inf, inf, inf, inf, inf, inf, inf, inf, inf, inf, inf, inf, inf, inf, inf, inf, inf, inf, inf, inf, inf, inf, inf, inf, 3.5, 3.471280813217163, 3.414057731628418, 3.3924520015716553, 3.3782896995544434, 3.3731608390808105, 3.350064754486084, 3.3156092166900635, 3.306702136993408, 3.270723581314087, 3.268639326095581, 3.2449588775634766, 3.238251209259033, 3.2302920818328857, 3.2249319553375244, 3.208322525024414, 3.1988039016723633, 3.1954774856567383, 3.1549081802368164, 3.1880486011505127, 3.1560635566711426, 3.148763418197632, 3.162384510040283, 3.1190600395202637, 3.1581146717071533, 3.134124279022217, 3.140718936920166, 3.154057025909424, 3.139571189880371, 3.1579601764678955, inf, inf, inf, inf, inf, inf, inf, inf, inf, inf, inf, inf, inf, inf, inf, inf, inf, inf, inf, inf, inf, inf, inf, inf, inf, inf, inf, inf, inf, inf, inf, inf, inf, inf, inf, inf, inf, inf, inf, inf, inf, inf, inf, inf, inf, inf, inf, inf, inf, inf, inf, inf, inf, inf, inf, inf, inf, inf, inf, inf, inf, inf, inf, inf, inf, inf, inf, inf, inf, inf, inf, inf, inf, inf, inf, inf, inf, inf, inf, inf, inf, inf, inf, inf, inf, inf, inf, inf, inf, inf, inf, inf, inf, inf, inf, inf, inf, inf, inf, inf, inf, inf, inf, inf, inf, inf, inf, inf, inf, inf, inf, inf, inf, inf, inf, inf, inf, inf, inf, inf, inf, inf, inf, inf, inf, inf, inf, inf, inf, inf, inf, inf, inf, inf, inf, inf, inf, inf, inf, inf, inf, inf, inf, inf, inf, inf, inf, inf]), 0.01749303564429283, 37611000000, 
array('f', [inf, inf, inf, inf, inf, inf, inf, inf, inf, inf, inf, inf, inf, inf, inf, inf, inf, inf, inf, inf, inf, inf, inf, inf, inf, inf, inf, inf, inf, inf, inf, inf, inf, inf, inf, inf, inf, inf, inf, inf, inf, inf, inf, inf, inf, inf, inf, inf, inf, inf, inf, inf, inf, inf, inf, inf, inf, inf, inf, inf, inf, inf, inf, inf, inf, inf, inf, inf, inf, inf, inf, inf, inf, inf, inf, inf, inf, inf, inf, inf, inf, inf, inf, inf, inf, inf, inf, inf, inf, inf, inf, inf, inf, inf, inf, inf, inf, inf, inf, inf, inf, inf, inf, inf, inf, inf, inf, inf, inf, inf, inf, inf, inf, inf, inf, inf, inf, inf, inf, inf, inf, inf, inf, inf, inf, inf, inf, inf, inf, inf, inf, inf, inf, inf, inf, inf, inf, inf, inf, inf, inf, inf, inf, inf, inf, inf, inf, inf, inf, inf, inf, inf, inf, inf, inf, inf, inf, inf, inf, inf, inf, inf, inf, inf, inf, inf, inf, inf, inf, inf, inf, inf, inf, inf, inf, inf, inf, inf, inf, 3.4886844158172607, 3.4588241577148438, 3.4331815242767334, 3.4359288215637207, 3.4056036472320557, 3.377142906188965, 3.347593307495117, 3.340686559677124, 3.3238351345062256, 3.3091161251068115, 3.3066201210021973, 3.285700559616089, 3.2607107162475586, 3.2454047203063965, 3.2418105602264404, 3.2343223094940186, 3.2402102947235107, 3.2296969890594482, 3.2325284481048584, 3.2201340198516846, 3.2187933921813965, 3.208226442337036, 3.217831611633301, 3.209233522415161, 3.2278568744659424, 3.2055985927581787, 3.2235500812530518, inf, inf, inf, inf, inf, inf, inf, inf, inf, inf, inf, inf, inf, inf, inf, inf, inf, inf, inf, inf, inf, inf, inf, inf, inf, inf, inf, inf, inf, inf, inf, inf, inf, inf, inf, inf, inf, inf, inf, inf, inf, inf, inf, inf, inf, inf, inf, inf, inf, inf, inf, inf, inf, inf, inf, inf, inf, inf, inf, inf, inf, inf, inf, inf, inf, inf, inf, inf, inf, inf, inf, inf, inf, inf, inf, inf, inf, inf, inf, inf, inf, inf, inf, inf, inf, inf, inf, inf, inf, inf, inf, inf, inf, inf, inf, inf, inf, inf, inf, inf, inf, inf, inf, inf, inf, inf, inf, inf, inf, inf, inf, inf, inf, inf, inf, inf, inf, inf, inf, inf, inf, inf, inf, inf, inf, inf, inf, inf, inf, inf, inf, inf, inf, inf, inf, inf, inf, inf, inf, inf, inf, inf, inf, inf, inf, inf, inf, inf, inf, inf, inf, inf, inf, inf]), 0.01749303564429283, 37811000000, 
array('f', [inf, inf, inf, inf, inf, inf, inf, inf, inf, inf, inf, inf, inf, inf, inf, inf, inf, inf, inf, inf, inf, inf, inf, inf, inf, inf, inf, inf, inf, inf, inf, inf, inf, inf, inf, inf, inf, inf, inf, inf, inf, inf, inf, inf, inf, inf, inf, inf, inf, inf, inf, inf, inf, inf, inf, inf, inf, inf, inf, inf, inf, inf, inf, inf, inf, inf, inf, inf, inf, inf, inf, inf, inf, inf, inf, inf, inf, inf, inf, inf, inf, inf, inf, inf, inf, inf, inf, inf, inf, inf, inf, inf, inf, inf, inf, inf, inf, inf, inf, inf, inf, inf, inf, inf, inf, inf, inf, inf, inf, inf, inf, inf, inf, inf, inf, inf, inf, inf, inf, inf, inf, inf, inf, inf, inf, inf, inf, inf, inf, inf, inf, inf, inf, inf, inf, inf, inf, inf, inf, inf, inf, inf, inf, inf, inf, inf, inf, inf, inf, inf, inf, inf, inf, inf, inf, inf, inf, inf, inf, inf, inf, inf, inf, inf, inf, inf, inf, inf, inf, inf, inf, inf, inf, inf, inf, inf, inf, 3.477997303009033, 3.4368555545806885, 3.430711269378662, 3.4162533283233643, 3.3964908123016357, 3.3889358043670654, 3.3570666313171387, 3.3529398441314697, 3.3520023822784424, 3.3365445137023926, 3.314645290374756, 3.305050849914551, 3.2942018508911133, 3.308514356613159, 3.3059816360473633, 3.300973415374756, 3.3227577209472656, 3.294843912124634, 3.2706148624420166, 3.2994627952575684, 3.269115447998047, 3.2797789573669434, inf, inf, inf, inf, inf, inf, inf, inf, inf, inf, inf, inf, inf, inf, inf, inf, inf, inf, inf, inf, inf, inf, inf, inf, inf, inf, inf, inf, inf, inf, inf, inf, inf, inf, inf, inf, inf, inf, inf, inf, inf, inf, inf, inf, inf, inf, inf, inf, inf, inf, inf, inf, inf, inf, inf, inf, inf, inf, inf, inf, inf, inf, inf, inf, inf, inf, inf, inf, inf, inf, inf, inf, inf, inf, inf, inf, inf, inf, inf, inf, inf, inf, inf, inf, inf, inf, inf, inf, inf, inf, inf, inf, inf, inf, inf, inf, inf, inf, inf, inf, inf, inf, inf, inf, inf, inf, inf, inf, inf, inf, inf, inf, inf, inf, inf, inf, inf, inf, inf, inf, inf, inf, inf, inf, inf, inf, inf, inf, inf, inf, inf, inf, inf, inf, inf, inf, inf, inf, inf, inf, inf, inf, inf, inf, inf, inf, inf, inf, inf, inf, inf, inf, inf, inf, inf, inf, inf, inf, inf, inf, inf]), 0.01749303564429283, 38011000000, 
array('f', [inf, inf, inf, inf, inf, inf, inf, inf, inf, inf, inf, inf, inf, inf, inf, inf, inf, inf, inf, inf, inf, inf, inf, inf, inf, inf, inf, inf, inf, inf, inf, inf, inf, inf, inf, inf, inf, inf, inf, inf, inf, inf, inf, inf, inf, inf, inf, inf, inf, inf, inf, inf, inf, inf, inf, inf, inf, inf, inf, inf, inf, inf, inf, inf, inf, inf, inf, inf, inf, inf, inf, inf, inf, inf, inf, inf, inf, inf, inf, inf, inf, inf, inf, inf, inf, inf, inf, inf, inf, inf, inf, inf, inf, inf, inf, inf, inf, inf, inf, inf, inf, inf, inf, inf, inf, inf, inf, inf, inf, inf, inf, inf, inf, inf, inf, inf, inf, inf, inf, inf, inf, inf, inf, inf, inf, inf, inf, inf, inf, inf, inf, inf, inf, inf, inf, inf, inf, inf, inf, inf, inf, inf, inf, inf, inf, inf, inf, inf, inf, inf, inf, inf, inf, inf, inf, inf, inf, inf, inf, inf, inf, inf, inf, inf, inf, inf, inf, inf, inf, inf, inf, inf, inf, inf, inf, 3.4956018924713135, 3.473146677017212, 3.480332851409912, 3.4440999031066895, 3.4513039588928223, 3.422088623046875, 3.4027280807495117, 3.3930726051330566, 3.3956289291381836, 3.3572826385498047, 3.382052183151245, 3.3895115852355957, 3.36063289642334, 3.3574094772338867, 3.3307876586914062, 3.3492438793182373, 3.3557488918304443, 3.3609302043914795, inf, inf, inf, inf, inf, inf, inf, inf, inf, inf, inf, inf, inf, inf, inf, inf, inf, inf, inf, inf, inf, inf, inf, inf, inf, inf, inf, inf, inf, inf, inf, inf, inf, inf, inf, inf, inf, inf, inf, inf, inf, inf, inf, inf, inf, inf, inf, inf, inf, inf, inf, inf, inf, inf, inf, inf, inf, inf, inf, inf, inf, inf, inf, inf, inf, inf, inf, inf, inf, inf, inf, inf, inf, inf, inf, inf, inf, inf, inf, inf, inf, inf, inf, inf, inf, inf, inf, inf, inf, inf, inf, inf, inf, inf, inf, inf, inf, inf, inf, inf, inf, inf, inf, inf, inf, inf, inf, inf, inf, inf, inf, inf, inf, inf, inf, inf, inf, inf, inf, inf, inf, inf, inf, inf, inf, inf, inf, inf, inf, inf, inf, inf, inf, inf, inf, inf, inf, inf, inf, inf, inf, inf, inf, inf, inf, inf, inf, inf, inf, inf, inf, inf, inf, inf, inf, inf, inf, inf, inf, inf, inf, inf, inf, inf, inf, inf, inf]), 0.01749303564429283, 38211000000, 
array('f', [inf, inf, inf, inf, inf, inf, inf, inf, inf, inf, inf, inf, inf, inf, inf, inf, inf, inf, inf, inf, inf, inf, inf, inf, inf, inf, inf, inf, inf, inf, inf, inf, inf, inf, inf, inf, inf, inf, inf, inf, inf, inf, inf, inf, inf, inf, inf, inf, inf, inf, inf, inf, inf, inf, inf, inf, inf, inf, inf, inf, inf, inf, inf, inf, inf, inf, inf, inf, inf, inf, inf, inf, inf, inf, inf, inf, inf, inf, inf, inf, inf, inf, inf, inf, inf, inf, inf, inf, inf, inf, inf, inf, inf, inf, inf, inf, inf, inf, inf, inf, inf, inf, inf, inf, inf, inf, inf, inf, inf, inf, inf, inf, inf, inf, inf, inf, inf, inf, inf, inf, inf, inf, inf, inf, inf, inf, inf, inf, inf, inf, inf, inf, inf, inf, inf, inf, inf, inf, inf, inf, inf, inf, inf, inf, inf, inf, inf, inf, inf, inf, inf, inf, inf, inf, inf, inf, inf, inf, inf, inf, inf, inf, inf, inf, inf, inf, inf, inf, inf, inf, inf, inf, inf, inf, inf, 3.4854719638824463, 3.5, 3.4870445728302, 3.4671542644500732, 3.463024139404297, 3.4546756744384766, 3.4516797065734863, 3.4546453952789307, 3.4544012546539307, 3.434324026107788, 3.452925682067871, 3.4472992420196533, inf, inf, inf, inf, inf, inf, inf, inf, inf, inf, inf, inf, inf, inf, inf, inf, inf, inf, inf, inf, inf, inf, inf, inf, inf, inf, inf, inf, inf, inf, inf, inf, inf, inf, inf, inf, inf, inf, inf, inf, inf, inf, inf, inf, inf, inf, inf, inf, inf, inf, inf, inf, inf, inf, inf, inf, inf, inf, inf, inf, inf, inf, inf, inf, inf, inf, inf, inf, inf, inf, inf, inf, inf, inf, inf, inf, inf, inf, inf, inf, inf, inf, inf, inf, inf, inf, inf, inf, inf, inf, inf, inf, inf, inf, inf, inf, inf, inf, inf, inf, inf, inf, inf, inf, inf, inf, inf, inf, inf, inf, inf, inf, inf, inf, inf, inf, inf, inf, inf, inf, inf, inf, inf, inf, inf, inf, inf, inf, inf, inf, inf, inf, inf, inf, inf, inf, inf, inf, inf, inf, inf, inf, inf, inf, inf, inf, inf, inf, inf, inf, inf, inf, inf, inf, inf, inf, inf, inf, inf, inf, inf, inf, inf, inf, inf, inf, inf, inf, inf, inf, inf, inf, inf]), 0.01749303564429283, 38411000000, 
array('f', [inf, inf, inf, inf, inf, inf, inf, inf, inf, inf, inf, inf, inf, inf, inf, inf, inf, inf, inf, inf, inf, inf, inf, inf, inf, inf, inf, inf, inf, inf, inf, inf, inf, inf, inf, inf, inf, inf, inf, inf, inf, inf, inf, inf, inf, inf, inf, inf, inf, inf, inf, inf, inf, inf, inf, inf, inf, inf, inf, inf, inf, inf, inf, inf, inf, inf, inf, inf, inf, inf, inf, inf, inf, inf, inf, inf, inf, inf, inf, inf, inf, inf, inf, inf, inf, inf, inf, inf, inf, inf, inf, inf, inf, inf, inf, inf, inf, inf, inf, inf, inf, inf, inf, inf, inf, inf, inf, inf, inf, inf, inf, inf, inf, inf, inf, inf, inf, inf, inf, inf, inf, inf, inf, inf, inf, inf, inf, inf, inf, inf, inf, inf, inf, inf, inf, inf, inf, inf, inf, inf, inf, inf, inf, inf, inf, inf, inf, inf, inf, inf, inf, inf, inf, inf, inf, inf, inf, inf, inf, inf, inf, inf, inf, inf, inf, inf, inf, inf, inf, inf, inf, inf, inf, inf, inf, inf, inf, inf, inf, inf, inf, inf, inf, inf, inf, inf, inf, inf, inf, inf, inf, inf, inf, inf, inf, inf, inf, inf, inf, inf, inf, inf, inf, inf, inf, inf, inf, inf, inf, inf, inf, inf, inf, inf, inf, inf, inf, inf, inf, inf, inf, inf, inf, inf, inf, inf, inf, inf, inf, inf, inf, inf, inf, inf, inf, inf, inf, inf, inf, inf, inf, inf, inf, inf, inf, inf, inf, inf, inf, inf, inf, inf, inf, inf, inf, inf, inf, inf, inf, inf, inf, inf, inf, inf, inf, inf, inf, inf, inf, inf, inf, inf, inf, inf, inf, inf, inf, inf, inf, inf, inf, inf, inf, inf, inf, inf, inf, inf, inf, inf, inf, inf, inf, inf, inf, inf, inf, inf, inf, inf, inf, inf, inf, inf, inf, inf, inf, inf, inf, inf, inf, inf, inf, inf, inf, inf, inf, inf, inf, inf, inf, inf, inf, inf, inf, inf, inf, inf, inf, inf, inf, inf, inf, inf, inf, inf, inf, inf, inf, inf, inf, inf, inf, inf, inf, inf, inf, inf, inf, inf, inf, inf, inf, inf, inf, inf, inf, inf, inf, inf]), 0.01749303564429283, 38611000000, 
array('f', [inf, inf, inf, inf, inf, inf, inf, inf, inf, inf, inf, inf, inf, inf, inf, inf, inf, inf, inf, inf, inf, inf, inf, inf, inf, inf, inf, inf, inf, inf, inf, inf, inf, inf, inf, inf, inf, inf, inf, inf, inf, inf, inf, inf, inf, inf, inf, inf, inf, inf, inf, inf, inf, inf, inf, inf, inf, inf, inf, inf, inf, inf, inf, inf, inf, inf, inf, inf, inf, inf, inf, inf, inf, inf, inf, inf, inf, inf, inf, inf, inf, inf, inf, inf, inf, inf, inf, inf, inf, inf, inf, inf, inf, inf, inf, inf, inf, inf, inf, inf, inf, inf, inf, inf, inf, inf, inf, inf, inf, inf, inf, inf, inf, inf, inf, inf, inf, inf, inf, inf, inf, inf, inf, inf, inf, inf, inf, inf, inf, inf, inf, inf, inf, inf, inf, inf, inf, inf, inf, inf, inf, inf, inf, inf, inf, inf, inf, inf, inf, inf, inf, inf, inf, inf, inf, inf, inf, inf, inf, inf, inf, inf, inf, inf, inf, inf, inf, inf, inf, inf, inf, inf, inf, inf, inf, inf, inf, inf, inf, inf, inf, inf, inf, inf, inf, inf, inf, inf, inf, inf, inf, inf, inf, inf, inf, inf, inf, inf, inf, inf, inf, inf, inf, inf, inf, inf, inf, inf, inf, inf, inf, inf, inf, inf, inf, inf, inf, inf, inf, inf, inf, inf, inf, inf, inf, inf, inf, inf, inf, inf, inf, inf, inf, inf, inf, inf, inf, inf, inf, inf, inf, inf, inf, inf, inf, inf, inf, inf, inf, inf, inf, inf, inf, inf, inf, inf, inf, inf, inf, inf, inf, inf, inf, inf, inf, inf, inf, inf, inf, inf, inf, inf, inf, inf, inf, inf, inf, inf, inf, inf, inf, inf, inf, inf, inf, inf, inf, inf, inf, inf, inf, inf, inf, inf, inf, inf, inf, inf, inf, inf, inf, inf, inf, inf, inf, inf, inf, inf, inf, inf, inf, inf, inf, inf, inf, inf, inf, inf, inf, inf, inf, inf, inf, inf, inf, inf, inf, inf, inf, inf, inf, inf, inf, inf, inf, inf, inf, inf, inf, inf, inf, inf, inf, inf, inf, inf, inf, inf, inf, inf, inf, inf, inf, inf, inf, inf, inf, inf, inf, inf]), 0.01749303564429283, 38812000000, 
array('f', [inf, inf, inf, inf, inf, inf, inf, inf, inf, inf, inf, inf, inf, inf, inf, inf, inf, inf, inf, inf, inf, inf, inf, inf, inf, inf, inf, inf, inf, inf, inf, inf, inf, inf, inf, inf, inf, inf, inf, inf, inf, inf, inf, inf, inf, inf, inf, inf, inf, inf, inf, inf, inf, inf, inf, inf, inf, inf, inf, inf, inf, inf, inf, inf, inf, inf, inf, inf, inf, inf, inf, inf, inf, inf, inf, inf, inf, inf, inf, inf, inf, inf, inf, inf, inf, inf, inf, inf, inf, inf, inf, inf, inf, inf, inf, inf, inf, inf, inf, inf, inf, inf, inf, inf, inf, inf, inf, inf, inf, inf, inf, inf, inf, inf, inf, inf, inf, inf, inf, inf, inf, inf, inf, inf, inf, inf, inf, inf, inf, inf, inf, inf, inf, inf, inf, inf, inf, inf, inf, inf, inf, inf, inf, inf, inf, inf, inf, inf, inf, inf, inf, inf, inf, inf, inf, inf, inf, inf, inf, inf, inf, inf, inf, inf, inf, inf, inf, inf, inf, inf, inf, inf, inf, inf, inf, inf, inf, inf, inf, inf, inf, inf, inf, inf, inf, inf, inf, inf, inf, inf, inf, inf, inf, inf, inf, inf, inf, inf, inf, inf, inf, inf, inf, inf, inf, inf, inf, inf, inf, inf, inf, inf, inf, inf, inf, inf, inf, inf, inf, inf, inf, inf, inf, inf, inf, inf, inf, inf, inf, inf, inf, inf, inf, inf, inf, inf, inf, inf, inf, inf, inf, inf, inf, inf, inf, inf, inf, inf, inf, inf, inf, inf, inf, inf, inf, inf, inf, inf, inf, inf, inf, inf, inf, inf, inf, inf, inf, inf, inf, inf, inf, inf, inf, inf, inf, inf, inf, inf, inf, inf, inf, inf, inf, inf, inf, inf, inf, inf, inf, inf, inf, inf, inf, inf, inf, inf, inf, inf, inf, inf, inf, inf, inf, inf, inf, inf, inf, inf, inf, inf, inf, inf, inf, inf, inf, inf, inf, inf, inf, inf, inf, inf, inf, inf, inf, inf, inf, inf, inf, inf, inf, inf, inf, inf, inf, inf, inf, inf, inf, inf, inf, inf, inf, inf, inf, inf, inf, inf, inf, inf, inf, inf, inf, inf, inf, inf, inf, inf, inf, inf]), 0.01749303564429283, 39012000000, 
array('f', [inf, inf, inf, inf, inf, inf, inf, inf, inf, inf, inf, inf, inf, inf, inf, inf, inf, inf, inf, inf, inf, inf, inf, inf, inf, inf, inf, inf, inf, inf, inf, inf, inf, inf, inf, inf, inf, inf, inf, inf, inf, inf, inf, inf, inf, inf, inf, inf, inf, inf, inf, inf, inf, inf, inf, inf, inf, inf, inf, inf, inf, inf, inf, inf, inf, inf, inf, inf, inf, inf, inf, inf, inf, inf, inf, inf, inf, inf, inf, inf, inf, inf, inf, inf, inf, inf, inf, inf, inf, inf, inf, inf, inf, inf, inf, inf, inf, inf, inf, inf, inf, inf, inf, inf, inf, inf, inf, inf, inf, inf, inf, inf, inf, inf, inf, inf, inf, inf, inf, inf, inf, inf, inf, inf, inf, inf, inf, inf, inf, inf, inf, inf, inf, inf, inf, inf, inf, inf, inf, inf, inf, inf, inf, inf, inf, inf, inf, inf, inf, inf, inf, inf, inf, inf, inf, inf, inf, inf, inf, inf, inf, inf, inf, inf, inf, inf, inf, inf, inf, inf, inf, inf, inf, inf, inf, inf, inf, inf, inf, inf, inf, inf, inf, inf, inf, inf, inf, inf, inf, inf, inf, inf, inf, inf, inf, inf, inf, inf, inf, inf, inf, inf, inf, inf, inf, inf, inf, inf, inf, inf, inf, inf, inf, inf, inf, inf, inf, inf, inf, inf, inf, inf, inf, inf, inf, inf, inf, inf, inf, inf, inf, inf, inf, inf, inf, inf, inf, inf, inf, inf, inf, inf, inf, inf, inf, inf, inf, inf, inf, inf, inf, inf, inf, inf, inf, inf, inf, inf, inf, inf, inf, inf, inf, inf, inf, inf, inf, inf, inf, inf, inf, inf, inf, inf, inf, inf, inf, inf, inf, inf, inf, inf, inf, inf, inf, inf, inf, inf, inf, inf, inf, inf, inf, inf, inf, inf, inf, inf, inf, inf, inf, inf, inf, inf, inf, inf, inf, inf, inf, inf, inf, inf, inf, inf, inf, inf, inf, inf, inf, inf, inf, inf, inf, inf, inf, inf, inf, inf, inf, inf, inf, inf, inf, inf, inf, inf, inf, inf, inf, inf, inf, inf, inf, inf, inf, inf, inf, inf, inf, inf, inf, inf, inf, inf, inf, inf, inf, inf, inf, inf]), 0.01749303564429283, 39212000000, 
array('f', [inf, inf, inf, inf, inf, inf, inf, inf, inf, inf, inf, inf, inf, inf, inf, inf, inf, inf, inf, inf, inf, inf, inf, inf, inf, inf, inf, inf, inf, inf, inf, inf, inf, inf, inf, inf, inf, inf, inf, inf, inf, inf, inf, inf, inf, inf, inf, inf, inf, inf, inf, inf, inf, inf, inf, inf, inf, inf, inf, inf, inf, inf, inf, inf, inf, inf, inf, inf, inf, inf, inf, inf, inf, inf, inf, inf, inf, inf, inf, inf, inf, inf, inf, inf, inf, inf, inf, inf, inf, inf, inf, inf, inf, inf, inf, inf, inf, inf, inf, inf, inf, inf, inf, inf, inf, inf, inf, inf, inf, inf, inf, inf, inf, inf, inf, inf, inf, inf, inf, inf, inf, inf, inf, inf, inf, inf, inf, inf, inf, inf, inf, inf, inf, inf, inf, inf, inf, inf, inf, inf, inf, inf, inf, inf, inf, inf, inf, inf, inf, inf, inf, inf, inf, inf, inf, inf, inf, inf, inf, inf, inf, inf, inf, inf, inf, inf, inf, inf, inf, inf, inf, inf, inf, inf, inf, inf, inf, inf, inf, inf, inf, inf, inf, inf, inf, inf, inf, inf, inf, inf, inf, inf, inf, inf, inf, inf, inf, inf, inf, inf, inf, inf, inf, inf, inf, inf, inf, inf, inf, inf, inf, inf, inf, inf, inf, inf, inf, inf, inf, inf, inf, inf, inf, inf, inf, inf, inf, inf, inf, inf, inf, inf, inf, inf, inf, inf, inf, inf, inf, inf, inf, inf, inf, inf, inf, inf, inf, inf, inf, inf, inf, inf, inf, inf, inf, inf, inf, inf, inf, inf, inf, inf, inf, inf, inf, inf, inf, inf, inf, inf, inf, inf, inf, inf, inf, inf, inf, inf, inf, inf, inf, inf, inf, inf, inf, inf, inf, inf, inf, inf, inf, inf, inf, inf, inf, inf, inf, inf, inf, inf, inf, inf, inf, inf, inf, inf, inf, inf, inf, inf, inf, inf, inf, inf, inf, inf, inf, inf, inf, inf, inf, inf, inf, inf, inf, inf, inf, inf, inf, inf, inf, inf, inf, inf, inf, inf, inf, inf, inf, inf, inf, inf, inf, inf, inf, inf, inf, inf, inf, inf, inf, inf, inf, inf, inf, inf, inf, inf, inf, inf]), 0.01749303564429283, 39412000000, 
array('f', [inf, inf, inf, inf, inf, inf, inf, inf, inf, inf, inf, inf, inf, inf, inf, inf, inf, inf, inf, inf, inf, inf, inf, inf, inf, inf, inf, inf, inf, inf, inf, inf, inf, inf, inf, inf, inf, inf, inf, inf, inf, inf, inf, inf, inf, inf, inf, inf, inf, inf, inf, inf, inf, inf, inf, inf, inf, inf, inf, inf, inf, inf, inf, inf, inf, inf, inf, inf, inf, inf, inf, inf, inf, inf, inf, inf, inf, inf, inf, inf, inf, inf, inf, inf, inf, inf, inf, inf, inf, inf, inf, inf, inf, inf, inf, inf, inf, inf, inf, inf, inf, inf, inf, inf, inf, inf, inf, inf, inf, inf, inf, inf, inf, inf, inf, inf, inf, inf, inf, inf, inf, inf, inf, inf, inf, inf, inf, inf, inf, inf, inf, inf, inf, inf, inf, inf, inf, inf, inf, inf, inf, inf, inf, inf, inf, inf, inf, inf, inf, inf, inf, inf, inf, inf, inf, inf, inf, inf, inf, inf, inf, inf, inf, inf, inf, inf, inf, inf, inf, inf, inf, inf, inf, inf, inf, inf, inf, inf, inf, inf, inf, inf, inf, inf, inf, inf, inf, inf, inf, inf, inf, inf, inf, inf, inf, inf, inf, inf, inf, inf, inf, inf, inf, inf, inf, inf, inf, inf, inf, inf, inf, inf, inf, inf, inf, inf, inf, inf, inf, inf, inf, inf, inf, inf, inf, inf, inf, inf, inf, inf, inf, inf, inf, inf, inf, inf, inf, inf, inf, inf, inf, inf, inf, inf, inf, inf, inf, inf, inf, inf, inf, inf, inf, inf, inf, inf, inf, inf, inf, inf, inf, inf, inf, inf, inf, inf, inf, inf, inf, inf, inf, inf, inf, inf, inf, inf, inf, inf, inf, inf, inf, inf, inf, inf, inf, inf, inf, inf, inf, inf, inf, inf, inf, inf, inf, inf, inf, inf, inf, inf, inf, inf, inf, inf, inf, inf, inf, inf, inf, inf, inf, inf, inf, inf, inf, inf, inf, inf, inf, inf, inf, inf, inf, inf, inf, inf, inf, inf, inf, inf, inf, inf, inf, inf, inf, inf, inf, inf, inf, inf, inf, inf, inf, inf, inf, inf, inf, inf, inf, inf, inf, inf, inf, inf, inf, inf, inf, inf, inf, inf]), 0.01749303564429283, 39612000000, 
array('f', [inf, inf, inf, inf, inf, inf, inf, inf, inf, inf, inf, inf, inf, inf, inf, inf, inf, inf, inf, inf, inf, inf, inf, inf, inf, inf, inf, inf, inf, inf, inf, inf, inf, inf, inf, inf, inf, inf, inf, inf, inf, inf, inf, inf, inf, inf, inf, inf, inf, inf, inf, inf, inf, inf, 3.5, 3.5, inf, inf, inf, inf, inf, inf, inf, inf, inf, inf, inf, inf, inf, inf, inf, inf, inf, inf, inf, inf, inf, inf, inf, inf, inf, inf, inf, inf, inf, inf, inf, inf, inf, inf, inf, inf, inf, inf, inf, inf, inf, inf, inf, inf, inf, inf, inf, inf, inf, inf, inf, inf, inf, inf, inf, inf, inf, inf, inf, inf, inf, inf, inf, inf, inf, inf, inf, inf, inf, inf, inf, inf, inf, inf, inf, inf, inf, inf, inf, inf, inf, inf, inf, inf, inf, inf, inf, inf, inf, inf, inf, inf, inf, inf, inf, inf, inf, inf, inf, inf, inf, inf, inf, inf, inf, inf, inf, inf, inf, inf, inf, inf, inf, inf, inf, inf, inf, inf, inf, inf, inf, inf, inf, inf, inf, inf, inf, inf, inf, inf, inf, inf, inf, inf, inf, inf, inf, inf, inf, inf, inf, inf, inf, inf, inf, inf, inf, inf, inf, inf, inf, inf, inf, inf, inf, inf, inf, inf, inf, inf, inf, inf, inf, inf, inf, inf, inf, inf, inf, inf, inf, inf, inf, inf, inf, inf, inf, inf, inf, inf, inf, inf, inf, inf, inf, inf, inf, inf, inf, inf, inf, inf, inf, inf, inf, inf, inf, inf, inf, inf, inf, inf, inf, inf, inf, inf, inf, inf, inf, inf, inf, inf, inf, inf, inf, inf, inf, inf, inf, inf, inf, inf, inf, inf, inf, inf, inf, inf, inf, inf, inf, inf, inf, inf, inf, inf, inf, inf, inf, inf, inf, inf, inf, inf, inf, inf, inf, inf, inf, inf, inf, inf, inf, inf, inf, inf, inf, inf, inf, inf, inf, inf, inf, inf, inf, inf, inf, inf, inf, inf, inf, inf, inf, inf, inf, inf, inf, inf, inf, inf, inf, inf, inf, inf, inf, inf, inf, inf, inf, inf, inf, inf, inf, inf, inf, inf, inf, inf, inf, inf, inf, inf, inf, inf]), 0.01749303564429283, 39812000000, 
array('f', [inf, inf, inf, inf, inf, inf, inf, inf, inf, inf, inf, inf, inf, inf, inf, inf, inf, inf, inf, inf, inf, inf, inf, inf, inf, inf, inf, inf, inf, inf, inf, inf, inf, inf, inf, inf, inf, inf, inf, 3.486645460128784, 3.4873862266540527, 3.4699018001556396, 3.4825398921966553, 3.4677724838256836, 3.468111991882324, 3.461582899093628, 3.4491255283355713, 3.4247403144836426, 3.4475386142730713, 3.4406235218048096, 3.445148229598999, 3.4600369930267334, 3.454411745071411, 3.4410219192504883, 3.4617276191711426, 3.468761444091797, 3.476391315460205, 3.4809865951538086, 3.492910861968994, inf, inf, inf, inf, inf, inf, inf, inf, inf, inf, inf, inf, inf, inf, inf, inf, inf, inf, inf, inf, inf, inf, inf, inf, inf, inf, inf, inf, inf, inf, inf, inf, inf, inf, inf, inf, inf, inf, inf, inf, inf, inf, inf, inf, inf, inf, inf, inf, inf, inf, inf, inf, inf, inf, inf, inf, inf, inf, inf, inf, inf, inf, inf, inf, inf, inf, inf, inf, inf, inf, inf, inf, inf, inf, inf, inf, inf, inf, inf, inf, inf, inf, inf, inf, inf, inf, inf, inf, inf, inf, inf, inf, inf, inf, inf, inf, inf, inf, inf, inf, inf, inf, inf, inf, inf, inf, inf, inf, inf, inf, inf, inf, inf, inf, inf, inf, inf, inf, inf, inf, inf, inf, inf, inf, inf, inf, inf, inf, inf, inf, inf, inf, inf, inf, inf, inf, inf, inf, inf, inf, inf, inf, inf, inf, inf, inf, inf, inf, inf, inf, inf, inf, inf, inf, inf, inf, inf, inf, inf, inf, inf, inf, inf, inf, inf, inf, inf, inf, inf, inf, inf, inf, inf, inf, inf, inf, inf, inf, inf, inf, inf, inf, inf, inf, inf, inf, inf, inf, inf, inf, inf, inf, inf, inf, inf, inf, inf, inf, inf, inf, inf, inf, inf, inf, inf, inf, inf, inf, inf, inf, inf, inf, inf, inf, inf, inf, inf, inf, inf, inf, inf, inf, inf, inf, inf, inf, inf, inf, inf, inf, inf, inf, inf, inf, inf, inf, inf, inf, inf, inf, inf, inf, inf, inf, inf, inf, inf, inf, inf, inf, inf, inf, inf, inf, inf, inf, inf, inf, inf, inf, inf, inf, inf, inf, inf, inf, inf, inf, inf, inf, inf, inf, inf, inf, inf, inf, inf, inf, inf, inf, inf, inf, inf, inf, inf, inf, inf, inf, inf, inf, inf, inf, inf, inf, inf, inf, inf, inf, inf, inf, inf]), 0.01749303564429283, 40012000000, 
array('f', [inf, inf, inf, inf, inf, inf, inf, inf, inf, inf, inf, inf, inf, inf, inf, inf, inf, inf, inf, inf, inf, inf, inf, inf, inf, inf, inf, inf, inf, 3.489511251449585, 3.47312068939209, 3.4500179290771484, 3.44138503074646, 3.4236984252929688, 3.4334306716918945, 3.4075043201446533, 3.4022765159606934, 3.3881592750549316, 3.416869878768921, 3.4090917110443115, 3.370333194732666, 3.3827459812164307, 3.385718822479248, 3.3818745613098145, 3.3793880939483643, 3.3604907989501953, 3.389051914215088, 3.388138771057129, 3.3995912075042725, 3.4194250106811523, 3.398312568664551, 3.411099433898926, 3.427016496658325, 3.4472198486328125, 3.4389402866363525, 3.4539124965667725, 3.47605562210083, 3.4921815395355225, inf, inf, inf, inf, inf, inf, inf, inf, inf, inf, inf, inf, inf, inf, inf, inf, inf, inf, inf, inf, inf, inf, inf, inf, inf, inf, inf, inf, inf, inf, inf, inf, inf, inf, inf, inf, inf, inf, inf, inf, inf, inf, inf, inf, inf, inf, inf, inf, inf, inf, inf, inf, inf, inf, inf, inf, inf, inf, inf, inf, inf, inf, inf, inf, inf, inf, inf, inf, inf, inf, inf, inf, inf, inf, inf, inf, inf, inf, inf, inf, inf, inf, inf, inf, inf, inf, inf, inf, inf, inf, inf, inf, inf, inf, inf, inf, inf, inf, inf, inf, inf, inf, inf, inf, inf, inf, inf, inf, inf, inf, inf, inf, inf, inf, inf, inf, inf, inf, inf, inf, inf, inf, inf, inf, inf, inf, inf, inf, inf, inf, inf, inf, inf, inf, inf, inf, inf, inf, inf, inf, inf, inf, inf, inf, inf, inf, inf, inf, inf, inf, inf, inf, inf, inf, inf, inf, inf, inf, inf, inf, inf, inf, inf, inf, inf, inf, inf, inf, inf, inf, inf, inf, inf, inf, inf, inf, inf, inf, inf, inf, inf, inf, inf, inf, inf, inf, inf, inf, inf, inf, inf, inf, inf, inf, inf, inf, inf, inf, inf, inf, inf, inf, inf, inf, inf, inf, inf, inf, inf, inf, inf, inf, inf, inf, inf, inf, inf, inf, inf, inf, inf, inf, inf, inf, inf, inf, inf, inf, inf, inf, inf, inf, inf, inf, inf, inf, inf, inf, inf, inf, inf, inf, inf, inf, inf, inf, inf, inf, inf, inf, inf, inf, inf, inf, inf, inf, inf, inf, inf, inf, inf, inf, inf, inf, inf, inf, inf, inf, inf, inf, inf, inf, inf, inf, inf, inf, inf, inf, inf, inf, inf, inf, inf, inf, inf, inf, inf, inf, inf, inf, inf, inf, inf, inf, inf, inf, inf, inf, inf, inf, inf, inf]), 0.01749303564429283, 40212000000, 
array('f', [inf, inf, inf, inf, inf, inf, inf, 3.4261317253112793, inf, inf, inf, inf, inf, inf, inf, inf, inf, inf, inf, 3.4909791946411133, 3.4846954345703125, 3.4544124603271484, 3.428741216659546, 3.418774127960205, 3.40358567237854, 3.3960325717926025, 3.3801968097686768, 3.372835159301758, 3.3674533367156982, 3.351755142211914, 3.3302576541900635, 3.350320816040039, 3.341000556945801, 3.334299087524414, 3.3119993209838867, 3.318557024002075, 3.3147497177124023, 3.3309786319732666, 3.3298685550689697, 3.3119561672210693, 3.3259341716766357, 3.326052188873291, 3.33571195602417, 3.320286750793457, 3.3035149574279785, 3.3437983989715576, 3.3495571613311768, 3.3567094802856445, 3.357999801635742, 3.4040896892547607, 3.401547908782959, 3.424717903137207, 3.4150726795196533, 3.431507110595703, 3.458221435546875, 3.4864308834075928, 3.5, inf, inf, inf, inf, inf, inf, inf, inf, inf, inf, inf, inf, inf, inf, inf, inf, inf, inf, inf, inf, inf, inf, inf, inf, inf, inf, inf, inf, inf, inf, inf, inf, inf, inf, inf, inf, inf, inf, inf, inf, inf, inf, inf, inf, inf, inf, inf, inf, inf, inf, inf, inf, inf, inf, inf, inf, inf, inf, inf, inf, inf, inf, inf, inf, inf, inf, inf, inf, inf, inf, inf, inf, inf, inf, inf, inf, inf, inf, inf, inf, inf, inf, inf, inf, inf, inf, inf, inf, inf, inf, inf, inf, inf, inf, inf, inf, inf, inf, inf, inf, inf, inf, inf, inf, inf, inf, inf, inf, inf, inf, inf, inf, inf, inf, inf, inf, inf, inf, inf, inf, inf, inf, inf, inf, inf, inf, inf, inf, inf, inf, inf, inf, inf, inf, inf, inf, inf, inf, inf, inf, inf, inf, inf, inf, inf, inf, inf, inf, inf, inf, inf, inf, inf, inf, inf, inf, inf, inf, inf, inf, inf, inf, inf, inf, inf, inf, inf, inf, inf, inf, inf, inf, inf, inf, inf, inf, inf, inf, inf, inf, inf, inf, inf, inf, inf, inf, inf, inf, inf, inf, inf, inf, inf, inf, inf, inf, inf, inf, inf, inf, inf, inf, inf, inf, inf, inf, inf, inf, inf, inf, inf, inf, inf, inf, inf, inf, inf, inf, inf, inf, inf, inf, inf, inf, inf, inf, inf, inf, inf, inf, inf, inf, inf, inf, inf, inf, inf, inf, inf, inf, inf, inf, inf, inf, inf, inf, inf, inf, inf, inf, inf, inf, inf, inf, inf, inf, inf, inf, inf, inf, inf, inf, inf, inf, inf, inf, inf, inf, inf, inf, inf, inf, inf, inf, inf, inf, inf, inf, inf, inf, inf, inf, inf, inf, inf, inf, inf, inf, inf, inf, inf, inf, inf, inf, inf, inf, inf, inf, inf, inf, inf, inf, inf]), 0.01749303564429283, 40412000000, 
array('f', [inf, inf, 3.3652639389038086, inf, inf, inf, inf, inf, inf, inf, 3.4740240573883057, 3.4478561878204346, 3.420168161392212, 3.395113706588745, 3.3986403942108154, 3.3864917755126953, 3.365788698196411, 3.336290121078491, 3.3373255729675293, 3.319512128829956, 3.310481548309326, 3.2948591709136963, 3.285905122756958, 3.2666378021240234, 3.2559056282043457, 3.2583630084991455, 3.2440340518951416, 3.236569404602051, 3.2491636276245117, 3.2499845027923584, 3.2379095554351807, 3.23063325881958, 3.240828514099121, 3.2316391468048096, 3.2136547565460205, 3.2516772747039795, 3.228208541870117, 3.2307791709899902, 3.255354881286621, 3.264683485031128, 3.283353567123413, 3.283987522125244, 3.2930796146392822, 3.297105550765991, 3.312047243118286, 3.316240072250366, 3.3525664806365967, 3.356804132461548, 3.3713176250457764, 3.413821220397949, 3.412996768951416, 3.436965227127075, 3.447251081466675, 3.4695708751678467, inf, inf, inf, inf, inf, inf, inf, inf, inf, inf, inf, inf, inf, inf, inf, inf, inf, inf, inf, inf, inf, inf, inf, inf, inf, inf, inf, inf, inf, inf, inf, inf, inf, inf, inf, inf, inf, inf, inf, inf, inf, inf, inf, inf, inf, inf, inf, inf, inf, inf, inf, inf, inf, inf, inf, inf, inf, inf, inf, inf, inf, inf, inf, inf, inf, inf, inf, inf, inf, inf, inf, inf, inf, inf, inf, inf, inf, inf, inf, inf, inf, inf, inf, inf, inf, inf, inf, inf, inf, inf, inf, inf, inf, inf, inf, inf, inf, inf, inf, inf, inf, inf, inf, inf, inf, inf, inf, inf, inf, inf, inf, inf, inf, inf, inf, inf, inf, inf, inf, inf, inf, inf, inf, inf, inf, inf, inf, inf, inf, inf, inf, inf, inf, inf, inf, inf, inf, inf, inf, inf, inf, inf, inf, inf, inf, inf, inf, inf, inf, inf, inf, inf, inf, inf, inf, inf, inf, inf, inf, inf, inf, inf, inf, inf, inf, inf, inf, inf, inf, inf, inf, inf, inf, inf, inf, inf, inf, inf, inf, inf, inf, inf, inf, inf, inf, inf, inf, inf, inf, inf, inf, inf, inf, inf, inf, inf, inf, inf, inf, inf, inf, inf, inf, inf, inf, inf, inf, inf, inf, inf, inf, inf, inf, inf, inf, inf, inf, inf, inf, inf, inf, inf, inf, inf, inf, inf, inf, inf, inf, inf, inf, inf, inf, inf, inf, inf, inf, inf, inf, inf, inf, inf, inf, inf, inf, inf, inf, inf, inf, inf, inf, inf, inf, inf, inf, inf, inf, inf, inf, inf, inf, inf, inf, inf, inf, inf, inf, inf, inf, inf, inf, inf, inf, inf, inf, inf, inf, inf, inf, inf, inf, inf, inf, inf, inf, inf, inf, inf, inf, inf, inf, inf, inf, inf, inf, inf, inf, inf, inf, inf, inf, inf, inf, inf, inf, inf]), 0.01749303564429283, 40614000000, 
array('f', [inf, inf, 3.448935031890869, 3.4214742183685303, 3.362062931060791, 3.3607349395751953, 3.359419107437134, 3.322068452835083, 3.2913568019866943, 3.296005964279175, 3.2829086780548096, 3.2593913078308105, 3.2153542041778564, 3.231618881225586, 3.2241315841674805, 3.1914894580841064, 3.185319662094116, 3.1944727897644043, 3.1689915657043457, 3.174349308013916, 3.173708915710449, 3.1750142574310303, 3.1518216133117676, 3.1585583686828613, 3.1364598274230957, 3.149042844772339, 3.1327853202819824, 3.160771131515503, 3.172921895980835, 3.16961407661438, 3.172612190246582, 3.164832830429077, 3.177516460418701, 3.1876823902130127, 3.170895576477051, 3.1659953594207764, 3.217200756072998, 3.21390700340271, 3.2295470237731934, 3.2367329597473145, 3.2391927242279053, 3.2714409828186035, 3.2885847091674805, 3.2997019290924072, 3.3118813037872314, 3.349867582321167, 3.3601720333099365, 3.382361650466919, 3.4058828353881836, 3.43122935295105, 3.4546315670013428, 3.498020887374878, inf, inf, inf, inf, inf, inf, inf, inf, inf, inf, inf, inf, inf, inf, inf, inf, inf, inf, inf, inf, inf, inf, inf, inf, inf, inf, inf, inf, inf, inf, inf, inf, inf, inf, inf, inf, inf, inf, inf, inf, inf, inf, inf, inf, inf, inf, inf, inf, inf, inf, inf, inf, inf, inf, inf, inf, inf, inf, inf, inf, inf, inf, inf, inf, inf, inf, inf, inf, inf, inf, inf, inf, inf, inf, inf, inf, inf, inf, inf, inf, inf, inf, inf, inf, inf, inf, inf, inf, inf, inf, inf, inf, inf, inf, inf, inf, inf, inf, inf, inf, inf, inf, inf, inf, inf, inf, inf, inf, inf, inf, inf, inf, inf, inf, inf, inf, inf, inf, inf, inf, inf, inf, inf, inf, inf, inf, inf, inf, inf, inf, inf, inf, inf, inf, inf, inf, inf, inf, inf, inf, inf, inf, inf, inf, inf, inf, inf, inf, inf, inf, inf, inf, inf, inf, inf, inf, inf, inf, inf, inf, inf, inf, inf, inf, inf, inf, inf, inf, inf, inf, inf, inf, inf, inf, inf, inf, inf, inf, inf, inf, inf, inf, inf, inf, inf, inf, inf, inf, inf, inf, inf, inf, inf, inf, inf, inf, inf, inf, inf, inf, inf, inf, inf, inf, inf, inf, inf, inf, inf, inf, inf, inf, inf, inf, inf, inf, inf, inf, inf, inf, inf, inf, inf, inf, inf, inf, inf, inf, inf, inf, inf, inf, inf, inf, inf, inf, inf, inf, inf, inf, inf, inf, inf, inf, inf, inf, inf, inf, inf, inf, inf, inf, inf, inf, inf, inf, inf, inf, inf, inf, inf, inf, inf, inf, inf, inf, inf, inf, inf, inf, inf, inf, inf, inf, inf, inf, inf, inf, inf, inf, inf, inf, inf, inf, inf, inf, inf, inf, inf, inf, inf, inf, inf, inf, inf, inf, inf, inf, inf, inf, inf, inf, inf, 3.2046444416046143, inf, inf, inf, inf]), 0.01749303564429283, 40812000000, 
array('f', [3.247283697128296, 3.23095440864563, 3.207371950149536, 3.194556951522827, 3.185978412628174, 3.1717658042907715, 3.1742100715637207, 3.13581919670105, 3.1283304691314697, 3.0948474407196045, 3.1162750720977783, 3.1047725677490234, 3.0772337913513184, 3.0766172409057617, 3.069654703140259, 3.0711779594421387, 3.070383071899414, 3.0624403953552246, 3.0687613487243652, 3.0611913204193115, 3.0598130226135254, 3.0467512607574463, 3.053192138671875, 3.0695648193359375, 3.0497589111328125, 3.0710830688476562, 3.0747597217559814, 3.062000036239624, 3.092567205429077, 3.0894856452941895, 3.1122052669525146, 3.114590644836426, 3.1193833351135254, 3.159742832183838, 3.152456760406494, 3.190342903137207, 3.196779489517212, 3.2019729614257812, 3.21754789352417, 3.2510578632354736, 3.245859384536743, 3.2657830715179443, 3.304887533187866, 3.310634136199951, 3.3577041625976562, 3.388234853744507, 3.4368503093719482, 3.4439778327941895, 3.473397731781006, inf, inf, inf, inf, inf, inf, inf, inf, inf, inf, inf, inf, inf, inf, inf, inf, inf, inf, inf, inf, inf, inf, inf, inf, inf, inf, inf, inf, inf, inf, inf, inf, inf, inf, inf, inf, inf, inf, inf, inf, inf, inf, inf, inf, inf, inf, inf, inf, inf, inf, inf, inf, inf, inf, inf, inf, inf, inf, inf, inf, inf, inf, inf, inf, inf, inf, inf, inf, inf, inf, inf, inf, inf, inf, inf, inf, inf, inf, inf, inf, inf, inf, inf, inf, inf, inf, inf, inf, inf, inf, inf, inf, inf, inf, inf, inf, inf, inf, inf, inf, inf, inf, inf, inf, inf, inf, inf, inf, inf, inf, inf, inf, inf, inf, inf, inf, inf, inf, inf, inf, inf, inf, inf, inf, inf, inf, inf, inf, inf, inf, inf, inf, inf, inf, inf, inf, inf, inf, inf, inf, inf, inf, inf, inf, inf, inf, inf, inf, inf, inf, inf, inf, inf, inf, inf, inf, inf, inf, inf, inf, inf, inf, inf, inf, inf, inf, inf, inf, inf, inf, inf, inf, inf, inf, inf, inf, inf, inf, inf, inf, inf, inf, inf, inf, inf, inf, inf, inf, inf, inf, inf, inf, inf, inf, inf, inf, inf, inf, inf, inf, inf, inf, inf, inf, inf, inf, inf, inf, inf, inf, inf, inf, inf, inf, inf, inf, inf, inf, inf, inf, inf, inf, inf, inf, inf, inf, inf, inf, inf, inf, inf, inf, inf, inf, inf, inf, inf, inf, inf, inf, inf, inf, inf, inf, inf, inf, inf, inf, inf, inf, inf, inf, inf, inf, inf, inf, inf, inf, inf, inf, inf, inf, inf, inf, inf, inf, inf, inf, inf, inf, inf, inf, inf, inf, inf, inf, inf, inf, inf, inf, inf, inf, inf, inf, inf, inf, inf, inf, inf, inf, inf, inf, inf, inf, inf, inf, inf, inf, inf, inf, 3.1318140029907227, inf, inf, inf, inf, inf, inf, 3.3274805545806885, 3.32775616645813, 3.267538070678711, 3.2338809967041016]), 0.01749303564429283, 41012000000, 
array('f', [3.0667319297790527, 3.042717218399048, 3.0370285511016846, 3.0223042964935303, 3.0066399574279785, 3.0136163234710693, 3.004611015319824, 2.9842417240142822, 2.987622022628784, 2.9722886085510254, 2.9928040504455566, 2.9738357067108154, 2.970592975616455, 2.97906494140625, 2.9560115337371826, 2.9473068714141846, 2.970306158065796, 2.9713964462280273, 2.9763455390930176, 2.9805655479431152, 3.001586675643921, 2.9796535968780518, 2.9900503158569336, 3.021446466445923, 3.016669511795044, 3.0104424953460693, 3.033324718475342, 3.044834852218628, 3.060889482498169, 3.074427366256714, 3.087132215499878, 3.100865602493286, 3.109133005142212, 3.125633478164673, 3.1498401165008545, 3.1730384826660156, 3.1971168518066406, 3.210007905960083, 3.2395055294036865, 3.2754738330841064, 3.3022589683532715, 3.3274643421173096, 3.364877223968506, 3.384904384613037, 3.425074338912964, 3.458500385284424, 3.5, inf, inf, inf, inf, inf, inf, inf, inf, inf, inf, inf, inf, inf, inf, inf, inf, inf, inf, inf, inf, inf, inf, inf, inf, inf, inf, inf, inf, inf, inf, inf, inf, inf, inf, inf, inf, inf, inf, inf, inf, inf, inf, inf, inf, inf, inf, inf, inf, inf, inf, inf, inf, inf, inf, inf, inf, inf, inf, inf, inf, inf, inf, inf, inf, inf, inf, inf, inf, inf, inf, inf, inf, inf, inf, inf, inf, inf, inf, inf, inf, inf, inf, inf, inf, inf, inf, inf, inf, inf, inf, inf, inf, inf, inf, inf, inf, inf, inf, inf, inf, inf, inf, inf, inf, inf, inf, inf, inf, inf, inf, inf, inf, inf, inf, inf, inf, inf, inf, inf, inf, inf, inf, inf, inf, inf, inf, inf, inf, inf, inf, inf, inf, inf, inf, inf, inf, inf, inf, inf, inf, inf, inf, inf, inf, inf, inf, inf, inf, inf, inf, inf, inf, inf, inf, inf, inf, inf, inf, inf, inf, inf, inf, inf, inf, inf, inf, inf, inf, inf, inf, inf, inf, inf, inf, inf, inf, inf, inf, inf, inf, inf, inf, inf, inf, inf, inf, inf, inf, inf, inf, inf, inf, inf, inf, inf, inf, inf, inf, inf, inf, inf, inf, inf, inf, inf, inf, inf, inf, inf, inf, inf, inf, inf, inf, inf, inf, inf, inf, inf, inf, inf, inf, inf, inf, inf, inf, inf, inf, inf, inf, inf, inf, inf, inf, inf, inf, inf, inf, inf, inf, inf, inf, inf, inf, inf, inf, inf, inf, inf, inf, inf, inf, inf, inf, inf, inf, inf, inf, inf, inf, inf, inf, inf, inf, inf, inf, inf, inf, inf, inf, inf, inf, inf, inf, inf, inf, inf, inf, inf, inf, inf, inf, inf, inf, inf, inf, inf, inf, inf, inf, inf, inf, inf, inf, inf, inf, 3.0424180030822754, inf, inf, inf, inf, inf, inf, 3.228050708770752, 3.1976370811462402, 3.1874730587005615, 3.1721343994140625, 3.14217209815979, 3.112931728363037, 3.1267526149749756, 3.096353530883789, 3.0671143531799316, 3.056934356689453]), 0.01749303564429283, 41212000000, 
array('f', [2.9019532203674316, 2.8833510875701904, 2.887805461883545, 2.886110305786133, 2.8819262981414795, 2.8874034881591797, 2.8935093879699707, 2.87370228767395, 2.8757827281951904, 2.86820912361145, 2.8741350173950195, 2.8828125, 2.891235589981079, 2.8887970447540283, 2.898817300796509, 2.8786752223968506, 2.8914949893951416, 2.8926820755004883, 2.905921697616577, 2.909489154815674, 2.942164897918701, 2.9308714866638184, 2.9480066299438477, 2.9556450843811035, 2.9688172340393066, 3.001368999481201, 2.9864346981048584, 3.039214611053467, 3.0422816276550293, 3.0816264152526855, 3.067690849304199, 3.134009599685669, 3.1257338523864746, 3.1393368244171143, 3.174513578414917, 3.1955034732818604, 3.244476556777954, 3.2733540534973145, 3.301486015319824, 3.3331949710845947, 3.3756110668182373, 3.416720151901245, 3.448723077774048, 3.4847867488861084, inf, inf, inf, inf, inf, inf, inf, inf, inf, inf, inf, inf, inf, inf, inf, inf, inf, inf, inf, inf, inf, inf, inf, inf, inf, inf, inf, inf, inf, inf, inf, inf, inf, inf, inf, inf, inf, inf, inf, inf, inf, inf, inf, inf, inf, inf, inf, inf, inf, inf, inf, inf, inf, inf, inf, inf, inf, inf, inf, inf, inf, inf, inf, inf, inf, inf, inf, inf, inf, inf, inf, inf, inf, inf, inf, inf, inf, inf, inf, inf, inf, inf, inf, inf, inf, inf, inf, inf, inf, inf, inf, inf, inf, inf, inf, inf, inf, inf, inf, inf, inf, inf, inf, inf, inf, inf, inf, inf, inf, inf, inf, inf, inf, inf, inf, inf, inf, inf, inf, inf, inf, inf, inf, inf, inf, inf, inf, inf, inf, inf, inf, inf, inf, inf, inf, inf, inf, inf, inf, inf, inf, inf, inf, inf, inf, inf, inf, inf, inf, inf, inf, inf, inf, inf, inf, inf, inf, inf, inf, inf, inf, inf, inf, inf, inf, inf, inf, inf, inf, inf, inf, inf, inf, inf, inf, inf, inf, inf, inf, inf, inf, inf, inf, inf, inf, inf, inf, inf, inf, inf, inf, inf, inf, inf, inf, inf, inf, inf, inf, inf, inf, inf, inf, inf, inf, inf, inf, inf, inf, inf, inf, inf, inf, inf, inf, inf, inf, inf, inf, inf, inf, inf, inf, inf, inf, inf, inf, inf, inf, inf, inf, inf, inf, inf, inf, inf, inf, inf, inf, inf, inf, inf, inf, inf, inf, inf, inf, inf, inf, inf, inf, inf, inf, inf, inf, inf, inf, inf, inf, inf, inf, inf, inf, inf, inf, inf, inf, inf, inf, inf, inf, inf, inf, inf, inf, inf, inf, inf, inf, inf, inf, inf, inf, inf, inf, inf, inf, inf, inf, inf, inf, inf, 2.9657673835754395, 2.958695888519287, inf, inf, inf, inf, inf, 3.1302096843719482, 3.1321518421173096, 3.109372138977051, 3.0799272060394287, 3.0546298027038574, 3.0143415927886963, 3.0277185440063477, 2.9896810054779053, 2.988708972930908, 2.961099624633789, 2.967191457748413, 2.9517955780029297, 2.9392666816711426, 2.9318461418151855, 2.9097530841827393, 2.9153807163238525, 2.9097137451171875]), 0.01749303564429283, 41412000000, 
array('f', [2.7689809799194336, 2.7758047580718994, 2.7701125144958496, 2.750349521636963, 2.765410900115967, 2.768380880355835, 2.7600176334381104, 2.785478115081787, 2.7747809886932373, 2.7726643085479736, 2.792999505996704, 2.794111728668213, 2.7934913635253906, 2.801961898803711, 2.8341033458709717, 2.8336405754089355, 2.8284599781036377, 2.8465027809143066, 2.869144916534424, 2.901353597640991, 2.915212631225586, 2.9052798748016357, 2.9324803352355957, 2.953826665878296, 2.9599430561065674, 2.970047950744629, 3.011727809906006, 3.040024757385254, 3.067387104034424, 3.0968563556671143, 3.122525930404663, 3.1433825492858887, 3.194453001022339, 3.2145192623138428, 3.238518714904785, 3.2768630981445312, 3.326300859451294, 3.375291109085083, 3.418593168258667, 3.434307098388672, 3.4915740489959717, inf, inf, inf, inf, inf, inf, inf, inf, inf, inf, inf, inf, inf, inf, inf, inf, inf, inf, inf, inf, inf, inf, inf, inf, inf, inf, inf, inf, inf, inf, inf, inf, inf, inf, inf, inf, inf, inf, inf, inf, inf, inf, inf, inf, inf, inf, inf, inf, inf, inf, inf, inf, inf, inf, inf, inf, inf, inf, inf, inf, inf, inf, inf, inf, inf, inf, inf, inf, inf, inf, inf, inf, inf, inf, inf, inf, inf, inf, inf, inf, inf, inf, inf, inf, inf, inf, inf, inf, inf, inf, inf, inf, inf, inf, inf, inf, inf, inf, inf, inf, inf, inf, inf, inf, inf, inf, inf, inf, inf, inf, inf, inf, inf, inf, inf, inf, inf, inf, inf, inf, inf, inf, inf, inf, inf, inf, inf, inf, inf, inf, inf, inf, inf, inf, inf, inf, inf, inf, inf, inf, inf, inf, inf, inf, inf, inf, inf, inf, inf, inf, inf, inf, inf, inf, inf, inf, inf, inf, inf, inf, inf, inf, inf, inf, inf, inf, inf, inf, inf, inf, inf, inf, inf, inf, inf, inf, inf, inf, inf, inf, inf, inf, inf, inf, inf, inf, inf, inf, inf, inf, inf, inf, inf, inf, inf, inf, inf, inf, inf, inf, inf, inf, inf, inf, inf, inf, inf, inf, inf, inf, inf, inf, inf, inf, inf, inf, inf, inf, inf, inf, inf, inf, inf, inf, inf, inf, inf, inf, inf, inf, inf, inf, inf, inf, inf, inf, inf, inf, inf, inf, inf, inf, inf, inf, inf, inf, inf, inf, inf, inf, inf, inf, inf, inf, inf, inf, inf, inf, inf, inf, inf, inf, inf, inf, inf, inf, inf, inf, inf, inf, inf, inf, inf, inf, inf, inf, inf, inf, inf, inf, inf, inf, inf, inf, inf, inf, inf, inf, inf, 2.84594988822937, inf, inf, inf, inf, inf, inf, 3.0486860275268555, 3.028991222381592, 2.9926750659942627, 2.988959312438965, 2.957728147506714, 2.9257376194000244, 2.9140074253082275, 2.918935537338257, 2.8826215267181396, 2.887246608734131, 2.844137668609619, 2.857520580291748, 2.8422889709472656, 2.837186574935913, 2.8159313201904297, 2.7927491664886475, 2.8046133518218994, 2.7836976051330566, 2.7786386013031006, 2.7810683250427246, 2.7748360633850098, 2.7753124237060547, 2.7563741207122803]), 0.01749303564429283, 41612000000, 
array('f', [2.642580509185791, 2.6615824699401855, 2.6715142726898193, 2.6932215690612793, 2.6821815967559814, 2.682202100753784, 2.722193479537964, 2.699497938156128, 2.725064992904663, 2.7308754920959473, 2.729919195175171, 2.7471609115600586, 2.7652158737182617, 2.770475387573242, 2.7856993675231934, 2.804781913757324, 2.810300827026367, 2.843517780303955, 2.842045783996582, 2.874476671218872, 2.8957760334014893, 2.9201009273529053, 2.9495389461517334, 2.9594385623931885, 3.0113673210144043, 3.0446529388427734, 3.067481756210327, 3.091418743133545, 3.1243185997009277, 3.1579978466033936, 3.1817877292633057, 3.20737886428833, 3.2530875205993652, 3.3180506229400635, 3.3545868396759033, 3.376803398132324, 3.446704149246216, 3.5, inf, inf, inf, inf, inf, inf, inf, inf, inf, inf, inf, inf, inf, inf, inf, inf, inf, inf, inf, inf, inf, inf, inf, inf, inf, inf, inf, inf, inf, inf, inf, inf, inf, inf, inf, inf, inf, inf, inf, inf, inf, inf, inf, inf, inf, inf, inf, inf, inf, inf, inf, inf, inf, inf, inf, inf, inf, inf, inf, inf, inf, inf, inf, inf, inf, inf, inf, inf, inf, inf, inf, inf, inf, inf, inf, inf, inf, inf, inf, inf, inf, inf, inf, inf, inf, inf, inf, inf, inf, inf, inf, inf, inf, inf, inf, inf, inf, inf, inf, inf, inf, inf, inf, inf, inf, inf, inf, inf, inf, inf, inf, inf, inf, inf, inf, inf, inf, inf, inf, inf, inf, inf, inf, inf, inf, inf, inf, inf, inf, inf, inf, inf, inf, inf, inf, inf, inf, inf, inf, inf, inf, inf, inf, inf, inf, inf, inf, inf, inf, inf, inf, inf, inf, inf, inf, inf, inf, inf, inf, inf, inf, inf, inf, inf, inf, inf, inf, inf, inf, inf, inf, inf, inf, inf, inf, inf, inf, inf, inf, inf, inf, inf, inf, inf, inf, inf, inf, inf, inf, inf, inf, inf, inf, inf, inf, inf, inf, inf, inf, inf, inf, inf, inf, inf, inf, inf, inf, inf, inf, inf, inf, inf, inf, inf, inf, inf, inf, inf, inf, inf, inf, inf, inf, inf, inf, inf, inf, inf, inf, inf, inf, inf, inf, inf, inf, inf, inf, inf, inf, inf, inf, inf, inf, inf, inf, inf, inf, inf, inf, inf, inf, inf, inf, inf, inf, inf, inf, inf, inf, inf, inf, inf, inf, inf, inf, inf, inf, inf, inf, inf, inf, inf, inf, inf, inf, inf, inf, inf, 3.4640040397644043, 3.4858555793762207, inf, inf, inf, inf, inf, 2.747457981109619, inf, inf, inf, inf, inf, inf, 2.9714951515197754, 2.938777208328247, 2.891939401626587, 2.8950796127319336, 2.864017963409424, 2.838547468185425, 2.8267619609832764, 2.827827215194702, 2.8061368465423584, 2.7907495498657227, 2.7500102519989014, 2.759031057357788, 2.7268335819244385, 2.7208211421966553, 2.7262306213378906, 2.6960690021514893, 2.7096080780029297, 2.6961658000946045, 2.6995949745178223, 2.681685209274292, 2.6750502586364746, 2.675920248031616, 2.684964656829834, 2.675917387008667, 2.6845972537994385, 2.6529293060302734, 2.660778045654297, 2.65043044090271, 2.669748067855835, 2.6592884063720703]), 0.01749303564429283, 41812000000, 
array('f', [2.607365608215332, 2.58182430267334, 2.602452039718628, 2.597223997116089, 2.631040334701538, 2.6427605152130127, 2.6338040828704834, 2.6660118103027344, 2.681504964828491, 2.66943621635437, 2.7081398963928223, 2.710843563079834, 2.732757568359375, 2.7615134716033936, 2.7853710651397705, 2.7974069118499756, 2.805495500564575, 2.840522289276123, 2.8605759143829346, 2.886871576309204, 2.9230239391326904, 2.9610188007354736, 2.994511842727661, 3.0239853858947754, 3.049171209335327, 3.0873425006866455, 3.121964693069458, 3.157658815383911, 3.197464942932129, 3.256958246231079, 3.289947032928467, 3.332730293273926, 3.3948676586151123, 3.4501426219940186, inf, inf, inf, inf, inf, inf, inf, inf, inf, inf, inf, inf, inf, inf, inf, inf, inf, inf, inf, inf, inf, inf, inf, inf, inf, inf, inf, inf, inf, inf, inf, inf, inf, inf, inf, inf, inf, inf, inf, inf, inf, inf, inf, inf, inf, inf, inf, inf, inf, inf, inf, inf, inf, inf, inf, inf, inf, inf, inf, inf, inf, inf, inf, inf, inf, inf, inf, inf, inf, inf, inf, inf, inf, inf, inf, inf, inf, inf, inf, inf, inf, inf, inf, inf, inf, inf, inf, inf, inf, inf, inf, inf, inf, inf, inf, inf, inf, inf, inf, inf, inf, inf, inf, inf, inf, inf, inf, inf, inf, inf, inf, inf, inf, inf, inf, inf, inf, inf, inf, inf, inf, inf, inf, inf, inf, inf, inf, inf, inf, inf, inf, inf, inf, inf, inf, inf, inf, inf, inf, inf, inf, inf, inf, inf, inf, inf, inf, inf, inf, inf, inf, inf, inf, inf, inf, inf, inf, inf, inf, inf, inf, inf, inf, inf, inf, inf, inf, inf, inf, inf, inf, inf, inf, inf, inf, inf, inf, inf, inf, inf, inf, inf, inf, inf, inf, inf, inf, inf, inf, inf, inf, inf, inf, inf, inf, inf, inf, inf, inf, inf, inf, inf, inf, inf, inf, inf, inf, inf, inf, inf, inf, inf, inf, inf, inf, inf, inf, inf, inf, inf, inf, inf, inf, inf, inf, inf, inf, inf, inf, inf, inf, inf, inf, inf, inf, inf, inf, inf, inf, inf, inf, inf, inf, inf, inf, inf, inf, inf, inf, inf, inf, inf, inf, inf, inf, inf, inf, inf, inf, inf, inf, inf, inf, inf, inf, inf, inf, inf, inf, inf, inf, inf, inf, inf, 3.448988676071167, 3.388284206390381, 3.4103200435638428, 3.472834348678589, inf, inf, inf, inf, 2.6813971996307373, inf, inf, inf, inf, inf, inf, inf, 2.8514199256896973, 2.8200254440307617, 2.828141212463379, 2.779613494873047, 2.744929552078247, 2.7369258403778076, 2.7215516567230225, 2.693620204925537, 2.6814563274383545, 2.676758050918579, 2.6668200492858887, 2.648181200027466, 2.6441049575805664, 2.6176319122314453, 2.6067137718200684, 2.5891361236572266, 2.601983070373535, 2.577486038208008, 2.560689687728882, 2.600247383117676, 2.564107894897461, 2.57098388671875, 2.559830665588379, 2.560933828353882, 2.556516647338867, 2.550208568572998, 2.543933868408203, 2.560133695602417, 2.5520761013031006, 2.548475742340088, 2.5668962001800537, 2.560657024383545, 2.569441795349121, 2.5885002613067627, 2.5952301025390625, 2.5714077949523926]), 0.01749303564429283, 42012000000, 
array('f', [2.526592969894409, 2.541815757751465, 2.555933952331543, 2.579557418823242, 2.6001737117767334, 2.6138439178466797, 2.629720687866211, 2.6338789463043213, 2.6498801708221436, 2.6860244274139404, 2.706570625305176, 2.728316068649292, 2.752202272415161, 2.7828540802001953, 2.7929482460021973, 2.829983711242676, 2.857032060623169, 2.8927996158599854, 2.927608013153076, 2.946523666381836, 2.9752278327941895, 3.019911289215088, 3.0578060150146484, 3.11672306060791, 3.171067476272583, 3.1873059272766113, 3.235858917236328, 3.302311658859253, 3.3552637100219727, 3.4021389484405518, 3.4601659774780273, inf, inf, inf, inf, inf, inf, inf, inf, inf, inf, inf, inf, inf, inf, inf, inf, inf, inf, inf, inf, inf, inf, inf, inf, inf, inf, inf, inf, inf, inf, inf, inf, inf, inf, inf, inf, inf, inf, inf, inf, inf, inf, inf, inf, inf, inf, inf, inf, inf, inf, inf, inf, inf, inf, inf, inf, inf, inf, inf, inf, inf, inf, inf, inf, inf, inf, inf, inf, inf, inf, inf, inf, inf, inf, inf, inf, inf, inf, inf, inf, inf, inf, inf, inf, inf, inf, inf, inf, inf, inf, inf, inf, inf, inf, inf, inf, inf, inf, inf, inf, inf, inf, inf, inf, inf, inf, inf, inf, inf, inf, inf, inf, inf, inf, inf, inf, inf, inf, inf, inf, inf, inf, inf, inf, inf, inf, inf, inf, inf, inf, inf, inf, inf, inf, inf, inf, inf, inf, inf, inf, inf, inf, inf, inf, inf, inf, inf, inf, inf, inf, inf, inf, inf, inf, inf, inf, inf, inf, inf, inf, inf, inf, inf, inf, inf, inf, inf, inf, inf, inf, inf, inf, inf, inf, inf, inf, inf, inf, inf, inf, inf, inf, inf, inf, inf, inf, inf, inf, inf, inf, inf, inf, inf, inf, inf, inf, inf, inf, inf, inf, inf, inf, inf, inf, inf, inf, inf, inf, inf, inf, inf, inf, inf, inf, inf, inf, inf, inf, inf, inf, inf, inf, inf, inf, inf, inf, inf, inf, inf, inf, inf, inf, inf, inf, inf, inf, inf, inf, inf, inf, inf, inf, inf, inf, inf, inf, inf, inf, inf, inf, inf, inf, inf, inf, inf, inf, inf, inf, inf, inf, inf, inf, inf, inf, inf, inf, inf, inf, 3.49782657623291, 3.4182021617889404, 3.3632450103759766, 3.3272757530212402, 3.360802412033081, inf, inf, inf, inf, 2.6308600902557373, 2.626718282699585, inf, inf, inf, inf, inf, inf, inf, 2.746532917022705, 2.732734441757202, 2.7223970890045166, 2.6977527141571045, 2.672090768814087, 2.639598846435547, 2.629880428314209, 2.6024396419525146, 2.590743064880371, 2.5819079875946045, 2.5612356662750244, 2.5559911727905273, 2.5508944988250732, 2.5160903930664062, 2.5297694206237793, 2.52413272857666, 2.5019469261169434, 2.483086585998535, 2.494967460632324, 2.475644588470459, 2.45674991607666, 2.469158887863159, 2.4552249908447266, 2.4690887928009033, 2.4543237686157227, 2.463968515396118, 2.4540092945098877, 2.437811851501465, 2.458038091659546, 2.4531290531158447, 2.4585185050964355, 2.4600510597229004, 2.456346035003662, 2.458308696746826, 2.4754419326782227, 2.4540114402770996, 2.48358154296875, 2.4775938987731934, 2.494399309158325, 2.505324602127075, 2.5240354537963867, 2.5241949558258057, 2.509126901626587]), 0.01749303564429283, 42212000000, 
array('f', [2.50569224357605, 2.4958314895629883, 2.5451955795288086, 2.5527353286743164, 2.587895631790161, 2.593041181564331, 2.6237926483154297, 2.664855480194092, 2.685647964477539, 2.715921401977539, 2.7218172550201416, 2.770901679992676, 2.783165454864502, 2.8154382705688477, 2.8511617183685303, 2.883704423904419, 2.9268996715545654, 2.9650697708129883, 2.9952402114868164, 3.0483620166778564, 3.0933966636657715, 3.1480047702789307, 3.20414662361145, 3.2425377368927, 3.29976224899292, 3.36297869682312, 3.431389808654785, 3.4800546169281006, inf, inf, inf, inf, inf, inf, inf, inf, inf, inf, inf, inf, inf, inf, inf, inf, inf, inf, inf, inf, inf, inf, inf, inf, inf, inf, inf, inf, inf, inf, inf, inf, inf, inf, inf, inf, inf, inf, inf, inf, inf, inf, inf, inf, inf, inf, inf, inf, inf, inf, inf, inf, inf, inf, inf, inf, inf, inf, inf, inf, inf, inf, inf, inf, inf, inf, inf, inf, inf, inf, inf, inf, inf, inf, inf, inf, inf, inf, inf, inf, inf, inf, inf, inf, inf, inf, inf, inf, inf, inf, inf, inf, inf, inf, inf, inf, inf, inf, inf, inf, inf, inf, inf, inf, inf, inf, inf, inf, inf, inf, inf, inf, inf, inf, inf, inf, inf, inf, inf, inf, inf, inf, inf, inf, inf, inf, inf, inf, inf, inf, inf, inf, inf, inf, inf, inf, inf, inf, inf, inf, inf, inf, inf, inf, inf, inf, inf, inf, inf, inf, inf, inf, inf, inf, inf, inf, inf, inf, inf, inf, inf, inf, inf, inf, inf, inf, inf, inf, inf, inf, inf, inf, inf, inf, inf, inf, inf, inf, inf, inf, inf, inf, inf, inf, inf, inf, inf, inf, inf, inf, inf, inf, inf, inf, inf, inf, inf, inf, inf, inf, inf, inf, inf, inf, inf, inf, inf, inf, inf, inf, inf, inf, inf, inf, inf, inf, inf, inf, inf, inf, inf, inf, inf, inf, inf, inf, inf, inf, inf, inf, inf, inf, inf, inf, inf, inf, inf, inf, inf, inf, inf, inf, inf, inf, inf, inf, inf, inf, inf, inf, inf, inf, inf, inf, inf, inf, inf, inf, inf, inf, inf, inf, inf, 3.483501672744751, 3.427680015563965, 3.3607585430145264, 3.284705877304077, 3.2579338550567627, 3.3137624263763428, inf, inf, inf, inf, 2.536750078201294, inf, inf, inf, inf, inf, inf, inf, 2.70292329788208, 2.6731114387512207, 2.652549982070923, 2.6131174564361572, 2.6010899543762207, 2.583333730697632, 2.5735769271850586, 2.5529439449310303, 2.5197699069976807, 2.498962879180908, 2.494676113128662, 2.4829115867614746, 2.460590362548828, 2.4531681537628174, 2.4201457500457764, 2.4341111183166504, 2.418670654296875, 2.4049763679504395, 2.3890440464019775, 2.396608591079712, 2.38244891166687, 2.379470109939575, 2.3692781925201416, 2.36484694480896, 2.357670783996582, 2.3284480571746826, 2.3507256507873535, 2.3694276809692383, 2.3443100452423096, 2.3369410037994385, 2.3458659648895264, 2.330845832824707, 2.342318058013916, 2.3523685932159424, 2.352903127670288, 2.3500099182128906, 2.362895965576172, 2.373464345932007, 2.381476640701294, 2.3823037147521973, 2.3920531272888184, 2.3851354122161865, 2.4065961837768555, 2.399921178817749, 2.4251697063446045, 2.43021297454834, 2.4433369636535645, 2.463967800140381, 2.4786858558654785, 2.5143043994903564, 2.49826979637146]), 0.01749303564429283, 42412000000, 
array('f', [2.508934259414673, 2.525331735610962, 2.555497646331787, 2.569882869720459, 2.5920588970184326, 2.6251778602600098, 2.654181718826294, 2.679084062576294, 2.745724678039551, 2.7439115047454834, 2.7764458656311035, 2.8209593296051025, 2.8776626586914062, 2.8969452381134033, 2.9544670581817627, 2.9961998462677, 3.0381925106048584, 3.0754923820495605, 3.145160675048828, 3.1951582431793213, 3.267383098602295, 3.304962635040283, 3.392956495285034, 3.4696402549743652, inf, inf, inf, inf, inf, inf, inf, inf, inf, inf, inf, inf, inf, inf, inf, inf, inf, inf, inf, inf, inf, inf, inf, inf, inf, inf, inf, inf, inf, inf, inf, inf, inf, inf, inf, inf, inf, inf, inf, inf, inf, inf, inf, inf, inf, inf, inf, inf, inf, inf, inf, inf, inf, inf, inf, inf, inf, inf, inf, inf, inf, inf, inf, inf, inf, inf, inf, inf, inf, inf, inf, inf, inf, inf, inf, inf, inf, inf, inf, inf, inf, inf, inf, inf, inf, inf, inf, inf, inf, inf, inf, inf, inf, inf, inf, inf, inf, inf, inf, inf, inf, inf, inf, inf, inf, inf, inf, inf, inf, inf, inf, inf, inf, inf, inf, inf, inf, inf, inf, inf, inf, inf, inf, inf, inf, inf, inf, inf, inf, inf, inf, inf, inf, inf, inf, inf, inf, inf, inf, inf, inf, inf, inf, inf, inf, inf, inf, inf, inf, inf, inf, inf, inf, inf, inf, inf, inf, inf, inf, inf, inf, inf, inf, inf, inf, inf, inf, inf, inf, inf, inf, inf, inf, inf, inf, inf, inf, inf, inf, inf, inf, inf, inf, inf, inf, inf, inf, inf, inf, inf, inf, inf, inf, inf, inf, inf, inf, inf, inf, inf, inf, inf, inf, inf, inf, inf, inf, inf, inf, inf, inf, inf, inf, inf, inf, inf, inf, inf, inf, inf, inf, inf, inf, inf, inf, inf, inf, inf, inf, inf, inf, inf, inf, inf, inf, inf, inf, inf, inf, inf, inf, inf, inf, inf, inf, inf, inf, inf, inf, inf, inf, inf, inf, inf, inf, inf, inf, inf, inf, 3.464495897293091, 3.4143266677856445, 3.3448946475982666, 3.291274309158325, 3.2359414100646973, 3.251986026763916, 3.323533773422241, inf, inf, inf, 2.4885261058807373, inf, inf, inf, inf, inf, inf, inf, inf, 2.6110100746154785, 2.592519760131836, 2.5682425498962402, 2.542605400085449, 2.5142948627471924, 2.4919192790985107, 2.4664947986602783, 2.4526405334472656, 2.420269012451172, 2.4273877143859863, 2.4245176315307617, 2.3763232231140137, 2.366816759109497, 2.3566598892211914, 2.3753464221954346, 2.3332839012145996, 2.31109881401062, 2.3054141998291016, 2.311718702316284, 2.3003764152526855, 2.292815923690796, 2.2807135581970215, 2.2739572525024414, 2.277677536010742, 2.2699241638183594, 2.2494585514068604, 2.2373156547546387, 2.2561848163604736, 2.235234022140503, 2.2566285133361816, 2.223112106323242, 2.2307534217834473, 2.2382092475891113, 2.2478480339050293, 2.2543232440948486, 2.252239465713501, 2.248581647872925, 2.2405331134796143, 2.253848075866699, 2.265712022781372, 2.2583935260772705, 2.2708888053894043, 2.2931807041168213, 2.287332057952881, 2.3101797103881836, 2.3095250129699707, 2.3218190670013428, 2.326451301574707, 2.3628013134002686, 2.357344150543213, 2.393486976623535, 2.3828015327453613, 2.423624038696289, 2.415634870529175, 2.447740077972412, 2.455873727798462, 2.4810802936553955, 2.4989423751831055]), 0.01749303564429283, 42612000000, 
array('f', [2.5480525493621826, 2.5682592391967773, 2.5936484336853027, 2.6300721168518066, 2.6526429653167725, 2.703864574432373, 2.7429933547973633, 2.764009952545166, 2.826335906982422, 2.8555960655212402, 2.9220452308654785, 2.9397382736206055, 2.9768805503845215, 3.054067611694336, 3.105219602584839, 3.186095952987671, 3.2240610122680664, 3.2917978763580322, 3.3783068656921387, 3.4325006008148193, inf, inf, inf, inf, inf, inf, inf, inf, inf, inf, inf, inf, inf, inf, inf, inf, inf, inf, inf, inf, inf, inf, inf, inf, inf, inf, inf, inf, inf, inf, inf, inf, inf, inf, inf, inf, inf, inf, inf, inf, inf, inf, inf, inf, inf, inf, inf, inf, inf, inf, inf, inf, inf, inf, inf, inf, inf, inf, inf, inf, inf, inf, inf, inf, inf, inf, inf, inf, inf, inf, inf, inf, inf, inf, inf, inf, inf, inf, inf, inf, inf, inf, inf, inf, inf, inf, inf, inf, inf, inf, inf, inf, inf, inf, inf, inf, inf, inf, inf, inf, inf, inf, inf, inf, inf, inf, inf, inf, inf, inf, inf, inf, inf, inf, inf, inf, inf, inf, inf, inf, inf, inf, inf, inf, inf, inf, inf, inf, inf, inf, inf, inf, inf, inf, inf, inf, inf, inf, inf, inf, inf, inf, inf, inf, inf, inf, inf, inf, inf, inf, inf, inf, inf, inf, inf, inf, inf, inf, inf, inf, inf, inf, inf, inf, inf, inf, inf, inf, inf, inf, inf, inf, inf, inf, inf, inf, inf, inf, inf, inf, inf, inf, inf, inf, inf, inf, inf, inf, inf, inf, inf, inf, inf, inf, inf, inf, inf, inf, inf, inf, inf, inf, inf, inf, inf, inf, inf, inf, inf, inf, inf, inf, inf, inf, inf, inf, inf, inf, inf, inf, inf, inf, inf, inf, inf, inf, inf, inf, inf, inf, inf, inf, inf, inf, inf, inf, inf, inf, inf, inf, inf, inf, inf, inf, inf, inf, inf, inf, inf, inf, inf, inf, inf, inf, inf, 3.4892618656158447, 3.4112138748168945, 3.3505501747131348, 3.28385853767395, 3.2288827896118164, 3.1936163902282715, 3.2598023414611816, inf, inf, 2.4810876846313477, 2.460833787918091, inf, inf, inf, inf, inf, inf, inf, inf, 2.5552568435668945, 2.5133559703826904, 2.5004749298095703, 2.4799892902374268, 2.445535182952881, 2.426725149154663, 2.409747362136841, 2.377955198287964, 2.348409414291382, 2.3585891723632812, 2.324430227279663, 2.3075602054595947, 2.3153908252716064, 2.276946783065796, 2.2784781455993652, 2.256056785583496, 2.2477917671203613, 2.2180304527282715, 2.2190191745758057, 2.2105352878570557, 2.20764422416687, 2.184326410293579, 2.204033613204956, 2.1827828884124756, 2.177764654159546, 2.154649496078491, 2.1641881465911865, 2.1547939777374268, 2.144277334213257, 2.141038656234741, 2.1448094844818115, 2.136878252029419, 2.1446988582611084, 2.146561861038208, 2.143864393234253, 2.14485239982605, 2.1518726348876953, 2.15434193611145, 2.1467742919921875, 2.135178565979004, 2.1781091690063477, 2.158705949783325, 2.1779794692993164, 2.1782126426696777, 2.2039802074432373, 2.209674835205078, 2.201275587081909, 2.2246758937835693, 2.2218306064605713, 2.234497308731079, 2.2313499450683594, 2.259450674057007, 2.2747550010681152, 2.286363124847412, 2.292698383331299, 2.3191964626312256, 2.3330910205841064, 2.3402132987976074, 2.3632547855377197, 2.396782875061035, 2.401787519454956, 2.439249038696289, 2.449634313583374, 2.4736905097961426, 2.5135281085968018, 2.5446674823760986]), 0.01749303564429283, 42812000000, 
array('f', [2.5951943397521973, 2.6526176929473877, 2.679769515991211, 2.7197811603546143, 2.7734906673431396, 2.827727794647217, 2.845355987548828, 2.9022927284240723, 2.9560341835021973, 3.008370876312256, 3.0639567375183105, 3.1332461833953857, 3.1897544860839844, 3.2515339851379395, 3.3407480716705322, 3.412567615509033, 3.4823291301727295, inf, inf, inf, inf, inf, inf, inf, inf, inf, inf, inf, inf, inf, inf, inf, inf, inf, inf, inf, inf, inf, inf, inf, inf, inf, inf, inf, inf, inf, inf, inf, inf, inf, inf, inf, inf, inf, inf, inf, inf, inf, inf, inf, inf, inf, inf, inf, inf, inf, inf, inf, inf, inf, inf, inf, inf, inf, inf, inf, inf, inf, inf, inf, inf, inf, inf, inf, inf, inf, inf, inf, inf, inf, inf, inf, inf, inf, inf, inf, inf, inf, inf, inf, inf, inf, inf, inf, inf, inf, inf, inf, inf, inf, inf, inf, inf, inf, inf, inf, inf, inf, inf, inf, inf, inf, inf, inf, inf, inf, inf, inf, inf, inf, inf, inf, inf, inf, inf, inf, inf, inf, inf, inf, inf, inf, inf, inf, inf, inf, inf, inf, inf, inf, inf, inf, inf, inf, inf, inf, inf, inf, inf, inf, inf, inf, inf, inf, inf, inf, inf, inf, inf, inf, inf, inf, inf, inf, inf, inf, inf, inf, inf, inf, inf, inf, inf, inf, inf, inf, inf, inf, inf, inf, inf, inf, inf, inf, inf, inf, inf, inf, inf, inf, inf, inf, inf, inf, inf, inf, inf, inf, inf, inf, inf, inf, inf, inf, inf, inf, inf, inf, inf, inf, inf, inf, inf, inf, inf, inf, inf, inf, inf, inf, inf, inf, inf, inf, inf, inf, inf, inf, inf, inf, inf, inf, inf, inf, inf, inf, inf, inf, inf, inf, inf, inf, inf, inf, inf, inf, inf, inf, inf, inf, inf, inf, inf, inf, inf, inf, inf, inf, 3.4367501735687256, 3.374743938446045, 3.2885210514068604, 3.2279856204986572, 3.1655092239379883, 3.203660726547241, inf, inf, 2.405242919921875, 2.4406392574310303, inf, inf, inf, inf, inf, inf, inf, inf, 2.5225741863250732, 2.485072374343872, 2.4600582122802734, 2.43644642829895, 2.4101169109344482, 2.36238956451416, 2.33664870262146, 2.334101438522339, 2.305720329284668, 2.2842607498168945, 2.2718796730041504, 2.2655696868896484, 2.2376232147216797, 2.2243471145629883, 2.1899425983428955, 2.1982414722442627, 2.1916935443878174, 2.1486549377441406, 2.1380677223205566, 2.1167469024658203, 2.1375088691711426, 2.1183836460113525, 2.11034893989563, 2.090859889984131, 2.084899425506592, 2.0879321098327637, 2.0826709270477295, 2.077155351638794, 2.0702130794525146, 2.0760018825531006, 2.0486156940460205, 2.0544278621673584, 2.0424225330352783, 2.0592591762542725, 2.0491673946380615, 2.033043622970581, 2.0499517917633057, 2.0729198455810547, 2.046806812286377, 2.049354076385498, 2.051318407058716, 2.044511556625366, 2.0594241619110107, 2.071824550628662, 2.075561046600342, 2.0760316848754883, 2.0936567783355713, 2.100705146789551, 2.08838152885437, 2.1174676418304443, 2.1129300594329834, 2.1417076587677, 2.1472649574279785, 2.163187026977539, 2.1695308685302734, 2.1921565532684326, 2.194690465927124, 2.2249526977539062, 2.2219088077545166, 2.248993396759033, 2.2515194416046143, 2.278047561645508, 2.301281452178955, 2.3355326652526855, 2.3401870727539062, 2.3435981273651123, 2.40518856048584, 2.4093801975250244, 2.44700288772583, 2.471311092376709, 2.507742166519165, 2.5152525901794434, 2.5547657012939453, 2.6002731323242188]), 0.01749303564429283, 43012000000, 
array('f', [2.7133541107177734, 2.7663750648498535, 2.8118677139282227, 2.854787588119507, 2.915443181991577, 2.963268518447876, 3.0440146923065186, 3.1016061305999756, 3.1780097484588623, 3.2552473545074463, 3.3259613513946533, 3.4040749073028564, 3.489898204803467, inf, inf, inf, inf, inf, inf, inf, inf, inf, inf, inf, inf, inf, inf, inf, inf, inf, inf, inf, inf, inf, inf, inf, inf, inf, inf, inf, inf, inf, inf, inf, inf, inf, inf, inf, inf, inf, inf, inf, inf, inf, inf, inf, inf, inf, inf, inf, inf, inf, inf, inf, inf, inf, inf, inf, inf, inf, inf, inf, inf, inf, inf, inf, inf, inf, inf, inf, inf, inf, inf, inf, inf, inf, inf, inf, inf, inf, inf, inf, inf, inf, inf, inf, inf, inf, inf, inf, inf, inf, inf, inf, inf, inf, inf, inf, inf, inf, inf, inf, inf, inf, inf, inf, inf, inf, inf, inf, inf, inf, inf, inf, inf, inf, inf, inf, inf, inf, inf, inf, inf, inf, inf, inf, inf, inf, inf, inf, inf, inf, inf, inf, inf, inf, inf, inf, inf, inf, inf, inf, inf, inf, inf, inf, inf, inf, inf, inf, inf, inf, inf, inf, inf, inf, inf, inf, inf, inf, inf, inf, inf, inf, inf, inf, inf, inf, inf, inf, inf, inf, inf, inf, inf, inf, inf, inf, inf, inf, inf, inf, inf, inf, inf, inf, inf, inf, inf, inf, inf, inf, inf, inf, inf, inf, inf, inf, inf, inf, inf, inf, inf, inf, inf, inf, inf, inf, inf, inf, inf, inf, inf, inf, inf, inf, inf, inf, inf, inf, inf, inf, inf, inf, inf, inf, inf, inf, inf, inf, inf, inf, inf, inf, inf, inf, inf, inf, inf, inf, inf, inf, inf, inf, inf, inf, inf, inf, inf, inf, 3.4724676609039307, 3.383708953857422, 3.333000421524048, 3.2478065490722656, 3.1509151458740234, 3.2050113677978516, 3.248852014541626, inf, 2.406359910964966, inf, inf, inf, inf, inf, inf, inf, inf, 2.5192031860351562, 2.4836232662200928, 2.429009437561035, 2.4201033115386963, 2.3870742321014404, 2.3810439109802246, 2.343879222869873, 2.3221919536590576, 2.2892777919769287, 2.2609527111053467, 2.2503345012664795, 2.2000842094421387, 2.187235116958618, 2.1743881702423096, 2.152804136276245, 2.159287452697754, 2.136096239089966, 2.127761125564575, 2.0875418186187744, 2.0843074321746826, 2.085899591445923, 2.046997547149658, 2.0261218547821045, 2.0517776012420654, 2.036954402923584, 2.0389692783355713, 2.0228934288024902, 2.0009491443634033, 1.9917041063308716, 1.9882515668869019, 1.987812876701355, 1.9838905334472656, 1.9826220273971558, 1.9644291400909424, 1.9685217142105103, 1.979060411453247, 1.9728056192398071, 1.9552583694458008, 1.9607653617858887, 1.9512661695480347, 1.941217303276062, 1.977164387702942, 1.9784047603607178, 1.9802912473678589, 1.9832817316055298, 1.9945048093795776, 1.9832215309143066, 1.971583604812622, 1.9913501739501953, 1.9859305620193481, 2.011267900466919, 2.00221586227417, 2.0113136768341064, 2.0345990657806396, 2.048478364944458, 2.056849479675293, 2.049553632736206, 2.058065891265869, 2.0898847579956055, 2.0894923210144043, 2.102668285369873, 2.120598554611206, 2.1224753856658936, 2.164536476135254, 2.1616692543029785, 2.1975858211517334, 2.2184057235717773, 2.2250430583953857, 2.268329381942749, 2.281465768814087, 2.302955150604248, 2.337447166442871, 2.358351230621338, 2.3973240852355957, 2.426523208618164, 2.4312944412231445, 2.4807519912719727, 2.5276520252227783, 2.54882550239563, 2.589550018310547, 2.6138267517089844, 2.675083637237549, 2.714308261871338]), 0.01749303564429283, 43212000000, 
array('f', [2.897407054901123, 2.96547532081604, 3.0324552059173584, 3.088794708251953, 3.1685829162597656, 3.2479186058044434, 3.331807851791382, 3.4174532890319824, inf, inf, inf, inf, inf, inf, inf, inf, inf, inf, inf, inf, inf, inf, inf, inf, inf, inf, inf, inf, inf, inf, inf, inf, inf, inf, inf, inf, inf, inf, inf, inf, inf, inf, inf, inf, inf, inf, inf, inf, inf, inf, inf, inf, inf, inf, inf, inf, inf, inf, inf, inf, inf, inf, inf, inf, inf, inf, inf, inf, inf, inf, inf, inf, inf, inf, inf, inf, inf, inf, inf, inf, inf, inf, inf, inf, inf, inf, inf, inf, inf, inf, inf, inf, inf, inf, inf, inf, inf, inf, inf, inf, inf, inf, inf, inf, inf, inf, inf, inf, inf, inf, inf, inf, inf, inf, inf, inf, inf, inf, inf, inf, inf, inf, inf, inf, inf, inf, inf, inf, inf, inf, inf, inf, inf, inf, inf, inf, inf, inf, inf, inf, inf, inf, inf, inf, inf, inf, inf, inf, inf, inf, inf, inf, inf, inf, inf, inf, inf, inf, inf, inf, inf, inf, inf, inf, inf, inf, inf, inf, inf, inf, inf, inf, inf, inf, inf, inf, inf, inf, inf, inf, inf, inf, inf, inf, inf, inf, inf, inf, inf, inf, inf, inf, inf, inf, inf, inf, inf, inf, inf, inf, inf, inf, inf, inf, inf, inf, inf, inf, inf, inf, inf, inf, inf, inf, inf, inf, inf, inf, inf, inf, inf, inf, inf, inf, inf, inf, inf, inf, inf, inf, inf, inf, inf, inf, inf, inf, inf, inf, inf, inf, inf, inf, inf, inf, inf, inf, inf, inf, inf, inf, inf, inf, inf, 3.451953172683716, 3.360109567642212, 3.2992780208587646, 3.1972403526306152, 3.196326732635498, 3.248781681060791, 2.4406888484954834, 2.4460628032684326, inf, inf, inf, inf, inf, inf, inf, inf, 2.506589412689209, 2.462029218673706, 2.4226772785186768, 2.3834643363952637, 2.352992534637451, 2.334212064743042, 2.291520357131958, 2.262880325317383, 2.231743812561035, 2.2028772830963135, 2.1885623931884766, 2.187873125076294, 2.1471567153930664, 2.1144394874572754, 2.101853847503662, 2.10679030418396, 2.0766491889953613, 2.0486552715301514, 2.043426036834717, 2.032672882080078, 1.999111533164978, 2.0196409225463867, 1.9700446128845215, 1.9834949970245361, 1.961663007736206, 1.9636282920837402, 1.9523953199386597, 1.9529463052749634, 1.9228103160858154, 1.9119007587432861, 1.9387240409851074, 1.9146637916564941, 1.9146353006362915, 1.8963156938552856, 1.9078013896942139, 1.8966766595840454, 1.8786836862564087, 1.884193778038025, 1.878679871559143, 1.889349341392517, 1.8900564908981323, 1.8900569677352905, 1.8743237257003784, 1.8896487951278687, 1.8979568481445312, 1.8718786239624023, 1.8879717588424683, 1.8887794017791748, 1.9021053314208984, 1.8986798524856567, 1.9092613458633423, 1.9040182828903198, 1.9090310335159302, 1.9442485570907593, 1.9281059503555298, 1.9348806142807007, 1.9522804021835327, 1.9555994272232056, 1.9799872636795044, 1.9994099140167236, 1.9865623712539673, 1.9961013793945312, 2.0160648822784424, 2.0219805240631104, 2.047757148742676, 2.069154977798462, 2.0782549381256104, 2.10361909866333, 2.124056816101074, 2.14087176322937, 2.1579668521881104, 2.1816394329071045, 2.221008062362671, 2.2126691341400146, 2.249260902404785, 2.2853336334228516, 2.3112876415252686, 2.356106758117676, 2.3550219535827637, 2.4124133586883545, 2.452867269515991, 2.468290328979492, 2.5211799144744873, 2.547163963317871, 2.584167957305908, 2.636148691177368, 2.667630672454834, 2.7503037452697754, 2.778513193130493, 2.8508412837982178, 2.8725321292877197]), 0.01749303564429283, 43412000000, 
array('f', [3.1717541217803955, 3.253138542175293, 3.34442400932312, 3.4421443939208984, inf, inf, inf, inf, inf, inf, inf, inf, inf, inf, inf, inf, inf, inf, inf, inf, inf, inf, inf, inf, inf, inf, inf, inf, inf, inf, inf, inf, inf, inf, inf, inf, inf, inf, inf, inf, inf, inf, inf, inf, inf, inf, inf, inf, inf, inf, inf, inf, inf, inf, inf, inf, inf, inf, inf, inf, inf, inf, inf, inf, inf, inf, inf, inf, inf, inf, inf, inf, inf, inf, inf, inf, inf, inf, inf, inf, inf, inf, inf, inf, inf, inf, inf, inf, inf, inf, inf, inf, inf, inf, inf, inf, inf, inf, inf, inf, inf, inf, inf, inf, inf, inf, inf, inf, inf, inf, inf, inf, inf, inf, inf, inf, inf, inf, inf, inf, inf, inf, inf, inf, inf, inf, inf, inf, inf, inf, inf, inf, inf, inf, inf, inf, inf, inf, inf, inf, inf, inf, inf, inf, inf, inf, inf, inf, inf, inf, inf, inf, inf, inf, inf, inf, inf, inf, inf, inf, inf, inf, inf, inf, inf, inf, inf, inf, inf, inf, inf, inf, inf, inf, inf, inf, inf, inf, inf, inf, inf, inf, inf, inf, inf, inf, inf, inf, inf, inf, inf, inf, inf, inf, inf, inf, inf, inf, inf, inf, inf, inf, inf, inf, inf, inf, inf, inf, inf, inf, inf, inf, inf, inf, inf, inf, inf, inf, inf, inf, inf, inf, inf, inf, inf, inf, inf, inf, inf, inf, inf, inf, inf, inf, inf, inf, inf, inf, inf, inf, inf, inf, inf, inf, inf, inf, 3.441354274749756, 3.334749937057495, 3.260286331176758, 3.2393321990966797, 3.262789249420166, 2.441617727279663, inf, inf, inf, inf, inf, inf, inf, inf, inf, 2.481905460357666, 2.4431421756744385, 2.395414352416992, 2.3527190685272217, 2.3181235790252686, 2.288285970687866, 2.273171901702881, 2.2405591011047363, 2.2073750495910645, 2.195862293243408, 2.165681838989258, 2.1311967372894287, 2.1208789348602295, 2.0939886569976807, 2.0599493980407715, 2.057939291000366, 2.0278921127319336, 2.014028787612915, 1.9932572841644287, 1.9893115758895874, 1.9810259342193604, 1.9543030261993408, 1.9305064678192139, 1.931502342224121, 1.925718903541565, 1.8934003114700317, 1.8932443857192993, 1.8973478078842163, 1.904263973236084, 1.8738110065460205, 1.8430103063583374, 1.8484673500061035, 1.831648588180542, 1.843397617340088, 1.818345546722412, 1.835477352142334, 1.8309725522994995, 1.8020665645599365, 1.8208141326904297, 1.814619779586792, 1.8072458505630493, 1.8285623788833618, 1.8145630359649658, 1.8172824382781982, 1.809095025062561, 1.8248422145843506, 1.791447639465332, 1.8220487833023071, 1.8079620599746704, 1.834960699081421, 1.8221217393875122, 1.8095296621322632, 1.8248525857925415, 1.8229562044143677, 1.8540552854537964, 1.8526073694229126, 1.8419946432113647, 1.8609346151351929, 1.8763328790664673, 1.8896713256835938, 1.8866548538208008, 1.907749056816101, 1.9062930345535278, 1.912583589553833, 1.952538251876831, 1.9339979887008667, 1.9663844108581543, 1.9809821844100952, 2.0030717849731445, 2.0141305923461914, 2.034325361251831, 2.0498313903808594, 2.0721867084503174, 2.0952460765838623, 2.1168863773345947, 2.1563329696655273, 2.177185535430908, 2.175910711288452, 2.2221434116363525, 2.242448091506958, 2.26769757270813, 2.3049895763397217, 2.3208205699920654, 2.363602876663208, 2.4044368267059326, 2.4293649196624756, 2.4870846271514893, 2.5338289737701416, 2.564110040664673, 2.6110358238220215, 2.642578601837158, 2.7302088737487793, 2.754826307296753, 2.816185474395752, 2.8920955657958984, 2.946087121963501, 3.02276611328125, 3.074824810028076, 3.1506240367889404]), 0.01749303564429283, 43612000000, 
array('f', [inf, inf, inf, inf, inf, inf, inf, inf, inf, inf, inf, inf, inf, inf, inf, inf, inf, inf, inf, inf, inf, inf, inf, inf, inf, inf, inf, inf, inf, inf, inf, inf, inf, inf, inf, inf, inf, inf, inf, inf, inf, inf, inf, inf, inf, inf, inf, inf, inf, inf, inf, inf, inf, inf, inf, inf, inf, inf, inf, inf, inf, inf, inf, inf, inf, inf, inf, inf, inf, inf, inf, inf, inf, inf, inf, inf, inf, inf, inf, inf, inf, inf, inf, inf, inf, inf, inf, inf, inf, inf, inf, inf, inf, inf, inf, inf, inf, inf, inf, inf, inf, inf, inf, inf, inf, inf, inf, inf, inf, inf, inf, inf, inf, inf, inf, inf, inf, inf, inf, inf, inf, inf, inf, inf, inf, inf, inf, inf, inf, inf, inf, inf, inf, inf, inf, inf, inf, inf, inf, inf, inf, inf, inf, inf, inf, inf, inf, inf, inf, inf, inf, inf, inf, inf, inf, inf, inf, inf, inf, inf, inf, inf, inf, inf, inf, inf, inf, inf, inf, inf, inf, inf, inf, inf, inf, inf, inf, inf, inf, inf, inf, inf, inf, inf, inf, inf, inf, inf, inf, inf, inf, inf, inf, inf, inf, inf, inf, inf, inf, inf, inf, inf, inf, inf, inf, inf, inf, inf, inf, inf, inf, inf, inf, inf, inf, inf, inf, inf, inf, inf, inf, inf, inf, inf, inf, inf, inf, inf, inf, inf, inf, inf, inf, inf, inf, inf, inf, inf, inf, 3.4363489151000977, 3.3356497287750244, 3.2765297889709473, 3.3029134273529053, 2.476288318634033, inf, inf, inf, inf, inf, inf, inf, inf, 2.5441536903381348, 2.4785115718841553, 2.4356000423431396, 2.404737949371338, 2.35516095161438, 2.3251092433929443, 2.29500675201416, 2.2451751232147217, 2.2198688983917236, 2.2128210067749023, 2.1375720500946045, 2.140064001083374, 2.1216604709625244, 2.099684000015259, 2.0582871437072754, 2.034109354019165, 2.0178945064544678, 2.0013809204101562, 1.970158576965332, 1.9524091482162476, 1.9437282085418701, 1.9321417808532715, 1.921450138092041, 1.9131139516830444, 1.8941236734390259, 1.867293119430542, 1.849213719367981, 1.8470786809921265, 1.8495773077011108, 1.8259259462356567, 1.830795168876648, 1.811058521270752, 1.7935409545898438, 1.7869157791137695, 1.772459626197815, 1.7853277921676636, 1.7661830186843872, 1.7825461626052856, 1.7388569116592407, 1.7618882656097412, 1.758556604385376, 1.7549651861190796, 1.7559398412704468, 1.7463006973266602, 1.7277696132659912, 1.7488213777542114, 1.7482420206069946, 1.7443753480911255, 1.7512093782424927, 1.7419474124908447, 1.7613574266433716, 1.7525252103805542, 1.7583515644073486, 1.7663440704345703, 1.7475413084030151, 1.752928376197815, 1.76435387134552, 1.791972041130066, 1.7817102670669556, 1.7959721088409424, 1.8172321319580078, 1.7898063659667969, 1.8206545114517212, 1.8034629821777344, 1.8333817720413208, 1.8584071397781372, 1.8476877212524414, 1.8740363121032715, 1.881582498550415, 1.8738913536071777, 1.9205776453018188, 1.9149668216705322, 1.9495888948440552, 1.956883430480957, 1.9648205041885376, 1.9835199117660522, 2.033174991607666, 2.027536630630493, 2.0429513454437256, 2.074183940887451, 2.096724510192871, 2.1303045749664307, 2.1598615646362305, 2.180482864379883, 2.21443247795105, 2.2556135654449463, 2.283086061477661, 2.300659656524658, 2.34183406829834, 2.364520311355591, 2.415024757385254, 2.4417195320129395, 2.493046283721924, 2.5582902431488037, 2.602123260498047, 2.637911796569824, 2.695169687271118, 2.7707462310791016, 2.815580129623413, 2.8694803714752197, 2.9537761211395264, 3.0245094299316406, 3.1173999309539795, 3.180555582046509, 3.285277843475342, 3.366508960723877, 3.4791085720062256, inf]), 0.01749303564429283, 43812000000, 
array('f', [inf, inf, inf, inf, inf, inf, inf, inf, inf, inf, inf, inf, inf, inf, inf, inf, inf, inf, inf, inf, inf, inf, inf, inf, inf, inf, inf, inf, inf, inf, inf, inf, inf, inf, inf, inf, inf, inf, inf, inf, inf, inf, inf, inf, inf, inf, inf, inf, inf, inf, inf, inf, inf, inf, inf, inf, inf, inf, inf, inf, inf, inf, inf, inf, inf, inf, inf, inf, inf, inf, inf, inf, inf, inf, inf, inf, inf, inf, inf, inf, inf, inf, inf, inf, inf, inf, inf, inf, inf, inf, inf, inf, inf, inf, inf, inf, inf, inf, inf, inf, inf, inf, inf, inf, inf, inf, inf, inf, inf, inf, inf, inf, inf, inf, inf, inf, inf, inf, inf, inf, inf, inf, inf, inf, inf, inf, inf, inf, inf, inf, inf, inf, inf, inf, inf, inf, inf, inf, inf, inf, inf, inf, inf, inf, inf, inf, inf, inf, inf, inf, inf, inf, inf, inf, inf, inf, inf, inf, inf, inf, inf, inf, inf, inf, inf, inf, inf, inf, inf, inf, inf, inf, inf, inf, inf, inf, inf, inf, inf, inf, inf, inf, inf, inf, inf, inf, inf, inf, inf, inf, inf, inf, inf, inf, inf, inf, inf, inf, inf, inf, inf, inf, inf, inf, inf, inf, inf, inf, inf, inf, inf, inf, inf, inf, inf, inf, inf, inf, inf, inf, inf, inf, inf, inf, inf, inf, inf, inf, inf, inf, inf, inf, 3.4390838146209717, 3.325889825820923, 2.5636067390441895, 2.545692205429077, inf, inf, inf, inf, inf, inf, inf, inf, 2.560086488723755, 2.5005013942718506, 2.4611563682556152, 2.4020702838897705, 2.3629631996154785, 2.3250930309295654, 2.2699825763702393, 2.2460217475891113, 2.218196153640747, 2.17775297164917, 2.1594345569610596, 2.123676300048828, 2.103341579437256, 2.057981014251709, 2.050452709197998, 2.0293588638305664, 1.995115876197815, 1.9806239604949951, 1.9509189128875732, 1.924891710281372, 1.921680212020874, 1.9055867195129395, 1.8801002502441406, 1.8701374530792236, 1.865716576576233, 1.8407424688339233, 1.8159024715423584, 1.7924398183822632, 1.811349630355835, 1.8035868406295776, 1.7794688940048218, 1.7592084407806396, 1.7580502033233643, 1.764588475227356, 1.7443443536758423, 1.740235447883606, 1.727790355682373, 1.7049674987792969, 1.7145862579345703, 1.7019163370132446, 1.7035589218139648, 1.7039835453033447, 1.6997169256210327, 1.6854252815246582, 1.6795510053634644, 1.6876051425933838, 1.6857391595840454, 1.694116473197937, 1.670268177986145, 1.697522759437561, 1.6747630834579468, 1.707654595375061, 1.685495376586914, 1.698425054550171, 1.698538064956665, 1.6875497102737427, 1.727437138557434, 1.7125362157821655, 1.71315598487854, 1.70936918258667, 1.7132359743118286, 1.7171850204467773, 1.7393338680267334, 1.7311152219772339, 1.7546017169952393, 1.7624355554580688, 1.7744982242584229, 1.7843477725982666, 1.801101565361023, 1.8003935813903809, 1.8146485090255737, 1.8376595973968506, 1.834943413734436, 1.8519607782363892, 1.885049819946289, 1.9099937677383423, 1.913343906402588, 1.9351534843444824, 1.940567135810852, 1.9697118997573853, 1.9695258140563965, 1.9989352226257324, 2.028123617172241, 2.078206777572632, 2.087712287902832, 2.108034133911133, 2.1211328506469727, 2.169161319732666, 2.2004120349884033, 2.226341962814331, 2.2571020126342773, 2.295367479324341, 2.3279452323913574, 2.3766839504241943, 2.4236254692077637, 2.463290214538574, 2.4908969402313232, 2.5466957092285156, 2.618779420852661, 2.6667487621307373, 2.7296407222747803, 2.7768640518188477, 2.858024835586548, 2.9383480548858643, 2.999674081802368, 3.093824625015259, 3.1676430702209473, 3.255618095397949, 3.3597769737243652, 3.4398787021636963, inf, inf, inf, inf, inf, inf]), 0.01749303564429283, 44012000000, 
array('f', [inf, inf, inf, inf, inf, inf, inf, inf, inf, inf, inf, inf, inf, inf, inf, inf, inf, inf, inf, inf, inf, inf, inf, inf, inf, inf, inf, inf, inf, inf, inf, inf, inf, inf, inf, inf, inf, inf, inf, inf, inf, inf, inf, inf, inf, inf, inf, inf, inf, inf, inf, inf, inf, inf, inf, inf, inf, inf, inf, inf, inf, inf, inf, inf, inf, inf, inf, inf, inf, inf, inf, inf, inf, inf, inf, inf, inf, inf, inf, inf, inf, inf, inf, inf, inf, inf, inf, inf, inf, inf, inf, inf, inf, inf, inf, inf, inf, inf, inf, inf, inf, inf, inf, inf, inf, inf, inf, inf, inf, inf, inf, inf, inf, inf, inf, inf, inf, inf, inf, inf, inf, inf, inf, inf, inf, inf, inf, inf, inf, inf, inf, inf, inf, inf, inf, inf, inf, inf, inf, inf, inf, inf, inf, inf, inf, inf, inf, inf, inf, inf, inf, inf, inf, inf, inf, inf, inf, inf, inf, inf, inf, inf, inf, inf, inf, inf, inf, inf, inf, inf, inf, inf, inf, inf, inf, inf, inf, inf, inf, inf, inf, inf, inf, inf, inf, inf, inf, inf, inf, inf, inf, inf, inf, inf, inf, inf, inf, inf, inf, inf, inf, inf, inf, inf, inf, inf, inf, inf, inf, inf, inf, inf, inf, inf, inf, inf, inf, inf, inf, inf, inf, inf, inf, inf, inf, 3.465548276901245, 2.627438545227051, 2.6371963024139404, inf, inf, inf, inf, inf, inf, inf, inf, 2.5945050716400146, 2.5327844619750977, 2.492490768432617, 2.45190691947937, 2.3847858905792236, 2.36667799949646, 2.3223230838775635, 2.2498512268066406, 2.212937593460083, 2.2222023010253906, 2.167344570159912, 2.13066029548645, 2.1095211505889893, 2.0816385746002197, 2.0488805770874023, 2.044066905975342, 1.9904574155807495, 1.980334758758545, 1.95375657081604, 1.9414892196655273, 1.9198498725891113, 1.8787152767181396, 1.8852876424789429, 1.865107774734497, 1.8244926929473877, 1.818129062652588, 1.784470558166504, 1.7988989353179932, 1.7871173620224, 1.7889504432678223, 1.7856125831604004, 1.759069800376892, 1.7346516847610474, 1.740229606628418, 1.7143306732177734, 1.7107183933258057, 1.7132576704025269, 1.7009434700012207, 1.6869083642959595, 1.687504768371582, 1.690775990486145, 1.6785240173339844, 1.673844337463379, 1.6427891254425049, 1.654809832572937, 1.6692577600479126, 1.6472543478012085, 1.665283203125, 1.65623140335083, 1.6436798572540283, 1.6498982906341553, 1.654669165611267, 1.647976040840149, 1.650740623474121, 1.632889747619629, 1.6504589319229126, 1.6504039764404297, 1.6585837602615356, 1.6551851034164429, 1.6769269704818726, 1.6725473403930664, 1.679545521736145, 1.669249176979065, 1.683869481086731, 1.6911550760269165, 1.7007639408111572, 1.698769450187683, 1.705462098121643, 1.707059621810913, 1.7228925228118896, 1.7429472208023071, 1.7695038318634033, 1.7799005508422852, 1.7824939489364624, 1.8076878786087036, 1.8135420083999634, 1.8215910196304321, 1.8398000001907349, 1.8737132549285889, 1.8570349216461182, 1.8917204141616821, 1.918757438659668, 1.9331855773925781, 1.959407925605774, 1.9693673849105835, 1.9894429445266724, 2.025249481201172, 2.0576934814453125, 2.064605236053467, 2.099210500717163, 2.120410919189453, 2.1680619716644287, 2.195960760116577, 2.236407995223999, 2.274451494216919, 2.2959439754486084, 2.3619093894958496, 2.3942089080810547, 2.4580442905426025, 2.5043418407440186, 2.5283310413360596, 2.5789706707000732, 2.6524109840393066, 2.7139337062835693, 2.7827601432800293, 2.8257994651794434, 2.9055700302124023, 2.9939281940460205, 3.075894355773926, 3.1619131565093994, 3.245197057723999, 3.3429033756256104, 3.464686632156372, inf, inf, inf, inf, inf, inf, inf, inf, inf, inf, inf]), 0.01749303564429283, 44213000000, 
array('f', [inf, inf, inf, inf, inf, inf, inf, inf, inf, inf, inf, inf, inf, inf, inf, inf, inf, inf, inf, inf, inf, inf, inf, inf, inf, inf, inf, inf, inf, inf, inf, inf, inf, inf, inf, inf, inf, inf, inf, inf, inf, inf, inf, inf, inf, inf, inf, inf, inf, inf, inf, inf, inf, inf, inf, inf, inf, inf, inf, inf, inf, inf, inf, inf, inf, inf, inf, inf, inf, inf, inf, inf, inf, inf, inf, inf, inf, inf, inf, inf, inf, inf, inf, inf, inf, inf, inf, inf, inf, inf, inf, inf, inf, inf, inf, inf, inf, inf, inf, inf, inf, inf, inf, inf, inf, inf, inf, inf, inf, inf, inf, inf, inf, inf, inf, inf, inf, inf, inf, inf, inf, inf, inf, inf, inf, inf, inf, inf, inf, inf, inf, inf, inf, inf, inf, inf, inf, inf, inf, inf, inf, inf, inf, inf, inf, inf, inf, inf, inf, inf, inf, inf, inf, inf, inf, inf, inf, inf, inf, inf, inf, inf, inf, inf, inf, inf, inf, inf, inf, inf, inf, inf, inf, inf, inf, inf, inf, inf, inf, inf, inf, inf, inf, inf, inf, inf, inf, inf, inf, inf, inf, inf, inf, inf, inf, inf, inf, inf, inf, inf, inf, inf, inf, inf, inf, inf, inf, inf, inf, inf, inf, inf, inf, inf, inf, inf, inf, inf, inf, 2.6917295455932617, inf, inf, inf, inf, inf, inf, inf, inf, 2.667654514312744, 2.5993638038635254, 2.565087080001831, 2.4746792316436768, 2.4400224685668945, 2.3899807929992676, 2.3557279109954834, 2.3077914714813232, 2.2733373641967773, 2.2239513397216797, 2.1995482444763184, 2.1620824337005615, 2.126659631729126, 2.1148593425750732, 2.051222085952759, 2.0351271629333496, 2.0278210639953613, 1.9846224784851074, 1.947251558303833, 1.9217207431793213, 1.9132091999053955, 1.893847107887268, 1.8786762952804565, 1.8716720342636108, 1.8474470376968384, 1.8233160972595215, 1.8040131330490112, 1.7931078672409058, 1.7862681150436401, 1.7533278465270996, 1.7575500011444092, 1.7214598655700684, 1.7275865077972412, 1.7214487791061401, 1.6989469528198242, 1.6907405853271484, 1.6941486597061157, 1.691489338874817, 1.6613472700119019, 1.6587088108062744, 1.6615501642227173, 1.6481707096099854, 1.646073341369629, 1.6369789838790894, 1.6287939548492432, 1.6209243535995483, 1.6232010126113892, 1.6287835836410522, 1.623119592666626, 1.6151598691940308, 1.6202611923217773, 1.6232112646102905, 1.5987211465835571, 1.5989937782287598, 1.604012370109558, 1.6063404083251953, 1.6275582313537598, 1.6216115951538086, 1.6372216939926147, 1.62153959274292, 1.6205289363861084, 1.6324578523635864, 1.6453906297683716, 1.634035587310791, 1.6525211334228516, 1.6721365451812744, 1.664607286453247, 1.6757444143295288, 1.6825366020202637, 1.6734286546707153, 1.6859588623046875, 1.6969741582870483, 1.692059874534607, 1.725812315940857, 1.73465096950531, 1.7566453218460083, 1.771358847618103, 1.7763245105743408, 1.7866090536117554, 1.7999666929244995, 1.821877360343933, 1.8330694437026978, 1.8643115758895874, 1.883602261543274, 1.8866337537765503, 1.9058685302734375, 1.9193798303604126, 1.9479602575302124, 1.9834177494049072, 2.017953872680664, 2.035944938659668, 2.072890281677246, 2.117643356323242, 2.1164588928222656, 2.152728796005249, 2.185197114944458, 2.2272024154663086, 2.2727630138397217, 2.300227642059326, 2.316429615020752, 2.3766982555389404, 2.4364547729492188, 2.481680154800415, 2.533841848373413, 2.5768373012542725, 2.6496152877807617, 2.716329336166382, 2.787966728210449, 2.854606866836548, 2.920684814453125, 3.0079469680786133, 3.103342056274414, 3.1891300678253174, 3.2694733142852783, 3.3812336921691895, inf, inf, inf, inf, inf, inf, inf, inf, inf, inf, inf, inf, inf, inf, inf, inf, inf]), 0.01749303564429283, 44412000000, 
array('f', [3.457393169403076, 3.4422011375427246, 3.4340946674346924, 3.4342987537384033, 3.4129204750061035, 3.4459168910980225, 3.4248082637786865, 3.4412269592285156, 3.4386532306671143, 3.4600765705108643, 3.4280505180358887, 3.442627429962158, 3.4701106548309326, 3.465808153152466, 3.485802173614502, 3.4901139736175537, 3.488833427429199, inf, inf, inf, inf, inf, inf, inf, inf, inf, inf, inf, inf, inf, inf, inf, inf, inf, inf, inf, inf, inf, inf, inf, inf, inf, inf, inf, inf, inf, inf, inf, inf, inf, inf, inf, inf, inf, inf, inf, inf, inf, inf, inf, inf, inf, inf, inf, inf, inf, inf, inf, inf, inf, inf, inf, inf, inf, inf, inf, inf, inf, inf, inf, inf, inf, inf, inf, inf, inf, inf, inf, inf, inf, inf, inf, inf, inf, inf, inf, inf, inf, inf, inf, inf, inf, inf, inf, inf, inf, inf, inf, inf, inf, inf, inf, inf, inf, inf, inf, inf, inf, inf, inf, inf, inf, inf, inf, inf, inf, inf, inf, inf, inf, inf, inf, inf, inf, inf, inf, inf, inf, inf, inf, inf, inf, inf, inf, inf, inf, inf, inf, inf, inf, inf, inf, inf, inf, inf, inf, inf, inf, inf, inf, inf, inf, inf, inf, inf, inf, inf, inf, inf, inf, inf, inf, inf, inf, inf, inf, inf, inf, inf, inf, inf, inf, inf, inf, inf, inf, inf, inf, inf, inf, inf, inf, inf, inf, inf, inf, inf, inf, inf, inf, inf, inf, inf, inf, inf, inf, inf, inf, inf, inf, inf, 2.800499439239502, inf, inf, inf, inf, inf, inf, inf, inf, 2.768308162689209, 2.6965034008026123, 2.639601230621338, 2.569821357727051, 2.519202947616577, 2.459169387817383, 2.4055521488189697, 2.375758409500122, 2.328630208969116, 2.2718074321746826, 2.253124713897705, 2.2025272846221924, 2.1708271503448486, 2.1255316734313965, 2.113792896270752, 2.079047441482544, 2.0427494049072266, 2.0085232257843018, 2.001114845275879, 1.9659782648086548, 1.931665301322937, 1.8920053243637085, 1.9079198837280273, 1.8731151819229126, 1.8581485748291016, 1.8266170024871826, 1.8204820156097412, 1.8018485307693481, 1.782193660736084, 1.7615456581115723, 1.7374122142791748, 1.741301417350769, 1.7205804586410522, 1.7242828607559204, 1.7195796966552734, 1.681122064590454, 1.7059972286224365, 1.6721304655075073, 1.6741080284118652, 1.6629210710525513, 1.6502846479415894, 1.6289036273956299, 1.6268630027770996, 1.59718656539917, 1.6120688915252686, 1.61701238155365, 1.6215020418167114, 1.6023499965667725, 1.602485179901123, 1.598305583000183, 1.591863989830017, 1.6074050664901733, 1.5939278602600098, 1.5832728147506714, 1.6034443378448486, 1.6054962873458862, 1.5859980583190918, 1.5985400676727295, 1.5958549976348877, 1.5887706279754639, 1.5905154943466187, 1.611851692199707, 1.6027884483337402, 1.6202561855316162, 1.6088371276855469, 1.6070970296859741, 1.6209750175476074, 1.6249525547027588, 1.653045892715454, 1.633705735206604, 1.6687078475952148, 1.6652413606643677, 1.671769380569458, 1.6793400049209595, 1.693379282951355, 1.6914225816726685, 1.7119885683059692, 1.7114503383636475, 1.7302649021148682, 1.7519216537475586, 1.7692739963531494, 1.7961534261703491, 1.789792776107788, 1.8152109384536743, 1.8392177820205688, 1.8496818542480469, 1.8621193170547485, 1.8836286067962646, 1.9152655601501465, 1.9307003021240234, 1.972096562385559, 1.9719035625457764, 2.012828826904297, 2.03590989112854, 2.074942111968994, 2.0864715576171875, 2.1369705200195312, 2.154956102371216, 2.189835786819458, 2.230043888092041, 2.2875938415527344, 2.3180623054504395, 2.3623874187469482, 2.40065860748291, 2.4414312839508057, 2.5100722312927246, 2.538174867630005, 2.6050174236297607, 2.658210277557373, 2.734304666519165, 2.802771806716919, 2.8900060653686523, 2.9545321464538574, 3.0512197017669678, 3.128485918045044, 3.24094820022583, 3.3235998153686523, 3.4520070552825928, inf, inf, inf, inf, inf, inf, inf, inf, inf, inf, inf, inf, inf, inf, inf, inf, 3.4925296306610107, 3.4718408584594727, 3.477327346801758, 3.4483871459960938, 3.455514669418335, 3.4512674808502197]), 0.01749303564429283, 44612000000, 
array('f', [3.3263068199157715, 3.321258306503296, 3.320589542388916, 3.33262038230896, 3.3102712631225586, 3.3271291255950928, 3.333054542541504, 3.3513219356536865, 3.344804525375366, 3.382103681564331, 3.372527837753296, 3.3784496784210205, 3.3864939212799072, 3.4305155277252197, 3.4251773357391357, 3.4394617080688477, 3.453815221786499, 3.467604398727417, 3.5, inf, inf, inf, inf, inf, inf, inf, inf, inf, inf, inf, inf, inf, inf, inf, inf, inf, inf, inf, inf, inf, inf, inf, inf, inf, inf, inf, inf, inf, inf, inf, inf, inf, inf, inf, inf, inf, inf, inf, inf, inf, inf, inf, inf, inf, inf, inf, inf, inf, inf, inf, inf, inf, inf, inf, inf, inf, inf, inf, inf, inf, inf, inf, inf, inf, inf, inf, inf, inf, inf, inf, inf, inf, inf, inf, inf, inf, inf, inf, inf, inf, inf, inf, inf, inf, inf, inf, inf, inf, inf, inf, inf, inf, inf, inf, inf, inf, inf, inf, inf, inf, inf, inf, inf, inf, inf, inf, inf, inf, inf, inf, inf, inf, inf, inf, inf, inf, inf, inf, inf, inf, inf, inf, inf, inf, inf, inf, inf, inf, inf, inf, inf, inf, inf, inf, inf, inf, inf, inf, inf, inf, inf, inf, inf, inf, inf, inf, inf, inf, inf, inf, inf, inf, inf, inf, inf, inf, inf, inf, inf, inf, inf, inf, inf, inf, inf, inf, inf, inf, inf, inf, inf, inf, inf, inf, inf, inf, inf, inf, inf, inf, inf, inf, inf, inf, 2.9140806198120117, inf, inf, inf, inf, inf, inf, inf, 2.8976738452911377, 2.8172895908355713, 2.7674965858459473, 2.696744203567505, 2.6164793968200684, 2.561100482940674, 2.511047601699829, 2.468123435974121, 2.4037113189697266, 2.3567259311676025, 2.3226637840270996, 2.2686383724212646, 2.2234394550323486, 2.200956106185913, 2.1651244163513184, 2.112543821334839, 2.0826146602630615, 2.0513248443603516, 2.043086051940918, 2.0054092407226562, 1.9750993251800537, 1.94612717628479, 1.9319748878479004, 1.8957867622375488, 1.8747919797897339, 1.8708680868148804, 1.8397096395492554, 1.832322359085083, 1.8123750686645508, 1.8117477893829346, 1.7679319381713867, 1.7448393106460571, 1.7592999935150146, 1.7188754081726074, 1.7134919166564941, 1.7044988870620728, 1.6898223161697388, 1.7200418710708618, 1.669601321220398, 1.6649208068847656, 1.648226022720337, 1.6490845680236816, 1.6382262706756592, 1.6315572261810303, 1.632697582244873, 1.6256872415542603, 1.6133627891540527, 1.599573016166687, 1.6138999462127686, 1.5804011821746826, 1.5993674993515015, 1.5979902744293213, 1.5756769180297852, 1.5975054502487183, 1.592777132987976, 1.5958127975463867, 1.592820405960083, 1.5889836549758911, 1.5838022232055664, 1.5617132186889648, 1.6052271127700806, 1.593188762664795, 1.571702480316162, 1.5940909385681152, 1.6100701093673706, 1.60269033908844, 1.6163115501403809, 1.610121726989746, 1.612060308456421, 1.6259769201278687, 1.6337443590164185, 1.6228646039962769, 1.6574941873550415, 1.6619826555252075, 1.667566180229187, 1.664157748222351, 1.6910715103149414, 1.6986767053604126, 1.6770092248916626, 1.722664713859558, 1.71240234375, 1.7309068441390991, 1.7517096996307373, 1.7759499549865723, 1.7747894525527954, 1.8155421018600464, 1.8200860023498535, 1.840049147605896, 1.8594096899032593, 1.8841361999511719, 1.8915520906448364, 1.9029641151428223, 1.9382988214492798, 1.9701913595199585, 2.0020995140075684, 2.0082151889801025, 2.0564334392547607, 2.077425479888916, 2.1313533782958984, 2.1477982997894287, 2.182393789291382, 2.2206366062164307, 2.2612242698669434, 2.295293092727661, 2.3604557514190674, 2.3772661685943604, 2.415480613708496, 2.484506845474243, 2.524427890777588, 2.5975425243377686, 2.639348268508911, 2.7125861644744873, 2.791811466217041, 2.865323543548584, 2.9375762939453125, 3.0398812294006348, 3.1289784908294678, 3.2059481143951416, 3.309844732284546, 3.417609930038452, inf, inf, inf, inf, inf, inf, inf, inf, 3.489908218383789, 3.4870917797088623, 3.4592461585998535, 3.4341585636138916, 3.414321184158325, 3.3901734352111816, 3.401540517807007, 3.3734934329986572, 3.3729653358459473, 3.3634305000305176, 3.328679323196411, 3.3397436141967773, 3.33449387550354, 3.3168420791625977, 3.306527614593506, 3.3081209659576416, 3.3076422214508057, 3.310577869415283, 3.3064279556274414, 3.30002760887146]), 0.01749303564429283, 44812000000, 
array('f', [3.2128117084503174, 3.2164254188537598, 3.2314889430999756, 3.2425200939178467, 3.2399849891662598, 3.26145339012146, 3.275423526763916, 3.2704029083251953, 3.2851314544677734, 3.2970972061157227, 3.3034307956695557, 3.3359460830688477, 3.362847089767456, 3.3903791904449463, 3.4142143726348877, 3.4318552017211914, 3.457122564315796, 3.4694204330444336, inf, inf, inf, inf, inf, inf, inf, inf, inf, inf, inf, inf, inf, inf, inf, inf, inf, inf, inf, inf, inf, inf, inf, inf, inf, inf, inf, inf, inf, inf, inf, inf, inf, inf, inf, inf, inf, inf, inf, inf, inf, inf, inf, inf, inf, inf, inf, inf, inf, inf, inf, inf, inf, inf, inf, inf, inf, inf, inf, inf, inf, inf, inf, inf, inf, inf, inf, inf, inf, inf, inf, inf, inf, inf, inf, inf, inf, inf, inf, inf, inf, inf, inf, inf, inf, inf, inf, inf, inf, inf, inf, inf, inf, inf, inf, inf, inf, inf, inf, inf, inf, inf, inf, inf, inf, inf, inf, inf, inf, inf, inf, inf, inf, inf, inf, inf, inf, inf, inf, inf, inf, inf, inf, inf, inf, inf, inf, inf, inf, inf, inf, inf, inf, inf, inf, inf, inf, inf, inf, inf, inf, inf, inf, inf, inf, inf, inf, inf, inf, inf, inf, inf, inf, inf, inf, inf, inf, inf, inf, inf, inf, inf, inf, inf, inf, inf, inf, inf, inf, inf, inf, inf, inf, inf, inf, inf, inf, inf, inf, 3.04862904548645, inf, inf, inf, inf, inf, inf, inf, 2.9937849044799805, 2.9062070846557617, 2.847010850906372, 2.7511024475097656, 2.694272994995117, 2.637852907180786, 2.581596851348877, 2.5259292125701904, 2.4616262912750244, 2.4116289615631104, 2.370680093765259, 2.327054023742676, 2.2876639366149902, 2.251943349838257, 2.208932876586914, 2.1724026203155518, 2.1330997943878174, 2.084841251373291, 2.0717928409576416, 2.0123555660247803, 2.0110907554626465, 1.9741365909576416, 1.9741085767745972, 1.917904019355774, 1.9163422584533691, 1.897896409034729, 1.8789513111114502, 1.816712498664856, 1.8307666778564453, 1.8223559856414795, 1.7883186340332031, 1.7683120965957642, 1.750710129737854, 1.7472277879714966, 1.730179786682129, 1.7322819232940674, 1.7069824934005737, 1.7024174928665161, 1.6845848560333252, 1.6910558938980103, 1.6664868593215942, 1.659566879272461, 1.6434309482574463, 1.6574374437332153, 1.6305782794952393, 1.6327404975891113, 1.621664047241211, 1.6127362251281738, 1.605150818824768, 1.6167958974838257, 1.6068851947784424, 1.6014593839645386, 1.6102383136749268, 1.5774199962615967, 1.5972764492034912, 1.588797926902771, 1.5917984247207642, 1.581560730934143, 1.5801551342010498, 1.5761791467666626, 1.5894180536270142, 1.595984935760498, 1.5948173999786377, 1.5962504148483276, 1.5884778499603271, 1.5920276641845703, 1.6065008640289307, 1.6148320436477661, 1.6250152587890625, 1.6302345991134644, 1.6154991388320923, 1.6393232345581055, 1.6414107084274292, 1.6526215076446533, 1.6610808372497559, 1.6546121835708618, 1.677071452140808, 1.6777409315109253, 1.7042096853256226, 1.7005630731582642, 1.7194206714630127, 1.7327427864074707, 1.725748062133789, 1.749865174293518, 1.7632986307144165, 1.7864233255386353, 1.8297398090362549, 1.8090819120407104, 1.8475795984268188, 1.8571690320968628, 1.883880615234375, 1.8955399990081787, 1.9331026077270508, 1.954749345779419, 1.9615049362182617, 1.9909212589263916, 2.0137979984283447, 2.0474698543548584, 2.0665056705474854, 2.097040891647339, 2.1365506649017334, 2.1959009170532227, 2.2109503746032715, 2.269648551940918, 2.296297788619995, 2.3442811965942383, 2.3698441982269287, 2.435990571975708, 2.5003302097320557, 2.5431418418884277, 2.6058361530303955, 2.673779010772705, 2.714977979660034, 2.7913711071014404, 2.874755382537842, 2.930553913116455, 3.019517183303833, 3.1085660457611084, 3.201145887374878, 3.321497678756714, 3.413073778152466, inf, inf, inf, 3.469804286956787, 3.468219041824341, 3.423502206802368, 3.4174113273620605, 3.3902225494384766, 3.3804409503936768, 3.3485429286956787, 3.3148603439331055, 3.309677839279175, 3.3139519691467285, 3.2855982780456543, 3.2882070541381836, 3.2538094520568848, 3.2652852535247803, 3.2211806774139404, 3.2265372276306152, 3.211087942123413, 3.2077739238739014, 3.1910879611968994, 3.211197853088379, 3.172008991241455, 3.1959314346313477, 3.1904258728027344, 3.186199188232422, 3.187440872192383, 3.17981219291687, 3.188723087310791, 3.1959407329559326, 3.2066290378570557, 3.2014224529266357, 3.1994550228118896]), 0.01749303564429283, 45012000000, 
array('f', [3.136488676071167, 3.14814829826355, 3.155484437942505, 3.179821252822876, 3.182070255279541, 3.21010422706604, 3.2174532413482666, 3.2383151054382324, 3.276947498321533, 3.2827863693237305, 3.308958053588867, 3.3466036319732666, 3.391054630279541, 3.3992786407470703, 3.41873836517334, 3.462726593017578, 3.457179546356201, inf, inf, inf, inf, inf, inf, inf, inf, inf, inf, inf, inf, inf, inf, inf, inf, inf, inf, inf, inf, inf, inf, inf, inf, inf, inf, inf, inf, inf, inf, inf, inf, inf, inf, inf, inf, inf, inf, inf, inf, inf, inf, inf, inf, inf, inf, inf, inf, inf, inf, inf, inf, inf, inf, inf, inf, inf, inf, inf, inf, inf, inf, inf, inf, inf, inf, inf, inf, inf, inf, inf, inf, inf, inf, inf, inf, inf, inf, inf, inf, inf, inf, inf, inf, inf, inf, inf, inf, inf, inf, inf, inf, inf, inf, inf, inf, inf, inf, inf, inf, inf, inf, inf, inf, inf, inf, inf, inf, inf, inf, inf, inf, inf, inf, inf, inf, inf, inf, inf, inf, inf, inf, inf, inf, inf, inf, inf, inf, inf, inf, inf, inf, inf, inf, inf, inf, inf, inf, inf, inf, inf, inf, inf, inf, inf, inf, inf, inf, inf, inf, inf, inf, inf, inf, inf, inf, inf, inf, inf, inf, inf, inf, inf, inf, inf, inf, inf, inf, inf, inf, inf, inf, inf, inf, 3.1405832767486572, inf, inf, inf, inf, inf, inf, 3.1153290271759033, 3.025667428970337, 2.9398722648620605, 2.854766368865967, 2.7912797927856445, 2.7169129848480225, 2.666099786758423, 2.627208948135376, 2.5629310607910156, 2.503875255584717, 2.43805193901062, 2.390577793121338, 2.3508148193359375, 2.3335461616516113, 2.268965244293213, 2.231152057647705, 2.1864871978759766, 2.1569747924804688, 2.126337766647339, 2.1035780906677246, 2.0692927837371826, 2.0275936126708984, 2.02093243598938, 1.9853980541229248, 1.952162742614746, 1.9424926042556763, 1.9254368543624878, 1.884848713874817, 1.8847352266311646, 1.854345440864563, 1.849391222000122, 1.825709342956543, 1.7938612699508667, 1.7713993787765503, 1.7943248748779297, 1.7583311796188354, 1.7471752166748047, 1.7276852130889893, 1.7180465459823608, 1.7184876203536987, 1.6919691562652588, 1.6988143920898438, 1.6965889930725098, 1.6618311405181885, 1.6748912334442139, 1.6600799560546875, 1.6345722675323486, 1.6566805839538574, 1.6214029788970947, 1.6275596618652344, 1.6242928504943848, 1.6055681705474854, 1.6035099029541016, 1.6229888200759888, 1.6129961013793945, 1.592305064201355, 1.6212364435195923, 1.6129603385925293, 1.6139994859695435, 1.5972790718078613, 1.6048214435577393, 1.6160801649093628, 1.6077181100845337, 1.6282296180725098, 1.6052461862564087, 1.6278929710388184, 1.6068825721740723, 1.6259108781814575, 1.6303404569625854, 1.6132845878601074, 1.6206477880477905, 1.641194224357605, 1.6512621641159058, 1.6627745628356934, 1.6441484689712524, 1.66806960105896, 1.6809245347976685, 1.7180966138839722, 1.7046455144882202, 1.7093732357025146, 1.7144635915756226, 1.746759057044983, 1.7619071006774902, 1.7753077745437622, 1.773551344871521, 1.7825746536254883, 1.8048994541168213, 1.8124874830245972, 1.8279809951782227, 1.8674023151397705, 1.8893226385116577, 1.908212661743164, 1.9199767112731934, 1.941095232963562, 1.9691389799118042, 1.986209511756897, 2.0188722610473633, 2.044889211654663, 2.0521135330200195, 2.0868749618530273, 2.1421866416931152, 2.173931360244751, 2.202357053756714, 2.241572141647339, 2.2796032428741455, 2.3385398387908936, 2.374833345413208, 2.4123764038085938, 2.451759099960327, 2.522780418395996, 2.5672671794891357, 2.613347053527832, 2.688263177871704, 2.7444350719451904, 2.8186490535736084, 2.8803625106811523, 2.9695301055908203, 3.0484931468963623, 3.1621978282928467, 3.234152317047119, 3.3401596546173096, 3.4539482593536377, 3.4101972579956055, 3.3788647651672363, 3.3798506259918213, 3.3292393684387207, 3.311782121658325, 3.279252290725708, 3.274742841720581, 3.2458014488220215, 3.2196431159973145, 3.2073147296905518, 3.176658868789673, 3.1862800121307373, 3.1544442176818848, 3.156282663345337, 3.1291563510894775, 3.1213061809539795, 3.1048755645751953, 3.112426996231079, 3.0866544246673584, 3.1094698905944824, 3.077716112136841, 3.0745866298675537, 3.068854331970215, 3.0588009357452393, 3.054431915283203, 3.066840887069702, 3.063721179962158, 3.0568959712982178, 3.0591659545898438, 3.057866334915161, 3.05731463432312, 3.0754599571228027, 3.0780868530273438, 3.084939956665039, 3.0888636112213135, 3.1003198623657227, 3.0974276065826416, 3.1054224967956543, 3.1199119091033936, 3.1245779991149902]), 0.01749303564429283, 45212000000, 
array('f', [3.085320234298706, 3.0996782779693604, 3.1405389308929443, 3.1499226093292236, 3.187443971633911, 3.203995943069458, 3.2264602184295654, 3.250849485397339, 3.2897210121154785, 3.309116840362549, 3.332386016845703, 3.354886770248413, 3.394261598587036, 3.4365217685699463, 3.4781198501586914, inf, inf, inf, inf, inf, inf, inf, inf, inf, inf, inf, inf, inf, inf, inf, inf, inf, inf, inf, inf, inf, inf, inf, inf, inf, inf, inf, inf, inf, inf, inf, inf, inf, inf, inf, inf, inf, inf, inf, inf, inf, inf, inf, inf, inf, inf, inf, inf, inf, inf, inf, inf, inf, inf, inf, inf, inf, inf, inf, inf, inf, inf, inf, inf, inf, inf, inf, inf, inf, inf, inf, inf, inf, inf, inf, inf, inf, inf, inf, inf, inf, inf, inf, inf, inf, inf, inf, inf, inf, inf, inf, inf, inf, inf, inf, inf, inf, inf, inf, inf, inf, inf, inf, inf, inf, inf, inf, inf, inf, inf, inf, inf, inf, inf, inf, inf, inf, inf, inf, inf, inf, inf, inf, inf, inf, inf, inf, inf, inf, inf, inf, inf, inf, inf, inf, inf, inf, inf, inf, inf, inf, inf, inf, inf, inf, inf, inf, inf, inf, inf, inf, inf, inf, inf, inf, inf, inf, inf, inf, inf, inf, inf, inf, inf, inf, inf, inf, inf, inf, inf, 3.294558048248291, inf, inf, inf, inf, inf, inf, 3.177285671234131, 3.093679904937744, 3.0091652870178223, 2.9296305179595947, 2.868093729019165, 2.7981371879577637, 2.6998019218444824, 2.6641647815704346, 2.6036057472229004, 2.5535800457000732, 2.4852185249328613, 2.4582996368408203, 2.3903775215148926, 2.3625431060791016, 2.315546751022339, 2.284433603286743, 2.2359018325805664, 2.219949245452881, 2.175395965576172, 2.1173489093780518, 2.136072874069214, 2.0872223377227783, 2.0470542907714844, 2.0140089988708496, 1.989357590675354, 1.978156328201294, 1.9550576210021973, 1.9306278228759766, 1.904355764389038, 1.882047176361084, 1.8755450248718262, 1.850864291191101, 1.8506823778152466, 1.811255693435669, 1.814623475074768, 1.7965877056121826, 1.7922102212905884, 1.7717188596725464, 1.7720818519592285, 1.743865728378296, 1.710266351699829, 1.7050963640213013, 1.716652274131775, 1.7114686965942383, 1.6835477352142334, 1.6979063749313354, 1.6890578269958496, 1.6778409481048584, 1.6547565460205078, 1.6510841846466064, 1.6465216875076294, 1.6533775329589844, 1.6681839227676392, 1.645050287246704, 1.666838526725769, 1.6507441997528076, 1.6382660865783691, 1.6326210498809814, 1.642816185951233, 1.6411532163619995, 1.6352952718734741, 1.6390366554260254, 1.623129963874817, 1.6364437341690063, 1.6242915391921997, 1.656684398651123, 1.6418108940124512, 1.6391785144805908, 1.6664392948150635, 1.6635286808013916, 1.6696181297302246, 1.6737674474716187, 1.685732126235962, 1.690334677696228, 1.701151728630066, 1.706979751586914, 1.7179687023162842, 1.7206077575683594, 1.7154252529144287, 1.7562828063964844, 1.7499841451644897, 1.7621769905090332, 1.780967354774475, 1.8206933736801147, 1.8117033243179321, 1.8251368999481201, 1.8457688093185425, 1.8626925945281982, 1.8670536279678345, 1.896653652191162, 1.9137743711471558, 1.9242106676101685, 1.9653083086013794, 1.9940431118011475, 2.000328779220581, 2.0281319618225098, 2.0615293979644775, 2.0803608894348145, 2.105118989944458, 2.1356136798858643, 2.168368339538574, 2.2099578380584717, 2.2347569465637207, 2.28352689743042, 2.3171582221984863, 2.3571646213531494, 2.411684274673462, 2.459167242050171, 2.520883798599243, 2.5471742153167725, 2.5920040607452393, 2.646713972091675, 2.7301440238952637, 2.7975213527679443, 2.8745920658111572, 2.931422472000122, 3.0214905738830566, 3.106475591659546, 3.20003342628479, 3.2906582355499268, 3.337916612625122, 3.31567120552063, 3.281846523284912, 3.248997926712036, 3.243365526199341, 3.217287302017212, 3.190100908279419, 3.180093765258789, 3.131052017211914, 3.133819580078125, 3.1042654514312744, 3.0787222385406494, 3.0413053035736084, 3.0360920429229736, 3.0352277755737305, 3.050672769546509, 3.009615421295166, 2.998645782470703, 2.973294496536255, 2.968745708465576, 2.985687732696533, 2.962594985961914, 2.9326865673065186, 2.9336624145507812, 2.9585695266723633, 2.9313547611236572, 2.9402246475219727, 2.936256170272827, 2.9479801654815674, 2.9310386180877686, 2.9478814601898193, 2.9319419860839844, 2.9350216388702393, 2.942870855331421, 2.926957845687866, 2.9411461353302, 2.9828333854675293, 2.9651806354522705, 2.986158847808838, 2.9708495140075684, 2.9915621280670166, 2.9800288677215576, 3.0136303901672363, 3.02323055267334, 3.0566835403442383, 3.0424351692199707, 3.0834813117980957, 3.085272789001465]), 0.01749303564429283, 45412000000, 
array('f', [3.0850026607513428, 3.0972416400909424, 3.134871244430542, 3.1734554767608643, 3.209627151489258, 3.2125251293182373, 3.262110710144043, 3.307429552078247, 3.3407788276672363, 3.3677146434783936, 3.4113218784332275, 3.441570997238159, inf, inf, inf, inf, inf, inf, inf, inf, inf, inf, inf, inf, inf, inf, inf, inf, inf, inf, inf, inf, inf, inf, inf, inf, inf, inf, inf, inf, inf, inf, inf, inf, inf, inf, inf, inf, inf, inf, inf, inf, inf, inf, inf, inf, inf, inf, inf, inf, inf, inf, inf, inf, inf, inf, inf, inf, inf, inf, inf, inf, inf, inf, inf, inf, inf, inf, inf, inf, inf, inf, inf, inf, inf, inf, inf, inf, inf, inf, inf, inf, inf, inf, inf, inf, inf, inf, inf, inf, inf, inf, inf, inf, inf, inf, inf, inf, inf, inf, inf, inf, inf, inf, inf, inf, inf, inf, inf, inf, inf, inf, inf, inf, inf, inf, inf, inf, inf, inf, inf, inf, inf, inf, inf, inf, inf, inf, inf, inf, inf, inf, inf, inf, inf, inf, inf, inf, inf, inf, inf, inf, inf, inf, inf, inf, inf, inf, inf, inf, inf, inf, inf, inf, inf, inf, inf, inf, inf, inf, inf, inf, inf, inf, inf, inf, inf, inf, inf, 3.4143340587615967, inf, inf, inf, inf, inf, inf, 3.279644250869751, 3.1819770336151123, 3.087770700454712, 3.0260820388793945, 2.943749189376831, 2.8860669136047363, 2.7964632511138916, 2.750296115875244, 2.686098337173462, 2.6291913986206055, 2.5783016681671143, 2.506633996963501, 2.4542131423950195, 2.4400975704193115, 2.3948259353637695, 2.3475892543792725, 2.3125479221343994, 2.2727322578430176, 2.2354114055633545, 2.194227695465088, 2.158216714859009, 2.1531240940093994, 2.11350154876709, 2.080538272857666, 2.066679000854492, 2.0143470764160156, 2.0176331996917725, 1.9814625978469849, 1.9590473175048828, 1.9443427324295044, 1.9171104431152344, 1.8992193937301636, 1.8920854330062866, 1.8691067695617676, 1.8512842655181885, 1.840653657913208, 1.8291337490081787, 1.8200019598007202, 1.807987928390503, 1.7887245416641235, 1.7777793407440186, 1.7624130249023438, 1.7611459493637085, 1.7524758577346802, 1.7289263010025024, 1.739967942237854, 1.728744387626648, 1.7165653705596924, 1.7064921855926514, 1.690834641456604, 1.7166049480438232, 1.6978137493133545, 1.695160150527954, 1.698380470275879, 1.6827819347381592, 1.6886054277420044, 1.692949652671814, 1.6835291385650635, 1.6762644052505493, 1.6958701610565186, 1.6714287996292114, 1.6765550374984741, 1.6716469526290894, 1.6942245960235596, 1.694514274597168, 1.6831848621368408, 1.6964319944381714, 1.698992133140564, 1.7001899480819702, 1.716552972793579, 1.6925759315490723, 1.7130264043807983, 1.7074131965637207, 1.728978157043457, 1.7444208860397339, 1.776648759841919, 1.789434790611267, 1.7847623825073242, 1.788777232170105, 1.7993559837341309, 1.8062025308609009, 1.8243833780288696, 1.8171287775039673, 1.8477510213851929, 1.8493062257766724, 1.8668218851089478, 1.8894327878952026, 1.9118645191192627, 1.9519211053848267, 1.9436278343200684, 1.9520907402038574, 1.9896504878997803, 1.9972771406173706, 2.0275206565856934, 2.066298007965088, 2.074368953704834, 2.110090494155884, 2.1442785263061523, 2.1961615085601807, 2.1987192630767822, 2.2268011569976807, 2.2701549530029297, 2.279299736022949, 2.341813325881958, 2.374363899230957, 2.4323582649230957, 2.442737340927124, 2.520482063293457, 2.574850082397461, 2.6094727516174316, 2.675649404525757, 2.742433547973633, 2.8049633502960205, 2.8644583225250244, 2.939023733139038, 3.013718366622925, 3.0830609798431396, 3.1792678833007812, 3.278393507003784, 3.2439379692077637, 3.2029526233673096, 3.1738476753234863, 3.150845527648926, 3.133988618850708, 3.100626230239868, 3.0816187858581543, 3.052610397338867, 3.0276377201080322, 3.003960371017456, 3.0005719661712646, 2.9890339374542236, 2.9515018463134766, 2.949288845062256, 2.923063039779663, 2.909722328186035, 2.888361930847168, 2.871307134628296, 2.8583762645721436, 2.8616528511047363, 2.8539645671844482, 2.8596320152282715, 2.842020273208618, 2.8327362537384033, 2.8349099159240723, 2.8318824768066406, 2.839388370513916, 2.820939064025879, 2.8274171352386475, 2.813568592071533, 2.813551187515259, 2.8157129287719727, 2.813803195953369, 2.828230857849121, 2.8100247383117676, 2.808276414871216, 2.8310635089874268, 2.806877613067627, 2.8389527797698975, 2.8419649600982666, 2.8368606567382812, 2.8638391494750977, 2.871793508529663, 2.893235921859741, 2.9049556255340576, 2.927290678024292, 2.932246685028076, 2.946068525314331, 2.9418728351593018, 2.97702956199646, 3.0098297595977783, 3.015122652053833, 3.0348262786865234, 3.08233904838562, 3.0719785690307617]), 0.01749303564429283, 45612000000, 
array('f', [3.1156704425811768, 3.1609458923339844, 3.18245267868042, 3.203437089920044, 3.258075714111328, 3.290304183959961, 3.331780433654785, inf, inf, inf, inf, inf, inf, inf, inf, inf, inf, inf, inf, inf, inf, inf, inf, inf, inf, inf, inf, inf, inf, inf, inf, inf, inf, inf, inf, inf, inf, inf, inf, inf, inf, inf, inf, inf, inf, inf, inf, inf, inf, inf, inf, inf, inf, inf, inf, inf, inf, inf, inf, inf, inf, inf, inf, inf, inf, inf, inf, inf, inf, inf, inf, inf, inf, inf, inf, inf, inf, inf, inf, inf, inf, inf, inf, inf, inf, inf, inf, inf, inf, inf, inf, inf, inf, inf, inf, inf, inf, inf, inf, inf, inf, inf, inf, inf, inf, inf, inf, inf, inf, inf, inf, inf, inf, inf, inf, inf, inf, inf, inf, inf, inf, inf, inf, inf, inf, inf, inf, inf, inf, inf, inf, inf, inf, inf, inf, inf, inf, inf, inf, inf, inf, inf, inf, inf, inf, inf, inf, inf, inf, inf, inf, inf, inf, inf, inf, inf, inf, inf, inf, inf, inf, inf, inf, inf, inf, inf, inf, inf, inf, inf, inf, inf, inf, inf, inf, inf, inf, inf, inf, inf, 3.4517478942871094, 3.319729804992676, 3.247205972671509, 3.1608786582946777, 3.0646328926086426, 3.0007779598236084, 2.9010636806488037, 2.855560302734375, 2.7841601371765137, 2.729951858520508, 2.666419267654419, 2.628805160522461, 2.5734779834747314, 2.523172378540039, 2.4841978549957275, 2.4472999572753906, 2.3924334049224854, 2.3558061122894287, 2.317603826522827, 2.2655105590820312, 2.2594470977783203, 2.2273313999176025, 2.1894354820251465, 2.164766311645508, 2.137890338897705, 2.1000356674194336, 2.0920004844665527, 2.0611486434936523, 2.0361430644989014, 2.008593797683716, 1.9884296655654907, 1.980141282081604, 1.9883172512054443, 1.9470363855361938, 1.9169970750808716, 1.9032492637634277, 1.8910900354385376, 1.8716446161270142, 1.884231448173523, 1.8607354164123535, 1.8497068881988525, 1.834694266319275, 1.8345160484313965, 1.8091650009155273, 1.8032348155975342, 1.800429344177246, 1.7959537506103516, 1.7763159275054932, 1.772251009941101, 1.7529206275939941, 1.7677572965621948, 1.7519458532333374, 1.7419278621673584, 1.7495694160461426, 1.7372632026672363, 1.7618143558502197, 1.7395633459091187, 1.7526167631149292, 1.7368537187576294, 1.742213249206543, 1.740165114402771, 1.7371164560317993, 1.7368264198303223, 1.7422429323196411, 1.7461789846420288, 1.740359902381897, 1.739500641822815, 1.766474962234497, 1.747389316558838, 1.7663705348968506, 1.7869184017181396, 1.7877085208892822, 1.7618963718414307, 1.8158665895462036, 1.801501989364624, 1.807289958000183, 1.8219705820083618, 1.8136317729949951, 1.8375146389007568, 1.8505033254623413, 1.8543368577957153, 1.8762998580932617, 1.8817343711853027, 1.8843934535980225, 1.9195204973220825, 1.921165943145752, 1.9385581016540527, 1.9703450202941895, 1.9747188091278076, 2.004896879196167, 2.0196375846862793, 2.0352702140808105, 2.0933291912078857, 2.094050168991089, 2.111626625061035, 2.160856008529663, 2.1767210960388184, 2.2047462463378906, 2.22863507270813, 2.269259214401245, 2.2927019596099854, 2.331031322479248, 2.365288496017456, 2.409118413925171, 2.4459571838378906, 2.497837781906128, 2.5304386615753174, 2.5795578956604004, 2.6472346782684326, 2.6853597164154053, 2.7547662258148193, 2.8140294551849365, 2.8760976791381836, 2.938030958175659, 3.0069289207458496, 3.1084320545196533, 3.15787935256958, 3.1946628093719482, 3.1286520957946777, 3.1226119995117188, 3.0911378860473633, 3.070404529571533, 3.026435375213623, 3.0010383129119873, 2.9865922927856445, 2.9466543197631836, 2.9228508472442627, 2.917599678039551, 2.8888423442840576, 2.8647942543029785, 2.87073016166687, 2.8360836505889893, 2.811971664428711, 2.804413080215454, 2.783203125, 2.7675559520721436, 2.773376941680908, 2.7457289695739746, 2.758485794067383, 2.744741678237915, 2.740537405014038, 2.716639280319214, 2.710317611694336, 2.69779109954834, 2.7237863540649414, 2.707869291305542, 2.6903998851776123, 2.6889255046844482, 2.6987950801849365, 2.701650381088257, 2.6852328777313232, 2.7048888206481934, 2.685516595840454, 2.715245485305786, 2.702207326889038, 2.710759162902832, 2.711710214614868, 2.718977928161621, 2.715535879135132, 2.7191715240478516, 2.760915517807007, 2.765843629837036, 2.771315336227417, 2.7715003490448, 2.791701078414917, 2.797111749649048, 2.8165011405944824, 2.8324637413024902, 2.8558576107025146, 2.8675060272216797, 2.876828670501709, 2.8914926052093506, 2.9263126850128174, 2.9548444747924805, 2.962831497192383, 3.007155179977417, 3.010067939758301, 3.0514960289001465, 3.084238290786743, 3.1210639476776123]), 0.01749303564429283, 45813000000, 
array('f', [3.1861236095428467, inf, inf, inf, inf, inf, inf, inf, inf, inf, inf, inf, inf, inf, inf, inf, inf, inf, inf, inf, inf, inf, inf, inf, inf, inf, inf, inf, inf, inf, inf, inf, inf, inf, inf, inf, inf, inf, inf, inf, inf, inf, inf, inf, inf, inf, inf, inf, inf, inf, inf, inf, inf, inf, inf, inf, inf, inf, inf, inf, inf, inf, inf, inf, inf, inf, inf, inf, inf, inf, inf, inf, inf, inf, inf, inf, inf, inf, inf, inf, inf, inf, inf, inf, inf, inf, inf, inf, inf, inf, inf, inf, inf, inf, inf, inf, inf, inf, inf, inf, inf, inf, inf, inf, inf, inf, inf, inf, inf, inf, inf, inf, inf, inf, inf, inf, inf, inf, inf, inf, inf, inf, inf, inf, inf, inf, inf, inf, inf, inf, inf, inf, inf, inf, inf, inf, inf, inf, inf, inf, inf, inf, inf, inf, inf, inf, inf, inf, inf, inf, inf, inf, inf, inf, inf, inf, inf, inf, inf, inf, inf, inf, inf, inf, inf, inf, inf, inf, inf, inf, inf, inf, inf, inf, inf, 3.4873077869415283, 3.3656318187713623, 3.2661828994750977, 3.207573890686035, 3.1324520111083984, 3.0375924110412598, 2.9898197650909424, 2.928109645843506, 2.8400590419769287, 2.7926418781280518, 2.7092432975769043, 2.6772305965423584, 2.625837564468384, 2.5730128288269043, 2.5200891494750977, 2.494051218032837, 2.453099489212036, 2.394721508026123, 2.3807694911956787, 2.3370559215545654, 2.3047597408294678, 2.2498576641082764, 2.237062454223633, 2.2402989864349365, 2.176903486251831, 2.1836090087890625, 2.1443936824798584, 2.1071743965148926, 2.0926427841186523, 2.0783417224884033, 2.073620080947876, 2.0314300060272217, 2.0010602474212646, 2.014915704727173, 1.9973846673965454, 1.949934720993042, 1.9509187936782837, 1.9590327739715576, 1.9245434999465942, 1.929314374923706, 1.9096029996871948, 1.9101346731185913, 1.8693997859954834, 1.8689546585083008, 1.8603391647338867, 1.8772469758987427, 1.849952220916748, 1.8387560844421387, 1.8140827417373657, 1.85296630859375, 1.8289344310760498, 1.8278898000717163, 1.836162805557251, 1.8275268077850342, 1.8181442022323608, 1.8110932111740112, 1.8219178915023804, 1.811018466949463, 1.8130128383636475, 1.8309699296951294, 1.7964069843292236, 1.8024389743804932, 1.8057327270507812, 1.8043444156646729, 1.7922937870025635, 1.8146798610687256, 1.8090837001800537, 1.8338655233383179, 1.8467721939086914, 1.8357328176498413, 1.8507620096206665, 1.8536086082458496, 1.872961401939392, 1.8747994899749756, 1.8733669519424438, 1.908889651298523, 1.8855516910552979, 1.9207477569580078, 1.9079219102859497, 1.944307565689087, 1.9340007305145264, 1.9579064846038818, 1.98475182056427, 1.9849584102630615, 2.0026347637176514, 2.021052598953247, 2.046738862991333, 2.071859836578369, 2.07377290725708, 2.093221664428711, 2.114347457885742, 2.154204845428467, 2.1591336727142334, 2.2096996307373047, 2.2438251972198486, 2.250523328781128, 2.2937815189361572, 2.322072744369507, 2.3504769802093506, 2.371333360671997, 2.4272494316101074, 2.4629342555999756, 2.508585214614868, 2.5644028186798096, 2.607445001602173, 2.626065731048584, 2.6855268478393555, 2.734940767288208, 2.801133871078491, 2.866424560546875, 2.917947769165039, 2.9685983657836914, 3.0709190368652344, 3.129770278930664, 3.1339282989501953, 3.080862283706665, 3.057856321334839, 3.038355588912964, 2.9836511611938477, 2.9806458950042725, 2.9471378326416016, 2.906121015548706, 2.8750040531158447, 2.858278512954712, 2.814502000808716, 2.8094499111175537, 2.8051695823669434, 2.7681186199188232, 2.764416217803955, 2.729154586791992, 2.713115692138672, 2.6945271492004395, 2.7001395225524902, 2.6712379455566406, 2.6552650928497314, 2.666679620742798, 2.643517017364502, 2.6369082927703857, 2.6148324012756348, 2.624386787414551, 2.598484992980957, 2.6064581871032715, 2.614942789077759, 2.603673219680786, 2.5877013206481934, 2.583139181137085, 2.5637171268463135, 2.5752954483032227, 2.5701992511749268, 2.593334436416626, 2.578031301498413, 2.5733931064605713, 2.596040964126587, 2.579050064086914, 2.594792127609253, 2.6029133796691895, 2.5968713760375977, 2.619112014770508, 2.6111176013946533, 2.616746425628662, 2.6429409980773926, 2.657775640487671, 2.6527907848358154, 2.6701481342315674, 2.6845104694366455, 2.7040810585021973, 2.7210707664489746, 2.71305251121521, 2.7363219261169434, 2.776923656463623, 2.779296636581421, 2.8026835918426514, 2.8124921321868896, 2.830029010772705, 2.8705830574035645, 2.88814115524292, 2.8999061584472656, 2.959868907928467, 2.9713218212127686, 3.00858998298645, 3.046818256378174, 3.060678482055664, 3.1184117794036865, 3.148712158203125, 3.1894142627716064]), 0.01749303564429283, 46012000000, 
array('f', [inf, inf, inf, inf, inf, inf, inf, inf, inf, inf, inf, inf, inf, inf, inf, inf, inf, inf, inf, inf, inf, inf, inf, inf, inf, inf, inf, inf, inf, inf, inf, inf, inf, inf, inf, inf, inf, inf, inf, inf, inf, inf, inf, inf, inf, inf, inf, inf, inf, inf, inf, inf, inf, inf, inf, inf, inf, inf, inf, inf, inf, inf, inf, inf, inf, inf, inf, inf, inf, inf, inf, inf, inf, inf, inf, inf, inf, inf, inf, inf, inf, inf, inf, inf, inf, inf, inf, inf, inf, inf, inf, inf, inf, inf, inf, inf, inf, inf, inf, inf, inf, inf, inf, inf, inf, inf, inf, inf, inf, inf, inf, inf, inf, inf, inf, inf, inf, inf, inf, inf, inf, inf, inf, inf, inf, inf, inf, inf, inf, inf, inf, inf, inf, inf, inf, inf, inf, inf, inf, inf, inf, inf, inf, inf, inf, inf, inf, inf, inf, inf, inf, inf, inf, inf, inf, inf, inf, inf, inf, inf, inf, inf, inf, inf, inf, inf, inf, inf, inf, inf, inf, 3.4667036533355713, 3.3704042434692383, 3.2819478511810303, 3.2032320499420166, 3.09429931640625, 3.0503556728363037, 2.9926652908325195, 2.928637742996216, 2.864434003829956, 2.821441650390625, 2.7595646381378174, 2.723280668258667, 2.6669299602508545, 2.6320717334747314, 2.5841033458709717, 2.54347825050354, 2.487583637237549, 2.4713709354400635, 2.4312362670898438, 2.39836049079895, 2.3642334938049316, 2.3381712436676025, 2.2982804775238037, 2.2707412242889404, 2.2447304725646973, 2.2081329822540283, 2.194255828857422, 2.1799681186676025, 2.1632912158966064, 2.134164810180664, 2.104057788848877, 2.0984907150268555, 2.086259603500366, 2.058323383331299, 2.058788299560547, 2.0370841026306152, 2.0347208976745605, 1.9964550733566284, 2.0027644634246826, 1.9932612180709839, 1.973336935043335, 1.9569271802902222, 1.9723702669143677, 1.9437823295593262, 1.9381132125854492, 1.9390968084335327, 1.9178634881973267, 1.9376397132873535, 1.9109770059585571, 1.9002654552459717, 1.9155583381652832, 1.8843339681625366, 1.8911055326461792, 1.8882418870925903, 1.904577374458313, 1.8990999460220337, 1.8803513050079346, 1.900871992111206, 1.8964776992797852, 1.8842248916625977, 1.897587537765503, 1.885524034500122, 1.9160741567611694, 1.9083452224731445, 1.9091033935546875, 1.913087010383606, 1.9256292581558228, 1.914713978767395, 1.9178248643875122, 1.941527247428894, 1.9600584506988525, 1.9375572204589844, 1.9620766639709473, 1.9727301597595215, 1.992852807044983, 1.9992259740829468, 2.0163838863372803, 2.026266574859619, 2.0214223861694336, 2.064631462097168, 2.0406739711761475, 2.0692074298858643, 2.09594464302063, 2.098870038986206, 2.135913610458374, 2.156454563140869, 2.1665823459625244, 2.2011735439300537, 2.2123465538024902, 2.2385802268981934, 2.283979654312134, 2.2882182598114014, 2.3137619495391846, 2.346230983734131, 2.3773934841156006, 2.418396234512329, 2.439304828643799, 2.48100209236145, 2.520782947540283, 2.563666343688965, 2.5900018215179443, 2.6422739028930664, 2.703373908996582, 2.7456095218658447, 2.7878270149230957, 2.8580362796783447, 2.908705711364746, 2.9664769172668457, 3.0331673622131348, 3.1040685176849365, 3.079303026199341, 3.0431365966796875, 2.9970927238464355, 2.946255922317505, 2.9157750606536865, 2.901876926422119, 2.8722751140594482, 2.8493406772613525, 2.8081729412078857, 2.792020797729492, 2.7908496856689453, 2.7578299045562744, 2.712991237640381, 2.700698137283325, 2.6828854084014893, 2.6768639087677, 2.6465861797332764, 2.6183528900146484, 2.6009738445281982, 2.5903594493865967, 2.6010148525238037, 2.5704383850097656, 2.5596563816070557, 2.544464349746704, 2.5536270141601562, 2.5221054553985596, 2.5155868530273438, 2.5130107402801514, 2.502047061920166, 2.506441593170166, 2.4843835830688477, 2.472576141357422, 2.491488218307495, 2.48280668258667, 2.463554620742798, 2.4916701316833496, 2.4774630069732666, 2.4533159732818604, 2.4695897102355957, 2.5001168251037598, 2.4864046573638916, 2.49225115776062, 2.4819297790527344, 2.488438844680786, 2.49530029296875, 2.505516290664673, 2.494673252105713, 2.5126466751098633, 2.5337376594543457, 2.527210235595703, 2.555548667907715, 2.5532970428466797, 2.5610480308532715, 2.5928244590759277, 2.5898749828338623, 2.6145031452178955, 2.6253204345703125, 2.632249593734741, 2.6653358936309814, 2.6865203380584717, 2.7112042903900146, 2.7360901832580566, 2.746424674987793, 2.7860493659973145, 2.7921783924102783, 2.800642251968384, 2.837381601333618, 2.8840644359588623, 2.9147839546203613, 2.950382947921753, 2.9858033657073975, 3.0194015502929688, 3.046757459640503, 3.0947799682617188, inf, inf, inf, inf, inf]), 0.01749303564429283, 46212000000, 
array('f', [inf, inf, inf, inf, inf, inf, inf, inf, inf, inf, inf, inf, inf, inf, inf, inf, inf, inf, inf, inf, inf, inf, inf, inf, inf, inf, inf, inf, inf, inf, inf, inf, inf, inf, inf, inf, inf, inf, inf, inf, inf, inf, inf, inf, inf, inf, inf, inf, inf, inf, inf, inf, inf, inf, inf, inf, inf, inf, inf, inf, inf, inf, inf, inf, inf, inf, inf, inf, inf, inf, inf, inf, inf, inf, inf, inf, inf, inf, inf, inf, inf, inf, inf, inf, inf, inf, inf, inf, inf, inf, inf, inf, inf, inf, inf, inf, inf, inf, inf, inf, inf, inf, inf, inf, inf, inf, inf, inf, inf, inf, inf, inf, inf, inf, inf, inf, inf, inf, inf, inf, inf, inf, inf, inf, inf, inf, inf, inf, inf, inf, inf, inf, inf, inf, inf, inf, inf, inf, inf, inf, inf, inf, inf, inf, inf, inf, inf, inf, inf, inf, inf, inf, inf, inf, inf, inf, inf, inf, inf, inf, inf, inf, inf, inf, inf, inf, inf, 3.455976724624634, 3.374444007873535, 3.2889649868011475, 3.2159085273742676, 3.1308577060699463, 3.070976972579956, 3.0359435081481934, 2.9617466926574707, 2.888467788696289, 2.8491640090942383, 2.8059048652648926, 2.7526743412017822, 2.7056846618652344, 2.6615753173828125, 2.616655111312866, 2.579850912094116, 2.5420889854431152, 2.492469549179077, 2.484572172164917, 2.4671459197998047, 2.3985049724578857, 2.399636745452881, 2.3594484329223633, 2.3561952114105225, 2.3040761947631836, 2.290245294570923, 2.2601542472839355, 2.23833966255188, 2.2321746349334717, 2.2122015953063965, 2.17714524269104, 2.176307201385498, 2.1639368534088135, 2.1400201320648193, 2.114622116088867, 2.1042604446411133, 2.092261791229248, 2.093315362930298, 2.0623903274536133, 2.060417652130127, 2.0527760982513428, 2.0401430130004883, 2.0381782054901123, 2.027331829071045, 2.0373363494873047, 1.999760389328003, 2.0149028301239014, 1.9953761100769043, 1.986236572265625, 1.9875577688217163, 1.981335997581482, 1.9873992204666138, 1.9688349962234497, 1.978258490562439, 1.972136378288269, 1.99363374710083, 2.0093443393707275, 1.9846574068069458, 1.9878088235855103, 1.9748568534851074, 1.9860284328460693, 1.9962481260299683, 1.9951226711273193, 2.0027074813842773, 2.0105607509613037, 2.0060818195343018, 2.021026134490967, 2.0191221237182617, 2.0395073890686035, 2.0315487384796143, 2.0488579273223877, 2.063308000564575, 2.06845760345459, 2.10204815864563, 2.099883794784546, 2.1209232807159424, 2.1244301795959473, 2.141378164291382, 2.1447150707244873, 2.1768712997436523, 2.19181489944458, 2.2101387977600098, 2.204089403152466, 2.2570321559906006, 2.278803825378418, 2.2983760833740234, 2.319058656692505, 2.3440678119659424, 2.3663182258605957, 2.4083919525146484, 2.4182534217834473, 2.453809976577759, 2.463575601577759, 2.5302107334136963, 2.565976619720459, 2.6043457984924316, 2.645535945892334, 2.676239490509033, 2.7262680530548096, 2.768381118774414, 2.8128559589385986, 2.866698980331421, 2.906245231628418, 2.961434841156006, 3.0430569648742676, 3.093773603439331, 3.061504364013672, 2.992892265319824, 2.9738545417785645, 2.9126901626586914, 2.88529372215271, 2.8501956462860107, 2.8211288452148438, 2.793731689453125, 2.7570960521698, 2.7435410022735596, 2.7022712230682373, 2.6720664501190186, 2.6525301933288574, 2.636341094970703, 2.6014750003814697, 2.5897397994995117, 2.5783863067626953, 2.554938793182373, 2.546640157699585, 2.5294902324676514, 2.520488739013672, 2.476174831390381, 2.4861598014831543, 2.4696462154388428, 2.4613029956817627, 2.447892189025879, 2.4344465732574463, 2.441359043121338, 2.431725263595581, 2.411101818084717, 2.4090843200683594, 2.4038660526275635, 2.3897838592529297, 2.3826823234558105, 2.387073040008545, 2.3833539485931396, 2.375063419342041, 2.3701326847076416, 2.3709590435028076, 2.360574722290039, 2.3854012489318848, 2.384305477142334, 2.390822172164917, 2.399352788925171, 2.382692575454712, 2.3805878162384033, 2.4018940925598145, 2.3909316062927246, 2.42026424407959, 2.4044625759124756, 2.4136271476745605, 2.441833972930908, 2.4421846866607666, 2.452667474746704, 2.4628331661224365, 2.486652135848999, 2.499912738800049, 2.516974687576294, 2.5217838287353516, 2.539201021194458, 2.5405287742614746, 2.562901496887207, 2.5836663246154785, 2.6123945713043213, 2.65144681930542, 2.640263319015503, 2.6820261478424072, 2.6999008655548096, 2.741090774536133, 2.768437147140503, 2.776461124420166, 2.81204891204834, 2.861698865890503, 2.8707401752471924, 2.9105381965637207, 2.9560821056365967, inf, inf, inf, inf, inf, inf, inf, inf, inf, inf, inf]), 0.01749303564429283, 46412000000, 
array('f', [inf, inf, inf, inf, inf, inf, inf, inf, inf, inf, inf, inf, inf, inf, inf, inf, inf, inf, inf, inf, inf, inf, inf, inf, inf, inf, inf, inf, inf, inf, inf, inf, inf, inf, inf, inf, inf, inf, inf, inf, inf, inf, inf, inf, inf, inf, inf, inf, inf, inf, inf, inf, inf, inf, inf, inf, inf, inf, inf, inf, inf, inf, inf, inf, inf, inf, inf, inf, inf, inf, inf, inf, inf, inf, inf, inf, inf, inf, inf, inf, inf, inf, inf, inf, inf, inf, inf, inf, inf, inf, inf, inf, inf, inf, inf, inf, inf, inf, inf, inf, inf, inf, inf, inf, inf, inf, inf, inf, inf, inf, inf, inf, inf, inf, inf, inf, inf, inf, inf, inf, inf, inf, inf, inf, inf, inf, inf, inf, inf, inf, inf, inf, inf, inf, inf, inf, inf, inf, inf, inf, inf, inf, inf, inf, inf, inf, inf, inf, inf, inf, inf, inf, inf, inf, inf, inf, inf, inf, inf, inf, inf, inf, inf, 3.4821391105651855, 3.3972299098968506, 3.325812578201294, 3.2472989559173584, 3.205493688583374, 3.1445140838623047, 3.0635297298431396, 2.9897656440734863, 2.968362331390381, 2.902984142303467, 2.8636474609375, 2.820035696029663, 2.772052049636841, 2.7300682067871094, 2.6969244480133057, 2.6421058177948, 2.625366687774658, 2.597083568572998, 2.5575954914093018, 2.516035795211792, 2.478113889694214, 2.4570672512054443, 2.444366455078125, 2.404109001159668, 2.394524574279785, 2.375169038772583, 2.351273775100708, 2.3217594623565674, 2.3138427734375, 2.299225091934204, 2.2719576358795166, 2.263723134994507, 2.2339956760406494, 2.2021546363830566, 2.2095539569854736, 2.1904656887054443, 2.1717355251312256, 2.166983127593994, 2.154690980911255, 2.157862663269043, 2.1488873958587646, 2.1243319511413574, 2.1254093647003174, 2.1233975887298584, 2.098597764968872, 2.1120569705963135, 2.1119093894958496, 2.098435878753662, 2.0783820152282715, 2.0974485874176025, 2.080120325088501, 2.0682671070098877, 2.069519281387329, 2.0853374004364014, 2.0828235149383545, 2.0911409854888916, 2.096778154373169, 2.0911099910736084, 2.0948970317840576, 2.1001060009002686, 2.0890347957611084, 2.1060166358947754, 2.130598783493042, 2.1168746948242188, 2.1295785903930664, 2.12880277633667, 2.1422126293182373, 2.1476407051086426, 2.157132148742676, 2.155752658843994, 2.183356761932373, 2.190901517868042, 2.206686019897461, 2.2229599952697754, 2.2205312252044678, 2.2532601356506348, 2.260544538497925, 2.291337251663208, 2.305577278137207, 2.3044488430023193, 2.3490853309631348, 2.3742287158966064, 2.3796942234039307, 2.4160892963409424, 2.437119960784912, 2.4695208072662354, 2.494626998901367, 2.5122573375701904, 2.53597092628479, 2.5765798091888428, 2.649132490158081, 2.6551930904388428, 2.667968273162842, 2.727712392807007, 2.7662413120269775, 2.8134684562683105, 2.866483211517334, 2.9085216522216797, 2.971527576446533, 3.0249404907226562, 3.0610811710357666, 3.077690601348877, 3.026977062225342, 2.974684238433838, 2.9435372352600098, 2.894669771194458, 2.8735005855560303, 2.8265841007232666, 2.790278911590576, 2.7475922107696533, 2.7291715145111084, 2.701813220977783, 2.671158790588379, 2.6588284969329834, 2.632521390914917, 2.587805986404419, 2.5538692474365234, 2.525794744491577, 2.522321939468384, 2.502533197402954, 2.4847280979156494, 2.4558048248291016, 2.4622092247009277, 2.4419186115264893, 2.4263663291931152, 2.3971245288848877, 2.408416509628296, 2.3814072608947754, 2.364121913909912, 2.3582942485809326, 2.342254877090454, 2.348390579223633, 2.341135025024414, 2.3186466693878174, 2.3191633224487305, 2.3090357780456543, 2.3159992694854736, 2.2869505882263184, 2.2975642681121826, 2.2940659523010254, 2.3021695613861084, 2.281270980834961, 2.286498785018921, 2.2858898639678955, 2.2873075008392334, 2.296313762664795, 2.298004388809204, 2.269437551498413, 2.3071672916412354, 2.2926762104034424, 2.3239521980285645, 2.3127949237823486, 2.309741497039795, 2.3229072093963623, 2.331185817718506, 2.3295867443084717, 2.3435018062591553, 2.359896421432495, 2.3857250213623047, 2.392641544342041, 2.399148464202881, 2.3815786838531494, 2.4241533279418945, 2.4493043422698975, 2.447110891342163, 2.4905126094818115, 2.4859468936920166, 2.5031545162200928, 2.5249505043029785, 2.575075387954712, 2.584304094314575, 2.58846378326416, 2.63759446144104, 2.6459238529205322, 2.680482864379883, 2.718782901763916, 2.7428503036499023, 2.7728917598724365, 2.805830717086792, inf, inf, inf, inf, inf, inf, inf, inf, inf, inf, inf, inf, inf, inf, inf, inf, inf, inf]), 0.01749303564429283, 46612000000, 
array('f', [inf, inf, inf, inf, inf, inf, inf, inf, inf, inf, inf, inf, inf, inf, inf, inf, inf, inf, inf, inf, inf, inf, inf, inf, inf, inf, inf, inf, inf, inf, inf, inf, inf, inf, inf, inf, inf, inf, inf, inf, inf, inf, inf, inf, inf, inf, inf, inf, inf, inf, inf, inf, inf, inf, inf, inf, inf, inf, inf, inf, inf, inf, inf, inf, inf, inf, inf, inf, inf, inf, inf, inf, inf, inf, inf, inf, inf, inf, inf, inf, inf, inf, inf, inf, inf, inf, inf, inf, inf, inf, inf, inf, inf, inf, inf, inf, inf, inf, inf, inf, inf, inf, inf, inf, inf, inf, inf, inf, inf, inf, inf, inf, inf, inf, inf, inf, inf, inf, inf, inf, inf, inf, inf, inf, inf, inf, inf, inf, inf, inf, inf, inf, inf, inf, inf, inf, inf, inf, inf, inf, inf, inf, inf, inf, inf, inf, inf, inf, inf, inf, inf, inf, inf, inf, inf, inf, inf, inf, inf, inf, 3.4326634407043457, 3.3695321083068848, 3.2985992431640625, 3.2440011501312256, 3.1656477451324463, 3.126124143600464, 3.0739285945892334, 3.0039148330688477, 2.9834916591644287, 2.949490785598755, 2.8842382431030273, 2.83600115776062, 2.7919185161590576, 2.7667524814605713, 2.7270572185516357, 2.698876142501831, 2.6752002239227295, 2.6177666187286377, 2.6023385524749756, 2.5662648677825928, 2.5496132373809814, 2.518568754196167, 2.512434959411621, 2.4897491931915283, 2.4421424865722656, 2.4231863021850586, 2.400106906890869, 2.3913450241088867, 2.3794233798980713, 2.370279312133789, 2.3500471115112305, 2.317281484603882, 2.328869342803955, 2.310922622680664, 2.283026933670044, 2.2867050170898438, 2.2591731548309326, 2.2651612758636475, 2.233555793762207, 2.2343595027923584, 2.2159600257873535, 2.2133405208587646, 2.220395565032959, 2.204533338546753, 2.20267915725708, 2.2194924354553223, 2.2040576934814453, 2.2107346057891846, 2.1906557083129883, 2.1914074420928955, 2.2032487392425537, 2.18986177444458, 2.2027924060821533, 2.2126095294952393, 2.2070891857147217, 2.1929166316986084, 2.224719285964966, 2.2065913677215576, 2.218543767929077, 2.2326138019561768, 2.236957311630249, 2.2255427837371826, 2.262042999267578, 2.2596054077148438, 2.271186351776123, 2.2859153747558594, 2.2886054515838623, 2.2982101440429688, 2.2956674098968506, 2.3171911239624023, 2.3381035327911377, 2.337195634841919, 2.3800508975982666, 2.396976947784424, 2.409764528274536, 2.431864023208618, 2.4441428184509277, 2.4760773181915283, 2.4841341972351074, 2.5027170181274414, 2.529325485229492, 2.549290180206299, 2.5858256816864014, 2.611721992492676, 2.648564338684082, 2.689008951187134, 2.7114033699035645, 2.7472081184387207, 2.801215171813965, 2.8230865001678467, 2.861362934112549, 2.897153854370117, 2.9606337547302246, 2.995098829269409, 3.0559656620025635, 3.099025011062622, 3.078308343887329, 3.025785207748413, 2.9805855751037598, 2.9334030151367188, 2.8687798976898193, 2.840574026107788, 2.8020408153533936, 2.7744109630584717, 2.7337706089019775, 2.697628974914551, 2.6743388175964355, 2.6179888248443604, 2.596689462661743, 2.5760338306427, 2.5630710124969482, 2.5205001831054688, 2.4978277683258057, 2.483121156692505, 2.4679677486419678, 2.4376368522644043, 2.419981002807617, 2.3906190395355225, 2.3952674865722656, 2.3711440563201904, 2.369598150253296, 2.340136766433716, 2.3276257514953613, 2.3062093257904053, 2.2822420597076416, 2.312878131866455, 2.281907320022583, 2.264528751373291, 2.2546226978302, 2.2582483291625977, 2.2523090839385986, 2.2356953620910645, 2.2144408226013184, 2.2339928150177, 2.221475124359131, 2.2110798358917236, 2.210858106613159, 2.2159929275512695, 2.2192564010620117, 2.229316234588623, 2.2018885612487793, 2.234400987625122, 2.218729257583618, 2.2162532806396484, 2.2319538593292236, 2.227281332015991, 2.2029950618743896, 2.220398187637329, 2.211987257003784, 2.2373273372650146, 2.235687494277954, 2.265913963317871, 2.2655932903289795, 2.2641448974609375, 2.282334566116333, 2.2938027381896973, 2.302150011062622, 2.305164098739624, 2.3215692043304443, 2.3296661376953125, 2.372913122177124, 2.36956787109375, 2.3829874992370605, 2.38972544670105, 2.410616397857666, 2.4345273971557617, 2.4510650634765625, 2.4969234466552734, 2.505943775177002, 2.527700901031494, 2.557323694229126, 2.5913639068603516, 2.596811532974243, 2.6368987560272217, 2.663757085800171, inf, inf, inf, inf, inf, inf, inf, inf, inf, inf, inf, inf, inf, inf, inf, inf, inf, inf, inf, inf, inf, inf, inf, inf, inf]), 0.01749303564429283, 46812000000, 
array('f', [inf, inf, inf, inf, inf, inf, inf, inf, inf, inf, inf, inf, inf, inf, inf, inf, inf, inf, inf, inf, inf, inf, inf, inf, inf, inf, inf, inf, inf, inf, inf, inf, inf, inf, inf, inf, inf, inf, inf, inf, inf, inf, inf, inf, inf, inf, inf, inf, inf, inf, inf, inf, inf, inf, inf, inf, inf, inf, inf, inf, inf, inf, inf, inf, inf, inf, inf, inf, inf, inf, inf, inf, inf, inf, inf, inf, inf, inf, inf, inf, inf, inf, inf, inf, inf, inf, inf, inf, inf, inf, inf, inf, inf, inf, inf, inf, inf, inf, inf, inf, inf, inf, inf, inf, inf, inf, inf, inf, inf, inf, inf, inf, inf, inf, inf, inf, inf, inf, inf, inf, inf, inf, inf, inf, inf, inf, inf, inf, inf, inf, inf, inf, inf, inf, inf, inf, inf, inf, inf, inf, inf, inf, inf, inf, inf, inf, inf, inf, inf, inf, inf, inf, inf, inf, inf, inf, inf, 3.4474780559539795, 3.3790056705474854, 3.3017921447753906, 3.265225648880005, 3.2032060623168945, 3.155973196029663, 3.0901057720184326, 3.0610580444335938, 3.002866506576538, 2.9559075832366943, 2.92451548576355, 2.879870891571045, 2.858386516571045, 2.8203723430633545, 2.791551113128662, 2.7530620098114014, 2.7269506454467773, 2.680980920791626, 2.655153751373291, 2.6417791843414307, 2.6136837005615234, 2.582519292831421, 2.5679843425750732, 2.563079357147217, 2.527233600616455, 2.514303207397461, 2.5065653324127197, 2.4928958415985107, 2.4619333744049072, 2.443392276763916, 2.428048849105835, 2.4060308933258057, 2.416412353515625, 2.386202335357666, 2.374863386154175, 2.3708596229553223, 2.382631540298462, 2.365537166595459, 2.3633739948272705, 2.339632272720337, 2.334533929824829, 2.347990036010742, 2.346348524093628, 2.337528705596924, 2.299733877182007, 2.3107502460479736, 2.3334574699401855, 2.299759864807129, 2.304234266281128, 2.311741352081299, 2.3271613121032715, 2.3208513259887695, 2.3451192378997803, 2.3124959468841553, 2.3450868129730225, 2.341496229171753, 2.3492095470428467, 2.3598532676696777, 2.387625217437744, 2.3753137588500977, 2.382716178894043, 2.3896536827087402, 2.3833916187286377, 2.423027515411377, 2.419059991836548, 2.4468681812286377, 2.4414541721343994, 2.4549570083618164, 2.4742259979248047, 2.481677293777466, 2.4950931072235107, 2.516314744949341, 2.5529940128326416, 2.5593349933624268, 2.58280086517334, 2.6210694313049316, 2.650428533554077, 2.6606931686401367, 2.705148458480835, 2.712218999862671, 2.7654943466186523, 2.7891578674316406, 2.843564748764038, 2.865849256515503, 2.889615297317505, 2.936680316925049, 2.966488838195801, 3.0060372352600098, 3.05737042427063, 3.1058871746063232, 3.1604390144348145, 3.113020896911621, 3.0565881729125977, 2.9945993423461914, 2.9401614665985107, 2.9044129848480225, 2.8714423179626465, 2.8103017807006836, 2.7784810066223145, 2.7403206825256348, 2.705338954925537, 2.6651203632354736, 2.641200542449951, 2.5929524898529053, 2.559190034866333, 2.530536651611328, 2.5142226219177246, 2.482710361480713, 2.448992967605591, 2.425151824951172, 2.4099667072296143, 2.3792378902435303, 2.3583028316497803, 2.35259747505188, 2.3187365531921387, 2.3193204402923584, 2.3059613704681396, 2.288553476333618, 2.2631137371063232, 2.262265920639038, 2.245527982711792, 2.239335536956787, 2.196991205215454, 2.2036006450653076, 2.198525905609131, 2.192322015762329, 2.190004348754883, 2.174574375152588, 2.1957900524139404, 2.16050124168396, 2.163583278656006, 2.165513277053833, 2.1433777809143066, 2.15482234954834, 2.1529502868652344, 2.1577179431915283, 2.157623767852783, 2.153026580810547, 2.1462326049804688, 2.1543021202087402, 2.1435580253601074, 2.143413782119751, 2.15057635307312, 2.141385316848755, 2.149850368499756, 2.1601169109344482, 2.160370111465454, 2.167210340499878, 2.1656699180603027, 2.1899466514587402, 2.198625087738037, 2.210970401763916, 2.2131526470184326, 2.230790376663208, 2.229461431503296, 2.249190092086792, 2.2863314151763916, 2.280550003051758, 2.3008744716644287, 2.3026700019836426, 2.3285679817199707, 2.3455498218536377, 2.3633759021759033, 2.386349678039551, 2.4004220962524414, 2.416008710861206, 2.4574499130249023, 2.492579698562622, 2.506324529647827, 2.50362229347229, 2.5537984371185303, inf, inf, inf, inf, inf, inf, inf, inf, inf, inf, inf, inf, inf, inf, inf, inf, inf, inf, inf, inf, inf, inf, inf, inf, inf, inf, inf, inf, inf, inf, inf, inf]), 0.01749303564429283, 47012000000, 
array('f', [inf, inf, inf, inf, inf, inf, inf, inf, inf, inf, inf, inf, inf, inf, inf, inf, inf, inf, inf, inf, inf, inf, inf, inf, inf, inf, inf, inf, inf, inf, inf, inf, inf, inf, inf, inf, inf, inf, inf, inf, inf, inf, inf, inf, inf, inf, inf, inf, inf, inf, inf, inf, inf, inf, inf, inf, inf, inf, inf, inf, inf, inf, inf, inf, inf, inf, inf, inf, inf, inf, inf, inf, inf, inf, inf, inf, inf, inf, inf, inf, inf, inf, inf, inf, inf, inf, inf, inf, inf, inf, inf, inf, inf, inf, inf, inf, inf, inf, inf, inf, inf, inf, inf, inf, inf, inf, inf, inf, inf, inf, inf, inf, inf, inf, inf, inf, inf, inf, inf, inf, inf, inf, inf, inf, inf, inf, inf, inf, inf, inf, inf, inf, inf, inf, inf, inf, inf, inf, inf, inf, inf, inf, inf, inf, inf, inf, inf, inf, inf, inf, inf, inf, inf, inf, 3.457838296890259, 3.376600980758667, 3.3308143615722656, 3.2740859985351562, 3.2322723865509033, 3.193999767303467, 3.1312241554260254, 3.0759990215301514, 3.0354344844818115, 3.0035555362701416, 2.9783787727355957, 2.959726572036743, 2.8926732540130615, 2.8793725967407227, 2.850726842880249, 2.83105731010437, 2.7750580310821533, 2.783409833908081, 2.733774185180664, 2.7102560997009277, 2.700592517852783, 2.692089319229126, 2.6473824977874756, 2.6094465255737305, 2.6310689449310303, 2.577986001968384, 2.6012022495269775, 2.566023826599121, 2.555283308029175, 2.5540735721588135, 2.5271658897399902, 2.5329151153564453, 2.5129306316375732, 2.507505178451538, 2.5093419551849365, 2.4748096466064453, 2.4794979095458984, 2.4672465324401855, 2.467726945877075, 2.465529441833496, 2.442335605621338, 2.458106279373169, 2.473292350769043, 2.449331760406494, 2.4507250785827637, 2.452488422393799, 2.4588077068328857, 2.448655128479004, 2.436570167541504, 2.4504430294036865, 2.470452070236206, 2.4904518127441406, 2.4587182998657227, 2.4802756309509277, 2.491117238998413, 2.502420663833618, 2.5094685554504395, 2.511503219604492, 2.511517286300659, 2.5157711505889893, 2.538846254348755, 2.563279151916504, 2.5645856857299805, 2.581963539123535, 2.5894486904144287, 2.616090774536133, 2.641756057739258, 2.6574513912200928, 2.658876657485962, 2.7041826248168945, 2.7111093997955322, 2.726759433746338, 2.7763078212738037, 2.7877840995788574, 2.82063889503479, 2.8297278881073, 2.8677728176116943, 2.919677972793579, 2.9466826915740967, 2.994999885559082, 3.0020415782928467, 3.040764570236206, 3.0941684246063232, 3.1296210289001465, 3.188720226287842, 3.226491689682007, 3.137108325958252, 3.0902838706970215, 3.050736904144287, 2.988790988922119, 2.941652774810791, 2.870300054550171, 2.829892873764038, 2.7900984287261963, 2.7211649417877197, 2.7114312648773193, 2.6576993465423584, 2.6262259483337402, 2.5830445289611816, 2.5666308403015137, 2.5215492248535156, 2.5028750896453857, 2.4549803733825684, 2.4346864223480225, 2.4256043434143066, 2.4042580127716064, 2.3841841220855713, 2.3432271480560303, 2.347764492034912, 2.2996737957000732, 2.288846969604492, 2.267887592315674, 2.2634949684143066, 2.2201344966888428, 2.227937698364258, 2.2065320014953613, 2.202533721923828, 2.1947102546691895, 2.1753621101379395, 2.164271354675293, 2.14827299118042, 2.139984607696533, 2.1480650901794434, 2.1255178451538086, 2.121971368789673, 2.117708921432495, 2.1247360706329346, 2.084249973297119, 2.105076313018799, 2.10552978515625, 2.0988986492156982, 2.109924554824829, 2.0977730751037598, 2.0814297199249268, 2.0775749683380127, 2.0904457569122314, 2.064479351043701, 2.087772846221924, 2.0809671878814697, 2.105421543121338, 2.104360580444336, 2.0974111557006836, 2.1074471473693848, 2.1098015308380127, 2.1123950481414795, 2.1267194747924805, 2.1452279090881348, 2.1516778469085693, 2.152813196182251, 2.161022424697876, 2.179328203201294, 2.1668479442596436, 2.191676378250122, 2.2200024127960205, 2.2240793704986572, 2.251190423965454, 2.2483842372894287, 2.25858473777771, 2.287839651107788, 2.3065009117126465, 2.325038194656372, 2.3330838680267334, 2.36443829536438, 2.3883838653564453, 2.4008069038391113, 2.430628538131714, 2.4454991817474365, inf, inf, inf, inf, inf, inf, inf, inf, inf, inf, inf, inf, inf, inf, inf, inf, inf, inf, inf, inf, inf, inf, inf, inf, inf, inf, inf, inf, inf, inf, inf, inf, inf, inf, inf, inf, inf, inf, inf]), 0.01749303564429283, 47212000000, 
array('f', [inf, inf, inf, inf, inf, inf, inf, inf, inf, inf, inf, inf, inf, inf, inf, inf, inf, inf, inf, inf, inf, inf, inf, inf, inf, inf, inf, inf, inf, inf, inf, inf, inf, inf, inf, inf, inf, inf, inf, inf, inf, inf, inf, inf, inf, inf, inf, inf, inf, inf, inf, inf, inf, inf, inf, inf, inf, inf, inf, inf, inf, inf, inf, inf, inf, inf, inf, inf, inf, inf, inf, inf, inf, inf, inf, inf, inf, inf, inf, inf, inf, inf, inf, inf, inf, inf, inf, inf, inf, inf, inf, inf, inf, inf, inf, inf, inf, inf, inf, inf, inf, inf, inf, inf, inf, inf, inf, inf, inf, inf, inf, inf, inf, inf, inf, inf, inf, inf, inf, inf, inf, inf, inf, inf, inf, inf, inf, inf, inf, inf, inf, inf, inf, inf, inf, inf, inf, inf, inf, inf, inf, inf, inf, inf, inf, inf, inf, inf, inf, inf, inf, 3.453050136566162, 3.412008762359619, 3.372730255126953, 3.321578025817871, 3.254734992980957, 3.231999635696411, 3.1622118949890137, 3.1498537063598633, 3.109917163848877, 3.085829257965088, 3.014744997024536, 3.00443959236145, 2.983076810836792, 2.9498021602630615, 2.9204835891723633, 2.8943581581115723, 2.865130662918091, 2.8476715087890625, 2.8216495513916016, 2.810523748397827, 2.7870049476623535, 2.759352207183838, 2.753700017929077, 2.7274789810180664, 2.743088483810425, 2.6914119720458984, 2.681175708770752, 2.66664719581604, 2.6759965419769287, 2.6566646099090576, 2.6488583087921143, 2.6139824390411377, 2.605073928833008, 2.6194334030151367, 2.598517417907715, 2.5987541675567627, 2.6127402782440186, 2.5951976776123047, 2.5924429893493652, 2.5998895168304443, 2.5892443656921387, 2.578178644180298, 2.5887110233306885, 2.580519199371338, 2.59627366065979, 2.6031224727630615, 2.5958406925201416, 2.6122887134552, 2.5890350341796875, 2.601461410522461, 2.610240936279297, 2.6174440383911133, 2.637679100036621, 2.6361401081085205, 2.649052381515503, 2.6491892337799072, 2.6707112789154053, 2.6823601722717285, 2.696939468383789, 2.694783926010132, 2.715130567550659, 2.764528512954712, 2.764451026916504, 2.7962119579315186, 2.7960045337677, 2.8293464183807373, 2.848374605178833, 2.8494691848754883, 2.880953788757324, 2.9152188301086426, 2.938549518585205, 2.9622135162353516, 3.00248122215271, 3.0155019760131836, 3.053046703338623, 3.1158909797668457, 3.123914957046509, 3.165178060531616, 3.225517511367798, 3.260087490081787, 3.2878901958465576, 3.217223644256592, 3.145414352416992, 3.062859058380127, 3.0109426975250244, 2.983022928237915, 2.9176034927368164, 2.8826398849487305, 2.826408863067627, 2.769857406616211, 2.7299022674560547, 2.703526735305786, 2.660585641860962, 2.609158754348755, 2.569808006286621, 2.5510506629943848, 2.509023666381836, 2.4936070442199707, 2.4618313312530518, 2.422151803970337, 2.4198238849639893, 2.3754231929779053, 2.345176935195923, 2.334575653076172, 2.3017661571502686, 2.298145294189453, 2.248717784881592, 2.2708323001861572, 2.2204713821411133, 2.215468645095825, 2.177375078201294, 2.1786413192749023, 2.166649341583252, 2.177396297454834, 2.144540548324585, 2.116354465484619, 2.1121668815612793, 2.1257073879241943, 2.099813461303711, 2.1080009937286377, 2.083143711090088, 2.0863237380981445, 2.078695774078369, 2.0749306678771973, 2.07279896736145, 2.0621213912963867, 2.046069383621216, 2.0522139072418213, 2.0586984157562256, 2.0596532821655273, 2.0440142154693604, 2.0359349250793457, 2.057502508163452, 2.047168731689453, 2.0507454872131348, 2.062086582183838, 2.0492756366729736, 2.0509440898895264, 2.064497709274292, 2.0693790912628174, 2.0765671730041504, 2.0727028846740723, 2.0839951038360596, 2.083840847015381, 2.0750389099121094, 2.1015400886535645, 2.112908363342285, 2.1181302070617676, 2.135446786880493, 2.150726556777954, 2.162726402282715, 2.17153000831604, 2.178377866744995, 2.202589988708496, 2.1985297203063965, 2.2419073581695557, 2.2508418560028076, 2.26346755027771, 2.309925079345703, 2.298841953277588, 2.3335165977478027, 2.3476383686065674, inf, inf, inf, inf, inf, inf, inf, inf, inf, inf, inf, inf, inf, inf, inf, inf, inf, inf, inf, inf, inf, inf, inf, inf, inf, inf, inf, inf, inf, inf, inf, inf, inf, inf, inf, inf, inf, inf, inf, inf, inf, inf, inf, inf, inf, inf, inf]), 0.01749303564429283, 47412000000, 
array('f', [inf, inf, inf, inf, inf, inf, inf, inf, inf, inf, inf, inf, inf, inf, inf, inf, inf, inf, inf, inf, inf, inf, inf, inf, inf, inf, inf, inf, inf, inf, inf, inf, inf, inf, inf, inf, inf, inf, inf, inf, inf, inf, inf, inf, inf, inf, inf, inf, inf, inf, inf, inf, inf, inf, inf, inf, inf, inf, inf, inf, inf, inf, inf, inf, inf, inf, inf, inf, inf, inf, inf, inf, inf, inf, inf, inf, inf, inf, inf, inf, inf, inf, inf, inf, inf, inf, inf, inf, inf, inf, inf, inf, inf, inf, inf, inf, inf, inf, inf, inf, inf, inf, inf, inf, inf, inf, inf, inf, inf, inf, inf, inf, inf, inf, inf, inf, inf, inf, inf, inf, inf, inf, inf, inf, inf, inf, inf, inf, inf, inf, inf, inf, inf, inf, inf, inf, inf, inf, inf, inf, inf, inf, inf, inf, inf, inf, inf, inf, inf, 3.449218273162842, 3.397584915161133, 3.363306760787964, 3.3207931518554688, 3.288351535797119, 3.251063823699951, 3.2084007263183594, 3.191561222076416, 3.1326582431793213, 3.1045241355895996, 3.0860748291015625, 3.0534167289733887, 3.034114122390747, 2.986234664916992, 2.9769845008850098, 2.9443633556365967, 2.9520859718322754, 2.910173177719116, 2.9071807861328125, 2.883685350418091, 2.869642496109009, 2.85193133354187, 2.827572822570801, 2.8155908584594727, 2.8005096912384033, 2.809222936630249, 2.7934646606445312, 2.762302875518799, 2.7665796279907227, 2.7701385021209717, 2.774761915206909, 2.747772693634033, 2.7474660873413086, 2.7331483364105225, 2.7289278507232666, 2.7273600101470947, 2.7249789237976074, 2.724355936050415, 2.7172796726226807, 2.726226806640625, 2.7229433059692383, 2.7325174808502197, 2.731653928756714, 2.7330825328826904, 2.7443790435791016, 2.7391340732574463, 2.7683699131011963, 2.7692830562591553, 2.779348611831665, 2.777782917022705, 2.781709671020508, 2.7952721118927, 2.826937198638916, 2.83317232131958, 2.8444175720214844, 2.8623156547546387, 2.8688080310821533, 2.886967420578003, 2.9132258892059326, 2.931654691696167, 2.9466164112091064, 2.9825093746185303, 2.997037887573242, 3.0113141536712646, 3.040472984313965, 3.0686004161834717, 3.1004722118377686, 3.1275599002838135, 3.1642677783966064, 3.196155548095703, 3.2270355224609375, 3.2640669345855713, 3.3113465309143066, 3.329115390777588, 3.3771958351135254, 3.315196990966797, 3.2523579597473145, 3.1822261810302734, 3.1199147701263428, 3.039396286010742, 3.014134645462036, 2.9376556873321533, 2.8991336822509766, 2.8444936275482178, 2.7859675884246826, 2.7407758235931396, 2.696220874786377, 2.65061616897583, 2.6248579025268555, 2.5756278038024902, 2.5317323207855225, 2.4925694465637207, 2.488454580307007, 2.488374710083008, 2.413518190383911, 2.393888235092163, 2.3557558059692383, 2.352184772491455, 2.326953649520874, 2.28810977935791, 2.2861428260803223, 2.247124433517456, 2.2286674976348877, 2.2303504943847656, 2.2060797214508057, 2.172508955001831, 2.169872760772705, 2.1387686729431152, 2.1270129680633545, 2.1275980472564697, 2.128814458847046, 2.0984246730804443, 2.0862550735473633, 2.086815595626831, 2.076369524002075, 2.0700621604919434, 2.0545010566711426, 2.057124376296997, 2.0412604808807373, 2.034510850906372, 2.0357234477996826, 2.020728588104248, 2.0317418575286865, 2.0108084678649902, 2.03179931640625, 2.027890682220459, 2.036766767501831, 2.029798984527588, 2.0119504928588867, 2.023251533508301, 2.02009916305542, 2.0081121921539307, 2.004013776779175, 2.026374101638794, 2.0283567905426025, 2.035259962081909, 2.036831855773926, 2.0528578758239746, 2.0522165298461914, 2.0547168254852295, 2.0666542053222656, 2.060234546661377, 2.084627389907837, 2.103106737136841, 2.094710350036621, 2.1073036193847656, 2.1242244243621826, 2.1321616172790527, 2.141842842102051, 2.1575841903686523, 2.17937970161438, 2.1892919540405273, 2.2186622619628906, 2.2329514026641846, 2.2470319271087646, inf, inf, inf, inf, inf, inf, inf, inf, inf, inf, inf, inf, inf, inf, inf, inf, inf, inf, inf, inf, inf, inf, inf, inf, inf, inf, inf, inf, inf, inf, inf, inf, inf, inf, inf, inf, inf, inf, inf, inf, inf, inf, inf, inf, inf, inf, inf, inf, inf, inf, inf, inf, inf, inf, inf, inf]), 0.01749303564429283, 47612000000, 
array('f', [inf, inf, inf, inf, inf, inf, inf, inf, inf, inf, inf, inf, inf, inf, inf, inf, inf, inf, inf, inf, inf, inf, inf, inf, inf, inf, inf, inf, inf, inf, inf, inf, inf, inf, inf, inf, inf, inf, inf, inf, inf, inf, inf, inf, inf, inf, inf, inf, inf, inf, inf, inf, inf, inf, inf, inf, inf, inf, inf, inf, inf, inf, inf, inf, inf, inf, inf, inf, inf, inf, inf, inf, inf, inf, inf, inf, inf, inf, inf, inf, inf, inf, inf, inf, inf, inf, inf, inf, inf, inf, inf, inf, inf, inf, inf, inf, inf, inf, inf, inf, inf, inf, inf, inf, inf, inf, inf, inf, inf, inf, inf, inf, inf, inf, inf, inf, inf, inf, inf, inf, inf, inf, inf, inf, inf, inf, inf, inf, inf, inf, inf, inf, inf, inf, inf, inf, inf, inf, inf, inf, inf, inf, inf, inf, inf, inf, 3.5, 3.442782402038574, 3.4258079528808594, 3.379709243774414, 3.3572676181793213, 3.2937710285186768, 3.27961802482605, 3.2641382217407227, 3.238556385040283, 3.1852171421051025, 3.162982225418091, 3.123718500137329, 3.129850149154663, 3.0921132564544678, 3.0622711181640625, 3.0675718784332275, 3.039130210876465, 3.0124988555908203, 2.9926135540008545, 2.9853856563568115, 2.96230149269104, 2.9602890014648438, 2.9426560401916504, 2.9418485164642334, 2.9310364723205566, 2.9315762519836426, 2.912888765335083, 2.9125216007232666, 2.910768747329712, 2.862903356552124, 2.869422674179077, 2.8813796043395996, 2.8781611919403076, 2.882796287536621, 2.8551228046417236, 2.8641319274902344, 2.881856679916382, 2.8701252937316895, 2.881937026977539, 2.8792295455932617, 2.8808963298797607, 2.893620491027832, 2.9015910625457764, 2.9020142555236816, 2.904778242111206, 2.9057133197784424, 2.917086362838745, 2.9411981105804443, 2.9757869243621826, 2.952122211456299, 2.9816184043884277, 2.991615056991577, 3.0249109268188477, 3.0184950828552246, 3.0321285724639893, 3.065526008605957, 3.0804576873779297, 3.1076035499572754, 3.129368782043457, 3.128276824951172, 3.1927602291107178, 3.199143409729004, 3.2429966926574707, 3.248084783554077, 3.3050103187561035, 3.3132190704345703, 3.3567235469818115, 3.4089412689208984, 3.4398117065429688, 3.4896774291992188, 3.480551242828369, 3.37954044342041, 3.3020365238189697, 3.2429232597351074, 3.1695868968963623, 3.090312957763672, 3.0254547595977783, 2.9821908473968506, 2.9351160526275635, 2.8672280311584473, 2.8096821308135986, 2.7592153549194336, 2.720186948776245, 2.6907012462615967, 2.6317543983459473, 2.5896666049957275, 2.5702106952667236, 2.5393686294555664, 2.4989333152770996, 2.4516568183898926, 2.431093454360962, 2.3918612003326416, 2.3738555908203125, 2.3573873043060303, 2.325839042663574, 2.282803535461426, 2.2894787788391113, 2.2844138145446777, 2.2366037368774414, 2.21437668800354, 2.1876487731933594, 2.181828737258911, 2.1754534244537354, 2.148435354232788, 2.140256881713867, 2.1197805404663086, 2.106398582458496, 2.1030359268188477, 2.0902416706085205, 2.0717403888702393, 2.0625081062316895, 2.0588150024414062, 2.0450525283813477, 2.031928300857544, 2.0416810512542725, 2.0346343517303467, 2.0230636596679688, 2.0004701614379883, 2.011099100112915, 2.0285890102386475, 2.025738000869751, 2.017402172088623, 1.9974007606506348, 1.9920268058776855, 2.0121068954467773, 1.9942140579223633, 1.9872400760650635, 2.0110628604888916, 2.007615327835083, 2.0020337104797363, 2.0199739933013916, 2.0029361248016357, 2.0142202377319336, 2.0431840419769287, 2.0325276851654053, 2.0380711555480957, 2.03857421875, 2.0506577491760254, 2.042778491973877, 2.070667266845703, 2.075744867324829, 2.0978972911834717, 2.102454662322998, 2.1183927059173584, 2.1215386390686035, 2.1362268924713135, 2.1624724864959717, 2.177889108657837, 2.176481008529663, inf, inf, inf, inf, inf, inf, inf, inf, inf, inf, inf, inf, inf, inf, inf, inf, inf, inf, inf, inf, inf, inf, inf, inf, inf, inf, inf, inf, inf, inf, inf, inf, inf, inf, inf, inf, inf, inf, inf, inf, inf, inf, inf, inf, inf, inf, inf, inf, inf, inf, inf, inf, inf, inf, inf, inf, inf, inf, inf, inf, inf, inf, inf, inf, inf]), 0.01749303564429283, 47812000000, 
array('f', [inf, inf, inf, inf, inf, inf, inf, inf, inf, inf, inf, inf, inf, inf, inf, inf, inf, inf, inf, inf, inf, inf, inf, inf, inf, inf, inf, inf, inf, inf, inf, inf, inf, inf, inf, inf, inf, inf, inf, inf, inf, inf, inf, inf, inf, inf, inf, inf, inf, inf, inf, inf, inf, inf, inf, inf, inf, inf, inf, inf, inf, inf, inf, inf, inf, inf, inf, inf, inf, inf, inf, inf, inf, inf, inf, inf, inf, inf, inf, inf, inf, inf, inf, inf, inf, inf, inf, inf, inf, inf, inf, inf, inf, inf, inf, inf, inf, inf, inf, inf, inf, inf, inf, inf, inf, inf, inf, inf, inf, inf, inf, inf, inf, inf, inf, inf, inf, inf, inf, inf, inf, inf, inf, inf, inf, inf, inf, inf, inf, inf, inf, inf, inf, inf, inf, inf, inf, inf, inf, inf, inf, inf, inf, inf, inf, 3.488191604614258, 3.4289917945861816, 3.4358253479003906, 3.389207124710083, 3.341902732849121, 3.340442657470703, 3.311941146850586, 3.2890398502349854, 3.26853084564209, 3.24833083152771, 3.2272067070007324, 3.1860926151275635, 3.1759867668151855, 3.141136884689331, 3.131115436553955, 3.1484475135803223, 3.083531618118286, 3.090010404586792, 3.08337140083313, 3.0572726726531982, 3.0485520362854004, 3.0570075511932373, 3.0377347469329834, 3.0360870361328125, 3.02262806892395, 3.0134310722351074, 3.0297329425811768, 3.026582717895508, 3.012070655822754, 3.0158865451812744, 3.025944948196411, 3.025777578353882, 3.0250492095947266, 3.016770601272583, 3.0370595455169678, 3.022242784500122, 3.0382344722747803, 3.0510194301605225, 3.0501201152801514, 3.064143419265747, 3.0594019889831543, 3.066554546356201, 3.091063976287842, 3.093985080718994, 3.1165785789489746, 3.1229190826416016, 3.1431236267089844, 3.151973247528076, 3.1827526092529297, 3.1940364837646484, 3.1973652839660645, 3.2188751697540283, 3.2574622631073, 3.2852582931518555, 3.3133931159973145, 3.340251922607422, 3.3639416694641113, 3.3721132278442383, 3.42354679107666, 3.453578472137451, 3.496837615966797, inf, inf, inf, inf, 3.479991912841797, 3.3986763954162598, 3.2968790531158447, 3.2507312297821045, 3.1663010120391846, 3.1055893898010254, 3.04917311668396, 2.977630138397217, 2.936473846435547, 2.87724232673645, 2.8240678310394287, 2.7789227962493896, 2.7359206676483154, 2.686974287033081, 2.6713311672210693, 2.601501941680908, 2.5819523334503174, 2.530050039291382, 2.505618095397949, 2.451950788497925, 2.4306297302246094, 2.40759539604187, 2.3950514793395996, 2.342916488647461, 2.3310604095458984, 2.2960946559906006, 2.2931699752807617, 2.250032901763916, 2.2456676959991455, 2.22383451461792, 2.20328426361084, 2.195798873901367, 2.190549612045288, 2.1565377712249756, 2.1479737758636475, 2.1257212162017822, 2.119330406188965, 2.1201086044311523, 2.0807852745056152, 2.0882022380828857, 2.0746805667877197, 2.065948247909546, 2.0694351196289062, 2.068295478820801, 2.027448892593384, 2.0353457927703857, 2.0356860160827637, 2.0192792415618896, 2.0348570346832275, 2.0147969722747803, 2.024610757827759, 2.0176353454589844, 2.0138449668884277, 1.982089877128601, 2.009161949157715, 1.991876244544983, 2.011384963989258, 2.0014164447784424, 2.0112898349761963, 1.974622130393982, 2.006113052368164, 2.018951177597046, 2.0274040699005127, 2.029123544692993, 2.046511650085449, 2.0357444286346436, 2.050265312194824, 2.057831287384033, 2.060075521469116, 2.070688486099243, 2.0956645011901855, 2.0754804611206055, 2.0934829711914062, 2.1040472984313965, 2.125769853591919, inf, inf, inf, inf, inf, inf, inf, inf, inf, inf, inf, inf, inf, inf, inf, inf, inf, inf, inf, inf, inf, inf, inf, inf, inf, inf, inf, inf, inf, inf, inf, inf, inf, inf, inf, inf, inf, inf, inf, inf, inf, inf, inf, inf, inf, inf, inf, inf, inf, inf, inf, inf, inf, inf, inf, inf, inf, inf, inf, inf, inf, inf, inf, inf, inf, inf, inf, inf, inf, inf, inf, inf, inf, inf, inf]), 0.01749303564429283, 48012000000, 
array('f', [inf, inf, inf, inf, inf, inf, inf, inf, inf, inf, inf, inf, inf, inf, inf, inf, inf, inf, inf, inf, inf, inf, inf, inf, inf, inf, inf, inf, inf, inf, inf, inf, inf, inf, inf, inf, inf, inf, inf, inf, inf, inf, inf, inf, inf, inf, inf, inf, inf, inf, inf, inf, inf, inf, inf, inf, inf, inf, inf, inf, inf, inf, inf, inf, inf, inf, inf, inf, inf, inf, inf, inf, inf, inf, inf, inf, inf, inf, inf, inf, inf, inf, inf, inf, inf, inf, inf, inf, inf, inf, inf, inf, inf, inf, inf, inf, inf, inf, inf, inf, inf, inf, inf, inf, inf, inf, inf, inf, inf, inf, inf, inf, inf, inf, inf, inf, inf, inf, inf, inf, inf, inf, inf, inf, inf, inf, inf, inf, inf, inf, inf, inf, inf, inf, inf, inf, inf, inf, inf, inf, inf, inf, inf, inf, 3.4975674152374268, 3.4705758094787598, 3.433352470397949, 3.4123804569244385, 3.3892900943756104, 3.363684892654419, 3.3503167629241943, 3.319697141647339, 3.318432569503784, 3.2983620166778564, 3.2806169986724854, 3.274169921875, 3.2417824268341064, 3.2227730751037598, 3.2296409606933594, 3.1956377029418945, 3.215466260910034, 3.168555974960327, 3.174072504043579, 3.1904873847961426, 3.1898138523101807, 3.174647092819214, 3.171973943710327, 3.149848461151123, 3.169215679168701, 3.1693310737609863, 3.172102689743042, 3.155411720275879, 3.158597707748413, 3.152458906173706, 3.161418914794922, 3.178858757019043, 3.1770763397216797, 3.1982526779174805, 3.206069231033325, 3.2185726165771484, 3.228550910949707, 3.2340409755706787, 3.2556710243225098, 3.2519350051879883, 3.2644917964935303, 3.286166191101074, 3.297590732574463, 3.323608160018921, 3.341609239578247, 3.3638720512390137, 3.382138252258301, 3.4020307064056396, 3.4205880165100098, 3.4731552600860596, 3.497718095779419, inf, inf, inf, inf, inf, inf, inf, inf, inf, inf, 3.4326868057250977, 3.3630917072296143, 3.278958797454834, 3.232764959335327, 3.1407272815704346, 3.080329179763794, 3.0139083862304688, 2.967700719833374, 2.916870594024658, 2.8506810665130615, 2.8042354583740234, 2.7670552730560303, 2.7302567958831787, 2.683232545852661, 2.626392126083374, 2.6037464141845703, 2.562443971633911, 2.5182459354400635, 2.507524013519287, 2.4678409099578857, 2.43977689743042, 2.399911880493164, 2.352656364440918, 2.3553357124328613, 2.321479082107544, 2.301142454147339, 2.2987735271453857, 2.267763137817383, 2.255373001098633, 2.237903118133545, 2.214437484741211, 2.18830943107605, 2.1921560764312744, 2.1560709476470947, 2.14976167678833, 2.1431827545166016, 2.14030385017395, 2.1088833808898926, 2.0934646129608154, 2.0853567123413086, 2.098672389984131, 2.0573842525482178, 2.053903102874756, 2.058047294616699, 2.0561554431915283, 2.02896785736084, 2.046772003173828, 2.016733407974243, 2.03692889213562, 2.0232324600219727, 2.0323565006256104, 2.005265951156616, 2.0247912406921387, 2.035845994949341, 2.014629602432251, 2.013317584991455, 2.023230791091919, 2.0215556621551514, 2.022141933441162, 2.041311264038086, 2.0435686111450195, 2.039280652999878, 2.033836603164673, 2.0340847969055176, 2.0480237007141113, 2.0843350887298584, 2.049623489379883, 2.076014995574951, 2.080719232559204, 2.09238338470459, 2.0884222984313965, inf, inf, inf, inf, inf, inf, inf, inf, inf, inf, inf, inf, inf, inf, inf, inf, inf, inf, inf, inf, inf, inf, inf, inf, inf, inf, inf, inf, inf, inf, inf, inf, inf, inf, inf, inf, inf, inf, inf, inf, inf, inf, inf, inf, inf, inf, inf, inf, inf, inf, inf, inf, inf, inf, inf, inf, inf, inf, inf, inf, inf, inf, inf, inf, inf, inf, inf, inf, inf, inf, inf, inf, inf, inf, inf, inf, inf, inf, inf, inf, inf, inf, inf, inf]), 0.01749303564429283, 48212000000, 
array('f', [inf, inf, inf, inf, inf, inf, inf, inf, inf, inf, inf, inf, inf, inf, inf, inf, inf, inf, inf, inf, inf, inf, inf, inf, inf, inf, inf, inf, inf, inf, inf, inf, inf, inf, inf, inf, inf, inf, inf, inf, inf, inf, inf, inf, inf, inf, inf, inf, inf, inf, inf, inf, inf, inf, inf, inf, inf, inf, inf, inf, inf, inf, inf, inf, inf, inf, inf, inf, inf, inf, inf, inf, inf, inf, inf, inf, inf, inf, inf, inf, inf, inf, inf, inf, inf, inf, inf, inf, inf, inf, inf, inf, inf, inf, inf, inf, inf, inf, inf, inf, inf, inf, inf, inf, inf, inf, inf, inf, inf, inf, inf, inf, inf, inf, inf, inf, inf, inf, inf, inf, inf, inf, inf, inf, inf, inf, inf, inf, inf, inf, inf, inf, inf, inf, inf, inf, inf, inf, inf, inf, inf, inf, inf, inf, inf, 3.5, 3.4683070182800293, 3.428468704223633, 3.4231436252593994, 3.397249698638916, 3.409543991088867, 3.381788730621338, 3.3802924156188965, 3.3613247871398926, 3.3523013591766357, 3.3257017135620117, 3.319222927093506, 3.3293967247009277, 3.3341164588928223, 3.306999444961548, 3.311021089553833, 3.30244517326355, 3.31290864944458, 3.314689874649048, 3.327589750289917, 3.3042898178100586, 3.3154070377349854, 3.319105625152588, 3.312401294708252, 3.3107450008392334, 3.323056221008301, 3.343123435974121, 3.347261905670166, 3.3599438667297363, 3.3642873764038086, 3.370399236679077, 3.3851099014282227, 3.4278314113616943, 3.4241111278533936, 3.424125909805298, 3.449719190597534, 3.483182191848755, 3.4961864948272705, inf, inf, inf, inf, inf, inf, inf, inf, inf, inf, inf, inf, inf, inf, inf, inf, 3.5, 3.41671085357666, 3.3318638801574707, 3.2579445838928223, 3.1931848526000977, 3.120493173599243, 3.0554399490356445, 2.997392177581787, 2.9544060230255127, 2.8984315395355225, 2.8461272716522217, 2.807316541671753, 2.7739949226379395, 2.727266550064087, 2.676663398742676, 2.642186403274536, 2.6034133434295654, 2.563572406768799, 2.5414936542510986, 2.5093653202056885, 2.4807510375976562, 2.447965145111084, 2.4115264415740967, 2.3971123695373535, 2.3634002208709717, 2.355564594268799, 2.3105478286743164, 2.2883474826812744, 2.2900755405426025, 2.262749671936035, 2.2425007820129395, 2.2222414016723633, 2.201508045196533, 2.1916539669036865, 2.1902084350585938, 2.1729533672332764, 2.1386189460754395, 2.1553874015808105, 2.1227474212646484, 2.1193618774414062, 2.1111440658569336, 2.0904433727264404, 2.1129777431488037, 2.0939700603485107, 2.0906527042388916, 2.0939416885375977, 2.076887845993042, 2.057053327560425, 2.060058832168579, 2.057804822921753, 2.0519161224365234, 2.0522706508636475, 2.059131622314453, 2.054347515106201, 2.0534539222717285, 2.0512535572052, 2.057220935821533, 2.0609326362609863, 2.056130886077881, 2.0679566860198975, 2.0567760467529297, 2.072800874710083, 2.073467969894409, 2.0681116580963135, 2.0697505474090576, 2.0703344345092773, 2.0940027236938477, inf, inf, inf, inf, inf, inf, inf, inf, inf, inf, inf, inf, inf, inf, inf, inf, inf, inf, inf, inf, inf, inf, inf, inf, inf, inf, inf, inf, inf, inf, inf, inf, inf, inf, inf, inf, inf, inf, inf, inf, inf, inf, inf, inf, inf, inf, inf, inf, inf, inf, inf, inf, inf, inf, inf, inf, inf, inf, inf, inf, inf, inf, inf, inf, inf, inf, inf, inf, inf, inf, inf, inf, inf, inf, inf, inf, inf, inf, inf, inf, inf, inf, inf, inf, inf, inf, inf, inf, inf, inf, inf, inf, inf, inf]), 0.01749303564429283, 48412000000, 
array('f', [inf, inf, inf, inf, inf, inf, inf, inf, inf, inf, inf, inf, inf, inf, inf, inf, inf, inf, inf, inf, inf, inf, inf, inf, inf, inf, inf, inf, inf, inf, inf, inf, inf, inf, inf, inf, inf, inf, inf, inf, inf, inf, inf, inf, inf, inf, inf, inf, inf, inf, inf, inf, inf, inf, inf, inf, inf, inf, inf, inf, inf, inf, inf, inf, inf, inf, inf, inf, inf, inf, inf, inf, inf, inf, inf, inf, inf, inf, inf, inf, inf, inf, inf, inf, inf, inf, inf, inf, inf, inf, inf, inf, inf, inf, inf, inf, inf, inf, inf, inf, inf, inf, inf, inf, inf, inf, inf, inf, inf, inf, inf, inf, inf, inf, inf, inf, inf, inf, inf, inf, inf, inf, inf, inf, inf, inf, inf, inf, inf, inf, inf, inf, inf, inf, inf, inf, inf, inf, inf, inf, inf, inf, inf, inf, inf, inf, inf, inf, 3.4863271713256836, 3.4847910404205322, 3.4753401279449463, 3.451723337173462, 3.4492177963256836, 3.4613852500915527, 3.461794376373291, 3.452009916305542, 3.4487948417663574, 3.433281421661377, 3.4373109340667725, 3.4605002403259277, 3.4376542568206787, 3.459801197052002, 3.4754159450531006, 3.466567277908325, 3.471656322479248, 3.4867677688598633, 3.4853456020355225, inf, inf, inf, inf, inf, inf, inf, inf, inf, inf, inf, inf, inf, inf, inf, inf, inf, inf, inf, inf, inf, inf, inf, inf, inf, inf, inf, inf, 3.431623935699463, 3.339907169342041, 3.2704925537109375, 3.2276298999786377, 3.1542410850524902, 3.098466634750366, 3.0455451011657715, 2.9749224185943604, 2.9442098140716553, 2.8631885051727295, 2.8254952430725098, 2.787437915802002, 2.736900806427002, 2.7083985805511475, 2.654761791229248, 2.6414992809295654, 2.605259656906128, 2.5737500190734863, 2.539726495742798, 2.496710777282715, 2.466395139694214, 2.4425549507141113, 2.438322067260742, 2.420530080795288, 2.3731343746185303, 2.362774133682251, 2.3464345932006836, 2.3164172172546387, 2.3061561584472656, 2.2933621406555176, 2.2806947231292725, 2.248095750808716, 2.244633674621582, 2.217853546142578, 2.2061777114868164, 2.185168743133545, 2.172999143600464, 2.177365303039551, 2.1616883277893066, 2.1536576747894287, 2.167215585708618, 2.142068386077881, 2.1491899490356445, 2.1206347942352295, 2.124704360961914, 2.0910398960113525, 2.113586187362671, 2.1254990100860596, 2.1072335243225098, 2.100928783416748, 2.095827579498291, 2.113050937652588, 2.1061389446258545, 2.094130039215088, 2.095109224319458, 2.1194534301757812, 2.1005702018737793, 2.120269775390625, 2.0904951095581055, 2.0924017429351807, 2.109968900680542, inf, inf, inf, inf, inf, inf, inf, inf, inf, inf, inf, inf, inf, inf, inf, inf, inf, inf, inf, inf, inf, inf, inf, inf, inf, inf, inf, inf, inf, inf, inf, inf, inf, inf, inf, inf, inf, inf, inf, inf, inf, inf, inf, inf, inf, inf, inf, inf, inf, inf, inf, inf, inf, inf, inf, inf, inf, inf, inf, inf, inf, inf, inf, inf, inf, inf, inf, inf, inf, inf, inf, inf, inf, inf, inf, inf, inf, inf, inf, inf, inf, inf, inf, inf, inf, inf, inf, inf, inf, inf, inf, inf, inf, inf, inf, inf, inf, inf, inf, inf, inf, inf, inf, inf]), 0.01749303564429283, 48612000000, 
array('f', [inf, inf, inf, inf, inf, inf, inf, inf, inf, inf, inf, inf, inf, inf, inf, inf, inf, inf, inf, inf, inf, inf, inf, inf, inf, inf, inf, inf, inf, inf, inf, inf, inf, inf, inf, inf, inf, inf, inf, inf, inf, inf, inf, inf, inf, inf, inf, inf, inf, inf, inf, inf, inf, inf, inf, inf, inf, inf, inf, inf, inf, inf, inf, inf, inf, inf, inf, inf, inf, inf, inf, inf, inf, inf, inf, inf, inf, inf, inf, inf, inf, inf, inf, inf, inf, inf, inf, inf, inf, inf, inf, inf, inf, inf, inf, inf, inf, inf, inf, inf, inf, inf, inf, inf, inf, inf, inf, inf, inf, inf, inf, inf, inf, inf, inf, inf, inf, inf, inf, inf, inf, inf, inf, inf, inf, inf, inf, inf, inf, inf, inf, inf, inf, inf, inf, inf, inf, inf, inf, inf, inf, inf, inf, inf, inf, inf, inf, inf, inf, inf, inf, inf, inf, inf, inf, inf, inf, inf, inf, inf, inf, inf, inf, inf, inf, inf, inf, inf, inf, inf, inf, inf, inf, inf, inf, inf, inf, inf, inf, inf, inf, inf, inf, inf, inf, inf, inf, inf, inf, inf, 3.4627370834350586, 3.3586859703063965, 3.3182485103607178, 3.253068447113037, 3.1757805347442627, 3.0993504524230957, 3.0487194061279297, 3.0025715827941895, 2.979613780975342, 2.9222686290740967, 2.85284423828125, 2.8330576419830322, 2.7948389053344727, 2.7434678077697754, 2.695570945739746, 2.6731300354003906, 2.6369829177856445, 2.598165512084961, 2.5864102840423584, 2.550448417663574, 2.508172035217285, 2.48695707321167, 2.4763565063476562, 2.4436964988708496, 2.425830364227295, 2.3983569145202637, 2.392630100250244, 2.3793869018554688, 2.342684030532837, 2.321777105331421, 2.3111636638641357, 2.295278549194336, 2.274064540863037, 2.270364284515381, 2.25044846534729, 2.2505345344543457, 2.227454662322998, 2.2369260787963867, 2.207395315170288, 2.2114436626434326, 2.2048845291137695, 2.183701753616333, 2.1784160137176514, 2.1794395446777344, 2.1718380451202393, 2.1703011989593506, 2.163008451461792, 2.147550582885742, 2.162627696990967, 2.1471805572509766, 2.1681435108184814, 2.1569430828094482, 2.1518821716308594, 2.16977858543396, 2.1593310832977295, 2.1866321563720703, inf, inf, inf, inf, inf, inf, inf, inf, inf, inf, inf, inf, inf, inf, inf, inf, inf, inf, inf, inf, inf, inf, inf, inf, inf, inf, inf, inf, inf, inf, inf, inf, inf, inf, inf, inf, inf, inf, inf, inf, inf, inf, inf, inf, inf, inf, inf, inf, inf, inf, inf, inf, inf, inf, inf, inf, inf, inf, inf, inf, inf, inf, inf, inf, inf, inf, inf, inf, inf, inf, inf, inf, inf, inf, inf, inf, inf, inf, inf, inf, inf, inf, inf, inf, inf, inf, inf, inf, inf, inf, inf, inf, inf, inf, inf, inf, inf, inf, inf, inf, inf, inf, inf, inf, inf, inf, inf, inf, inf, inf, inf, inf, inf, inf]), 0.01749303564429283, 48814000000, 
array('f', [inf, inf, inf, inf, inf, inf, inf, inf, inf, inf, inf, inf, inf, inf, inf, inf, inf, inf, inf, inf, inf, inf, inf, inf, inf, inf, inf, inf, inf, inf, inf, inf, inf, inf, inf, inf, inf, inf, inf, inf, inf, inf, inf, inf, inf, inf, inf, inf, inf, inf, inf, inf, inf, inf, inf, inf, inf, inf, inf, inf, inf, inf, inf, inf, inf, inf, inf, inf, inf, inf, inf, inf, inf, inf, inf, inf, inf, inf, inf, inf, inf, inf, inf, inf, inf, inf, inf, inf, inf, inf, inf, inf, inf, inf, inf, inf, inf, inf, inf, inf, inf, inf, inf, inf, inf, inf, inf, inf, inf, inf, inf, inf, inf, inf, inf, inf, inf, inf, inf, inf, inf, inf, inf, inf, inf, inf, inf, inf, inf, inf, inf, inf, inf, inf, inf, inf, inf, inf, inf, inf, inf, inf, inf, inf, inf, inf, inf, inf, inf, inf, inf, inf, inf, inf, inf, inf, inf, inf, inf, inf, inf, inf, inf, inf, inf, inf, inf, inf, inf, inf, inf, inf, inf, inf, inf, inf, inf, inf, inf, inf, inf, inf, inf, inf, inf, inf, 3.409675359725952, 3.368633270263672, 3.3138198852539062, 3.24120831489563, 3.1731441020965576, 3.12589955329895, 3.067199468612671, 3.0172383785247803, 2.9753024578094482, 2.947721004486084, 2.866652250289917, 2.839351177215576, 2.801727771759033, 2.779444694519043, 2.7270026206970215, 2.72396183013916, 2.6552488803863525, 2.638636589050293, 2.62005615234375, 2.5973072052001953, 2.5571727752685547, 2.5456390380859375, 2.523078680038452, 2.4852774143218994, 2.4726927280426025, 2.4609549045562744, 2.4298367500305176, 2.4238901138305664, 2.3986799716949463, 2.39009952545166, 2.3833227157592773, 2.35371732711792, 2.3460121154785156, 2.336834669113159, 2.306746006011963, 2.308443307876587, 2.2985498905181885, 2.29017972946167, 2.2860374450683594, 2.2785325050354004, 2.2762258052825928, 2.2349305152893066, 2.2438597679138184, 2.2467200756073, 2.2457759380340576, 2.233187198638916, 2.2492997646331787, 2.2269842624664307, 2.238201856613159, 2.231776714324951, 2.226933479309082, inf, inf, inf, inf, inf, inf, inf, inf, inf, inf, inf, inf, inf, inf, inf, inf, inf, inf, inf, inf, inf, inf, inf, inf, inf, inf, inf, inf, inf, inf, inf, inf, inf, inf, inf, inf, inf, inf, inf, inf, inf, inf, inf, inf, inf, inf, inf, inf, inf, inf, inf, inf, inf, inf, inf, inf, inf, inf, inf, inf, inf, inf, inf, inf, inf, inf, inf, inf, inf, inf, inf, inf, inf, inf, inf, inf, inf, inf, inf, inf, inf, inf, inf, inf, inf, inf, inf, inf, inf, inf, inf, inf, inf, inf, inf, inf, inf, inf, inf, inf, inf, inf, inf, inf, inf, inf, inf, inf, inf, inf, inf, inf, inf, inf, inf, inf, inf, inf, inf, inf, inf, inf, inf]), 0.01749303564429283, 49014000000, 
array('f', [inf, inf, inf, inf, inf, inf, inf, inf, inf, inf, inf, inf, inf, inf, inf, inf, inf, inf, inf, inf, inf, inf, inf, inf, inf, inf, inf, inf, inf, inf, inf, inf, inf, inf, inf, inf, inf, inf, inf, inf, inf, inf, inf, inf, inf, inf, inf, inf, inf, inf, inf, inf, inf, inf, inf, inf, inf, inf, inf, inf, inf, inf, inf, inf, inf, inf, inf, inf, inf, inf, inf, inf, inf, inf, inf, inf, inf, inf, inf, inf, inf, inf, inf, inf, inf, inf, inf, inf, inf, inf, inf, inf, inf, inf, inf, inf, inf, inf, inf, inf, inf, inf, inf, inf, inf, inf, inf, inf, inf, inf, inf, inf, inf, inf, inf, inf, inf, inf, inf, inf, inf, inf, inf, inf, inf, inf, inf, inf, inf, inf, inf, inf, inf, inf, inf, inf, inf, inf, inf, inf, inf, inf, inf, inf, inf, inf, inf, inf, inf, inf, inf, inf, inf, inf, inf, inf, inf, inf, inf, inf, inf, inf, inf, inf, inf, inf, inf, inf, inf, inf, inf, inf, inf, inf, inf, inf, inf, inf, inf, inf, inf, inf, 3.4323220252990723, 3.3670401573181152, 3.2961111068725586, 3.2541511058807373, 3.18746018409729, 3.1358234882354736, 3.091433525085449, 3.0491068363189697, 3.0093722343444824, 2.967167854309082, 2.9378790855407715, 2.8855528831481934, 2.8539607524871826, 2.8181703090667725, 2.7867658138275146, 2.7451858520507812, 2.7359697818756104, 2.6931657791137695, 2.6693434715270996, 2.6513171195983887, 2.634913682937622, 2.606130361557007, 2.558669328689575, 2.564330816268921, 2.538050889968872, 2.5031497478485107, 2.500863552093506, 2.481233835220337, 2.4548633098602295, 2.463918447494507, 2.4189438819885254, 2.428629159927368, 2.3985776901245117, 2.398585081100464, 2.3970468044281006, 2.3765318393707275, 2.374174118041992, 2.370816707611084, 2.3334600925445557, 2.3611204624176025, 2.337092638015747, 2.3498709201812744, 2.3270492553710938, 2.3292715549468994, 2.307459592819214, 2.318779468536377, inf, inf, inf, inf, inf, inf, inf, inf, inf, inf, inf, inf, inf, inf, inf, inf, inf, inf, inf, inf, inf, inf, inf, inf, inf, inf, inf, inf, inf, inf, inf, inf, inf, inf, inf, inf, inf, inf, inf, inf, inf, inf, inf, inf, inf, inf, inf, inf, inf, inf, inf, inf, inf, inf, inf, inf, inf, inf, inf, inf, inf, inf, inf, inf, inf, inf, inf, inf, inf, inf, inf, inf, inf, inf, inf, inf, inf, inf, inf, inf, inf, inf, inf, inf, inf, inf, inf, inf, inf, inf, inf, inf, inf, inf, inf, inf, inf, inf, inf, inf, inf, inf, inf, inf, inf, inf, inf, inf, inf, inf, inf, inf, inf, inf, inf, inf, inf, inf, inf, inf, inf, inf, inf, inf, inf, inf, inf, inf, inf, inf, inf, inf]), 0.01749303564429283, 49214000000, 
array('f', [inf, inf, inf, inf, inf, inf, inf, inf, inf, inf, inf, inf, inf, inf, inf, inf, inf, inf, inf, inf, inf, inf, inf, inf, inf, inf, inf, inf, inf, inf, inf, inf, inf, inf, inf, inf, inf, inf, inf, inf, inf, inf, inf, inf, inf, inf, inf, inf, inf, inf, inf, inf, inf, inf, inf, inf, inf, inf, inf, inf, inf, inf, inf, inf, inf, inf, inf, inf, inf, inf, inf, inf, inf, inf, inf, inf, inf, inf, inf, inf, inf, inf, inf, inf, inf, inf, inf, inf, inf, inf, inf, inf, inf, inf, inf, inf, inf, inf, inf, inf, inf, inf, inf, inf, inf, inf, inf, inf, inf, inf, inf, inf, inf, inf, inf, inf, inf, inf, inf, inf, inf, inf, inf, inf, inf, inf, inf, inf, inf, inf, inf, inf, inf, inf, inf, inf, inf, inf, inf, inf, inf, inf, inf, inf, inf, inf, inf, inf, inf, inf, inf, inf, inf, inf, inf, inf, inf, inf, inf, inf, inf, inf, inf, inf, inf, inf, inf, inf, inf, inf, inf, inf, inf, inf, inf, inf, inf, inf, 3.453355073928833, 3.402552366256714, 3.369259834289551, 3.3063676357269287, 3.2413384914398193, 3.199110269546509, 3.1281819343566895, 3.1035501956939697, 3.072282552719116, 3.0154526233673096, 2.993568181991577, 2.9416868686676025, 2.891721487045288, 2.8850650787353516, 2.864518642425537, 2.819150447845459, 2.7742011547088623, 2.7374143600463867, 2.7357163429260254, 2.7236266136169434, 2.6700637340545654, 2.6761419773101807, 2.6308553218841553, 2.615294933319092, 2.5990684032440186, 2.5971977710723877, 2.5694222450256348, 2.563345193862915, 2.5297012329101562, 2.544654130935669, 2.512742757797241, 2.5199992656707764, 2.5048911571502686, 2.4970333576202393, 2.466703176498413, 2.456331729888916, 2.449779987335205, 2.4525129795074463, 2.445530414581299, 2.4467885494232178, 2.4303829669952393, 2.4583327770233154, 3.166384220123291, inf, inf, inf, inf, inf, inf, inf, inf, inf, inf, inf, inf, inf, inf, inf, inf, inf, inf, inf, inf, inf, inf, inf, inf, inf, inf, inf, inf, inf, inf, inf, inf, inf, inf, inf, inf, inf, inf, inf, inf, inf, inf, inf, inf, inf, inf, inf, inf, inf, inf, inf, inf, inf, inf, inf, inf, inf, inf, inf, inf, inf, inf, inf, inf, inf, inf, inf, inf, inf, inf, inf, inf, inf, inf, inf, inf, inf, inf, inf, inf, inf, inf, inf, inf, inf, inf, inf, inf, inf, inf, inf, inf, inf, inf, inf, inf, inf, inf, inf, inf, inf, inf, inf, inf, inf, inf, inf, inf, inf, inf, inf, inf, inf, inf, inf, inf, inf, inf, inf, inf, inf, inf, inf, inf, inf, inf, inf, inf, inf, inf, inf, inf, inf, inf, inf, inf, inf, inf, inf]), 0.01749303564429283, 49414000000, 
array('f', [inf, inf, inf, inf, inf, inf, inf, inf, inf, inf, inf, inf, inf, inf, inf, inf, inf, inf, inf, inf, inf, inf, inf, inf, inf, inf, inf, inf, inf, inf, inf, inf, inf, inf, inf, inf, inf, inf, inf, inf, inf, inf, inf, inf, inf, inf, inf, inf, inf, inf, inf, inf, inf, inf, inf, inf, inf, inf, inf, inf, inf, inf, inf, inf, inf, inf, inf, inf, inf, inf, inf, inf, inf, inf, inf, inf, inf, inf, inf, inf, inf, inf, inf, inf, inf, inf, inf, inf, inf, inf, inf, inf, inf, inf, inf, inf, inf, inf, inf, inf, inf, inf, inf, inf, inf, inf, inf, inf, inf, inf, inf, inf, inf, inf, inf, inf, inf, inf, inf, inf, inf, inf, inf, inf, inf, inf, inf, inf, inf, inf, inf, inf, inf, inf, inf, inf, inf, inf, inf, inf, inf, inf, inf, inf, inf, inf, inf, inf, inf, inf, inf, inf, inf, inf, inf, inf, inf, inf, inf, inf, inf, inf, inf, inf, inf, inf, inf, inf, inf, inf, inf, inf, inf, inf, inf, 3.452176332473755, 3.4074742794036865, 3.3504068851470947, 3.3016722202301025, 3.2537176609039307, 3.204650640487671, 3.1655616760253906, 3.126605749130249, 3.089653968811035, 3.050306558609009, 2.9975290298461914, 2.9859726428985596, 2.951551914215088, 2.9229724407196045, 2.8800230026245117, 2.869471549987793, 2.8397836685180664, 2.7987282276153564, 2.7748165130615234, 2.7602081298828125, 2.745396614074707, 2.7257747650146484, 2.7146379947662354, 2.691126823425293, 2.6681058406829834, 2.6495425701141357, 2.6413803100585938, 2.623814344406128, 2.6201157569885254, 2.6062588691711426, 2.6009626388549805, 2.5884079933166504, 2.584259033203125, 2.5710737705230713, 2.5732040405273438, 2.535984516143799, 2.572490692138672, 3.012261152267456, inf, inf, inf, inf, inf, inf, inf, inf, inf, inf, inf, inf, inf, inf, inf, inf, inf, inf, inf, inf, inf, inf, inf, inf, inf, inf, inf, inf, inf, inf, inf, inf, inf, inf, inf, inf, inf, inf, inf, inf, inf, inf, inf, inf, inf, inf, inf, inf, inf, inf, inf, inf, inf, inf, inf, inf, inf, inf, inf, inf, inf, inf, inf, inf, inf, inf, inf, inf, inf, inf, inf, inf, inf, inf, inf, inf, inf, inf, inf, inf, inf, inf, inf, inf, inf, inf, inf, inf, inf, inf, inf, inf, inf, inf, inf, inf, inf, inf, inf, inf, inf, inf, inf, inf, inf, inf, inf, inf, inf, inf, inf, inf, inf, inf, inf, inf, inf, inf, inf, inf, inf, inf, inf, inf, inf, inf, inf, inf, inf, inf, inf, inf, inf, inf, inf, inf, inf, inf, inf, inf, inf, inf, inf, inf, inf, inf, inf]), 0.01749303564429283, 49614000000, 
array('f', [inf, inf, inf, inf, inf, inf, inf, inf, inf, inf, inf, inf, inf, inf, inf, inf, inf, inf, inf, inf, inf, inf, inf, inf, inf, inf, inf, inf, inf, inf, inf, inf, inf, inf, inf, inf, inf, inf, inf, inf, inf, inf, inf, inf, inf, inf, inf, inf, inf, inf, inf, inf, inf, inf, inf, inf, inf, inf, inf, inf, inf, inf, inf, inf, inf, inf, inf, inf, inf, inf, inf, inf, inf, inf, inf, inf, inf, inf, inf, inf, inf, inf, inf, inf, inf, inf, inf, inf, inf, inf, inf, inf, inf, inf, inf, inf, inf, inf, inf, inf, inf, inf, inf, inf, inf, inf, inf, inf, inf, inf, inf, inf, inf, inf, inf, inf, inf, inf, inf, inf, inf, inf, inf, inf, inf, inf, inf, inf, inf, inf, inf, inf, inf, inf, inf, inf, inf, inf, inf, inf, inf, inf, inf, inf, inf, inf, inf, inf, inf, inf, inf, inf, inf, inf, inf, inf, inf, inf, inf, inf, inf, inf, inf, inf, inf, inf, inf, inf, inf, inf, inf, inf, 3.4613561630249023, 3.423966646194458, 3.3759117126464844, 3.3200833797454834, 3.280010223388672, 3.23978590965271, 3.2042880058288574, 3.151698589324951, 3.131122350692749, 3.0945703983306885, 3.0491294860839844, 3.026569366455078, 3.017035961151123, 2.984863519668579, 2.956843376159668, 2.927400588989258, 2.88871431350708, 2.88337779045105, 2.844064950942993, 2.8490052223205566, 2.841050148010254, 2.8036816120147705, 2.795339584350586, 2.771296262741089, 2.740058422088623, 2.7422211170196533, 2.730956792831421, 2.72922945022583, 2.7274599075317383, 2.712275743484497, 2.6890408992767334, 2.681562900543213, 2.8256618976593018, 3.2374491691589355, inf, inf, inf, inf, inf, inf, inf, inf, inf, inf, inf, inf, inf, inf, inf, inf, inf, inf, inf, inf, inf, inf, inf, inf, inf, inf, inf, inf, inf, inf, inf, inf, inf, inf, inf, inf, inf, inf, inf, inf, inf, inf, inf, inf, inf, inf, inf, inf, inf, inf, inf, inf, inf, inf, inf, inf, inf, inf, inf, inf, inf, inf, inf, inf, inf, inf, inf, inf, inf, inf, inf, inf, inf, inf, inf, inf, inf, inf, inf, inf, inf, inf, inf, inf, inf, inf, inf, inf, inf, inf, inf, inf, inf, inf, inf, inf, inf, inf, inf, inf, inf, inf, inf, inf, inf, inf, inf, inf, inf, inf, inf, inf, inf, inf, inf, inf, inf, inf, inf, inf, inf, inf, inf, inf, inf, inf, inf, inf, inf, inf, inf, inf, inf, inf, inf, inf, inf, inf, inf, inf, inf, inf, inf, inf, inf, inf, inf, inf, inf, inf, inf, inf, inf, inf]), 0.01749303564429283, 49814000000, 
array('f', [inf, inf, inf, inf, inf, inf, inf, inf, inf, inf, inf, inf, inf, inf, inf, inf, inf, inf, inf, inf, inf, inf, inf, inf, inf, inf, inf, inf, inf, inf, inf, inf, inf, inf, inf, inf, inf, inf, inf, inf, inf, inf, inf, inf, inf, inf, inf, inf, inf, inf, inf, inf, inf, inf, inf, inf, inf, inf, inf, inf, inf, inf, inf, inf, inf, inf, inf, inf, inf, inf, inf, inf, inf, inf, inf, inf, inf, inf, inf, inf, inf, inf, inf, inf, inf, inf, inf, inf, inf, inf, inf, inf, inf, inf, inf, inf, inf, inf, inf, inf, inf, inf, inf, inf, inf, inf, inf, inf, inf, inf, inf, inf, inf, inf, inf, inf, inf, inf, inf, inf, inf, inf, inf, inf, inf, inf, inf, inf, inf, inf, inf, inf, inf, inf, inf, inf, inf, inf, inf, inf, inf, inf, inf, inf, inf, inf, inf, inf, inf, inf, inf, inf, inf, inf, inf, inf, inf, inf, inf, inf, inf, inf, inf, inf, inf, inf, inf, inf, inf, 3.485353946685791, 3.459852457046509, 3.3844285011291504, 3.360490083694458, 3.3180179595947266, 3.277326822280884, 3.2365410327911377, 3.211925506591797, 3.1715285778045654, 3.14790678024292, 3.1241958141326904, 3.092911720275879, 3.0725231170654297, 3.0456347465515137, 3.0154454708099365, 3.0049829483032227, 2.9711313247680664, 2.9799587726593018, 2.933112859725952, 2.91845965385437, 2.913179874420166, 2.88362193107605, 2.891824245452881, 2.861345052719116, 2.8472135066986084, 2.8364100456237793, 2.8255529403686523, 2.8162903785705566, 2.966339588165283, 3.327749013900757, inf, inf, inf, inf, inf, inf, inf, inf, inf, inf, inf, inf, inf, inf, inf, inf, inf, inf, inf, inf, inf, inf, inf, inf, inf, inf, inf, inf, inf, inf, inf, inf, inf, inf, inf, inf, inf, inf, inf, inf, inf, inf, inf, inf, inf, inf, inf, inf, inf, inf, inf, inf, inf, inf, inf, inf, inf, inf, inf, inf, inf, inf, inf, inf, inf, inf, inf, inf, inf, inf, inf, inf, inf, inf, inf, inf, inf, inf, inf, inf, inf, inf, inf, inf, inf, inf, inf, inf, inf, inf, inf, inf, inf, inf, inf, inf, inf, inf, inf, inf, inf, inf, inf, inf, inf, inf, inf, inf, inf, inf, inf, inf, inf, inf, inf, inf, inf, inf, inf, inf, inf, inf, inf, inf, inf, inf, inf, inf, inf, inf, inf, inf, inf, inf, inf, inf, inf, inf, inf, inf, inf, inf, inf, inf, inf, inf, inf, inf, inf, inf, inf, inf, inf, inf, inf, inf, inf, inf, inf, inf, inf]), 0.01749303564429283, 50014000000, 
array('f', [inf, inf, inf, inf, inf, inf, inf, inf, inf, inf, inf, inf, inf, inf, inf, inf, inf, inf, inf, inf, inf, inf, inf, inf, inf, inf, inf, inf, inf, inf, inf, inf, inf, inf, inf, inf, inf, inf, inf, inf, inf, inf, inf, inf, inf, inf, inf, inf, inf, inf, inf, inf, inf, inf, inf, inf, inf, inf, inf, inf, inf, inf, inf, inf, inf, inf, inf, inf, inf, inf, inf, inf, inf, inf, inf, inf, inf, inf, inf, inf, inf, inf, inf, inf, inf, inf, inf, inf, inf, inf, inf, inf, inf, inf, inf, inf, inf, inf, inf, inf, inf, inf, inf, inf, inf, inf, inf, inf, inf, inf, inf, inf, inf, inf, inf, inf, inf, inf, inf, inf, inf, inf, inf, inf, inf, inf, inf, inf, inf, inf, inf, inf, inf, inf, inf, inf, inf, inf, inf, inf, inf, inf, inf, inf, inf, inf, inf, inf, inf, inf, inf, inf, inf, inf, inf, inf, inf, inf, inf, inf, inf, inf, inf, inf, inf, inf, inf, 3.4767322540283203, 3.443049192428589, 3.4199817180633545, 3.384293794631958, 3.3643076419830322, 3.3370847702026367, 3.279540538787842, 3.251931667327881, 3.2353830337524414, 3.212796688079834, 3.1634743213653564, 3.1692447662353516, 3.127922296524048, 3.1167726516723633, 3.092186212539673, 3.0675063133239746, 3.0528626441955566, 3.040065050125122, 3.0252153873443604, 3.003154754638672, 3.003349542617798, 3.0013840198516846, 2.9899332523345947, 2.9511559009552, 3.2690000534057617, inf, inf, inf, inf, inf, inf, inf, inf, inf, inf, inf, inf, inf, inf, inf, inf, inf, inf, inf, inf, inf, inf, inf, inf, inf, inf, inf, inf, inf, inf, inf, inf, inf, inf, inf, inf, inf, inf, inf, inf, inf, inf, inf, inf, inf, inf, inf, inf, inf, inf, inf, inf, inf, inf, inf, inf, inf, inf, inf, inf, inf, inf, inf, inf, inf, inf, inf, inf, inf, inf, inf, inf, inf, inf, inf, inf, inf, inf, inf, inf, inf, inf, inf, inf, inf, inf, inf, inf, inf, inf, inf, inf, inf, inf, inf, inf, inf, inf, inf, inf, inf, inf, inf, inf, inf, inf, inf, inf, inf, inf, inf, inf, inf, inf, inf, inf, inf, inf, inf, inf, inf, inf, inf, inf, inf, inf, inf, inf, inf, inf, inf, inf, inf, inf, inf, inf, inf, inf, inf, inf, inf, inf, inf, inf, inf, inf, inf, inf, inf, inf, inf, inf, inf, inf, inf, inf, inf, inf, inf, inf, inf, inf, inf, inf, inf, inf, inf, inf]), 0.01749303564429283, 50214000000, 
array('f', [inf, inf, inf, inf, inf, inf, inf, inf, inf, inf, inf, inf, inf, inf, inf, inf, inf, inf, inf, inf, inf, inf, inf, inf, inf, inf, inf, inf, inf, inf, inf, inf, inf, inf, inf, inf, inf, inf, inf, inf, inf, inf, inf, inf, inf, inf, inf, inf, inf, inf, inf, inf, inf, inf, inf, inf, inf, inf, inf, inf, inf, inf, inf, inf, inf, inf, inf, inf, inf, inf, inf, inf, inf, inf, inf, inf, inf, inf, inf, inf, inf, inf, inf, inf, inf, inf, inf, inf, inf, inf, inf, inf, inf, inf, inf, inf, inf, inf, inf, inf, inf, inf, inf, inf, inf, inf, inf, inf, inf, inf, inf, inf, inf, inf, inf, inf, inf, inf, inf, inf, inf, inf, inf, inf, inf, inf, inf, inf, inf, inf, inf, inf, inf, inf, inf, inf, inf, inf, inf, inf, inf, inf, inf, inf, inf, inf, inf, inf, inf, inf, inf, inf, inf, inf, inf, inf, inf, inf, inf, inf, inf, inf, inf, inf, inf, inf, 3.481710433959961, 3.439099073410034, 3.4170284271240234, 3.3954577445983887, 3.3353347778320312, 3.342837333679199, 3.309375524520874, 3.2633793354034424, 3.2753779888153076, 3.242656707763672, 3.237062692642212, 3.189206838607788, 3.186217784881592, 3.1779184341430664, 3.1653950214385986, 3.141968250274658, 3.1367127895355225, 3.1106274127960205, 3.1851308345794678, inf, inf, inf, inf, inf, inf, inf, inf, inf, inf, inf, inf, inf, inf, inf, inf, inf, inf, inf, inf, inf, inf, inf, inf, inf, inf, inf, inf, inf, inf, inf, inf, inf, inf, inf, inf, inf, inf, inf, inf, inf, inf, inf, inf, inf, inf, inf, inf, inf, inf, inf, inf, inf, inf, inf, inf, inf, inf, inf, inf, inf, inf, inf, inf, inf, inf, inf, inf, inf, inf, inf, inf, inf, inf, inf, inf, inf, inf, inf, inf, inf, inf, inf, inf, inf, inf, inf, inf, inf, inf, inf, inf, inf, inf, inf, inf, inf, inf, inf, inf, inf, inf, inf, inf, inf, inf, inf, inf, inf, inf, inf, inf, inf, inf, inf, inf, inf, inf, inf, inf, inf, inf, inf, inf, inf, inf, inf, inf, inf, inf, inf, inf, inf, inf, inf, inf, inf, inf, inf, inf, inf, inf, inf, inf, inf, inf, inf, inf, inf, inf, inf, inf, inf, inf, inf, inf, inf, inf, inf, inf, inf, inf, inf, inf, inf, inf, inf, inf, inf, inf, inf, inf, inf, inf, inf]), 0.01749303564429283, 50414000000, 
array('f', [inf, inf, inf, inf, inf, inf, inf, inf, inf, inf, inf, inf, inf, inf, inf, inf, inf, inf, inf, inf, inf, inf, inf, inf, inf, inf, inf, inf, inf, inf, inf, inf, inf, inf, inf, inf, inf, inf, inf, inf, inf, inf, inf, inf, inf, inf, inf, inf, inf, inf, inf, inf, inf, inf, inf, inf, inf, inf, inf, inf, inf, inf, inf, inf, inf, inf, inf, inf, inf, inf, inf, inf, inf, inf, inf, inf, inf, inf, inf, inf, inf, inf, inf, inf, inf, inf, inf, inf, inf, inf, inf, inf, inf, inf, inf, inf, inf, inf, inf, inf, inf, inf, inf, inf, inf, inf, inf, inf, inf, inf, inf, inf, inf, inf, inf, inf, inf, inf, inf, inf, inf, inf, inf, inf, inf, inf, inf, inf, inf, inf, inf, inf, inf, inf, inf, inf, inf, inf, inf, inf, inf, inf, inf, inf, inf, inf, inf, inf, inf, inf, inf, inf, inf, inf, inf, inf, inf, inf, inf, inf, inf, inf, inf, inf, inf, 3.4945552349090576, 3.464529037475586, 3.448707103729248, 3.4367756843566895, 3.397624969482422, 3.3860507011413574, 3.355607271194458, 3.355079412460327, 3.338331699371338, 3.301445484161377, 3.316969394683838, 3.2882776260375977, 3.261727809906006, 3.3587586879730225, inf, inf, inf, inf, inf, inf, inf, inf, inf, inf, inf, inf, inf, inf, inf, inf, inf, inf, inf, inf, inf, inf, inf, inf, inf, inf, inf, inf, inf, inf, inf, inf, inf, inf, inf, inf, inf, inf, inf, inf, inf, inf, inf, inf, inf, inf, inf, inf, inf, inf, inf, inf, inf, inf, inf, inf, inf, inf, inf, inf, inf, inf, inf, inf, inf, inf, inf, inf, inf, inf, inf, inf, inf, inf, inf, inf, inf, inf, inf, inf, inf, inf, inf, inf, inf, inf, inf, inf, inf, inf, inf, inf, inf, inf, inf, inf, inf, inf, inf, inf, inf, inf, inf, inf, inf, inf, inf, inf, inf, inf, inf, inf, inf, inf, inf, inf, inf, inf, inf, inf, inf, inf, inf, inf, inf, inf, inf, inf, inf, inf, inf, inf, inf, inf, inf, inf, inf, inf, inf, inf, inf, inf, inf, inf, inf, inf, inf, inf, inf, inf, inf, inf, inf, inf, inf, inf, inf, inf, inf, inf, inf, inf, inf, inf, inf, inf, inf, inf, inf, inf, inf, inf, inf, inf, inf, inf, inf, inf, inf, inf, inf]), 0.01749303564429283, 50614000000, 
array('f', [inf, inf, inf, inf, inf, inf, inf, inf, inf, inf, inf, inf, inf, inf, inf, inf, inf, inf, inf, inf, inf, inf, inf, inf, inf, inf, inf, inf, inf, inf, inf, inf, inf, inf, inf, inf, inf, inf, inf, inf, inf, inf, inf, inf, inf, inf, inf, inf, inf, inf, inf, inf, inf, inf, inf, inf, inf, inf, inf, inf, inf, inf, inf, inf, inf, inf, inf, inf, inf, inf, inf, inf, inf, inf, inf, inf, inf, inf, inf, inf, inf, inf, inf, inf, inf, inf, inf, inf, inf, inf, inf, inf, inf, inf, inf, inf, inf, inf, inf, inf, inf, inf, inf, inf, inf, inf, inf, inf, inf, inf, inf, inf, inf, inf, inf, inf, inf, inf, inf, inf, inf, inf, inf, inf, inf, inf, inf, inf, inf, inf, inf, inf, inf, inf, inf, inf, inf, inf, inf, inf, inf, inf, inf, inf, inf, inf, inf, inf, inf, inf, inf, inf, inf, inf, inf, inf, inf, inf, inf, inf, inf, inf, inf, inf, inf, inf, 3.48160457611084, 3.476875066757202, 3.4632582664489746, 3.4604597091674805, 3.4285359382629395, 3.4289400577545166, 3.452752113342285, inf, inf, inf, inf, inf, inf, inf, inf, inf, inf, inf, inf, inf, inf, inf, inf, inf, inf, inf, inf, inf, inf, inf, inf, inf, inf, inf, inf, inf, inf, inf, inf, inf, inf, inf, inf, inf, inf, inf, inf, inf, inf, inf, inf, inf, inf, inf, inf, inf, inf, inf, inf, inf, inf, inf, inf, inf, inf, inf, inf, inf, inf, inf, inf, inf, inf, inf, inf, inf, inf, inf, inf, inf, inf, inf, inf, inf, inf, inf, inf, inf, inf, inf, inf, inf, inf, inf, inf, inf, inf, inf, inf, inf, inf, inf, inf, inf, inf, inf, inf, inf, inf, inf, inf, inf, inf, inf, inf, inf, inf, inf, inf, inf, inf, inf, inf, inf, inf, inf, inf, inf, inf, inf, inf, inf, inf, inf, inf, inf, inf, inf, inf, inf, inf, inf, inf, inf, inf, inf, inf, inf, inf, inf, inf, inf, inf, inf, inf, inf, inf, inf, inf, inf, inf, inf, inf, inf, inf, inf, inf, inf, inf, inf, inf, inf, inf, inf, inf, inf, inf, inf, inf, inf, inf, inf, inf, inf, inf, inf, inf, inf, inf, inf, inf, inf, inf, inf]), 0.01749303564429283, 50814000000, 
array('f', [inf, inf, inf, inf, inf, inf, inf, inf, inf, inf, inf, inf, inf, inf, inf, inf, inf, inf, inf, inf, inf, inf, inf, inf, inf, inf, inf, inf, inf, inf, inf, inf, inf, inf, inf, inf, inf, inf, inf, inf, inf, inf, inf, inf, inf, inf, inf, inf, inf, inf, inf, inf, inf, inf, inf, inf, inf, inf, inf, inf, inf, inf, inf, inf, inf, inf, inf, inf, inf, inf, inf, inf, inf, inf, inf, inf, inf, inf, inf, inf, inf, inf, inf, inf, inf, inf, inf, inf, inf, inf, inf, inf, inf, inf, inf, inf, inf, inf, inf, inf, inf, inf, inf, inf, inf, inf, inf, inf, inf, inf, inf, inf, inf, inf, inf, inf, inf, inf, inf, inf, inf, inf, inf, inf, inf, inf, inf, inf, inf, inf, inf, inf, inf, inf, inf, inf, inf, inf, inf, inf, inf, inf, inf, inf, inf, inf, inf, inf, inf, inf, inf, inf, inf, inf, inf, inf, inf, inf, inf, inf, inf, inf, inf, inf, inf, inf, inf, inf, inf, inf, inf, inf, inf, inf, inf, inf, inf, inf, inf, inf, inf, inf, inf, inf, inf, inf, inf, inf, inf, inf, inf, inf, inf, inf, inf, inf, inf, inf, inf, inf, inf, inf, inf, inf, inf, inf, inf, inf, inf, inf, inf, inf, inf, inf, inf, inf, inf, inf, inf, inf, inf, inf, inf, inf, inf, inf, inf, inf, inf, inf, inf, inf, inf, inf, inf, inf, inf, inf, inf, inf, inf, inf, inf, inf, inf, inf, inf, inf, inf, inf, inf, inf, inf, inf, inf, inf, inf, inf, inf, inf, inf, inf, inf, inf, inf, inf, inf, inf, inf, inf, inf, inf, inf, inf, inf, inf, inf, inf, inf, inf, inf, inf, inf, inf, inf, inf, inf, inf, inf, inf, inf, inf, inf, inf, inf, inf, inf, inf, inf, inf, inf, inf, inf, inf, inf, inf, inf, inf, inf, inf, inf, inf, inf, inf, inf, inf, inf, inf, inf, inf, inf, inf, inf, inf, inf, inf, inf, inf, inf, inf, inf, inf, inf, inf, inf, inf, inf, inf, inf, inf, inf, inf, inf, inf, inf, inf, inf, inf, inf, inf, inf, inf, inf, inf, inf, inf, inf, inf, inf, inf]), 0.01749303564429283, 51014000000, 
array('f', [inf, inf, inf, inf, inf, inf, inf, inf, inf, inf, inf, inf, inf, inf, inf, inf, inf, inf, inf, inf, inf, inf, inf, inf, inf, inf, inf, inf, inf, inf, inf, inf, inf, inf, inf, inf, inf, inf, inf, inf, inf, inf, inf, inf, inf, inf, inf, inf, inf, inf, inf, inf, inf, inf, inf, inf, inf, inf, inf, inf, inf, inf, inf, inf, inf, inf, inf, inf, inf, inf, inf, inf, inf, inf, inf, inf, inf, inf, inf, inf, inf, inf, inf, inf, inf, inf, inf, inf, inf, inf, inf, inf, inf, inf, inf, inf, inf, inf, inf, inf, inf, inf, inf, inf, inf, inf, inf, inf, inf, inf, inf, inf, inf, inf, inf, inf, inf, inf, inf, inf, inf, inf, inf, inf, inf, inf, inf, inf, inf, inf, inf, inf, inf, inf, inf, inf, inf, inf, inf, inf, inf, inf, inf, inf, inf, inf, inf, inf, inf, inf, inf, inf, inf, inf, inf, inf, inf, inf, inf, inf, inf, inf, inf, inf, inf, inf, inf, inf, inf, inf, inf, inf, inf, inf, inf, inf, inf, inf, inf, inf, inf, inf, inf, inf, inf, inf, inf, inf, inf, inf, inf, inf, inf, inf, inf, inf, inf, inf, inf, inf, inf, inf, inf, inf, inf, inf, inf, inf, inf, inf, inf, inf, inf, inf, inf, inf, inf, inf, inf, inf, inf, inf, inf, inf, inf, inf, inf, inf, inf, inf, inf, inf, inf, inf, inf, inf, inf, inf, inf, inf, inf, inf, inf, inf, inf, inf, inf, inf, inf, inf, inf, inf, inf, inf, inf, inf, inf, inf, inf, inf, inf, inf, inf, inf, inf, inf, inf, inf, inf, inf, inf, inf, inf, inf, inf, inf, inf, inf, inf, inf, inf, inf, inf, inf, inf, inf, inf, inf, inf, inf, inf, inf, inf, inf, inf, inf, inf, inf, inf, inf, inf, inf, inf, inf, inf, inf, inf, inf, inf, inf, inf, inf, inf, inf, inf, inf, inf, inf, inf, inf, inf, inf, inf, inf, inf, inf, inf, inf, inf, inf, inf, inf, inf, inf, inf, inf, inf, inf, inf, inf, inf, inf, inf, inf, inf, inf, inf, inf, inf, inf, inf, inf, inf, inf, inf, inf, inf, inf, inf, inf]), 0.01749303564429283, 51214000000, 
array('f', [inf, inf, inf, inf, inf, inf, inf, inf, inf, inf, inf, inf, inf, inf, inf, inf, inf, inf, inf, inf, inf, inf, inf, inf, inf, inf, inf, inf, inf, inf, inf, inf, inf, inf, inf, inf, inf, inf, inf, inf, inf, inf, inf, inf, inf, inf, inf, inf, inf, inf, inf, inf, inf, inf, inf, inf, inf, inf, inf, inf, inf, inf, inf, inf, inf, inf, inf, inf, inf, inf, inf, inf, inf, inf, inf, inf, inf, inf, inf, inf, inf, inf, inf, inf, inf, inf, inf, inf, inf, inf, inf, inf, inf, inf, inf, inf, inf, inf, inf, inf, inf, inf, inf, inf, inf, inf, inf, inf, inf, inf, inf, inf, inf, inf, inf, inf, inf, inf, inf, inf, inf, inf, inf, inf, inf, inf, inf, inf, inf, inf, inf, inf, inf, inf, inf, inf, inf, inf, inf, inf, inf, inf, inf, inf, inf, inf, inf, inf, inf, inf, inf, inf, inf, inf, inf, inf, inf, inf, inf, inf, inf, inf, inf, inf, inf, inf, inf, inf, inf, inf, inf, inf, inf, inf, inf, inf, inf, inf, inf, inf, inf, inf, inf, inf, inf, inf, inf, inf, inf, inf, inf, inf, inf, inf, inf, inf, inf, inf, inf, inf, inf, inf, inf, inf, inf, inf, inf, inf, inf, inf, inf, inf, inf, inf, inf, inf, inf, inf, inf, inf, inf, inf, inf, inf, inf, inf, inf, inf, inf, inf, inf, inf, inf, inf, inf, inf, inf, inf, inf, inf, inf, inf, inf, inf, inf, inf, inf, inf, inf, inf, inf, inf, inf, inf, inf, inf, inf, inf, inf, inf, inf, inf, inf, inf, inf, inf, inf, inf, inf, inf, inf, inf, inf, inf, inf, inf, inf, inf, inf, inf, inf, inf, inf, inf, inf, inf, inf, inf, inf, inf, inf, inf, inf, inf, inf, inf, inf, inf, inf, inf, inf, inf, inf, inf, inf, inf, inf, inf, inf, inf, inf, inf, inf, inf, inf, inf, inf, inf, inf, inf, inf, inf, inf, inf, inf, inf, inf, inf, inf, inf, inf, inf, inf, inf, inf, inf, inf, inf, inf, inf, inf, inf, inf, inf, inf, inf, inf, inf, inf, inf, inf, inf, inf, inf, inf, inf, inf, inf, inf, inf]), 0.01749303564429283, 51414000000, 
array('f', [inf, inf, inf, inf, inf, inf, inf, inf, inf, inf, inf, inf, inf, inf, inf, inf, inf, inf, inf, inf, inf, inf, inf, inf, inf, inf, inf, inf, inf, inf, inf, inf, inf, inf, inf, inf, inf, inf, inf, inf, inf, inf, inf, inf, inf, inf, inf, inf, inf, inf, inf, inf, inf, inf, inf, inf, inf, inf, inf, inf, inf, inf, inf, inf, inf, inf, inf, inf, inf, inf, inf, inf, inf, inf, inf, inf, inf, inf, inf, inf, inf, inf, inf, inf, inf, inf, inf, inf, inf, inf, inf, inf, inf, inf, inf, inf, inf, inf, inf, inf, inf, inf, inf, inf, inf, inf, inf, inf, inf, inf, inf, inf, inf, inf, inf, inf, inf, inf, inf, inf, inf, inf, inf, inf, inf, inf, inf, inf, inf, inf, inf, inf, inf, inf, inf, inf, inf, inf, inf, inf, inf, inf, inf, inf, inf, inf, inf, inf, inf, inf, inf, inf, inf, inf, inf, inf, inf, inf, inf, inf, inf, inf, inf, inf, inf, inf, inf, inf, inf, inf, inf, inf, inf, inf, inf, inf, inf, inf, inf, inf, inf, inf, inf, inf, inf, inf, inf, inf, inf, inf, inf, inf, inf, inf, inf, inf, inf, inf, inf, inf, inf, inf, inf, inf, inf, inf, inf, inf, inf, inf, inf, inf, inf, inf, inf, inf, inf, inf, inf, inf, inf, inf, inf, inf, inf, inf, inf, inf, inf, inf, inf, inf, inf, inf, inf, inf, inf, inf, inf, inf, inf, inf, inf, inf, inf, inf, inf, inf, inf, inf, inf, inf, inf, inf, inf, inf, inf, inf, inf, inf, inf, inf, inf, inf, inf, inf, inf, inf, inf, inf, inf, inf, inf, inf, inf, inf, inf, inf, inf, inf, inf, inf, inf, inf, inf, inf, inf, inf, inf, inf, inf, inf, inf, inf, inf, inf, inf, inf, inf, inf, inf, inf, inf, inf, inf, inf, inf, inf, inf, inf, inf, inf, inf, inf, inf, inf, inf, inf, inf, inf, inf, inf, inf, inf, inf, inf, inf, inf, inf, inf, inf, inf, inf, inf, inf, inf, inf, inf, inf, inf, inf, inf, inf, inf, inf, inf, inf, inf, inf, inf, inf, inf, inf, inf, inf, inf, inf, inf, inf, inf]), 0.01749303564429283, 51614000000, 
array('f', [inf, inf, inf, inf, inf, inf, inf, inf, inf, inf, inf, inf, inf, inf, inf, inf, inf, inf, inf, inf, inf, inf, inf, inf, inf, inf, inf, inf, inf, inf, inf, inf, inf, inf, inf, inf, inf, inf, inf, inf, inf, inf, inf, inf, inf, inf, inf, inf, inf, inf, inf, inf, inf, inf, inf, inf, inf, inf, inf, inf, inf, inf, inf, inf, inf, inf, inf, inf, inf, inf, inf, inf, inf, inf, inf, inf, inf, inf, inf, inf, inf, inf, inf, inf, inf, inf, inf, inf, inf, inf, inf, inf, inf, inf, inf, inf, inf, inf, inf, inf, inf, inf, inf, inf, inf, inf, inf, inf, inf, inf, inf, inf, inf, inf, inf, inf, inf, inf, inf, inf, inf, inf, inf, inf, inf, inf, inf, inf, inf, inf, inf, inf, inf, inf, inf, inf, inf, inf, inf, inf, inf, inf, inf, inf, inf, inf, inf, inf, inf, inf, inf, inf, inf, inf, inf, inf, inf, inf, inf, inf, inf, inf, inf, inf, inf, inf, inf, inf, inf, inf, inf, inf, inf, inf, inf, inf, inf, inf, inf, inf, inf, inf, inf, inf, inf, inf, inf, inf, inf, inf, inf, inf, inf, inf, inf, inf, inf, inf, inf, inf, inf, inf, inf, inf, inf, inf, inf, inf, inf, inf, inf, inf, inf, inf, inf, inf, inf, inf, inf, inf, inf, inf, inf, inf, inf, inf, inf, inf, inf, inf, inf, inf, inf, inf, inf, inf, inf, inf, inf, inf, inf, inf, inf, inf, inf, inf, inf, inf, inf, inf, inf, inf, inf, inf, inf, inf, inf, inf, inf, inf, inf, inf, inf, inf, inf, inf, inf, inf, inf, inf, inf, inf, inf, inf, inf, inf, inf, inf, inf, inf, inf, inf, inf, inf, inf, inf, inf, inf, inf, inf, inf, inf, inf, inf, inf, inf, inf, inf, inf, inf, inf, inf, inf, inf, inf, inf, inf, inf, inf, inf, inf, inf, inf, inf, inf, inf, inf, inf, inf, inf, inf, inf, inf, inf, inf, inf, inf, inf, inf, inf, inf, inf, inf, inf, inf, inf, inf, inf, inf, inf, inf, inf, inf, inf, inf, inf, inf, inf, inf, inf, inf, inf, inf, inf, inf, inf, inf, inf, inf, inf]), 0.01749303564429283, 51814000000, 
array('f', [inf, inf, inf, inf, inf, inf, inf, inf, inf, inf, inf, inf, inf, inf, inf, inf, inf, inf, inf, inf, inf, inf, inf, inf, inf, inf, inf, inf, inf, inf, inf, inf, inf, inf, inf, inf, inf, inf, inf, inf, inf, inf, inf, inf, inf, inf, inf, inf, inf, inf, inf, inf, inf, inf, inf, inf, inf, inf, inf, inf, inf, inf, inf, inf, inf, inf, inf, inf, inf, inf, inf, inf, inf, inf, inf, inf, inf, inf, inf, inf, inf, inf, inf, inf, inf, inf, inf, inf, inf, inf, inf, inf, inf, inf, inf, inf, inf, inf, inf, inf, inf, inf, inf, inf, inf, inf, inf, inf, inf, inf, inf, inf, inf, inf, inf, inf, inf, inf, inf, inf, inf, inf, inf, inf, inf, inf, inf, inf, inf, inf, inf, inf, inf, inf, inf, inf, inf, inf, inf, inf, inf, inf, inf, inf, inf, inf, inf, inf, inf, inf, inf, inf, inf, inf, inf, inf, inf, inf, inf, inf, inf, inf, inf, inf, inf, inf, inf, inf, inf, inf, inf, inf, inf, inf, inf, inf, inf, inf, inf, inf, inf, inf, inf, inf, inf, inf, inf, inf, inf, inf, inf, inf, inf, inf, inf, inf, inf, inf, inf, inf, inf, inf, inf, inf, inf, inf, inf, inf, inf, inf, inf, inf, inf, inf, inf, inf, inf, inf, inf, inf, inf, inf, inf, inf, inf, inf, inf, inf, inf, inf, inf, inf, inf, inf, inf, inf, inf, inf, inf, inf, inf, inf, inf, inf, inf, inf, inf, inf, inf, inf, inf, inf, inf, inf, inf, inf, inf, inf, inf, inf, inf, inf, inf, inf, inf, inf, inf, inf, inf, inf, inf, inf, inf, inf, inf, inf, inf, inf, inf, inf, inf, inf, inf, inf, inf, inf, inf, inf, inf, inf, inf, inf, inf, inf, inf, inf, inf, inf, inf, inf, inf, inf, inf, inf, inf, inf, inf, inf, inf, inf, inf, inf, inf, inf, inf, inf, inf, inf, inf, inf, inf, inf, inf, inf, inf, inf, inf, inf, inf, inf, inf, inf, inf, inf, inf, inf, inf, inf, inf, inf, inf, inf, inf, inf, inf, inf, inf, inf, inf, inf, inf, inf, inf, inf, inf, inf, inf, inf, inf, inf]), 0.01749303564429283, 52015000000, 
array('f', [inf, inf, inf, inf, inf, inf, inf, inf, inf, inf, inf, inf, inf, inf, inf, inf, inf, inf, inf, inf, inf, inf, inf, inf, inf, inf, inf, inf, inf, inf, inf, inf, inf, inf, inf, inf, inf, inf, inf, inf, inf, inf, inf, inf, inf, inf, inf, inf, inf, inf, inf, inf, inf, inf, inf, inf, inf, inf, inf, inf, inf, inf, inf, inf, inf, inf, inf, inf, inf, inf, inf, inf, inf, inf, inf, inf, inf, inf, inf, inf, inf, inf, inf, inf, inf, inf, inf, inf, inf, inf, inf, inf, inf, inf, inf, inf, inf, inf, inf, inf, inf, inf, inf, inf, inf, inf, inf, inf, inf, inf, inf, inf, inf, inf, inf, inf, inf, inf, inf, inf, inf, inf, inf, inf, inf, inf, inf, inf, inf, inf, inf, inf, inf, inf, inf, inf, inf, inf, inf, inf, inf, inf, inf, inf, inf, inf, inf, inf, inf, inf, inf, inf, inf, inf, inf, inf, inf, inf, inf, inf, inf, inf, inf, inf, inf, inf, inf, inf, inf, inf, inf, inf, inf, inf, inf, inf, inf, inf, inf, inf, inf, inf, inf, inf, inf, inf, inf, inf, inf, inf, inf, inf, inf, inf, inf, inf, inf, inf, inf, inf, inf, inf, inf, inf, inf, inf, inf, inf, inf, inf, inf, inf, inf, inf, inf, inf, inf, inf, inf, inf, inf, inf, inf, inf, inf, inf, inf, inf, inf, inf, inf, inf, inf, inf, inf, inf, inf, inf, inf, inf, inf, inf, inf, inf, inf, inf, inf, inf, inf, inf, inf, inf, inf, inf, inf, inf, inf, inf, inf, inf, inf, inf, inf, inf, inf, inf, inf, inf, inf, inf, inf, inf, inf, inf, inf, inf, inf, inf, inf, inf, inf, inf, inf, inf, inf, inf, inf, inf, inf, inf, inf, inf, inf, inf, inf, inf, inf, inf, inf, inf, inf, inf, inf, inf, inf, inf, inf, inf, inf, inf, inf, inf, inf, inf, inf, inf, inf, inf, inf, inf, inf, inf, inf, inf, inf, inf, inf, inf, inf, inf, inf, inf, inf, inf, inf, inf, inf, inf, inf, inf, inf, inf, inf, inf, inf, inf, inf, inf, inf, inf, inf, inf, inf, inf, inf, inf, inf, inf, inf, inf]), 0.01749303564429283, 52215000000, 
array('f', [inf, inf, inf, inf, inf, inf, inf, inf, inf, inf, inf, inf, inf, inf, inf, inf, inf, inf, inf, inf, inf, inf, inf, inf, inf, inf, inf, inf, inf, inf, inf, inf, inf, inf, inf, inf, inf, inf, inf, inf, inf, inf, inf, inf, inf, inf, inf, inf, inf, inf, inf, inf, inf, inf, inf, inf, inf, inf, inf, inf, inf, inf, inf, inf, inf, inf, inf, inf, inf, inf, inf, inf, inf, inf, inf, inf, inf, inf, inf, inf, inf, inf, inf, inf, inf, inf, inf, inf, inf, inf, inf, inf, inf, inf, inf, inf, inf, inf, inf, inf, inf, inf, inf, inf, inf, inf, inf, inf, inf, inf, inf, inf, inf, inf, inf, inf, inf, inf, inf, inf, inf, inf, inf, inf, inf, inf, inf, inf, inf, inf, inf, inf, inf, inf, inf, inf, inf, inf, inf, inf, inf, inf, inf, inf, inf, inf, inf, inf, inf, inf, inf, inf, inf, inf, inf, inf, inf, inf, inf, inf, inf, inf, inf, inf, inf, inf, inf, inf, inf, inf, inf, inf, inf, inf, inf, inf, inf, inf, inf, inf, inf, inf, inf, inf, inf, inf, inf, inf, inf, inf, inf, inf, inf, inf, inf, inf, inf, inf, inf, inf, inf, inf, inf, inf, inf, inf, inf, inf, inf, inf, inf, inf, inf, inf, inf, inf, inf, inf, inf, inf, inf, inf, inf, inf, inf, inf, inf, inf, inf, inf, inf, inf, inf, inf, inf, inf, inf, inf, inf, inf, inf, inf, inf, inf, inf, inf, inf, inf, inf, inf, inf, inf, inf, inf, inf, inf, inf, inf, inf, inf, inf, inf, inf, inf, inf, inf, inf, inf, inf, inf, inf, inf, inf, inf, inf, inf, inf, inf, inf, inf, inf, inf, inf, inf, inf, inf, inf, inf, inf, inf, inf, inf, inf, inf, inf, inf, inf, inf, inf, inf, inf, inf, inf, inf, inf, inf, inf, inf, inf, inf, inf, inf, inf, inf, inf, inf, inf, inf, inf, inf, inf, inf, inf, inf, inf, inf, inf, inf, inf, inf, inf, inf, inf, inf, inf, inf, inf, inf, inf, inf, inf, inf, inf, inf, inf, inf, inf, inf, inf, inf, inf, inf, inf, inf, inf, inf, inf, inf, inf, inf]), 0.01749303564429283, 52415000000, 
array('f', [inf, inf, inf, inf, inf, inf, inf, inf, inf, inf, inf, inf, inf, inf, inf, inf, inf, inf, inf, inf, inf, inf, inf, inf, inf, inf, inf, inf, inf, inf, inf, inf, inf, inf, inf, inf, inf, inf, inf, inf, inf, inf, inf, inf, inf, inf, inf, inf, inf, inf, inf, inf, inf, inf, inf, inf, inf, inf, inf, inf, inf, inf, inf, inf, inf, inf, inf, inf, inf, inf, inf, inf, inf, inf, inf, inf, inf, inf, inf, inf, inf, inf, inf, inf, inf, inf, inf, inf, inf, inf, inf, inf, inf, inf, inf, inf, inf, inf, inf, inf, inf, inf, inf, inf, inf, inf, inf, inf, inf, inf, inf, inf, inf, inf, inf, inf, inf, inf, inf, inf, inf, inf, inf, inf, inf, inf, inf, inf, inf, inf, inf, inf, inf, inf, inf, inf, inf, inf, inf, inf, inf, inf, inf, inf, inf, inf, inf, inf, inf, inf, inf, inf, inf, inf, inf, inf, inf, inf, inf, inf, inf, inf, inf, inf, inf, inf, inf, inf, inf, inf, inf, inf, inf, inf, inf, inf, inf, inf, inf, inf, inf, inf, inf, inf, inf, inf, inf, inf, inf, inf, inf, inf, inf, inf, inf, inf, inf, inf, inf, inf, inf, inf, inf, inf, inf, inf, inf, inf, inf, inf, inf, inf, inf, inf, inf, inf, inf, inf, inf, inf, inf, inf, inf, inf, inf, inf, inf, inf, inf, inf, inf, inf, inf, inf, inf, inf, inf, inf, inf, inf, inf, inf, inf, inf, inf, inf, inf, inf, inf, inf, inf, inf, inf, inf, inf, inf, inf, inf, inf, inf, inf, inf, inf, inf, inf, inf, inf, inf, inf, inf, inf, inf, inf, inf, inf, inf, inf, inf, inf, inf, inf, inf, inf, inf, inf, inf, inf, inf, inf, inf, inf, inf, inf, inf, inf, inf, inf, inf, inf, inf, inf, inf, inf, inf, inf, inf, inf, inf, inf, inf, inf, inf, inf, inf, inf, inf, inf, inf, inf, inf, inf, inf, inf, inf, inf, inf, inf, inf, inf, inf, inf, inf, inf, inf, inf, inf, inf, inf, inf, inf, inf, inf, inf, inf, inf, inf, inf, inf, inf, inf, inf, inf, inf, inf, inf, inf, inf, inf, inf, inf]), 0.01749303564429283, 52615000000, 
array('f', [inf, inf, inf, inf, inf, inf, inf, inf, inf, inf, inf, inf, inf, inf, inf, inf, inf, inf, inf, inf, inf, inf, inf, inf, inf, inf, inf, inf, inf, inf, inf, inf, inf, inf, inf, inf, inf, inf, inf, inf, inf, inf, inf, inf, inf, inf, inf, inf, inf, inf, inf, inf, inf, inf, inf, inf, inf, inf, inf, inf, inf, inf, inf, inf, inf, inf, inf, inf, inf, inf, inf, inf, inf, inf, inf, inf, inf, inf, inf, inf, inf, inf, inf, inf, inf, inf, inf, inf, inf, inf, inf, inf, inf, inf, inf, inf, inf, inf, inf, inf, inf, inf, inf, inf, inf, inf, inf, inf, inf, inf, inf, inf, inf, inf, inf, inf, inf, inf, inf, inf, inf, inf, inf, inf, inf, inf, inf, inf, inf, inf, inf, inf, inf, inf, inf, inf, inf, inf, inf, inf, inf, inf, inf, inf, inf, inf, inf, inf, inf, inf, inf, inf, inf, inf, inf, inf, inf, inf, inf, inf, inf, inf, inf, inf, inf, inf, inf, inf, inf, inf, inf, inf, inf, inf, inf, inf, inf, inf, inf, inf, inf, inf, inf, inf, inf, inf, inf, inf, inf, inf, inf, inf, inf, inf, inf, inf, inf, inf, inf, inf, inf, inf, inf, inf, inf, inf, inf, inf, inf, inf, inf, inf, inf, inf, inf, inf, inf, inf, inf, inf, inf, inf, inf, inf, inf, inf, inf, inf, inf, inf, inf, inf, inf, inf, inf, inf, inf, inf, inf, inf, inf, inf, inf, inf, inf, inf, inf, inf, inf, inf, inf, inf, inf, inf, inf, inf, inf, inf, inf, inf, inf, inf, inf, inf, inf, inf, inf, inf, inf, inf, inf, inf, inf, inf, inf, inf, inf, inf, inf, inf, inf, inf, inf, inf, inf, inf, inf, inf, inf, inf, inf, inf, inf, inf, inf, inf, inf, inf, inf, inf, inf, inf, inf, inf, inf, inf, inf, inf, inf, inf, inf, inf, inf, inf, inf, inf, inf, inf, inf, inf, inf, inf, inf, inf, inf, inf, inf, inf, inf, inf, inf, inf, inf, inf, inf, inf, inf, inf, inf, inf, inf, inf, inf, inf, inf, inf, inf, inf, inf, inf, inf, inf, inf, inf, inf, inf, inf, inf, inf, inf]), 0.01749303564429283, 52815000000, 
array('f', [inf, inf, inf, inf, inf, inf, inf, inf, inf, inf, inf, inf, inf, inf, inf, inf, inf, inf, inf, inf, inf, inf, inf, inf, inf, inf, inf, inf, inf, inf, inf, inf, inf, inf, inf, inf, inf, inf, inf, inf, inf, inf, inf, inf, inf, inf, inf, inf, inf, inf, inf, inf, inf, inf, inf, inf, inf, inf, inf, inf, inf, inf, inf, inf, inf, inf, inf, inf, inf, inf, inf, inf, inf, inf, inf, inf, inf, inf, inf, inf, inf, inf, inf, inf, inf, inf, inf, inf, inf, inf, inf, inf, inf, inf, inf, inf, inf, inf, inf, inf, inf, inf, inf, inf, inf, inf, inf, inf, inf, inf, inf, inf, inf, inf, inf, inf, inf, inf, inf, inf, inf, inf, inf, inf, inf, inf, inf, inf, inf, inf, inf, inf, inf, inf, inf, inf, inf, inf, inf, inf, inf, inf, inf, inf, inf, inf, inf, inf, inf, inf, inf, inf, inf, inf, inf, inf, inf, inf, inf, inf, inf, inf, inf, inf, inf, inf, inf, inf, inf, inf, inf, inf, inf, inf, inf, inf, inf, inf, inf, inf, inf, inf, inf, inf, inf, inf, inf, inf, inf, inf, inf, inf, inf, inf, inf, inf, inf, inf, inf, inf, inf, inf, inf, inf, inf, inf, inf, inf, inf, inf, inf, inf, inf, inf, inf, inf, inf, inf, inf, inf, inf, inf, inf, inf, inf, inf, inf, inf, inf, inf, inf, inf, inf, inf, inf, inf, inf, inf, inf, inf, inf, inf, inf, inf, inf, inf, inf, inf, inf, inf, inf, inf, inf, inf, inf, inf, inf, inf, inf, inf, inf, inf, inf, inf, inf, inf, inf, inf, inf, inf, inf, inf, inf, inf, inf, inf, inf, inf, inf, inf, inf, inf, inf, inf, inf, inf, inf, inf, inf, inf, inf, inf, inf, inf, inf, inf, inf, inf, inf, inf, inf, inf, inf, inf, inf, inf, inf, inf, inf, inf, inf, inf, inf, inf, inf, inf, inf, inf, inf, inf, inf, inf, inf, inf, inf, inf, inf, inf, inf, inf, inf, inf, inf, inf, inf, inf, inf, inf, inf, inf, inf, inf, inf, inf, inf, inf, inf, inf, inf, inf, inf, inf, inf, inf, inf, inf, inf, inf, inf, inf]), 0.01749303564429283, 53017000000, 
array('f', [inf, inf, inf, 3.3699090480804443, inf, inf, inf, inf, inf, inf, inf, inf, inf, inf, inf, inf, inf, inf, inf, inf, inf, inf, inf, inf, inf, inf, inf, inf, inf, inf, inf, inf, inf, inf, inf, inf, inf, inf, inf, inf, inf, inf, inf, inf, inf, inf, inf, inf, inf, inf, inf, inf, inf, inf, inf, inf, inf, inf, inf, inf, inf, inf, inf, inf, inf, inf, inf, inf, inf, inf, inf, inf, inf, inf, inf, inf, inf, inf, inf, inf, inf, inf, inf, inf, inf, inf, inf, inf, inf, inf, inf, inf, inf, inf, inf, inf, inf, inf, inf, inf, inf, inf, inf, inf, inf, inf, inf, inf, inf, inf, inf, inf, inf, inf, inf, inf, inf, inf, inf, inf, inf, inf, inf, inf, inf, inf, inf, inf, inf, inf, inf, inf, inf, inf, inf, inf, inf, inf, inf, inf, inf, inf, inf, inf, inf, inf, inf, inf, inf, inf, inf, inf, inf, inf, inf, inf, inf, inf, inf, inf, inf, inf, inf, inf, inf, inf, inf, inf, inf, inf, inf, inf, inf, inf, inf, inf, inf, inf, inf, inf, inf, inf, inf, inf, inf, inf, inf, inf, inf, inf, inf, inf, inf, inf, inf, inf, inf, inf, inf, inf, inf, inf, inf, inf, inf, inf, inf, inf, inf, inf, inf, inf, inf, inf, inf, inf, inf, inf, inf, inf, inf, inf, inf, inf, inf, inf, inf, inf, inf, inf, inf, inf, inf, inf, inf, inf, inf, inf, inf, inf, inf, inf, inf, inf, inf, inf, inf, inf, inf, inf, inf, inf, inf, inf, inf, inf, inf, inf, inf, inf, inf, inf, inf, inf, inf, inf, inf, inf, inf, inf, inf, inf, inf, inf, inf, inf, inf, inf, inf, inf, inf, inf, inf, inf, inf, inf, inf, inf, inf, inf, inf, inf, inf, inf, inf, inf, inf, inf, inf, inf, inf, inf, inf, inf, inf, inf, inf, inf, inf, inf, inf, inf, inf, inf, inf, inf, inf, inf, inf, inf, inf, inf, inf, inf, inf, inf, inf, inf, inf, inf, inf, inf, inf, inf, inf, inf, inf, inf, inf, inf, inf, inf, inf, inf, inf, inf, inf, inf, inf, inf, inf, inf, inf, inf, inf, inf, inf, inf, inf, inf]), 0.01749303564429283, 53215000000, 
array('f', [inf, inf, 3.4737892150878906, 3.4841902256011963, 3.4774205684661865, 3.4261314868927, 3.4402127265930176, 3.407822608947754, 3.4064183235168457, 3.391646385192871, 3.399221658706665, 3.3941876888275146, 3.4094767570495605, 3.3770060539245605, 3.383629083633423, 3.3625826835632324, 3.351613998413086, 3.3716671466827393, 3.359649658203125, 3.3597097396850586, 3.3730530738830566, 3.3754866123199463, 3.3898766040802, 3.392711877822876, 3.4050958156585693, 3.4119455814361572, 3.4308581352233887, 3.4082822799682617, 3.4360086917877197, 3.4408209323883057, 3.4666013717651367, 3.469506025314331, 3.5, inf, inf, inf, inf, inf, inf, inf, inf, inf, inf, inf, inf, inf, inf, inf, inf, inf, inf, inf, inf, inf, inf, inf, inf, inf, inf, inf, inf, inf, inf, inf, inf, inf, inf, inf, inf, inf, inf, inf, inf, inf, inf, inf, inf, inf, inf, inf, inf, inf, inf, inf, inf, inf, inf, inf, inf, inf, inf, inf, inf, inf, inf, inf, inf, inf, inf, inf, inf, inf, inf, inf, inf, inf, inf, inf, inf, inf, inf, inf, inf, inf, inf, inf, inf, inf, inf, inf, inf, inf, inf, inf, inf, inf, inf, inf, inf, inf, inf, inf, inf, inf, inf, inf, inf, inf, inf, inf, inf, inf, inf, inf, inf, inf, inf, inf, inf, inf, inf, inf, inf, inf, inf, inf, inf, inf, inf, inf, inf, inf, inf, inf, inf, inf, inf, inf, inf, inf, inf, inf, inf, inf, inf, inf, inf, inf, inf, inf, inf, inf, inf, inf, inf, inf, inf, inf, inf, inf, inf, inf, inf, inf, inf, inf, inf, inf, inf, inf, inf, inf, inf, inf, inf, inf, inf, inf, inf, inf, inf, inf, inf, inf, inf, inf, inf, inf, inf, inf, inf, inf, inf, inf, inf, inf, inf, inf, inf, inf, inf, inf, inf, inf, inf, inf, inf, inf, inf, inf, inf, inf, inf, inf, inf, inf, inf, inf, inf, inf, inf, inf, inf, inf, inf, inf, inf, inf, inf, inf, inf, inf, inf, inf, inf, inf, inf, inf, inf, inf, inf, inf, inf, inf, inf, inf, inf, inf, inf, inf, inf, inf, inf, inf, inf, inf, inf, inf, inf, inf, inf, inf, inf, inf, inf, inf, inf, inf, inf, inf, inf, inf, inf, inf, inf, inf, inf, inf, inf, inf, inf, inf, inf, inf, inf, inf, inf, inf, inf, inf, inf, inf, inf, inf, inf, inf, inf, inf, inf, inf, inf, inf, inf, inf, inf, inf, inf, inf, inf, inf, inf, inf, inf, inf, inf, inf, inf, inf, inf, inf, inf, inf, inf, inf, inf, inf, 3.228567123413086, inf, inf, inf]), 0.01749303564429283, 53415000000, 
array('f', [3.3013558387756348, 3.2768545150756836, 3.2541286945343018, 3.271207332611084, 3.2584192752838135, 3.2376015186309814, 3.2480642795562744, 3.220231771469116, 3.2327349185943604, 3.213362455368042, 3.2134692668914795, 3.2396793365478516, 3.2353079319000244, 3.224241256713867, 3.2431371212005615, 3.226074695587158, 3.231198310852051, 3.2325451374053955, 3.254220962524414, 3.261115074157715, 3.2745018005371094, 3.280534029006958, 3.2858951091766357, 3.2930068969726562, 3.3213114738464355, 3.3390274047851562, 3.344414710998535, 3.361579179763794, 3.3700344562530518, 3.402320146560669, 3.4226245880126953, 3.4310364723205566, 3.4463117122650146, 3.4978861808776855, inf, inf, inf, inf, inf, inf, inf, inf, inf, inf, inf, inf, inf, inf, inf, inf, inf, inf, inf, inf, inf, inf, inf, inf, inf, inf, inf, inf, inf, inf, inf, inf, inf, inf, inf, inf, inf, inf, inf, inf, inf, inf, inf, inf, inf, inf, inf, inf, inf, inf, inf, inf, inf, inf, inf, inf, inf, inf, inf, inf, inf, inf, inf, inf, inf, inf, inf, inf, inf, inf, inf, inf, inf, inf, inf, inf, inf, inf, inf, inf, inf, inf, inf, inf, inf, inf, inf, inf, inf, inf, inf, inf, inf, inf, inf, inf, inf, inf, inf, inf, inf, inf, inf, inf, inf, inf, inf, inf, inf, inf, inf, inf, inf, inf, inf, inf, inf, inf, inf, inf, inf, inf, inf, inf, inf, inf, inf, inf, inf, inf, inf, inf, inf, inf, inf, inf, inf, inf, inf, inf, inf, inf, inf, inf, inf, inf, inf, inf, inf, inf, inf, inf, inf, inf, inf, inf, inf, inf, inf, inf, inf, inf, inf, inf, inf, inf, inf, inf, inf, inf, inf, inf, inf, inf, inf, inf, inf, inf, inf, inf, inf, inf, inf, inf, inf, inf, inf, inf, inf, inf, inf, inf, inf, inf, inf, inf, inf, inf, inf, inf, inf, inf, inf, inf, inf, inf, inf, inf, inf, inf, inf, inf, inf, inf, inf, inf, inf, inf, inf, inf, inf, inf, inf, inf, inf, inf, inf, inf, inf, inf, inf, inf, inf, inf, inf, inf, inf, inf, inf, inf, inf, inf, inf, inf, inf, inf, inf, inf, inf, inf, inf, inf, inf, inf, inf, inf, inf, inf, inf, inf, inf, inf, inf, inf, inf, inf, inf, inf, inf, inf, inf, inf, inf, inf, inf, inf, inf, inf, inf, inf, inf, inf, inf, inf, inf, inf, inf, inf, inf, inf, inf, inf, inf, inf, inf, inf, inf, inf, inf, inf, inf, inf, inf, inf, inf, inf, inf, inf, inf, inf, inf, inf, inf, inf, inf, inf, 3.051457643508911, inf, inf, inf, inf, inf, 3.308650016784668, 3.323629140853882, 3.3017518520355225, 3.2898478507995605]), 0.01749303564429283, 53616000000, 
array('f', [3.0983505249023438, 3.078425645828247, 3.062412738800049, 3.0802974700927734, 3.0943098068237305, 3.070312261581421, 3.092273235321045, 3.0689501762390137, 3.0670552253723145, 3.0869693756103516, 3.113173007965088, 3.0970864295959473, 3.1043992042541504, 3.1034083366394043, 3.1110646724700928, 3.1153218746185303, 3.112379550933838, 3.1520798206329346, 3.1661550998687744, 3.174705743789673, 3.1917619705200195, 3.1933000087738037, 3.2314417362213135, 3.2329063415527344, 3.2572152614593506, 3.267174482345581, 3.3162314891815186, 3.312472343444824, 3.3552637100219727, 3.3670570850372314, 3.4017605781555176, 3.4125614166259766, 3.4558582305908203, 3.499502182006836, inf, inf, inf, inf, inf, inf, inf, inf, inf, inf, inf, inf, inf, inf, inf, inf, inf, inf, inf, inf, inf, inf, inf, inf, inf, inf, inf, inf, inf, inf, inf, inf, inf, inf, inf, inf, inf, inf, inf, inf, inf, inf, inf, inf, inf, inf, inf, inf, inf, inf, inf, inf, inf, inf, inf, inf, inf, inf, inf, inf, inf, inf, inf, inf, inf, inf, inf, inf, inf, inf, inf, inf, inf, inf, inf, inf, inf, inf, inf, inf, inf, inf, inf, inf, inf, inf, inf, inf, inf, inf, inf, inf, inf, inf, inf, inf, inf, inf, inf, inf, inf, inf, inf, inf, inf, inf, inf, inf, inf, inf, inf, inf, inf, inf, inf, inf, inf, inf, inf, inf, inf, inf, inf, inf, inf, inf, inf, inf, inf, inf, inf, inf, inf, inf, inf, inf, inf, inf, inf, inf, inf, inf, inf, inf, inf, inf, inf, inf, inf, inf, inf, inf, inf, inf, inf, inf, inf, inf, inf, inf, inf, inf, inf, inf, inf, inf, inf, inf, inf, inf, inf, inf, inf, inf, inf, inf, inf, inf, inf, inf, inf, inf, inf, inf, inf, inf, inf, inf, inf, inf, inf, inf, inf, inf, inf, inf, inf, inf, inf, inf, inf, inf, inf, inf, inf, inf, inf, inf, inf, inf, inf, inf, inf, inf, inf, inf, inf, inf, inf, inf, inf, inf, inf, inf, inf, inf, inf, inf, inf, inf, inf, inf, inf, inf, inf, inf, inf, inf, inf, inf, inf, inf, inf, inf, inf, inf, inf, inf, inf, inf, inf, inf, inf, inf, inf, inf, inf, inf, inf, inf, inf, inf, inf, inf, inf, inf, inf, inf, inf, inf, inf, inf, inf, inf, inf, inf, inf, inf, inf, inf, inf, inf, inf, inf, inf, inf, inf, inf, inf, inf, inf, inf, inf, inf, inf, inf, inf, inf, inf, inf, inf, inf, inf, inf, inf, inf, inf, inf, inf, 2.9160356521606445, inf, inf, inf, inf, inf, inf, 3.18094801902771, 3.156059503555298, 3.1593215465545654, 3.1351726055145264, 3.1347439289093018, 3.1175365447998047, 3.1028499603271484, 3.083799362182617, 3.1101324558258057, 3.082751989364624]), 0.01749303564429283, 53815000000, 
array('f', [2.923541784286499, 2.945082426071167, 2.9310142993927, 2.9528069496154785, 2.9306111335754395, 2.9723381996154785, 2.963967800140381, 2.9626810550689697, 2.952329635620117, 2.9675681591033936, 2.9796955585479736, 3.011347532272339, 3.0111477375030518, 3.026372194290161, 3.0188703536987305, 3.0492937564849854, 3.0639522075653076, 3.0783591270446777, 3.101458787918091, 3.1293017864227295, 3.133427143096924, 3.1870644092559814, 3.1841185092926025, 3.2024521827697754, 3.2235116958618164, 3.2384603023529053, 3.2742719650268555, 3.331857919692993, 3.360889196395874, 3.3952081203460693, 3.416835069656372, 3.4482719898223877, 3.4974749088287354, inf, inf, inf, inf, inf, inf, inf, inf, inf, inf, inf, inf, inf, inf, inf, inf, inf, inf, inf, inf, inf, inf, inf, inf, inf, inf, inf, inf, inf, inf, inf, inf, inf, inf, inf, inf, inf, inf, inf, inf, inf, inf, inf, inf, inf, inf, inf, inf, inf, inf, inf, inf, inf, inf, inf, inf, inf, inf, inf, inf, inf, inf, inf, inf, inf, inf, inf, inf, inf, inf, inf, inf, inf, inf, inf, inf, inf, inf, inf, inf, inf, inf, inf, inf, inf, inf, inf, inf, inf, inf, inf, inf, inf, inf, inf, inf, inf, inf, inf, inf, inf, inf, inf, inf, inf, inf, inf, inf, inf, inf, inf, inf, inf, inf, inf, inf, inf, inf, inf, inf, inf, inf, inf, inf, inf, inf, inf, inf, inf, inf, inf, inf, inf, inf, inf, inf, inf, inf, inf, inf, inf, inf, inf, inf, inf, inf, inf, inf, inf, inf, inf, inf, inf, inf, inf, inf, inf, inf, inf, inf, inf, inf, inf, inf, inf, inf, inf, inf, inf, inf, inf, inf, inf, inf, inf, inf, inf, inf, inf, inf, inf, inf, inf, inf, inf, inf, inf, inf, inf, inf, inf, inf, inf, inf, inf, inf, inf, inf, inf, inf, inf, inf, inf, inf, inf, inf, inf, inf, inf, inf, inf, inf, inf, inf, inf, inf, inf, inf, inf, inf, inf, inf, inf, inf, inf, inf, inf, inf, inf, inf, inf, inf, inf, inf, inf, inf, inf, inf, inf, inf, inf, inf, inf, inf, inf, inf, inf, inf, inf, inf, inf, inf, inf, inf, inf, inf, inf, inf, inf, inf, inf, inf, inf, inf, inf, inf, inf, inf, inf, inf, inf, inf, inf, inf, inf, inf, inf, inf, inf, inf, inf, inf, inf, inf, inf, inf, inf, inf, inf, inf, inf, inf, inf, 3.461420774459839, 3.424741268157959, 3.4119486808776855, inf, inf, inf, inf, inf, inf, inf, 2.78981351852417, 2.8080384731292725, inf, inf, inf, inf, inf, 3.0361835956573486, 3.0202431678771973, 3.0039291381835938, 2.9824211597442627, 2.9802234172821045, 2.98447585105896, 2.970822334289551, 2.9488699436187744, 2.9525766372680664, 2.9320173263549805, 2.9425790309906006, 2.933040142059326, 2.923820734024048, 2.924105167388916, 2.9289982318878174, 2.9354748725891113, 2.920661449432373]), 0.01749303564429283, 54015000000, 
array('f', [2.7987022399902344, 2.819840669631958, 2.8026621341705322, 2.816462755203247, 2.819432020187378, 2.8202171325683594, 2.8582699298858643, 2.8584468364715576, 2.8917155265808105, 2.893955945968628, 2.912043571472168, 2.905816078186035, 2.9196841716766357, 2.973379373550415, 2.9821617603302, 2.9967405796051025, 3.0107946395874023, 3.032700538635254, 3.0692667961120605, 3.0857489109039307, 3.1066081523895264, 3.1348865032196045, 3.164567470550537, 3.2341740131378174, 3.2301580905914307, 3.2851340770721436, 3.3084006309509277, 3.347977638244629, 3.382805824279785, 3.4441921710968018, 3.4959774017333984, inf, inf, inf, inf, inf, inf, inf, inf, inf, inf, inf, inf, inf, inf, inf, inf, inf, inf, inf, inf, inf, inf, inf, inf, inf, inf, inf, inf, inf, inf, inf, inf, inf, inf, inf, inf, inf, inf, inf, inf, inf, inf, inf, inf, inf, inf, inf, inf, inf, inf, inf, inf, inf, inf, inf, inf, inf, inf, inf, inf, inf, inf, inf, inf, inf, inf, inf, inf, inf, inf, inf, inf, inf, inf, inf, inf, inf, inf, inf, inf, inf, inf, inf, inf, inf, inf, inf, inf, inf, inf, inf, inf, inf, inf, inf, inf, inf, inf, inf, inf, inf, inf, inf, inf, inf, inf, inf, inf, inf, inf, inf, inf, inf, inf, inf, inf, inf, inf, inf, inf, inf, inf, inf, inf, inf, inf, inf, inf, inf, inf, inf, inf, inf, inf, inf, inf, inf, inf, inf, inf, inf, inf, inf, inf, inf, inf, inf, inf, inf, inf, inf, inf, inf, inf, inf, inf, inf, inf, inf, inf, inf, inf, inf, inf, inf, inf, inf, inf, inf, inf, inf, inf, inf, inf, inf, inf, inf, inf, inf, inf, inf, inf, inf, inf, inf, inf, inf, inf, inf, inf, inf, inf, inf, inf, inf, inf, inf, inf, inf, inf, inf, inf, inf, inf, inf, inf, inf, inf, inf, inf, inf, inf, inf, inf, inf, inf, inf, inf, inf, inf, inf, inf, inf, inf, inf, inf, inf, inf, inf, inf, inf, inf, inf, inf, inf, inf, inf, inf, inf, inf, inf, inf, inf, inf, inf, inf, inf, inf, inf, inf, inf, inf, inf, inf, inf, inf, inf, inf, inf, inf, inf, inf, inf, inf, inf, inf, inf, inf, inf, inf, inf, inf, inf, inf, inf, inf, inf, inf, inf, inf, inf, inf, inf, inf, 3.4907355308532715, 3.442608594894409, 3.4258673191070557, 3.3469645977020264, 3.3155109882354736, 3.289614200592041, 3.313981771469116, inf, inf, inf, inf, inf, inf, inf, 2.638672351837158, inf, inf, inf, inf, inf, inf, 2.9005589485168457, 2.88796329498291, 2.8558554649353027, 2.8269829750061035, 2.8444390296936035, 2.846370220184326, 2.8232977390289307, 2.827066659927368, 2.80301570892334, 2.809088945388794, 2.8079004287719727, 2.7860209941864014, 2.7918906211853027, 2.793862819671631, 2.7995564937591553, 2.7785661220550537, 2.775071620941162, 2.775123119354248, 2.7730963230133057, 2.7675974369049072, 2.7722346782684326, 2.7970163822174072, 2.7882251739501953, 2.7996599674224854]), 0.01749303564429283, 54215000000, 
array('f', [2.727972984313965, 2.716639280319214, 2.718759298324585, 2.7318828105926514, 2.7479283809661865, 2.7624988555908203, 2.7764976024627686, 2.8014278411865234, 2.8248984813690186, 2.8340632915496826, 2.8570220470428467, 2.886199712753296, 2.899631977081299, 2.919783353805542, 2.9469568729400635, 2.9710144996643066, 3.0005900859832764, 3.0361239910125732, 3.0703749656677246, 3.1022591590881348, 3.140136957168579, 3.1724166870117188, 3.201895236968994, 3.2537362575531006, 3.285625457763672, 3.33968186378479, 3.377326011657715, 3.429605484008789, 3.468897581100464, inf, inf, inf, inf, inf, inf, inf, inf, inf, inf, inf, inf, inf, inf, inf, inf, inf, inf, inf, inf, inf, inf, inf, inf, inf, inf, inf, inf, inf, inf, inf, inf, inf, inf, inf, inf, inf, inf, inf, inf, inf, inf, inf, inf, inf, inf, inf, inf, inf, inf, inf, inf, inf, inf, inf, inf, inf, inf, inf, inf, inf, inf, inf, inf, inf, inf, inf, inf, inf, inf, inf, inf, inf, inf, inf, inf, inf, inf, inf, inf, inf, inf, inf, inf, inf, inf, inf, inf, inf, inf, inf, inf, inf, inf, inf, inf, inf, inf, inf, inf, inf, inf, inf, inf, inf, inf, inf, inf, inf, inf, inf, inf, inf, inf, inf, inf, inf, inf, inf, inf, inf, inf, inf, inf, inf, inf, inf, inf, inf, inf, inf, inf, inf, inf, inf, inf, inf, inf, inf, inf, inf, inf, inf, inf, inf, inf, inf, inf, inf, inf, inf, inf, inf, inf, inf, inf, inf, inf, inf, inf, inf, inf, inf, inf, inf, inf, inf, inf, inf, inf, inf, inf, inf, inf, inf, inf, inf, inf, inf, inf, inf, inf, inf, inf, inf, inf, inf, inf, inf, inf, inf, inf, inf, inf, inf, inf, inf, inf, inf, inf, inf, inf, inf, inf, inf, inf, inf, inf, inf, inf, inf, inf, inf, inf, inf, inf, inf, inf, inf, inf, inf, inf, inf, inf, inf, inf, inf, inf, inf, inf, inf, inf, inf, inf, inf, inf, inf, inf, inf, inf, inf, inf, inf, inf, inf, inf, inf, inf, inf, inf, inf, inf, inf, inf, inf, inf, inf, inf, inf, inf, inf, inf, inf, inf, inf, inf, inf, inf, inf, inf, inf, inf, inf, inf, inf, inf, inf, 3.4507415294647217, 3.396881103515625, 3.3744163513183594, 3.321129083633423, 3.258397340774536, 3.2369613647460938, 3.1855714321136475, 3.167074680328369, 3.24652361869812, inf, inf, inf, inf, inf, inf, 2.515144109725952, 2.524386405944824, inf, inf, inf, inf, inf, inf, 2.7478911876678467, 2.7202208042144775, 2.724827766418457, 2.7242085933685303, 2.7163596153259277, 2.685307025909424, 2.67600679397583, 2.6864941120147705, 2.6717891693115234, 2.6646976470947266, 2.6534883975982666, 2.637880325317383, 2.623344898223877, 2.642087936401367, 2.6295244693756104, 2.6310994625091553, 2.632904052734375, 2.6287577152252197, 2.623992919921875, 2.6244759559631348, 2.6223948001861572, 2.6241252422332764, 2.6385133266448975, 2.6472678184509277, 2.647392749786377, 2.6541314125061035, 2.6489367485046387, 2.668893575668335, 2.673262119293213, 2.6648757457733154, 2.7033960819244385]), 0.01749303564429283, 54415000000, 
array('f', [2.62043833732605, 2.642484664916992, 2.6436212062835693, 2.6703720092773438, 2.691030979156494, 2.7096879482269287, 2.7259013652801514, 2.7693867683410645, 2.7807509899139404, 2.815748691558838, 2.834595203399658, 2.859419107437134, 2.893467903137207, 2.9398937225341797, 2.9703235626220703, 2.9761247634887695, 3.0226902961730957, 3.067112922668457, 3.105398416519165, 3.1492676734924316, 3.196559190750122, 3.2287533283233643, 3.284501314163208, 3.32197904586792, 3.3901429176330566, 3.441276788711548, inf, inf, inf, inf, inf, inf, inf, inf, inf, inf, inf, inf, inf, inf, inf, inf, inf, inf, inf, inf, inf, inf, inf, inf, inf, inf, inf, inf, inf, inf, inf, inf, inf, inf, inf, inf, inf, inf, inf, inf, inf, inf, inf, inf, inf, inf, inf, inf, inf, inf, inf, inf, inf, inf, inf, inf, inf, inf, inf, inf, inf, inf, inf, inf, inf, inf, inf, inf, inf, inf, inf, inf, inf, inf, inf, inf, inf, inf, inf, inf, inf, inf, inf, inf, inf, inf, inf, inf, inf, inf, inf, inf, inf, inf, inf, inf, inf, inf, inf, inf, inf, inf, inf, inf, inf, inf, inf, inf, inf, inf, inf, inf, inf, inf, inf, inf, inf, inf, inf, inf, inf, inf, inf, inf, inf, inf, inf, inf, inf, inf, inf, inf, inf, inf, inf, inf, inf, inf, inf, inf, inf, inf, inf, inf, inf, inf, inf, inf, inf, inf, inf, inf, inf, inf, inf, inf, inf, inf, inf, inf, inf, inf, inf, inf, inf, inf, inf, inf, inf, inf, inf, inf, inf, inf, inf, inf, inf, inf, inf, inf, inf, inf, inf, inf, inf, inf, inf, inf, inf, inf, inf, inf, inf, inf, inf, inf, inf, inf, inf, inf, inf, inf, inf, inf, inf, inf, inf, inf, inf, inf, inf, inf, inf, inf, inf, inf, inf, inf, inf, inf, inf, inf, inf, inf, inf, inf, inf, inf, inf, inf, inf, inf, inf, inf, inf, inf, inf, inf, inf, inf, inf, inf, inf, inf, inf, inf, inf, inf, inf, inf, inf, inf, inf, inf, inf, inf, inf, inf, inf, inf, inf, inf, inf, inf, inf, inf, inf, inf, inf, inf, 3.4986724853515625, 3.438417911529541, 3.36529541015625, 3.322864532470703, 3.2662363052368164, 3.2473630905151367, 3.1701390743255615, 3.1332435607910156, 3.0942556858062744, 3.070530652999878, 3.1273462772369385, inf, inf, inf, inf, inf, inf, 2.4033823013305664, 2.438720464706421, inf, inf, inf, inf, inf, inf, inf, 2.623631477355957, 2.6254870891571045, 2.5958619117736816, 2.594987630844116, 2.5639052391052246, 2.5608112812042236, 2.5549540519714355, 2.5510785579681396, 2.518399477005005, 2.528878688812256, 2.517789602279663, 2.4936113357543945, 2.4916012287139893, 2.4968953132629395, 2.5020458698272705, 2.4770376682281494, 2.488698959350586, 2.504518508911133, 2.4752070903778076, 2.472459554672241, 2.492300033569336, 2.4985311031341553, 2.502826452255249, 2.4868521690368652, 2.494239091873169, 2.502671003341675, 2.5238635540008545, 2.511596202850342, 2.530949115753174, 2.526776075363159, 2.5366313457489014, 2.5575110912323, 2.5579941272735596, 2.5553107261657715, 2.5887763500213623, 2.5936191082000732, 2.6135969161987305, 2.629060983657837]), 0.01749303564429283, 54615000000, 
array('f', [2.5691959857940674, 2.6049304008483887, 2.637101173400879, 2.655611038208008, 2.676361560821533, 2.7066497802734375, 2.7206947803497314, 2.7454848289489746, 2.7770068645477295, 2.8184077739715576, 2.8580024242401123, 2.8700144290924072, 2.9143104553222656, 2.9513118267059326, 3.0117106437683105, 3.048178195953369, 3.1063318252563477, 3.139641523361206, 3.1900196075439453, 3.269465684890747, 3.3032281398773193, 3.3675124645233154, 3.449518918991089, 3.4937660694122314, inf, inf, inf, inf, inf, inf, inf, inf, inf, inf, inf, inf, inf, inf, inf, inf, inf, inf, inf, inf, inf, inf, inf, inf, inf, inf, inf, inf, inf, inf, inf, inf, inf, inf, inf, inf, inf, inf, inf, inf, inf, inf, inf, inf, inf, inf, inf, inf, inf, inf, inf, inf, inf, inf, inf, inf, inf, inf, inf, inf, inf, inf, inf, inf, inf, inf, inf, inf, inf, inf, inf, inf, inf, inf, inf, inf, inf, inf, inf, inf, inf, inf, inf, inf, inf, inf, inf, inf, inf, inf, inf, inf, inf, inf, inf, inf, inf, inf, inf, inf, inf, inf, inf, inf, inf, inf, inf, inf, inf, inf, inf, inf, inf, inf, inf, inf, inf, inf, inf, inf, inf, inf, inf, inf, inf, inf, inf, inf, inf, inf, inf, inf, inf, inf, inf, inf, inf, inf, inf, inf, inf, inf, inf, inf, inf, inf, inf, inf, inf, inf, inf, inf, inf, inf, inf, inf, inf, inf, inf, inf, inf, inf, inf, inf, inf, inf, inf, inf, inf, inf, inf, inf, inf, inf, inf, inf, inf, inf, inf, inf, inf, inf, inf, inf, inf, inf, inf, inf, inf, inf, inf, inf, inf, inf, inf, inf, inf, inf, inf, inf, inf, inf, inf, inf, inf, inf, inf, inf, inf, inf, inf, inf, inf, inf, inf, inf, inf, inf, inf, inf, inf, inf, inf, inf, inf, inf, inf, inf, inf, inf, inf, inf, inf, inf, inf, inf, inf, inf, inf, inf, inf, inf, inf, inf, inf, inf, inf, inf, inf, inf, inf, inf, inf, inf, inf, inf, inf, inf, inf, inf, inf, inf, inf, 3.5, 3.417757749557495, 3.3464648723602295, 3.3105297088623047, 3.24835205078125, 3.1862757205963135, 3.1446688175201416, 3.1040091514587402, 3.059929847717285, 3.0123629570007324, 3.0100648403167725, 3.077697992324829, inf, inf, inf, inf, inf, inf, 2.2952311038970947, inf, inf, inf, inf, inf, inf, inf, 2.5191192626953125, 2.502579927444458, 2.4927315711975098, 2.4648406505584717, 2.4786369800567627, 2.4484410285949707, 2.4448609352111816, 2.4385974407196045, 2.409632444381714, 2.3922853469848633, 2.393923282623291, 2.395010232925415, 2.376676559448242, 2.3716788291931152, 2.348543405532837, 2.3866865634918213, 2.3520731925964355, 2.3611879348754883, 2.3518643379211426, 2.353694200515747, 2.3466591835021973, 2.3578412532806396, 2.3505845069885254, 2.355560541152954, 2.345832109451294, 2.3453567028045654, 2.37494158744812, 2.3682515621185303, 2.3601036071777344, 2.3620009422302246, 2.359811305999756, 2.374232530593872, 2.3700549602508545, 2.4244441986083984, 2.4003427028656006, 2.3976082801818848, 2.4199585914611816, 2.4393699169158936, 2.4366495609283447, 2.457226514816284, 2.487536668777466, 2.4755377769470215, 2.518357515335083, 2.520153760910034, 2.52482533454895, 2.5586023330688477, 2.5904347896575928]), 0.01749303564429283, 54815000000, 
array('f', [2.5563507080078125, 2.578352212905884, 2.6199188232421875, 2.6501975059509277, 2.6842727661132812, 2.7033252716064453, 2.741652488708496, 2.7877604961395264, 2.8386924266815186, 2.8713834285736084, 2.9139702320098877, 2.9290223121643066, 2.995664596557617, 3.0346643924713135, 3.0850939750671387, 3.1549768447875977, 3.2006802558898926, 3.275742292404175, 3.3443305492401123, 3.3974449634552, 3.488739490509033, inf, inf, inf, inf, inf, inf, inf, inf, inf, inf, inf, inf, inf, inf, inf, inf, inf, inf, inf, inf, inf, inf, inf, inf, inf, inf, inf, inf, inf, inf, inf, inf, inf, inf, inf, inf, inf, inf, inf, inf, inf, inf, inf, inf, inf, inf, inf, inf, inf, inf, inf, inf, inf, inf, inf, inf, inf, inf, inf, inf, inf, inf, inf, inf, inf, inf, inf, inf, inf, inf, inf, inf, inf, inf, inf, inf, inf, inf, inf, inf, inf, inf, inf, inf, inf, inf, inf, inf, inf, inf, inf, inf, inf, inf, inf, inf, inf, inf, inf, inf, inf, inf, inf, inf, inf, inf, inf, inf, inf, inf, inf, inf, inf, inf, inf, inf, inf, inf, inf, inf, inf, inf, inf, inf, inf, inf, inf, inf, inf, inf, inf, inf, inf, inf, inf, inf, inf, inf, inf, inf, inf, inf, inf, inf, inf, inf, inf, inf, inf, inf, inf, inf, inf, inf, inf, inf, inf, inf, inf, inf, inf, inf, inf, inf, inf, inf, inf, inf, inf, inf, inf, inf, inf, inf, inf, inf, inf, inf, inf, inf, inf, inf, inf, inf, inf, inf, inf, inf, inf, inf, inf, inf, inf, inf, inf, inf, inf, inf, inf, inf, inf, inf, inf, inf, inf, inf, inf, inf, inf, inf, inf, inf, inf, inf, inf, inf, inf, inf, inf, inf, inf, inf, inf, inf, inf, inf, inf, inf, inf, inf, inf, inf, inf, inf, inf, inf, inf, inf, inf, inf, inf, inf, inf, inf, inf, inf, inf, inf, inf, inf, inf, inf, inf, inf, inf, inf, inf, inf, 3.4366025924682617, 3.3625402450561523, 3.2995266914367676, 3.236008405685425, 3.1723577976226807, 3.12007737159729, 3.0563831329345703, 3.012007236480713, 2.9711191654205322, 2.9369070529937744, 2.9728987216949463, 3.041705846786499, inf, inf, inf, inf, inf, 2.2017428874969482, inf, inf, inf, inf, inf, inf, inf, inf, 2.430105209350586, 2.387691020965576, 2.383328437805176, 2.3678550720214844, 2.3449838161468506, 2.333395004272461, 2.3184382915496826, 2.3256869316101074, 2.2950217723846436, 2.281297445297241, 2.289597749710083, 2.2474451065063477, 2.2542076110839844, 2.2512712478637695, 2.2589714527130127, 2.246154308319092, 2.2297630310058594, 2.23568058013916, 2.2168071269989014, 2.2314484119415283, 2.219520330429077, 2.2255845069885254, 2.2202157974243164, 2.218071222305298, 2.2096433639526367, 2.2322604656219482, 2.211974859237671, 2.2074201107025146, 2.215761423110962, 2.229050874710083, 2.225086212158203, 2.229694366455078, 2.245173931121826, 2.25075626373291, 2.256690502166748, 2.2473530769348145, 2.2551820278167725, 2.276240825653076, 2.292384386062622, 2.296543836593628, 2.2871782779693604, 2.3260586261749268, 2.3251688480377197, 2.34721302986145, 2.367685556411743, 2.3855717182159424, 2.4008214473724365, 2.407071590423584, 2.4226362705230713, 2.43782639503479, 2.471419095993042, 2.487593173980713, 2.499122381210327, 2.5194640159606934, 2.548970937728882]), 0.01749303564429283, 55015000000, 
array('f', [2.596860647201538, 2.6342148780822754, 2.6593785285949707, 2.717921257019043, 2.7366881370544434, 2.7691569328308105, 2.8275935649871826, 2.8875577449798584, 2.9105889797210693, 2.995110273361206, 3.023939371109009, 3.0735390186309814, 3.128155469894409, 3.2005293369293213, 3.267141580581665, 3.345118999481201, 3.4151089191436768, 3.489060163497925, inf, inf, inf, inf, inf, inf, inf, inf, inf, inf, inf, inf, inf, inf, inf, inf, inf, inf, inf, inf, inf, inf, inf, inf, inf, inf, inf, inf, inf, inf, inf, inf, inf, inf, inf, inf, inf, inf, inf, inf, inf, inf, inf, inf, inf, inf, inf, inf, inf, inf, inf, inf, inf, inf, inf, inf, inf, inf, inf, inf, inf, inf, inf, inf, inf, inf, inf, inf, inf, inf, inf, inf, inf, inf, inf, inf, inf, inf, inf, inf, inf, inf, inf, inf, inf, inf, inf, inf, inf, inf, inf, inf, inf, inf, inf, inf, inf, inf, inf, inf, inf, inf, inf, inf, inf, inf, inf, inf, inf, inf, inf, inf, inf, inf, inf, inf, inf, inf, inf, inf, inf, inf, inf, inf, inf, inf, inf, inf, inf, inf, inf, inf, inf, inf, inf, inf, inf, inf, inf, inf, inf, inf, inf, inf, inf, inf, inf, inf, inf, inf, inf, inf, inf, inf, inf, inf, inf, inf, inf, inf, inf, inf, inf, inf, inf, inf, inf, inf, inf, inf, inf, inf, inf, inf, inf, inf, inf, inf, inf, inf, inf, inf, inf, inf, inf, inf, inf, inf, inf, inf, inf, inf, inf, inf, inf, inf, inf, inf, inf, inf, inf, inf, inf, inf, inf, inf, inf, inf, inf, inf, inf, inf, inf, inf, inf, inf, inf, inf, inf, inf, inf, inf, inf, inf, inf, inf, inf, inf, inf, inf, inf, inf, inf, inf, inf, inf, inf, inf, inf, inf, inf, inf, inf, inf, inf, inf, inf, inf, inf, inf, inf, inf, 3.4723246097564697, 3.3808999061584473, 3.315394401550293, 3.228020668029785, 3.1766817569732666, 3.120948553085327, 3.0551412105560303, 3.0055174827575684, 2.947683095932007, 2.8958709239959717, 2.8947155475616455, 2.975429058074951, inf, inf, inf, inf, 2.1919286251068115, 2.188209295272827, inf, inf, inf, inf, inf, inf, inf, inf, 2.330965042114258, 2.321296453475952, 2.2981910705566406, 2.2942378520965576, 2.2646689414978027, 2.249251127243042, 2.2411489486694336, 2.2290892601013184, 2.2345664501190186, 2.1988115310668945, 2.168970823287964, 2.1771867275238037, 2.1630654335021973, 2.1465868949890137, 2.1523821353912354, 2.1360230445861816, 2.1225430965423584, 2.1162612438201904, 2.114170551300049, 2.1095714569091797, 2.09149432182312, 2.111403465270996, 2.105672597885132, 2.0665507316589355, 2.0631368160247803, 2.0834426879882812, 2.0735185146331787, 2.094409942626953, 2.0965051651000977, 2.077183961868286, 2.096982717514038, 2.110795497894287, 2.106480836868286, 2.0905585289001465, 2.098554849624634, 2.104081630706787, 2.1089837551116943, 2.139244556427002, 2.1137242317199707, 2.122803211212158, 2.140961170196533, 2.1553988456726074, 2.155991554260254, 2.174075126647949, 2.1767399311065674, 2.20857834815979, 2.2105374336242676, 2.2251758575439453, 2.243356227874756, 2.25038743019104, 2.2736761569976807, 2.27673602104187, 2.3062918186187744, 2.330069065093994, 2.327716827392578, 2.3756446838378906, 2.3895020484924316, 2.3824100494384766, 2.440577745437622, 2.4365108013153076, 2.510397434234619, 2.5321872234344482, 2.5484540462493896, 2.59096097946167]), 0.01749303564429283, 55215000000, 
array('f', [2.6463942527770996, 2.6948018074035645, 2.7437803745269775, 2.7846646308898926, 2.841621160507202, 2.900336742401123, 2.9536335468292236, 3.0347421169281006, 3.0653584003448486, 3.1502280235290527, 3.204913377761841, 3.2762975692749023, 3.3677709102630615, 3.436037302017212, inf, inf, inf, inf, inf, inf, inf, inf, inf, inf, inf, inf, inf, inf, inf, inf, inf, inf, inf, inf, inf, inf, inf, inf, inf, inf, inf, inf, inf, inf, inf, inf, inf, inf, inf, inf, inf, inf, inf, inf, inf, inf, inf, inf, inf, inf, inf, inf, inf, inf, inf, inf, inf, inf, inf, inf, inf, inf, inf, inf, inf, inf, inf, inf, inf, inf, inf, inf, inf, inf, inf, inf, inf, inf, inf, inf, inf, inf, inf, inf, inf, inf, inf, inf, inf, inf, inf, inf, inf, inf, inf, inf, inf, inf, inf, inf, inf, inf, inf, inf, inf, inf, inf, inf, inf, inf, inf, inf, inf, inf, inf, inf, inf, inf, inf, inf, inf, inf, inf, inf, inf, inf, inf, inf, inf, inf, inf, inf, inf, inf, inf, inf, inf, inf, inf, inf, inf, inf, inf, inf, inf, inf, inf, inf, inf, inf, inf, inf, inf, inf, inf, inf, inf, inf, inf, inf, inf, inf, inf, inf, inf, inf, inf, inf, inf, inf, inf, inf, inf, inf, inf, inf, inf, inf, inf, inf, inf, inf, inf, inf, inf, inf, inf, inf, inf, inf, inf, inf, inf, inf, inf, inf, inf, inf, inf, inf, inf, inf, inf, inf, inf, inf, inf, inf, inf, inf, inf, inf, inf, inf, inf, inf, inf, inf, inf, inf, inf, inf, inf, inf, inf, inf, inf, inf, inf, inf, inf, inf, inf, inf, inf, inf, inf, inf, inf, inf, inf, inf, inf, inf, inf, inf, inf, inf, inf, inf, inf, inf, 3.449298858642578, 3.3624587059020996, 3.289151191711426, 3.2245426177978516, 3.131075620651245, 3.0855791568756104, 3.0122437477111816, 2.9595961570739746, 2.913362979888916, 2.859804153442383, 2.9120664596557617, inf, inf, inf, inf, 2.1376395225524902, inf, inf, inf, inf, inf, inf, inf, inf, inf, 2.271810293197632, 2.263035535812378, 2.2296805381774902, 2.208638906478882, 2.1854071617126465, 2.169222354888916, 2.142671823501587, 2.146714925765991, 2.141712188720703, 2.1091501712799072, 2.0906929969787598, 2.0771796703338623, 2.0682742595672607, 2.0711052417755127, 2.051987648010254, 2.040900468826294, 2.0237808227539062, 2.032944917678833, 2.0314242839813232, 2.0054447650909424, 2.0097553730010986, 1.9944816827774048, 1.9679335355758667, 1.9829869270324707, 1.9886279106140137, 1.9678863286972046, 1.958588719367981, 1.962300181388855, 1.9605140686035156, 1.9892901182174683, 1.9686899185180664, 1.9613943099975586, 1.9829301834106445, 1.9797767400741577, 1.9587578773498535, 1.9643925428390503, 1.9535927772521973, 1.9873563051223755, 1.9808435440063477, 2.007347583770752, 1.9929170608520508, 2.0085766315460205, 2.0156705379486084, 2.042989730834961, 2.0244150161743164, 2.02876353263855, 2.0505499839782715, 2.052912712097168, 2.069065570831299, 2.062535047531128, 2.092007637023926, 2.1146771907806396, 2.109980821609497, 2.1267013549804688, 2.151431083679199, 2.1631765365600586, 2.1852190494537354, 2.2151551246643066, 2.2331531047821045, 2.2598490715026855, 2.285386085510254, 2.2988440990448, 2.324516773223877, 2.365314483642578, 2.3756439685821533, 2.391700267791748, 2.434265375137329, 2.452544927597046, 2.493852376937866, 2.5305144786834717, 2.5644147396087646, 2.5980947017669678, 2.6556994915008545]), 0.01749303564429283, 55415000000, 
array('f', [2.7961347103118896, 2.843031883239746, 2.898513078689575, 2.9477310180664062, 3.0275237560272217, 3.0992929935455322, 3.1689629554748535, 3.2515289783477783, 3.3316285610198975, 3.415384531021118, inf, inf, inf, inf, inf, inf, inf, inf, inf, inf, inf, inf, inf, inf, inf, inf, inf, inf, inf, inf, inf, inf, inf, inf, inf, inf, inf, inf, inf, inf, inf, inf, inf, inf, inf, inf, inf, inf, inf, inf, inf, inf, inf, inf, inf, inf, inf, inf, inf, inf, inf, inf, inf, inf, inf, inf, inf, inf, inf, inf, inf, inf, inf, inf, inf, inf, inf, inf, inf, inf, inf, inf, inf, inf, inf, inf, inf, inf, inf, inf, inf, inf, inf, inf, inf, inf, inf, inf, inf, inf, inf, inf, inf, inf, inf, inf, inf, inf, inf, inf, inf, inf, inf, inf, inf, inf, inf, inf, inf, inf, inf, inf, inf, inf, inf, inf, inf, inf, inf, inf, inf, inf, inf, inf, inf, inf, inf, inf, inf, inf, inf, inf, inf, inf, inf, inf, inf, inf, inf, inf, inf, inf, inf, inf, inf, inf, inf, inf, inf, inf, inf, inf, inf, inf, inf, inf, inf, inf, inf, inf, inf, inf, inf, inf, inf, inf, inf, inf, inf, inf, inf, inf, inf, inf, inf, inf, inf, inf, inf, inf, inf, inf, inf, inf, inf, inf, inf, inf, inf, inf, inf, inf, inf, inf, inf, inf, inf, inf, inf, inf, inf, inf, inf, inf, inf, inf, inf, inf, inf, inf, inf, inf, inf, inf, inf, inf, inf, inf, inf, inf, inf, inf, inf, inf, inf, inf, inf, inf, inf, inf, inf, inf, inf, inf, inf, inf, inf, inf, inf, inf, inf, inf, inf, inf, 3.44417405128479, 3.3560731410980225, 3.2710814476013184, 3.175764322280884, 3.105177640914917, 3.0595901012420654, 2.987208127975464, 2.9153995513916016, 2.854266405105591, 2.908676862716675, 2.9484052658081055, inf, inf, 2.1151134967803955, inf, inf, inf, inf, inf, inf, inf, inf, inf, 2.2665367126464844, 2.2254374027252197, 2.2017650604248047, 2.1877946853637695, 2.14945387840271, 2.1376397609710693, 2.127568244934082, 2.0851259231567383, 2.087674856185913, 2.05468487739563, 2.046565294265747, 2.0205464363098145, 2.0081191062927246, 2.0089898109436035, 1.9931772947311401, 1.9731884002685547, 1.939921498298645, 1.9562565088272095, 1.9199930429458618, 1.9260443449020386, 1.9311914443969727, 1.9031373262405396, 1.9149675369262695, 1.890912413597107, 1.890607476234436, 1.884056568145752, 1.8832921981811523, 1.8721450567245483, 1.8673583269119263, 1.8759257793426514, 1.8592846393585205, 1.865233063697815, 1.8664113283157349, 1.8690775632858276, 1.8611798286437988, 1.8537288904190063, 1.8519482612609863, 1.8689683675765991, 1.8634244203567505, 1.868449091911316, 1.8769017457962036, 1.8695106506347656, 1.8812323808670044, 1.905479073524475, 1.8918193578720093, 1.9096916913986206, 1.8955177068710327, 1.9119967222213745, 1.9210426807403564, 1.9211411476135254, 1.9302586317062378, 1.9304507970809937, 1.9494664669036865, 1.9740192890167236, 1.9757343530654907, 1.9846749305725098, 2.0007522106170654, 2.0370614528656006, 2.0207912921905518, 2.0601096153259277, 2.048002243041992, 2.0719830989837646, 2.0844838619232178, 2.1341400146484375, 2.133044481277466, 2.169816017150879, 2.161792278289795, 2.218242883682251, 2.237633228302002, 2.2715821266174316, 2.2865633964538574, 2.3248541355133057, 2.347313165664673, 2.3758890628814697, 2.428079843521118, 2.4684369564056396, 2.4891934394836426, 2.5394036769866943, 2.570371627807617, 2.616565465927124, 2.648538827896118, 2.698396921157837, 2.7766642570495605]), 0.01749303564429283, 55615000000, 
array('f', [2.9778378009796143, 3.050065279006958, 3.142132520675659, 3.2269175052642822, 3.307288408279419, 3.4147653579711914, inf, inf, inf, inf, inf, inf, inf, inf, inf, inf, inf, inf, inf, inf, inf, inf, inf, inf, inf, inf, inf, inf, inf, inf, inf, inf, inf, inf, inf, inf, inf, inf, inf, inf, inf, inf, inf, inf, inf, inf, inf, inf, inf, inf, inf, inf, inf, inf, inf, inf, inf, inf, inf, inf, inf, inf, inf, inf, inf, inf, inf, inf, inf, inf, inf, inf, inf, inf, inf, inf, inf, inf, inf, inf, inf, inf, inf, inf, inf, inf, inf, inf, inf, inf, inf, inf, inf, inf, inf, inf, inf, inf, inf, inf, inf, inf, inf, inf, inf, inf, inf, inf, inf, inf, inf, inf, inf, inf, inf, inf, inf, inf, inf, inf, inf, inf, inf, inf, inf, inf, inf, inf, inf, inf, inf, inf, inf, inf, inf, inf, inf, inf, inf, inf, inf, inf, inf, inf, inf, inf, inf, inf, inf, inf, inf, inf, inf, inf, inf, inf, inf, inf, inf, inf, inf, inf, inf, inf, inf, inf, inf, inf, inf, inf, inf, inf, inf, inf, inf, inf, inf, inf, inf, inf, inf, inf, inf, inf, inf, inf, inf, inf, inf, inf, inf, inf, inf, inf, inf, inf, inf, inf, inf, inf, inf, inf, inf, inf, inf, inf, inf, inf, inf, inf, inf, inf, inf, inf, inf, inf, inf, inf, inf, inf, inf, inf, inf, inf, inf, inf, inf, inf, inf, inf, inf, inf, inf, inf, inf, inf, inf, inf, inf, inf, inf, inf, inf, inf, inf, inf, 3.492231607437134, 3.3819003105163574, 3.293346881866455, 3.20628023147583, 3.1337544918060303, 3.0555121898651123, 2.9708786010742188, 2.8961570262908936, 2.916686534881592, 2.964439868927002, inf, 2.1264238357543945, 2.149648666381836, inf, inf, inf, inf, inf, inf, inf, inf, inf, 2.205089807510376, 2.196599245071411, 2.1743180751800537, 2.1468987464904785, 2.1074764728546143, 2.1000959873199463, 2.0615031719207764, 2.0429482460021973, 2.0262744426727295, 1.997867226600647, 2.000241279602051, 1.9642391204833984, 1.9507380723953247, 1.941921591758728, 1.9263834953308105, 1.8973240852355957, 1.870956301689148, 1.901341199874878, 1.859363079071045, 1.8654865026474, 1.8587619066238403, 1.8344008922576904, 1.850376844406128, 1.814586877822876, 1.8174412250518799, 1.8195499181747437, 1.7888580560684204, 1.7818995714187622, 1.809175729751587, 1.7890862226486206, 1.775989294052124, 1.7738128900527954, 1.7747348546981812, 1.7707031965255737, 1.7635899782180786, 1.7692316770553589, 1.7615123987197876, 1.754976511001587, 1.7685120105743408, 1.7693209648132324, 1.7666723728179932, 1.764115333557129, 1.7652567625045776, 1.7749618291854858, 1.781182050704956, 1.7645714282989502, 1.786617398262024, 1.7950283288955688, 1.8040236234664917, 1.8101750612258911, 1.80466890335083, 1.8232903480529785, 1.801745057106018, 1.8490872383117676, 1.8559461832046509, 1.8438889980316162, 1.8440577983856201, 1.8624757528305054, 1.8805077075958252, 1.8907032012939453, 1.90168297290802, 1.9258466958999634, 1.9469313621520996, 1.951086401939392, 1.967542052268982, 1.991182565689087, 2.003222703933716, 2.0391793251037598, 2.056896924972534, 2.093918800354004, 2.0902721881866455, 2.118807315826416, 2.1354806423187256, 2.173724889755249, 2.1850967407226562, 2.2238175868988037, 2.2467126846313477, 2.2874417304992676, 2.301046848297119, 2.348390817642212, 2.403259038925171, 2.4357683658599854, 2.4931373596191406, 2.512148380279541, 2.570448875427246, 2.592740058898926, 2.668779134750366, 2.7250747680664062, 2.7841553688049316, 2.8265583515167236, 2.895822525024414, 2.979681968688965]), 0.01749303564429283, 55815000000, 
array('f', [3.3177781105041504, 3.437401294708252, inf, inf, inf, inf, inf, inf, inf, inf, inf, inf, inf, inf, inf, inf, inf, inf, inf, inf, inf, inf, inf, inf, inf, inf, inf, inf, inf, inf, inf, inf, inf, inf, inf, inf, inf, inf, inf, inf, inf, inf, inf, inf, inf, inf, inf, inf, inf, inf, inf, inf, inf, inf, inf, inf, inf, inf, inf, inf, inf, inf, inf, inf, inf, inf, inf, inf, inf, inf, inf, inf, inf, inf, inf, inf, inf, inf, inf, inf, inf, inf, inf, inf, inf, inf, inf, inf, inf, inf, inf, inf, inf, inf, inf, inf, inf, inf, inf, inf, inf, inf, inf, inf, inf, inf, inf, inf, inf, inf, inf, inf, inf, inf, inf, inf, inf, inf, inf, inf, inf, inf, inf, inf, inf, inf, inf, inf, inf, inf, inf, inf, inf, inf, inf, inf, inf, inf, inf, inf, inf, inf, inf, inf, inf, inf, inf, inf, inf, inf, inf, inf, inf, inf, inf, inf, inf, inf, inf, inf, inf, inf, inf, inf, inf, inf, inf, inf, inf, inf, inf, inf, inf, inf, inf, inf, inf, inf, inf, inf, inf, inf, inf, inf, inf, inf, inf, inf, inf, inf, inf, inf, inf, inf, inf, inf, inf, inf, inf, inf, inf, inf, inf, inf, inf, inf, inf, inf, inf, inf, inf, inf, inf, inf, inf, inf, inf, inf, inf, inf, inf, inf, inf, inf, inf, inf, inf, inf, inf, inf, inf, inf, inf, inf, inf, inf, inf, inf, inf, 3.4173901081085205, 3.317551612854004, 3.2366933822631836, 3.144489049911499, 3.064237356185913, 2.97971510887146, 2.966278553009033, 2.9867236614227295, 2.183924674987793, 2.1909713745117188, inf, inf, inf, inf, inf, inf, inf, inf, inf, 2.2392001152038574, 2.213841199874878, 2.1685192584991455, 2.141059160232544, 2.115701913833618, 2.096811294555664, 2.071485757827759, 2.0293588638305664, 2.0103960037231445, 1.99921715259552, 1.9591158628463745, 1.938407063484192, 1.9264997243881226, 1.8993818759918213, 1.8882691860198975, 1.8852225542068481, 1.8629082441329956, 1.8433892726898193, 1.840753197669983, 1.812159776687622, 1.8117220401763916, 1.796837329864502, 1.7923252582550049, 1.7617673873901367, 1.7385010719299316, 1.7646760940551758, 1.7498568296432495, 1.7447623014450073, 1.728806495666504, 1.7182525396347046, 1.7105764150619507, 1.7094976902008057, 1.7121374607086182, 1.6970188617706299, 1.6876411437988281, 1.702723503112793, 1.6857068538665771, 1.6688956022262573, 1.6906602382659912, 1.672856330871582, 1.6634864807128906, 1.6897610425949097, 1.6796724796295166, 1.6816291809082031, 1.6691235303878784, 1.6802395582199097, 1.6817295551300049, 1.6865313053131104, 1.6925331354141235, 1.7080838680267334, 1.696543574333191, 1.6857248544692993, 1.7034635543823242, 1.717151403427124, 1.6993615627288818, 1.7064087390899658, 1.7421313524246216, 1.73399019241333, 1.7411233186721802, 1.7651938199996948, 1.7762213945388794, 1.7770777940750122, 1.7780925035476685, 1.798066258430481, 1.8238199949264526, 1.8517680168151855, 1.8346506357192993, 1.8597092628479004, 1.8845720291137695, 1.8906193971633911, 1.9008679389953613, 1.9291906356811523, 1.9391250610351562, 1.9527478218078613, 1.9902317523956299, 2.0159647464752197, 2.0325770378112793, 2.055410146713257, 2.0973594188690186, 2.117011785507202, 2.138956069946289, 2.1908974647521973, 2.20896577835083, 2.253889560699463, 2.269901752471924, 2.2991504669189453, 2.347529888153076, 2.3975727558135986, 2.431337594985962, 2.4870638847351074, 2.549539804458618, 2.5848662853240967, 2.6391327381134033, 2.7003283500671387, 2.7553913593292236, 2.8180274963378906, 2.90122389793396, 2.971904754638672, 3.0513103008270264, 3.1170003414154053, 3.2175188064575195, 3.307072877883911]), 0.01749303564429283, 56015000000, 
array('f', [inf, inf, inf, inf, inf, inf, inf, inf, inf, inf, inf, inf, inf, inf, inf, inf, inf, inf, inf, inf, inf, inf, inf, inf, inf, inf, inf, inf, inf, inf, inf, inf, inf, inf, inf, inf, inf, inf, inf, inf, inf, inf, inf, inf, inf, inf, inf, inf, inf, inf, inf, inf, inf, inf, inf, inf, inf, inf, inf, inf, inf, inf, inf, inf, inf, inf, inf, inf, inf, inf, inf, inf, inf, inf, inf, inf, inf, inf, inf, inf, inf, inf, inf, inf, inf, inf, inf, inf, inf, inf, inf, inf, inf, inf, inf, inf, inf, inf, inf, inf, inf, inf, inf, inf, inf, inf, inf, inf, inf, inf, inf, inf, inf, inf, inf, inf, inf, inf, inf, inf, inf, inf, inf, inf, inf, inf, inf, inf, inf, inf, inf, inf, inf, inf, inf, inf, inf, inf, inf, inf, inf, inf, inf, inf, inf, inf, inf, inf, inf, inf, inf, inf, inf, inf, inf, inf, inf, inf, inf, inf, inf, inf, inf, inf, inf, inf, inf, inf, inf, inf, inf, inf, inf, inf, inf, inf, inf, inf, inf, inf, inf, inf, inf, inf, inf, inf, inf, inf, inf, inf, inf, inf, inf, inf, inf, inf, inf, inf, inf, inf, inf, inf, inf, inf, inf, inf, inf, inf, inf, inf, inf, inf, inf, inf, inf, inf, inf, inf, inf, inf, inf, inf, inf, inf, inf, inf, inf, inf, inf, inf, inf, inf, 3.4082870483398438, 3.297483205795288, 3.2157821655273438, 3.1285133361816406, 3.0387792587280273, 3.0423202514648438, 2.2399394512176514, 2.248980760574341, inf, inf, inf, inf, inf, inf, inf, inf, inf, 2.268781900405884, 2.217015266418457, 2.1776649951934814, 2.157229423522949, 2.109523057937622, 2.0827929973602295, 2.0682055950164795, 2.021352767944336, 2.0112757682800293, 1.9822889566421509, 1.9572020769119263, 1.934754490852356, 1.9222761392593384, 1.8775954246520996, 1.8740160465240479, 1.863110065460205, 1.82345449924469, 1.834210753440857, 1.7920492887496948, 1.7798843383789062, 1.7714815139770508, 1.7605255842208862, 1.7478134632110596, 1.7190784215927124, 1.721443772315979, 1.7010122537612915, 1.6892670392990112, 1.6840505599975586, 1.6745387315750122, 1.6849887371063232, 1.66643226146698, 1.6662425994873047, 1.659454107284546, 1.651262640953064, 1.618069052696228, 1.627032995223999, 1.6202837228775024, 1.6144593954086304, 1.618177056312561, 1.6118611097335815, 1.599423885345459, 1.5987813472747803, 1.6043394804000854, 1.6063425540924072, 1.609848141670227, 1.5967471599578857, 1.605087399482727, 1.6077680587768555, 1.6129053831100464, 1.6082895994186401, 1.6259937286376953, 1.6225789785385132, 1.620902419090271, 1.6189199686050415, 1.6264523267745972, 1.6327530145645142, 1.6283981800079346, 1.6578621864318848, 1.6496576070785522, 1.6550263166427612, 1.6399247646331787, 1.6669567823410034, 1.683660626411438, 1.6935170888900757, 1.6939177513122559, 1.7086701393127441, 1.7182351350784302, 1.7261663675308228, 1.7623929977416992, 1.7543648481369019, 1.7690534591674805, 1.7952749729156494, 1.8163299560546875, 1.8176130056381226, 1.8467031717300415, 1.8663785457611084, 1.8803153038024902, 1.8955707550048828, 1.920207142829895, 1.9405421018600464, 1.9797903299331665, 1.9772140979766846, 2.005608320236206, 2.0437097549438477, 2.064359188079834, 2.119389772415161, 2.1281135082244873, 2.1826417446136475, 2.2010385990142822, 2.2380826473236084, 2.266317367553711, 2.322028636932373, 2.367598056793213, 2.4179482460021973, 2.4543581008911133, 2.5182833671569824, 2.5711498260498047, 2.6315174102783203, 2.684276580810547, 2.748319149017334, 2.824512481689453, 2.914004325866699, 2.969522714614868, 3.0864036083221436, 3.1596131324768066, 3.241945743560791, 3.348634958267212, 3.4491820335388184, inf, inf, inf]), 0.01749303564429283, 56215000000, 
array('f', [inf, inf, inf, inf, inf, inf, inf, inf, inf, inf, inf, inf, inf, inf, inf, inf, inf, inf, inf, inf, inf, inf, inf, inf, inf, inf, inf, inf, inf, inf, inf, inf, inf, inf, inf, inf, inf, inf, inf, inf, inf, inf, inf, inf, inf, inf, inf, inf, inf, inf, inf, inf, inf, inf, inf, inf, inf, inf, inf, inf, inf, inf, inf, inf, inf, inf, inf, inf, inf, inf, inf, inf, inf, inf, inf, inf, inf, inf, inf, inf, inf, inf, inf, inf, inf, inf, inf, inf, inf, inf, inf, inf, inf, inf, inf, inf, inf, inf, inf, inf, inf, inf, inf, inf, inf, inf, inf, inf, inf, inf, inf, inf, inf, inf, inf, inf, inf, inf, inf, inf, inf, inf, inf, inf, inf, inf, inf, inf, inf, inf, inf, inf, inf, inf, inf, inf, inf, inf, inf, inf, inf, inf, inf, inf, inf, inf, inf, inf, inf, inf, inf, inf, inf, inf, inf, inf, inf, inf, inf, inf, inf, inf, inf, inf, inf, inf, inf, inf, inf, inf, inf, inf, inf, inf, inf, inf, inf, inf, inf, inf, inf, inf, inf, inf, inf, inf, inf, inf, inf, inf, inf, inf, inf, inf, inf, inf, inf, inf, inf, inf, inf, inf, inf, inf, inf, inf, inf, inf, inf, inf, inf, inf, inf, inf, inf, inf, inf, inf, inf, inf, inf, inf, inf, inf, inf, 3.4391534328460693, 3.3101205825805664, 3.1877644062042236, 3.093320369720459, 2.3392996788024902, 2.335001230239868, inf, inf, inf, inf, inf, inf, inf, inf, inf, 2.3139257431030273, 2.2788960933685303, 2.2208549976348877, 2.187967300415039, 2.1645517349243164, 2.121757745742798, 2.086582899093628, 2.0813963413238525, 2.0125625133514404, 2.0008761882781982, 1.953615427017212, 1.9476234912872314, 1.9201675653457642, 1.892134666442871, 1.8882533311843872, 1.8493850231170654, 1.837116003036499, 1.7941257953643799, 1.7925008535385132, 1.7611294984817505, 1.7614110708236694, 1.7360903024673462, 1.7187254428863525, 1.690724492073059, 1.7009997367858887, 1.6754096746444702, 1.6664000749588013, 1.6492328643798828, 1.6566513776779175, 1.6282404661178589, 1.6362923383712769, 1.6028286218643188, 1.6050714254379272, 1.6024210453033447, 1.6012747287750244, 1.5734070539474487, 1.5766725540161133, 1.5731456279754639, 1.567272663116455, 1.5767606496810913, 1.549332857131958, 1.5551230907440186, 1.5604350566864014, 1.5502429008483887, 1.5526297092437744, 1.5546917915344238, 1.561331033706665, 1.5345649719238281, 1.5347105264663696, 1.5470072031021118, 1.5480045080184937, 1.5577845573425293, 1.539692759513855, 1.5368552207946777, 1.555113673210144, 1.5474436283111572, 1.5606993436813354, 1.5746924877166748, 1.5678410530090332, 1.5674444437026978, 1.5686688423156738, 1.5804334878921509, 1.5739446878433228, 1.607391357421875, 1.6166915893554688, 1.611452579498291, 1.6238529682159424, 1.6269656419754028, 1.6373928785324097, 1.644608497619629, 1.6680500507354736, 1.6924192905426025, 1.6937133073806763, 1.705368161201477, 1.7186853885650635, 1.7212110757827759, 1.746177315711975, 1.768175721168518, 1.8060946464538574, 1.7933218479156494, 1.8181949853897095, 1.8410533666610718, 1.8748811483383179, 1.9146368503570557, 1.9058927297592163, 1.9396257400512695, 1.9606008529663086, 1.9955703020095825, 2.02923321723938, 2.058828830718994, 2.0806996822357178, 2.1271450519561768, 2.1630733013153076, 2.1873326301574707, 2.224500894546509, 2.271399974822998, 2.326860189437866, 2.3739173412323, 2.4083478450775146, 2.472952127456665, 2.504427194595337, 2.5755934715270996, 2.650146007537842, 2.7131264209747314, 2.785205125808716, 2.855588912963867, 2.9182639122009277, 3.011763334274292, 3.112713098526001, 3.202038288116455, 3.3239760398864746, 3.412137269973755, inf, inf, inf, inf, inf, inf, inf, inf]), 0.01749303564429283, 56415000000, 
array('f', [inf, inf, inf, inf, inf, inf, inf, inf, inf, inf, inf, inf, inf, inf, inf, inf, inf, inf, inf, inf, inf, inf, inf, inf, inf, inf, inf, inf, inf, inf, inf, inf, inf, inf, inf, inf, inf, inf, inf, inf, inf, inf, inf, inf, inf, inf, inf, inf, inf, inf, inf, inf, inf, inf, inf, inf, inf, inf, inf, inf, inf, inf, inf, inf, inf, inf, inf, inf, inf, inf, inf, inf, inf, inf, inf, inf, inf, inf, inf, inf, inf, inf, inf, inf, inf, inf, inf, inf, inf, inf, inf, inf, inf, inf, inf, inf, inf, inf, inf, inf, inf, inf, inf, inf, inf, inf, inf, inf, inf, inf, inf, inf, inf, inf, inf, inf, inf, inf, inf, inf, inf, inf, inf, inf, inf, inf, inf, inf, inf, inf, inf, inf, inf, inf, inf, inf, inf, inf, inf, inf, inf, inf, inf, inf, inf, inf, inf, inf, inf, inf, inf, inf, inf, inf, inf, inf, inf, inf, inf, inf, inf, inf, inf, inf, inf, inf, inf, inf, inf, inf, inf, inf, inf, inf, inf, inf, inf, inf, inf, inf, inf, inf, inf, inf, inf, inf, inf, inf, inf, inf, inf, inf, inf, inf, inf, inf, inf, inf, inf, inf, inf, inf, inf, inf, inf, inf, inf, inf, inf, inf, inf, inf, inf, inf, inf, inf, inf, inf, 3.4898979663848877, 3.358920097351074, 3.2478668689727783, 2.4204752445220947, 3.2439796924591064, inf, inf, inf, inf, inf, inf, inf, inf, 2.403535842895508, 2.343656301498413, 2.293971538543701, 2.2508065700531006, 2.213134288787842, 2.1811094284057617, 2.1377077102661133, 2.1216073036193848, 2.0532538890838623, 2.037327289581299, 2.0099856853485107, 1.9655566215515137, 1.9515169858932495, 1.908542275428772, 1.9062193632125854, 1.8574341535568237, 1.8420772552490234, 1.8067620992660522, 1.7997561693191528, 1.7879834175109863, 1.7517045736312866, 1.734338402748108, 1.7279555797576904, 1.6941907405853271, 1.7015507221221924, 1.6743701696395874, 1.663221836090088, 1.663906455039978, 1.649959921836853, 1.624754786491394, 1.6069577932357788, 1.6119803190231323, 1.5876275300979614, 1.5914146900177002, 1.5767340660095215, 1.5472767353057861, 1.5582287311553955, 1.5377271175384521, 1.546481966972351, 1.5500606298446655, 1.5435715913772583, 1.5252506732940674, 1.529737114906311, 1.519677758216858, 1.5233802795410156, 1.4970308542251587, 1.5073750019073486, 1.49736750125885, 1.5270179510116577, 1.5078192949295044, 1.5014774799346924, 1.4899235963821411, 1.5096399784088135, 1.5049842596054077, 1.5110890865325928, 1.5073806047439575, 1.5156761407852173, 1.5119171142578125, 1.4992629289627075, 1.5124876499176025, 1.5117524862289429, 1.5262868404388428, 1.5319069623947144, 1.5398589372634888, 1.5425320863723755, 1.5532019138336182, 1.5449000597000122, 1.5523910522460938, 1.5826218128204346, 1.595677137374878, 1.5860800743103027, 1.5951260328292847, 1.6081382036209106, 1.6324219703674316, 1.640073537826538, 1.6561146974563599, 1.6578556299209595, 1.677365779876709, 1.6817163228988647, 1.7039918899536133, 1.716572642326355, 1.748275637626648, 1.7535874843597412, 1.793992042541504, 1.7845269441604614, 1.8230950832366943, 1.8304080963134766, 1.8647130727767944, 1.895266056060791, 1.9020942449569702, 1.9249267578125, 1.9513261318206787, 2.004361867904663, 2.0218591690063477, 2.045426607131958, 2.094770908355713, 2.119765520095825, 2.158437490463257, 2.2047877311706543, 2.2508559226989746, 2.3034398555755615, 2.352778434753418, 2.3910136222839355, 2.4298160076141357, 2.4912984371185303, 2.558773994445801, 2.6138932704925537, 2.6852779388427734, 2.764392375946045, 2.832496404647827, 2.914933443069458, 3.0016801357269287, 3.104321002960205, 3.2082228660583496, 3.3119242191314697, 3.4403884410858154, inf, inf, inf, inf, inf, inf, inf, inf, inf, inf, inf, inf, inf]), 0.01749303564429283, 56616000000, 
array('f', [inf, inf, inf, inf, inf, inf, inf, inf, inf, inf, inf, inf, inf, inf, inf, inf, inf, inf, inf, inf, inf, inf, inf, inf, inf, inf, inf, inf, inf, inf, inf, inf, inf, inf, inf, inf, inf, inf, inf, inf, inf, inf, inf, inf, inf, inf, inf, inf, inf, inf, inf, inf, inf, inf, inf, inf, inf, inf, inf, inf, inf, inf, inf, inf, inf, inf, inf, inf, inf, inf, inf, inf, inf, inf, inf, inf, inf, inf, inf, inf, inf, inf, inf, inf, inf, inf, inf, inf, inf, inf, inf, inf, inf, inf, inf, inf, inf, inf, inf, inf, inf, inf, inf, inf, inf, inf, inf, inf, inf, inf, inf, inf, inf, inf, inf, inf, inf, inf, inf, inf, inf, inf, inf, inf, inf, inf, inf, inf, inf, inf, inf, inf, inf, inf, inf, inf, inf, inf, inf, inf, inf, inf, inf, inf, inf, inf, inf, inf, inf, inf, inf, inf, inf, inf, inf, inf, inf, inf, inf, inf, inf, inf, inf, inf, inf, inf, inf, inf, inf, inf, inf, inf, inf, inf, inf, inf, inf, inf, inf, inf, inf, inf, inf, inf, inf, inf, inf, inf, inf, inf, inf, inf, inf, inf, inf, inf, inf, inf, inf, inf, inf, inf, inf, inf, inf, inf, inf, inf, inf, inf, inf, inf, 3.41353702545166, 2.526923656463623, 3.3511054515838623, 3.387397050857544, inf, inf, inf, inf, inf, inf, 2.520221710205078, 2.4883713722229004, 2.4110403060913086, 2.360167980194092, 2.3083741664886475, 2.2623817920684814, 2.2050540447235107, 2.183511257171631, 2.1436927318573, 2.1181623935699463, 2.074869394302368, 2.0119142532348633, 2.0030269622802734, 1.9668461084365845, 1.9502856731414795, 1.8983922004699707, 1.8798693418502808, 1.8735265731811523, 1.8368072509765625, 1.8163713216781616, 1.7875796556472778, 1.760014295578003, 1.732728123664856, 1.7089662551879883, 1.7086905241012573, 1.6878776550292969, 1.6696332693099976, 1.6646472215652466, 1.66073477268219, 1.6339913606643677, 1.6297855377197266, 1.604378581047058, 1.5927155017852783, 1.5836704969406128, 1.5711036920547485, 1.5548514127731323, 1.5438107252120972, 1.5545088052749634, 1.5493595600128174, 1.5382399559020996, 1.5278732776641846, 1.5089998245239258, 1.5011537075042725, 1.4914294481277466, 1.509307622909546, 1.4887757301330566, 1.4850873947143555, 1.4828262329101562, 1.4999041557312012, 1.4793611764907837, 1.4850925207138062, 1.4988728761672974, 1.4706230163574219, 1.4819945096969604, 1.4640897512435913, 1.4812088012695312, 1.462193489074707, 1.4683688879013062, 1.4735386371612549, 1.4773125648498535, 1.4951077699661255, 1.5047951936721802, 1.4920654296875, 1.4833265542984009, 1.4999276399612427, 1.4912618398666382, 1.5076007843017578, 1.5124913454055786, 1.5222088098526, 1.5331960916519165, 1.5241832733154297, 1.540501594543457, 1.526607632637024, 1.558220386505127, 1.5682778358459473, 1.5958784818649292, 1.5811007022857666, 1.608429193496704, 1.6157292127609253, 1.6298929452896118, 1.6151407957077026, 1.660628080368042, 1.6748241186141968, 1.6898541450500488, 1.706839919090271, 1.7240030765533447, 1.745449185371399, 1.761517882347107, 1.782968521118164, 1.7884842157363892, 1.8376065492630005, 1.8525947332382202, 1.873681902885437, 1.8934537172317505, 1.933157205581665, 1.9463365077972412, 1.9903004169464111, 1.9956789016723633, 2.0332140922546387, 2.076633930206299, 2.110319137573242, 2.173330307006836, 2.214531898498535, 2.243537664413452, 2.2879645824432373, 2.34118390083313, 2.389329433441162, 2.4420437812805176, 2.4929039478302, 2.569312334060669, 2.638850450515747, 2.7087855339050293, 2.7821614742279053, 2.8673558235168457, 2.936368465423584, 3.0520248413085938, 3.1408746242523193, 3.238921880722046, 3.345027208328247, 3.5, inf, inf, inf, inf, inf, inf, inf, inf, inf, inf, inf, inf, inf, inf, inf, inf, inf, inf]), 0.01749303564429283, 56815000000, 
